{
 "ADAETH": {
  "pair": "ADAETH",
  "asks": [
   {
    "price": "0.000247500",
    "volume": "7081.078",
    "timestamp": "2020-02-15T12:18:48+01:00"
   }
  ],
  "bids": [
   {
    "price": "0.000246800",
    "volume": "18528.050",
    "timestamp": "2020-02-15T12:18:49+01:00"
   }
  ]
 },
 "ADAEUR": {
  "pair": "ADAEUR",
  "asks": [
   {
    "price": "0.064404",
    "volume": "1952.913",
    "timestamp": "2020-02-15T12:19:01+01:00"
   }
  ],
  "bids": [
   {
    "price": "0.064382",
    "volume": "66.000",
    "timestamp": "2020-02-15T12:17:07+01:00"
   }
  ]
 },
 "ADAUSD": {
  "pair": "ADAUSD",
  "asks": [
   {
    "price": "0.069449",
    "volume": "14904.507",
    "timestamp": "2020-02-15T12:18:59+01:00"
   }
  ],
  "bids": [
   {
    "price": "0.069327",
    "volume": "14903.858",
    "timestamp": "2020-02-15T12:18:58+01:00"
   }
  ]
 },
 "ADAXBT": {
  "pair": "ADAXBT",
  "asks": [
   {
    "price": "0.000006800",
    "volume": "14416.818",
    "timestamp": "2020-02-15T12:18:02+01:00"
   }
  ],
  "bids": [
   {
    "price": "0.000006790",
    "volume": "6724.454",
    "timestamp": "2020-02-15T12:18:01+01:00"
   }
  ]
 },
 "ALGOETH": {
  "pair": "ALGOETH",
  "asks": [
   {
    "price": "0.001316900",
    "volume": "4775.863",
    "timestamp": "2020-02-15T12:19:10+01:00"
   }
  ],
  "bids": [
   {
    "price": "0.001311900",
    "volume": "1615.178",
    "timestamp": "2020-02-15T12:19:16+01:00"
   }
  ]
 },
 "ALGOEUR": {
  "pair": "ALGOEUR",
  "asks": [
   {
    "price": "0.342450",
    "volume": "7164.958",
    "timestamp": "2020-02-15T12:19:04+01:00"
   }
  ],
  "bids": [
   {
    "price": "0.341760",
    "volume": "135.825",
    "timestamp": "2020-02-15T11:19:13+01:00"
   }
  ]
 },
 "ALGOUSD": {
  "pair": "ALGOUSD",
  "asks": [
   {
    "price": "0.370040",
    "volume": "7164.958",
    "timestamp": "2020-02-15T12:19:05+01:00"
   }
  ],
  "bids": [
   {
    "price": "0.368830",
    "volume": "1725.358",
    "timestamp": "2020-02-15T12:18:58+01:00"
   }
  ]
 },
 "ALGOXBT": {
  "pair": "ALGOXBT",
  "asks": [
   {
    "price": "0.000036170",
    "volume": "1600.000",
    "timestamp": "2020-02-15T12:19:26+01:00"
   }
  ],
  "bids": [
   {
    "price": "0.000036150",
    "volume": "3814.261",
    "timestamp": "2020-02-15T12:19:00+01:00"
   }
  ]
 },
 "ATOMETH": {
  "pair": "ATOMETH",
  "asks": [
   {
    "price": "0.01786100",
    "volume": "224.856",
    "timestamp": "2020-02-15T12:18:51+01:00"
   }
  ],
  "bids": [
   {
    "price": "0.01777200",
    "volume": "319.684",
    "timestamp": "2020-02-15T12:18:48+01:00"
   }
  ]
 },
 "ATOMEUR": {
  "pair": "ATOMEUR",
  "asks": [
   {
    "price": "4.643600",
    "volume": "134.969",
    "timestamp": "2020-02-15T12:19:50+01:00"
   }
  ],
  "bids": [
   {
    "price": "4.627300",
    "volume": "3.000",
    "timestamp": "2020-02-15T12:19:38+01:00"
   }
  ]
 },
 "ATOMUSD": {
  "pair": "ATOMUSD",
  "asks": [
   {
    "price": "5.008800",
    "volume": "253.977",
    "timestamp": "2020-02-15T12:19:36+01:00"
   }
  ],
  "bids": [
   {
    "price": "4.992200",
    "volume": "199.774",
    "timestamp": "2020-02-15T12:19:35+01:00"
   }
  ]
 },
 "ATOMXBT": {
  "pair": "ATOMXBT",
  "asks": [
   {
    "price": "0.00048980",
    "volume": "200.112",
    "timestamp": "2020-02-15T12:17:49+01:00"
   }
  ],
  "bids": [
   {
    "price": "0.00048850",
    "volume": "199.931",
    "timestamp": "2020-02-15T12:18:41+01:00"
   }
  ]
 },
 "BATETH": {
  "pair": "BATETH",
  "asks": [
   {
    "price": "0.001106300",
    "volume": "2392.677",
    "timestamp": "2020-02-15T12:18:54+01:00"
   }
  ],
  "bids": [
   {
    "price": "0.001102000",
    "volume": "3243.874",
    "timestamp": "2020-02-15T12:18:20+01:00"
   }
  ]
 },
 "BATEUR": {
  "pair": "BATEUR",
  "asks": [
   {
    "price": "0.287910",
    "volume": "914.488",
    "timestamp": "2020-02-15T12:19:09+01:00"
   }
  ],
  "bids": [
   {
    "price": "0.286390",
    "volume": "954.920",
    "timestamp": "2020-02-15T12:19:07+01:00"
   }
  ]
 },
 "BATUSD": {
  "pair": "BATUSD",
  "asks": [
   {
    "price": "0.310130",
    "volume": "715.274",
    "timestamp": "2020-02-15T12:18:48+01:00"
   }
  ],
  "bids": [
   {
    "price": "0.309790",
    "volume": "3222.148",
    "timestamp": "2020-02-15T12:18:53+01:00"
   }
  ]
 },
 "BATXBT": {
  "pair": "BATXBT",
  "asks": [
   {
    "price": "0.000030400",
    "volume": "3369.403",
    "timestamp": "2020-02-15T12:18:02+01:00"
   }
  ],
  "bids": [
   {
    "price": "0.000030290",
    "volume": "3418.141",
    "timestamp": "2020-02-15T12:18:39+01:00"
   }
  ]
 },
 "BCHEUR": {
  "pair": "BCHEUR",
  "asks": [
   {
    "price": "449.100000",
    "volume": "9.201",
    "timestamp": "2020-02-15T12:19:26+01:00"
   }
  ],
  "bids": [
   {
    "price": "449.000000",
    "volume": "0.889",
    "timestamp": "2020-02-15T12:19:34+01:00"
   }
  ]
 },
 "BCHUSD": {
  "pair": "BCHUSD",
  "asks": [
   {
    "price": "485.200000",
    "volume": "8.000",
    "timestamp": "2020-02-15T12:19:25+01:00"
   }
  ],
  "bids": [
   {
    "price": "484.800000",
    "volume": "5.177",
    "timestamp": "2020-02-15T12:19:23+01:00"
   }
  ]
 },
 "BCHXBT": {
  "pair": "BCHXBT",
  "asks": [
   {
    "price": "0.04746000",
    "volume": "0.514",
    "timestamp": "2020-02-15T12:19:29+01:00"
   }
  ],
  "bids": [
   {
    "price": "0.04740000",
    "volume": "2.601",
    "timestamp": "2020-02-15T12:19:31+01:00"
   }
  ]
 },
 "DAIEUR": {
  "pair": "DAIEUR",
  "asks": [
   {
    "price": "0.92595000",
    "volume": "592.876",
    "timestamp": "2020-02-15T12:17:12+01:00"
   }
  ],
  "bids": [
   {
    "price": "0.92371000",
    "volume": "3104.474",
    "timestamp": "2020-02-15T12:18:56+01:00"
   }
  ]
 },
 "DAIUSD": {
  "pair": "DAIUSD",
  "asks": [
   {
    "price": "0.99924000",
    "volume": "300.000",
    "timestamp": "2020-02-15T12:17:18+01:00"
   }
  ],
  "bids": [
   {
    "price": "0.99835000",
    "volume": "2112.348",
    "timestamp": "2020-02-15T12:18:09+01:00"
   }
  ]
 },
 "DAIUSDT": {
  "pair": "DAIUSDT",
  "asks": [
   {
    "price": "0.99913000",
    "volume": "508.555",
    "timestamp": "2020-02-15T12:18:54+01:00"
   }
  ],
  "bids": [
   {
    "price": "0.99767000",
    "volume": "292.462",
    "timestamp": "2020-02-15T12:15:38+01:00"
   }
  ]
 },
 "DASHEUR": {
  "pair": "DASHEUR",
  "asks": [
   {
    "price": "120.815000",
    "volume": "3.391",
    "timestamp": "2020-02-15T12:18:57+01:00"
   }
  ],
  "bids": [
   {
    "price": "120.389000",
    "volume": "28.205",
    "timestamp": "2020-02-15T12:16:30+01:00"
   }
  ]
 },
 "DASHUSD": {
  "pair": "DASHUSD",
  "asks": [
   {
    "price": "130.538000",
    "volume": "7.678",
    "timestamp": "2020-02-15T12:19:29+01:00"
   }
  ],
  "bids": [
   {
    "price": "130.007000",
    "volume": "31.512",
    "timestamp": "2020-02-15T12:19:22+01:00"
   }
  ]
 },
 "DASHXBT": {
  "pair": "DASHXBT",
  "asks": [
   {
    "price": "0.01275000",
    "volume": "9.272",
    "timestamp": "2020-02-15T12:19:08+01:00"
   }
  ],
  "bids": [
   {
    "price": "0.01273000",
    "volume": "7.670",
    "timestamp": "2020-02-15T12:12:32+01:00"
   }
  ]
 },
 "EOSETH": {
  "pair": "EOSETH",
  "asks": [
   {
    "price": "0.01868100",
    "volume": "193.505",
    "timestamp": "2020-02-15T12:19:03+01:00"
   }
  ],
  "bids": [
   {
    "price": "0.01861900",
    "volume": "200.199",
    "timestamp": "2020-02-15T12:18:55+01:00"
   }
  ]
 },
 "EOSEUR": {
  "pair": "EOSEUR",
  "asks": [
   {
    "price": "4.856700",
    "volume": "949.990",
    "timestamp": "2020-02-15T12:18:45+01:00"
   }
  ],
  "bids": [
   {
    "price": "4.845100",
    "volume": "604.000",
    "timestamp": "2020-02-15T12:18:30+01:00"
   }
  ]
 },
 "EOSUSD": {
  "pair": "EOSUSD",
  "asks": [
   {
    "price": "5.250100",
    "volume": "1588.909",
    "timestamp": "2020-02-15T12:19:02+01:00"
   }
  ],
  "bids": [
   {
    "price": "5.250000",
    "volume": "4.000",
    "timestamp": "2020-02-15T12:17:46+01:00"
   }
  ]
 },
 "EOSXBT": {
  "pair": "EOSXBT",
  "asks": [
   {
    "price": "0.00051330",
    "volume": "190.841",
    "timestamp": "2020-02-15T12:19:03+01:00"
   }
  ],
  "bids": [
   {
    "price": "0.00051250",
    "volume": "194.725",
    "timestamp": "2020-02-15T12:19:08+01:00"
   }
  ]
 },
 "ETCETH": {
  "pair": "ETCETH",
  "asks": [
   {
    "price": "0.04205200",
    "volume": "84.760",
    "timestamp": "2020-02-15T12:18:43+01:00"
   }
  ],
  "bids": [
   {
    "price": "0.04196500",
    "volume": "108.955",
    "timestamp": "2020-02-15T12:17:36+01:00"
   }
  ]
 },
 "ETCEUR": {
  "pair": "ETCEUR",
  "asks": [
   {
    "price": "10.95100000",
    "volume": "669.239",
    "timestamp": "2020-02-15T12:19:46+01:00"
   }
  ],
  "bids": [
   {
    "price": "10.95000000",
    "volume": "7410.803",
    "timestamp": "2020-02-15T12:19:41+01:00"
   }
  ]
 },
 "ETCUSD": {
  "pair": "ETCUSD",
  "asks": [
   {
    "price": "11.80700000",
    "volume": "126.296",
    "timestamp": "2020-02-15T12:19:04+01:00"
   }
  ],
  "bids": [
   {
    "price": "11.80400000",
    "volume": "22.377",
    "timestamp": "2020-02-15T12:18:26+01:00"
   }
  ]
 },
 "ETCXBT": {
  "pair": "ETCXBT",
  "asks": [
   {
    "price": "0.00115600",
    "volume": "242.828",
    "timestamp": "2020-02-15T12:19:50+01:00"
   }
  ],
  "bids": [
   {
    "price": "0.00115500",
    "volume": "24.120",
    "timestamp": "2020-02-15T12:19:50+01:00"
   }
  ]
 },
 "ETHCAD": {
  "pair": "ETHCAD",
  "asks": [
   {
    "price": "371.44000",
    "volume": "2.000",
    "timestamp": "2020-02-15T12:19:47+01:00"
   }
  ],
  "bids": [
   {
    "price": "369.81000",
    "volume": "1.000",
    "timestamp": "2020-02-15T12:19:45+01:00"
   }
  ]
 },
 "ETHCAD.d": {
  "pair": "ETHCAD.d",
  "asks": [],
  "bids": []
 },
 "ETHCHF": {
  "pair": "ETHCHF",
  "asks": [
   {
    "price": "278.03000",
    "volume": "1.325",
    "timestamp": "2020-02-15T12:18:45+01:00"
   }
  ],
  "bids": [
   {
    "price": "275.00000",
    "volume": "1.340",
    "timestamp": "2020-02-15T12:19:48+01:00"
   }
  ]
 },
 "ETHDAI": {
  "pair": "ETHDAI",
  "asks": [
   {
    "price": "281.816000",
    "volume": "1.015",
    "timestamp": "2020-02-15T12:19:44+01:00"
   }
  ],
  "bids": [
   {
    "price": "280.584000",
    "volume": "1.044",
    "timestamp": "2020-02-15T12:19:44+01:00"
   }
  ]
 },
 "ETHEUR": {
  "pair": "ETHEUR",
  "asks": [
   {
    "price": "259.89000",
    "volume": "91.502",
    "timestamp": "2020-02-15T12:19:50+01:00"
   }
  ],
  "bids": [
   {
    "price": "259.81000",
    "volume": "11.053",
    "timestamp": "2020-02-15T12:19:50+01:00"
   }
  ]
 },
 "ETHEUR.d": {
  "pair": "ETHEUR.d",
  "asks": [],
  "bids": [
   {
    "price": "0.01000",
    "volume": "10000.000",
    "timestamp": "2018-01-15T01:27:24+01:00"
   }
  ]
 },
 "ETHGBP": {
  "pair": "ETHGBP",
  "asks": [
   {
    "price": "218.18000",
    "volume": "1.015",
    "timestamp": "2020-02-15T12:19:21+01:00"
   }
  ],
  "bids": [
   {
    "price": "216.59000",
    "volume": "0.625",
    "timestamp": "2020-02-15T12:19:13+01:00"
   }
  ]
 },
 "ETHGBP.d": {
  "pair": "ETHGBP.d",
  "asks": [],
  "bids": []
 },
 "ETHJPY": {
  "pair": "ETHJPY",
  "asks": [
   {
    "price": "30925.00000",
    "volume": "7.000",
    "timestamp": "2020-02-15T12:19:36+01:00"
   }
  ],
  "bids": [
   {
    "price": "30651.00000",
    "volume": "2.018",
    "timestamp": "2020-02-15T12:19:31+01:00"
   }
  ]
 },
 "ETHJPY.d": {
  "pair": "ETHJPY.d",
  "asks": [],
  "bids": []
 },
 "ETHUSD": {
  "pair": "ETHUSD",
  "asks": [
   {
    "price": "281.18000",
    "volume": "52.547",
    "timestamp": "2020-02-15T12:19:17+01:00"
   }
  ],
  "bids": [
   {
    "price": "280.98000",
    "volume": "10.000",
    "timestamp": "2020-02-15T12:19:14+01:00"
   }
  ]
 },
 "ETHUSD.d": {
  "pair": "ETHUSD.d",
  "asks": [],
  "bids": []
 },
 "ETHUSDC": {
  "pair": "ETHUSDC",
  "asks": [
   {
    "price": "281.530000",
    "volume": "1.015",
    "timestamp": "2020-02-15T12:19:01+01:00"
   }
  ],
  "bids": [
   {
    "price": "280.590000",
    "volume": "7.608",
    "timestamp": "2020-02-15T12:19:00+01:00"
   }
  ]
 },
 "ETHUSDT": {
  "pair": "ETHUSDT",
  "asks": [
   {
    "price": "281.13000",
    "volume": "1.015",
    "timestamp": "2020-02-15T12:19:44+01:00"
   }
  ],
  "bids": [
   {
    "price": "280.33000",
    "volume": "8.327",
    "timestamp": "2020-02-15T12:19:43+01:00"
   }
  ]
 },
 "ETHXBT": {
  "pair": "ETHXBT",
  "asks": [
   {
    "price": "0.027490",
    "volume": "42.189",
    "timestamp": "2020-02-15T12:18:55+01:00"
   }
  ],
  "bids": [
   {
    "price": "0.027470",
    "volume": "5.800",
    "timestamp": "2020-02-15T12:18:55+01:00"
   }
  ]
 },
 "ETHXBT.d": {
  "pair": "ETHXBT.d",
  "asks": [],
  "bids": []
 },
 "GNOETH": {
  "pair": "GNOETH",
  "asks": [
   {
    "price": "0.07420000",
    "volume": "28.552",
    "timestamp": "2020-02-15T12:17:42+01:00"
   }
  ],
  "bids": [
   {
    "price": "0.07400000",
    "volume": "25.204",
    "timestamp": "2020-02-15T12:17:39+01:00"
   }
  ]
 },
 "GNOEUR": {
  "pair": "GNOEUR",
  "asks": [
   {
    "price": "19.330000",
    "volume": "19.653",
    "timestamp": "2020-02-15T12:17:46+01:00"
   }
  ],
  "bids": [
   {
    "price": "19.260000",
    "volume": "22.499",
    "timestamp": "2020-02-15T12:17:44+01:00"
   }
  ]
 },
 "GNOUSD": {
  "pair": "GNOUSD",
  "asks": [
   {
    "price": "20.880000",
    "volume": "17.101",
    "timestamp": "2020-02-15T12:19:44+01:00"
   }
  ],
  "bids": [
   {
    "price": "20.800000",
    "volume": "26.947",
    "timestamp": "2020-02-15T12:17:35+01:00"
   }
  ]
 },
 "GNOXBT": {
  "pair": "GNOXBT",
  "asks": [
   {
    "price": "0.00205000",
    "volume": "0.411",
    "timestamp": "2020-02-15T12:17:42+01:00"
   }
  ],
  "bids": [
   {
    "price": "0.00203000",
    "volume": "38.476",
    "timestamp": "2020-02-15T12:17:38+01:00"
   }
  ]
 },
 "ICXETH": {
  "pair": "ICXETH",
  "asks": [
   {
    "price": "0.001461200",
    "volume": "138.601",
    "timestamp": "2020-02-15T12:19:08+01:00"
   }
  ],
  "bids": [
   {
    "price": "0.001439400",
    "volume": "2171.469",
    "timestamp": "2020-02-15T12:10:23+01:00"
   }
  ]
 },
 "ICXEUR": {
  "pair": "ICXEUR",
  "asks": [
   {
    "price": "0.380100",
    "volume": "599.643",
    "timestamp": "2020-02-15T12:18:19+01:00"
   }
  ],
  "bids": [
   {
    "price": "0.378000",
    "volume": "15988.035",
    "timestamp": "2020-02-15T12:16:33+01:00"
   }
  ]
 },
 "ICXUSD": {
  "pair": "ICXUSD",
  "asks": [
   {
    "price": "0.409900",
    "volume": "454.773",
    "timestamp": "2020-02-15T12:17:58+01:00"
   }
  ],
  "bids": [
   {
    "price": "0.406300",
    "volume": "3716.325",
    "timestamp": "2020-02-15T12:17:41+01:00"
   }
  ]
 },
 "ICXXBT": {
  "pair": "ICXXBT",
  "asks": [
   {
    "price": "0.000040220",
    "volume": "502.261",
    "timestamp": "2020-02-15T12:19:19+01:00"
   }
  ],
  "bids": [
   {
    "price": "0.000039840",
    "volume": "3154.298",
    "timestamp": "2020-02-15T12:19:11+01:00"
   }
  ]
 },
 "LINKETH": {
  "pair": "LINKETH",
  "asks": [
   {
    "price": "0.015897540",
    "volume": "224.814",
    "timestamp": "2020-02-15T12:18:48+01:00"
   }
  ],
  "bids": [
   {
    "price": "0.015828880",
    "volume": "40.000",
    "timestamp": "2020-02-15T12:18:47+01:00"
   }
  ]
 },
 "LINKEUR": {
  "pair": "LINKEUR",
  "asks": [
   {
    "price": "4.138070",
    "volume": "65.973",
    "timestamp": "2020-02-15T12:19:05+01:00"
   }
  ],
  "bids": [
   {
    "price": "4.117500",
    "volume": "66.419",
    "timestamp": "2020-02-15T12:19:05+01:00"
   }
  ]
 },
 "LINKUSD": {
  "pair": "LINKUSD",
  "asks": [
   {
    "price": "4.461510",
    "volume": "242.569",
    "timestamp": "2020-02-15T12:19:03+01:00"
   }
  ],
  "bids": [
   {
    "price": "4.452870",
    "volume": "30.124",
    "timestamp": "2020-02-15T12:14:06+01:00"
   }
  ]
 },
 "LINKXBT": {
  "pair": "LINKXBT",
  "asks": [
   {
    "price": "0.000436690",
    "volume": "224.940",
    "timestamp": "2020-02-15T12:17:25+01:00"
   }
  ],
  "bids": [
   {
    "price": "0.000436060",
    "volume": "40.000",
    "timestamp": "2020-02-15T12:18:33+01:00"
   }
  ]
 },
 "LSKETH": {
  "pair": "LSKETH",
  "asks": [
   {
    "price": "0.006986990",
    "volume": "116.054",
    "timestamp": "2020-02-15T12:19:39+01:00"
   }
  ],
  "bids": [
   {
    "price": "0.006939830",
    "volume": "305.148",
    "timestamp": "2020-02-15T12:17:48+01:00"
   }
  ]
 },
 "LSKEUR": {
  "pair": "LSKEUR",
  "asks": [
   {
    "price": "1.809079",
    "volume": "170.000",
    "timestamp": "2020-02-15T12:18:52+01:00"
   }
  ],
  "bids": [
   {
    "price": "1.805679",
    "volume": "495.585",
    "timestamp": "2020-02-15T12:18:59+01:00"
   }
  ]
 },
 "LSKUSD": {
  "pair": "LSKUSD",
  "asks": [
   {
    "price": "1.966894",
    "volume": "10.169",
    "timestamp": "2020-02-15T12:19:32+01:00"
   }
  ],
  "bids": [
   {
    "price": "1.950680",
    "volume": "414.057",
    "timestamp": "2020-02-15T12:19:26+01:00"
   }
  ]
 },
 "LSKXBT": {
  "pair": "LSKXBT",
  "asks": [
   {
    "price": "0.000191969",
    "volume": "116.054",
    "timestamp": "2020-02-15T12:18:52+01:00"
   }
  ],
  "bids": [
   {
    "price": "0.000191005",
    "volume": "99.156",
    "timestamp": "2020-02-15T12:15:16+01:00"
   }
  ]
 },
 "LTCEUR": {
  "pair": "LTCEUR",
  "asks": [
   {
    "price": "74.78000",
    "volume": "57.158",
    "timestamp": "2020-02-15T12:18:48+01:00"
   }
  ],
  "bids": [
   {
    "price": "74.62000",
    "volume": "37.158",
    "timestamp": "2020-02-15T12:18:48+01:00"
   }
  ]
 },
 "LTCUSD": {
  "pair": "LTCUSD",
  "asks": [
   {
    "price": "80.69000",
    "volume": "60.000",
    "timestamp": "2020-02-15T12:19:16+01:00"
   }
  ],
  "bids": [
   {
    "price": "80.66000",
    "volume": "12.390",
    "timestamp": "2020-02-15T12:19:12+01:00"
   }
  ]
 },
 "LTCXBT": {
  "pair": "LTCXBT",
  "asks": [
   {
    "price": "0.00790800",
    "volume": "34.078",
    "timestamp": "2020-02-15T12:18:34+01:00"
   }
  ],
  "bids": [
   {
    "price": "0.00789300",
    "volume": "14.077",
    "timestamp": "2020-02-15T12:18:28+01:00"
   }
  ]
 },
 "MLNETH": {
  "pair": "MLNETH",
  "asks": [
   {
    "price": "0.02248000",
    "volume": "3.453",
    "timestamp": "2020-02-15T11:54:48+01:00"
   }
  ],
  "bids": [
   {
    "price": "0.02220000",
    "volume": "45.715",
    "timestamp": "2020-02-15T12:19:11+01:00"
   }
  ]
 },
 "MLNEUR": {
  "pair": "MLNEUR",
  "asks": [
   {
    "price": "5.980000",
    "volume": "0.101",
    "timestamp": "2020-02-15T11:55:03+01:00"
   }
  ],
  "bids": [
   {
    "price": "5.846000",
    "volume": "0.101",
    "timestamp": "2020-02-15T11:35:48+01:00"
   }
  ]
 },
 "MLNUSD": {
  "pair": "MLNUSD",
  "asks": [
   {
    "price": "6.399000",
    "volume": "32.226",
    "timestamp": "2020-02-15T12:18:23+01:00"
   }
  ],
  "bids": [
   {
    "price": "6.263000",
    "volume": "42.173",
    "timestamp": "2020-02-15T11:22:40+01:00"
   }
  ]
 },
 "MLNXBT": {
  "pair": "MLNXBT",
  "asks": [
   {
    "price": "0.00062300",
    "volume": "15.024",
    "timestamp": "2020-02-15T12:17:41+01:00"
   }
  ],
  "bids": [
   {
    "price": "0.00061500",
    "volume": "52.721",
    "timestamp": "2020-02-15T11:22:58+01:00"
   }
  ]
 },
 "NANOETH": {
  "pair": "NANOETH",
  "asks": [
   {
    "price": "0.004078980",
    "volume": "10.000",
    "timestamp": "2020-02-15T12:19:30+01:00"
   }
  ],
  "bids": [
   {
    "price": "0.004034790",
    "volume": "70.540",
    "timestamp": "2020-02-15T12:19:32+01:00"
   }
  ]
 },
 "NANOEUR": {
  "pair": "NANOEUR",
  "asks": [
   {
    "price": "1.059999",
    "volume": "201.296",
    "timestamp": "2020-02-15T12:13:48+01:00"
   }
  ],
  "bids": [
   {
    "price": "1.050499",
    "volume": "70.540",
    "timestamp": "2020-02-15T12:19:30+01:00"
   }
  ]
 },
 "NANOUSD": {
  "pair": "NANOUSD",
  "asks": [
   {
    "price": "1.145030",
    "volume": "555.762",
    "timestamp": "2020-02-15T12:18:36+01:00"
   }
  ],
  "bids": [
   {
    "price": "1.137532",
    "volume": "70.540",
    "timestamp": "2020-02-15T12:16:27+01:00"
   }
  ]
 },
 "NANOXBT": {
  "pair": "NANOXBT",
  "asks": [
   {
    "price": "0.000111724",
    "volume": "10.000",
    "timestamp": "2020-02-15T11:11:15+01:00"
   }
  ],
  "bids": [
   {
    "price": "0.000111050",
    "volume": "70.540",
    "timestamp": "2020-02-15T12:18:36+01:00"
   }
  ]
 },
 "OMGETH": {
  "pair": "OMGETH",
  "asks": [
   {
    "price": "0.004988420",
    "volume": "11.699",
    "timestamp": "2020-02-15T12:17:54+01:00"
   }
  ],
  "bids": [
   {
    "price": "0.004961290",
    "volume": "428.544",
    "timestamp": "2020-02-15T12:17:26+01:00"
   }
  ]
 },
 "OMGEUR": {
  "pair": "OMGEUR",
  "asks": [
   {
    "price": "1.299999",
    "volume": "27.297",
    "timestamp": "2020-02-15T12:19:35+01:00"
   }
  ],
  "bids": [
   {
    "price": "1.290346",
    "volume": "546.402",
    "timestamp": "2020-02-15T12:18:56+01:00"
   }
  ]
 },
 "OMGUSD": {
  "pair": "OMGUSD",
  "asks": [
   {
    "price": "1.407907",
    "volume": "219.218",
    "timestamp": "2020-02-15T12:18:36+01:00"
   }
  ],
  "bids": [
   {
    "price": "1.393805",
    "volume": "456.566",
    "timestamp": "2020-02-15T12:18:54+01:00"
   }
  ]
 },
 "OMGXBT": {
  "pair": "OMGXBT",
  "asks": [
   {
    "price": "0.000137064",
    "volume": "15.598",
    "timestamp": "2020-02-15T12:17:49+01:00"
   }
  ],
  "bids": [
   {
    "price": "0.000136490",
    "volume": "3751.832",
    "timestamp": "2020-02-15T12:17:47+01:00"
   }
  ]
 },
 "PAXGETH": {
  "pair": "PAXGETH",
  "asks": [
   {
    "price": "6.297759000",
    "volume": "0.205",
    "timestamp": "2020-02-15T12:18:36+01:00"
   }
  ],
  "bids": [
   {
    "price": "5.513605000",
    "volume": "0.185",
    "timestamp": "2020-02-15T12:18:40+01:00"
   }
  ]
 },
 "PAXGEUR": {
  "pair": "PAXGEUR",
  "asks": [
   {
    "price": "1475.600000",
    "volume": "1.924",
    "timestamp": "2020-02-15T10:42:40+01:00"
   }
  ],
  "bids": [
   {
    "price": "1458.740000",
    "volume": "0.019",
    "timestamp": "2020-02-15T12:03:58+01:00"
   }
  ]
 },
 "PAXGUSD": {
  "pair": "PAXGUSD",
  "asks": [
   {
    "price": "1597.030000",
    "volume": "0.205",
    "timestamp": "2020-02-15T12:17:10+01:00"
   }
  ],
  "bids": [
   {
    "price": "1572.680000",
    "volume": "0.475",
    "timestamp": "2020-02-15T12:02:16+01:00"
   }
  ]
 },
 "PAXGXBT": {
  "pair": "PAXGXBT",
  "asks": [
   {
    "price": "0.156395000",
    "volume": "0.205",
    "timestamp": "2020-02-15T12:17:10+01:00"
   }
  ],
  "bids": [
   {
    "price": "0.154565000",
    "volume": "5.900",
    "timestamp": "2020-02-15T12:18:41+01:00"
   }
  ]
 },
 "QTUMETH": {
  "pair": "QTUMETH",
  "asks": [
   {
    "price": "0.01053150",
    "volume": "481.031",
    "timestamp": "2020-02-15T12:17:04+01:00"
   }
  ],
  "bids": [
   {
    "price": "0.01048420",
    "volume": "88.451",
    "timestamp": "2020-02-15T12:18:32+01:00"
   }
  ]
 },
 "QTUMEUR": {
  "pair": "QTUMEUR",
  "asks": [
   {
    "price": "2.739100",
    "volume": "270.000",
    "timestamp": "2020-02-15T12:18:23+01:00"
   }
  ],
  "bids": [
   {
    "price": "2.724050",
    "volume": "100.395",
    "timestamp": "2020-02-15T12:19:15+01:00"
   }
  ]
 },
 "QTUMUSD": {
  "pair": "QTUMUSD",
  "asks": [
   {
    "price": "2.959230",
    "volume": "270.000",
    "timestamp": "2020-02-15T12:18:51+01:00"
   }
  ],
  "bids": [
   {
    "price": "2.946690",
    "volume": "338.751",
    "timestamp": "2020-02-15T12:18:45+01:00"
   }
  ]
 },
 "QTUMXBT": {
  "pair": "QTUMXBT",
  "asks": [
   {
    "price": "0.00028910",
    "volume": "338.755",
    "timestamp": "2020-02-15T12:19:21+01:00"
   }
  ],
  "bids": [
   {
    "price": "0.00028830",
    "volume": "338.721",
    "timestamp": "2020-02-15T12:18:14+01:00"
   }
  ]
 },
 "REPETH": {
  "pair": "REPETH",
  "asks": [
   {
    "price": "0.059380",
    "volume": "60.022",
    "timestamp": "2020-02-15T12:19:37+01:00"
   }
  ],
  "bids": [
   {
    "price": "0.059090",
    "volume": "88.626",
    "timestamp": "2020-02-15T12:19:31+01:00"
   }
  ]
 },
 "REPEUR": {
  "pair": "REPEUR",
  "asks": [
   {
    "price": "15.44500",
    "volume": "5.711",
    "timestamp": "2020-02-15T12:18:43+01:00"
   }
  ],
  "bids": [
   {
    "price": "15.40900",
    "volume": "54.387",
    "timestamp": "2020-02-15T12:18:05+01:00"
   }
  ]
 },
 "REPUSD": {
  "pair": "REPUSD",
  "asks": [
   {
    "price": "16.68300",
    "volume": "60.066",
    "timestamp": "2020-02-15T12:18:52+01:00"
   }
  ],
  "bids": [
   {
    "price": "16.60800",
    "volume": "75.941",
    "timestamp": "2020-02-15T12:19:22+01:00"
   }
  ]
 },
 "REPXBT": {
  "pair": "REPXBT",
  "asks": [
   {
    "price": "0.001632",
    "volume": "60.912",
    "timestamp": "2020-02-15T12:16:54+01:00"
   }
  ],
  "bids": [
   {
    "price": "0.001629",
    "volume": "4.618",
    "timestamp": "2020-02-15T12:18:06+01:00"
   }
  ]
 },
 "SCETH": {
  "pair": "SCETH",
  "asks": [
   {
    "price": "0.0000123800",
    "volume": "266818.672",
    "timestamp": "2020-02-15T12:19:06+01:00"
   }
  ],
  "bids": [
   {
    "price": "0.0000121900",
    "volume": "5000.000",
    "timestamp": "2020-02-15T12:18:07+01:00"
   }
  ]
 },
 "SCEUR": {
  "pair": "SCEUR",
  "asks": [
   {
    "price": "0.003230",
    "volume": "5005.000",
    "timestamp": "2020-02-15T12:19:09+01:00"
   }
  ],
  "bids": [
   {
    "price": "0.003180",
    "volume": "186497.356",
    "timestamp": "2020-02-15T12:19:30+01:00"
   }
  ]
 },
 "SCUSD": {
  "pair": "SCUSD",
  "asks": [
   {
    "price": "0.003490",
    "volume": "88763.267",
    "timestamp": "2020-02-15T12:18:00+01:00"
   }
  ],
  "bids": [
   {
    "price": "0.003410",
    "volume": "82457.156",
    "timestamp": "2020-02-15T12:19:18+01:00"
   }
  ]
 },
 "SCXBT": {
  "pair": "SCXBT",
  "asks": [
   {
    "price": "0.0000003410",
    "volume": "100000.000",
    "timestamp": "2020-02-15T12:19:37+01:00"
   }
  ],
  "bids": [
   {
    "price": "0.0000003380",
    "volume": "111442.786",
    "timestamp": "2020-02-15T12:17:47+01:00"
   }
  ]
 },
 "USDCEUR": {
  "pair": "USDCEUR",
  "asks": [
   {
    "price": "0.92610000",
    "volume": "2500.324",
    "timestamp": "2020-02-15T12:17:18+01:00"
   }
  ],
  "bids": [
   {
    "price": "0.92440000",
    "volume": "301.259",
    "timestamp": "2020-02-15T12:19:45+01:00"
   }
  ]
 },
 "USDCUSD": {
  "pair": "USDCUSD",
  "asks": [
   {
    "price": "1.00050000",
    "volume": "14421.969",
    "timestamp": "2020-02-15T12:18:52+01:00"
   }
  ],
  "bids": [
   {
    "price": "0.99900000",
    "volume": "959.424",
    "timestamp": "2020-02-15T12:18:47+01:00"
   }
  ]
 },
 "USDCUSDT": {
  "pair": "USDCUSDT",
  "asks": [
   {
    "price": "1.00000000",
    "volume": "5010.648",
    "timestamp": "2020-02-15T12:13:52+01:00"
   }
  ],
  "bids": [
   {
    "price": "0.99840000",
    "volume": "292.249",
    "timestamp": "2020-02-15T12:18:47+01:00"
   }
  ]
 },
 "USDTCAD": {
  "pair": "USDTCAD",
  "asks": [
   {
    "price": "1.32360000",
    "volume": "700.601",
    "timestamp": "2020-02-15T12:04:22+01:00"
   }
  ],
  "bids": [
   {
    "price": "1.31520000",
    "volume": "281.116",
    "timestamp": "2020-02-15T12:04:23+01:00"
   }
  ]
 },
 "USDTEUR": {
  "pair": "USDTEUR",
  "asks": [
   {
    "price": "0.92670000",
    "volume": "4630.493",
    "timestamp": "2020-02-15T12:18:54+01:00"
   }
  ],
  "bids": [
   {
    "price": "0.92540000",
    "volume": "5291.801",
    "timestamp": "2020-02-15T12:18:09+01:00"
   }
  ]
 },
 "USDTGBP": {
  "pair": "USDTGBP",
  "asks": [
   {
    "price": "0.77400000",
    "volume": "718.915",
    "timestamp": "2020-02-15T12:18:44+01:00"
   }
  ],
  "bids": [
   {
    "price": "0.77070000",
    "volume": "142.072",
    "timestamp": "2020-02-15T12:19:00+01:00"
   }
  ]
 },
 "USDTUSD": {
  "pair": "USDTUSD",
  "asks": [
   {
    "price": "1.00050000",
    "volume": "200.000",
    "timestamp": "2020-02-15T12:17:36+01:00"
   }
  ],
  "bids": [
   {
    "price": "1.00030000",
    "volume": "333.695",
    "timestamp": "2020-02-15T12:18:54+01:00"
   }
  ]
 },
 "WAVESETH": {
  "pair": "WAVESETH",
  "asks": [
   {
    "price": "0.00580060",
    "volume": "615.223",
    "timestamp": "2020-02-15T12:18:36+01:00"
   }
  ],
  "bids": [
   {
    "price": "0.00578260",
    "volume": "614.714",
    "timestamp": "2020-02-15T12:18:58+01:00"
   }
  ]
 },
 "WAVESEUR": {
  "pair": "WAVESEUR",
  "asks": [
   {
    "price": "1.511500",
    "volume": "200.053",
    "timestamp": "2020-02-15T12:19:14+01:00"
   }
  ],
  "bids": [
   {
    "price": "1.502800",
    "volume": "3702.990",
    "timestamp": "2020-02-15T12:18:37+01:00"
   }
  ]
 },
 "WAVESUSD": {
  "pair": "WAVESUSD",
  "asks": [
   {
    "price": "1.631700",
    "volume": "615.291",
    "timestamp": "2020-02-15T12:18:20+01:00"
   }
  ],
  "bids": [
   {
    "price": "1.624400",
    "volume": "614.543",
    "timestamp": "2020-02-15T12:19:09+01:00"
   }
  ]
 },
 "WAVESXBT": {
  "pair": "WAVESXBT",
  "asks": [
   {
    "price": "0.00015952",
    "volume": "619.591",
    "timestamp": "2020-02-15T12:18:27+01:00"
   }
  ],
  "bids": [
   {
    "price": "0.00015911",
    "volume": "618.982",
    "timestamp": "2020-02-15T12:19:00+01:00"
   }
  ]
 },
 "XBTCAD": {
  "pair": "XBTCAD",
  "asks": [
   {
    "price": "13543.80000",
    "volume": "0.400",
    "timestamp": "2020-02-15T12:19:39+01:00"
   }
  ],
  "bids": [
   {
    "price": "13515.20000",
    "volume": "0.059",
    "timestamp": "2020-02-15T12:15:57+01:00"
   }
  ]
 },
 "XBTCAD.d": {
  "pair": "XBTCAD.d",
  "asks": [],
  "bids": []
 },
 "XBTCHF": {
  "pair": "XBTCHF",
  "asks": [
   {
    "price": "10097.20000",
    "volume": "0.049",
    "timestamp": "2020-02-15T12:19:09+01:00"
   }
  ],
  "bids": [
   {
    "price": "10016.40000",
    "volume": "0.050",
    "timestamp": "2020-02-15T12:18:46+01:00"
   }
  ]
 },
 "XBTDAI": {
  "pair": "XBTDAI",
  "asks": [
   {
    "price": "10251.50000",
    "volume": "0.028",
    "timestamp": "2020-02-15T12:18:39+01:00"
   }
  ],
  "bids": [
   {
    "price": "10218.70000",
    "volume": "0.196",
    "timestamp": "2020-02-15T12:18:39+01:00"
   }
  ]
 },
 "XBTEUR": {
  "pair": "XBTEUR",
  "asks": [
   {
    "price": "9459.20000",
    "volume": "3.000",
    "timestamp": "2020-02-15T12:17:42+01:00"
   }
  ],
  "bids": [
   {
    "price": "9459.00000",
    "volume": "2.641",
    "timestamp": "2020-02-15T12:19:18+01:00"
   }
  ]
 },
 "XBTEUR.d": {
  "pair": "XBTEUR.d",
  "asks": [],
  "bids": [
   {
    "price": "0.10000",
    "volume": "100.000",
    "timestamp": "2018-01-15T01:30:18+01:00"
   }
  ]
 },
 "XBTGBP": {
  "pair": "XBTGBP",
  "asks": [
   {
    "price": "7912.40000",
    "volume": "0.101",
    "timestamp": "2020-02-15T12:19:02+01:00"
   }
  ],
  "bids": [
   {
    "price": "7881.30000",
    "volume": "0.044",
    "timestamp": "2020-02-15T12:18:28+01:00"
   }
  ]
 },
 "XBTGBP.d": {
  "pair": "XBTGBP.d",
  "asks": [],
  "bids": []
 },
 "XBTJPY": {
  "pair": "XBTJPY",
  "asks": [
   {
    "price": "1124309.000",
    "volume": "0.037",
    "timestamp": "2020-02-15T12:19:48+01:00"
   }
  ],
  "bids": [
   {
    "price": "1116238.000",
    "volume": "0.055",
    "timestamp": "2020-02-15T12:16:49+01:00"
   }
  ]
 },
 "XBTJPY.d": {
  "pair": "XBTJPY.d",
  "asks": [],
  "bids": []
 },
 "XBTUSD": {
  "pair": "XBTUSD",
  "asks": [
   {
    "price": "10227.00000",
    "volume": "2.000",
    "timestamp": "2020-02-15T12:19:43+01:00"
   }
  ],
  "bids": [
   {
    "price": "10226.30000",
    "volume": "0.014",
    "timestamp": "2020-02-15T12:19:35+01:00"
   }
  ]
 },
 "XBTUSD.d": {
  "pair": "XBTUSD.d",
  "asks": [],
  "bids": []
 },
 "XBTUSDC": {
  "pair": "XBTUSDC",
  "asks": [
   {
    "price": "10239.36000",
    "volume": "0.028",
    "timestamp": "2020-02-15T12:19:06+01:00"
   }
  ],
  "bids": [
   {
    "price": "10204.82000",
    "volume": "0.403",
    "timestamp": "2020-02-15T12:19:05+01:00"
   }
  ]
 },
 "XBTUSDT": {
  "pair": "XBTUSDT",
  "asks": [
   {
    "price": "10225.60000",
    "volume": "0.028",
    "timestamp": "2020-02-15T12:19:21+01:00"
   }
  ],
  "bids": [
   {
    "price": "10208.40000",
    "volume": "0.026",
    "timestamp": "2020-02-15T12:18:22+01:00"
   }
  ]
 },
 "XDGEUR": {
  "pair": "XDGEUR",
  "asks": [
   {
    "price": "0.002873800",
    "volume": "173554.068",
    "timestamp": "2020-02-15T12:18:43+01:00"
   }
  ],
  "bids": [
   {
    "price": "0.002835600",
    "volume": "207106.044",
    "timestamp": "2020-02-15T12:13:50+01:00"
   }
  ]
 },
 "XDGUSD": {
  "pair": "XDGUSD",
  "asks": [
   {
    "price": "0.003104400",
    "volume": "205066.911",
    "timestamp": "2020-02-15T12:19:24+01:00"
   }
  ],
  "bids": [
   {
    "price": "0.003062700",
    "volume": "207778.639",
    "timestamp": "2020-02-15T12:19:30+01:00"
   }
  ]
 },
 "XDGXBT": {
  "pair": "XDGXBT",
  "asks": [
   {
    "price": "0.000000310",
    "volume": "23564873.520",
    "timestamp": "2020-02-15T12:19:13+01:00"
   }
  ],
  "bids": [
   {
    "price": "0.000000300",
    "volume": "9714477.220",
    "timestamp": "2020-02-15T12:18:44+01:00"
   }
  ]
 },
 "XLMEUR": {
  "pair": "XLMEUR",
  "asks": [
   {
    "price": "0.07871800",
    "volume": "6919.342",
    "timestamp": "2020-02-15T12:18:29+01:00"
   }
  ],
  "bids": [
   {
    "price": "0.07855000",
    "volume": "1393.643",
    "timestamp": "2020-02-15T12:18:31+01:00"
   }
  ]
 },
 "XLMUSD": {
  "pair": "XLMUSD",
  "asks": [
   {
    "price": "0.08490500",
    "volume": "1755.572",
    "timestamp": "2020-02-15T12:19:37+01:00"
   }
  ],
  "bids": [
   {
    "price": "0.08490400",
    "volume": "503.406",
    "timestamp": "2020-02-15T10:26:02+01:00"
   }
  ]
 },
 "XLMXBT": {
  "pair": "XLMXBT",
  "asks": [
   {
    "price": "0.000008320",
    "volume": "73582.065",
    "timestamp": "2020-02-15T12:19:22+01:00"
   }
  ],
  "bids": [
   {
    "price": "0.000008300",
    "volume": "1426.759",
    "timestamp": "2020-02-15T12:19:20+01:00"
   }
  ]
 },
 "XMREUR": {
  "pair": "XMREUR",
  "asks": [
   {
    "price": "88.64000000",
    "volume": "0.114",
    "timestamp": "2020-02-15T12:19:06+01:00"
   }
  ],
  "bids": [
   {
    "price": "88.50000000",
    "volume": "6.000",
    "timestamp": "2020-02-15T12:11:40+01:00"
   }
  ]
 },
 "XMRUSD": {
  "pair": "XMRUSD",
  "asks": [
   {
    "price": "95.62000000",
    "volume": "21.620",
    "timestamp": "2020-02-15T12:19:35+01:00"
   }
  ],
  "bids": [
   {
    "price": "95.51000000",
    "volume": "16.000",
    "timestamp": "2020-02-15T12:19:31+01:00"
   }
  ]
 },
 "XMRXBT": {
  "pair": "XMRXBT",
  "asks": [
   {
    "price": "0.00936100",
    "volume": "15.347",
    "timestamp": "2020-02-15T12:19:19+01:00"
   }
  ],
  "bids": [
   {
    "price": "0.00934300",
    "volume": "0.408",
    "timestamp": "2020-02-15T12:14:54+01:00"
   }
  ]
 },
 "XRPCAD": {
  "pair": "XRPCAD",
  "asks": [
   {
    "price": "0.44368000",
    "volume": "856.875",
    "timestamp": "2020-02-15T12:19:32+01:00"
   }
  ],
  "bids": [
   {
    "price": "0.44096000",
    "volume": "838.452",
    "timestamp": "2020-02-15T12:19:33+01:00"
   }
  ]
 },
 "XRPEUR": {
  "pair": "XRPEUR",
  "asks": [
   {
    "price": "0.31002000",
    "volume": "15941.051",
    "timestamp": "2020-02-15T12:18:54+01:00"
   }
  ],
  "bids": [
   {
    "price": "0.31001000",
    "volume": "1915.596",
    "timestamp": "2020-02-15T12:18:38+01:00"
   }
  ]
 },
 "XRPJPY": {
  "pair": "XRPJPY",
  "asks": [
   {
    "price": "36.86500000",
    "volume": "4000.000",
    "timestamp": "2020-02-15T12:19:19+01:00"
   }
  ],
  "bids": [
   {
    "price": "36.52400000",
    "volume": "819.735",
    "timestamp": "2020-02-15T12:19:01+01:00"
   }
  ]
 },
 "XRPUSD": {
  "pair": "XRPUSD",
  "asks": [
   {
    "price": "0.33471000",
    "volume": "10000.000",
    "timestamp": "2020-02-15T12:18:54+01:00"
   }
  ],
  "bids": [
   {
    "price": "0.33463000",
    "volume": "1440.702",
    "timestamp": "2020-02-15T12:18:25+01:00"
   }
  ]
 },
 "XRPXBT": {
  "pair": "XRPXBT",
  "asks": [
   {
    "price": "0.000032770",
    "volume": "2986.830",
    "timestamp": "2020-02-15T12:18:22+01:00"
   }
  ],
  "bids": [
   {
    "price": "0.000032730",
    "volume": "11232.235",
    "timestamp": "2020-02-15T12:18:53+01:00"
   }
  ]
 },
 "XTZETH": {
  "pair": "XTZETH",
  "asks": [
   {
    "price": "0.01217110",
    "volume": "434.606",
    "timestamp": "2020-02-15T12:19:41+01:00"
   }
  ],
  "bids": [
   {
    "price": "0.01212690",
    "volume": "293.606",
    "timestamp": "2020-02-15T12:19:41+01:00"
   }
  ]
 },
 "XTZEUR": {
  "pair": "XTZEUR",
  "asks": [
   {
    "price": "3.166900",
    "volume": "1949.320",
    "timestamp": "2020-02-15T12:18:47+01:00"
   }
  ],
  "bids": [
   {
    "price": "3.160000",
    "volume": "1.000",
    "timestamp": "2020-02-15T12:15:56+01:00"
   }
  ]
 },
 "XTZUSD": {
  "pair": "XTZUSD",
  "asks": [
   {
    "price": "3.416400",
    "volume": "305.580",
    "timestamp": "2020-02-15T12:18:47+01:00"
   }
  ],
  "bids": [
   {
    "price": "3.406300",
    "volume": "305.580",
    "timestamp": "2020-02-15T12:18:46+01:00"
   }
  ]
 },
 "XTZXBT": {
  "pair": "XTZXBT",
  "asks": [
   {
    "price": "0.00033460",
    "volume": "359.970",
    "timestamp": "2020-02-15T12:18:50+01:00"
   }
  ],
  "bids": [
   {
    "price": "0.00033370",
    "volume": "298.635",
    "timestamp": "2020-02-15T12:18:39+01:00"
   }
  ]
 },
 "ZECEUR": {
  "pair": "ZECEUR",
  "asks": [
   {
    "price": "65.47800",
    "volume": "12.000",
    "timestamp": "2020-02-15T12:18:44+01:00"
   }
  ],
  "bids": [
   {
    "price": "65.47500",
    "volume": "0.100",
    "timestamp": "2020-02-15T12:18:40+01:00"
   }
  ]
 },
 "ZECUSD": {
  "pair": "ZECUSD",
  "asks": [
   {
    "price": "70.76000",
    "volume": "16.372",
    "timestamp": "2020-02-15T12:18:56+01:00"
   }
  ],
  "bids": [
   {
    "price": "70.58000",
    "volume": "26.610",
    "timestamp": "2020-02-15T12:18:40+01:00"
   }
  ]
 },
 "ZECXBT": {
  "pair": "ZECXBT",
  "asks": [
   {
    "price": "0.006920",
    "volume": "29.271",
    "timestamp": "2020-02-15T12:19:04+01:00"
   }
  ],
  "bids": [
   {
    "price": "0.006900",
    "volume": "163.308",
    "timestamp": "2020-02-15T12:18:58+01:00"
   }
  ]
 }
}