{
 "abseth": {
  "pair": "abseth",
  "bids": [
   {
    "price": "0.00004974",
    "amount": "775.33"
   }
  ],
  "asks": [
   {
    "price": "0.00005124",
    "amount": "2.04801169"
   }
  ]
 },
 "absusd": {
  "pair": "absusd",
  "bids": [
   {
    "price": "0.014057",
    "amount": "746.57"
   }
  ],
  "asks": [
   {
    "price": "0.014691",
    "amount": "3861.06624596"
   }
  ]
 },
 "agibtc": {
  "pair": "agibtc",
  "bids": [
   {
    "price": "0.00000199",
    "amount": "6360.9687367"
   }
  ],
  "asks": [
   {
    "price": "0.00000298",
    "amount": "5211.492514"
   }
  ]
 },
 "agieth": {
  "pair": "agieth",
  "bids": [
   {
    "price": "0.00008856",
    "amount": "296"
   }
  ],
  "asks": [
   {
    "price": "0.0003129",
    "amount": "1998"
   }
  ]
 },
 "agiusd": {
  "pair": "agiusd",
  "bids": [
   {
    "price": "0.021634",
    "amount": "11111"
   }
  ],
  "asks": [
   {
    "price": "0.0279",
    "amount": "19281"
   }
  ]
 },
 "aidbtc": {
  "pair": "aidbtc",
  "bids": [
   {
    "price": "0.00000101",
    "amount": "2970.2970297"
   }
  ],
  "asks": [
   {
    "price": "0.00000126",
    "amount": "1778.32042639"
   }
  ]
 },
 "aideth": {
  "pair": "aideth",
  "bids": [
   {
    "price": "0.00003421",
    "amount": "4384.68284127"
   }
  ],
  "asks": [
   {
    "price": "0.0001099",
    "amount": "4995"
   }
  ]
 },
 "aidusd": {
  "pair": "aidusd",
  "bids": [
   {
    "price": "0.011",
    "amount": "25555.40288694"
   }
  ],
  "asks": [
   {
    "price": "0.014",
    "amount": "2500"
   }
  ]
 },
 "aiobtc": {
  "pair": "aiobtc",
  "bids": [
   {
    "price": "0.0000129",
    "amount": "2557.057364"
   }
  ],
  "asks": [
   {
    "price": "0.00001437",
    "amount": "162.7574097"
   }
  ]
 },
 "aioeth": {
  "pair": "aioeth",
  "bids": [
   {
    "price": "0.00042142",
    "amount": "2073.939568"
   }
  ],
  "asks": [
   {
    "price": "0.00054426",
    "amount": "237.28170084"
   }
  ]
 },
 "aiousd": {
  "pair": "aiousd",
  "bids": [
   {
    "price": "0.1304",
    "amount": "2664.45377458"
   }
  ],
  "asks": [
   {
    "price": "0.1475",
    "amount": "66.01688654"
   }
  ]
 },
 "algbtc": {
  "pair": "algbtc",
  "bids": [
   {
    "price": "0.0000359",
    "amount": "3447.19306"
   }
  ],
  "asks": [
   {
    "price": "0.00003634",
    "amount": "70.06894937"
   }
  ]
 },
 "algusd": {
  "pair": "algusd",
  "bids": [
   {
    "price": "0.36111",
    "amount": "60"
   }
  ],
  "asks": [
   {
    "price": "0.39073",
    "amount": "40.859335"
   }
  ]
 },
 "algust": {
  "pair": "algust",
  "bids": [
   {
    "price": "0.36714",
    "amount": "3300.12239"
   }
  ],
  "asks": [
   {
    "price": "0.3727",
    "amount": "3335.60312"
   }
  ]
 },
 "ampbtc": {
  "pair": "ampbtc",
  "bids": [
   {
    "price": "0.00010082",
    "amount": "88.8736"
   }
  ],
  "asks": [
   {
    "price": "0.00010155",
    "amount": "174.03223017"
   }
  ]
 },
 "ampusd": {
  "pair": "ampusd",
  "bids": [
   {
    "price": "1.0242",
    "amount": "121.89745589"
   }
  ],
  "asks": [
   {
    "price": "1.0329",
    "amount": "174.32786965"
   }
  ]
 },
 "ampust": {
  "pair": "ampust",
  "bids": [
   {
    "price": "1.0244",
    "amount": "88.91012572"
   }
  ],
  "asks": [
   {
    "price": "1.0394",
    "amount": "173.701632"
   }
  ]
 },
 "antbtc": {
  "pair": "antbtc",
  "bids": [
   {
    "price": "0.00007836",
    "amount": "1751"
   }
  ],
  "asks": [
   {
    "price": "0.00008034",
    "amount": "429"
   }
  ]
 },
 "anteth": {
  "pair": "anteth",
  "bids": [
   {
    "price": "0.0028448",
    "amount": "1823"
   }
  ],
  "asks": [
   {
    "price": "0.002931",
    "amount": "476"
   }
  ]
 },
 "antusd": {
  "pair": "antusd",
  "bids": [
   {
    "price": "0.80429",
    "amount": "102.65721482"
   }
  ],
  "asks": [
   {
    "price": "0.82817",
    "amount": "483"
   }
  ]
 },
 "asteth": {
  "pair": "asteth",
  "bids": [
   {
    "price": "0.0000969",
    "amount": "4434.77"
   }
  ],
  "asks": [
   {
    "price": "0.00024194",
    "amount": "7365.14086449"
   }
  ]
 },
 "astusd": {
  "pair": "astusd",
  "bids": [
   {
    "price": "0.018011",
    "amount": "23490.27090451"
   }
  ],
  "asks": [
   {
    "price": "0.03457",
    "amount": "999"
   }
  ]
 },
 "atmbtc": {
  "pair": "atmbtc",
  "bids": [
   {
    "price": "2e-8",
    "amount": "50000"
   }
  ],
  "asks": [
   {
    "price": "5e-8",
    "amount": "26370.72"
   }
  ]
 },
 "atmeth": {
  "pair": "atmeth",
  "bids": [
   {
    "price": "7e-7",
    "amount": "450000"
   }
  ],
  "asks": [
   {
    "price": "0.00000151",
    "amount": "82761.35245623"
   }
  ]
 },
 "atmusd": {
  "pair": "atmusd",
  "bids": [
   {
    "price": "0.0002622",
    "amount": "170000"
   }
  ],
  "asks": [
   {
    "price": "0.00034123",
    "amount": "43472.960975"
   }
  ]
 },
 "atobtc": {
  "pair": "atobtc",
  "bids": [
   {
    "price": "0.00048936",
    "amount": "59.61760455"
   }
  ],
  "asks": [
   {
    "price": "0.00049118",
    "amount": "54.96458897"
   }
  ]
 },
 "atoeth": {
  "pair": "atoeth",
  "bids": [
   {
    "price": "0.017753",
    "amount": "68.60339259"
   }
  ],
  "asks": [
   {
    "price": "0.017823",
    "amount": "54.96563535"
   }
  ]
 },
 "atousd": {
  "pair": "atousd",
  "bids": [
   {
    "price": "4.9983",
    "amount": "76.65654464"
   }
  ],
  "asks": [
   {
    "price": "5.0169",
    "amount": "54.96458832"
   }
  ]
 },
 "aucbtc": {
  "pair": "aucbtc",
  "bids": [
   {
    "price": "2.9e-7",
    "amount": "111111"
   }
  ],
  "asks": [
   {
    "price": "0.00000136",
    "amount": "10764.73241434"
   }
  ]
 },
 "auceth": {
  "pair": "auceth",
  "bids": [
   {
    "price": "0.00001519",
    "amount": "5000"
   }
  ],
  "asks": [
   {
    "price": "0.000035",
    "amount": "43229.080333"
   }
  ]
 },
 "aucusd": {
  "pair": "aucusd",
  "bids": [
   {
    "price": "0.0030015",
    "amount": "3219.33164058"
   }
  ],
  "asks": [
   {
    "price": "0.006042",
    "amount": "1406.592"
   }
  ]
 },
 "avtbtc": {
  "pair": "avtbtc",
  "bids": [
   {
    "price": "0.0000099",
    "amount": "404.04040404"
   }
  ],
  "asks": [
   {
    "price": "0.00001271",
    "amount": "1654.1842265"
   }
  ]
 },
 "avteth": {
  "pair": "avteth",
  "bids": [
   {
    "price": "0.00037348",
    "amount": "250"
   }
  ],
  "asks": [
   {
    "price": "0.00050058",
    "amount": "722.7"
   }
  ]
 },
 "avtusd": {
  "pair": "avtusd",
  "bids": [
   {
    "price": "0.1075",
    "amount": "999.688857"
   }
  ],
  "asks": [
   {
    "price": "0.119",
    "amount": "2599"
   }
  ]
 },
 "babbtc": {
  "pair": "babbtc",
  "bids": [
   {
    "price": "0.047456",
    "amount": "0.20350033"
   }
  ],
  "asks": [
   {
    "price": "0.047523",
    "amount": "1.04001422"
   }
  ]
 },
 "babusd": {
  "pair": "babusd",
  "bids": [
   {
    "price": "485.06",
    "amount": "13.35"
   }
  ],
  "asks": [
   {
    "price": "485.07",
    "amount": "4.68163887"
   }
  ]
 },
 "babust": {
  "pair": "babust",
  "bids": [
   {
    "price": "484.65",
    "amount": "0.10010683"
   }
  ],
  "asks": [
   {
    "price": "486.25",
    "amount": "2.13243166"
   }
  ]
 },
 "batbtc": {
  "pair": "batbtc",
  "bids": [
   {
    "price": "0.00003036",
    "amount": "548.71"
   }
  ],
  "asks": [
   {
    "price": "0.00003048",
    "amount": "1482.28881"
   }
  ]
 },
 "bateth": {
  "pair": "bateth",
  "bids": [
   {
    "price": "0.0010975",
    "amount": "2246.18178473"
   }
  ],
  "asks": [
   {
    "price": "0.0011028",
    "amount": "640.57095"
   }
  ]
 },
 "batusd": {
  "pair": "batusd",
  "bids": [
   {
    "price": "0.31034",
    "amount": "1200"
   }
  ],
  "asks": [
   {
    "price": "0.31206",
    "amount": "640.90239"
   }
  ]
 },
 "bftbtc": {
  "pair": "bftbtc",
  "bids": [
   {
    "price": "0.00000138",
    "amount": "2173.91304348"
   }
  ],
  "asks": [
   {
    "price": "0.00000177",
    "amount": "412.76"
   }
  ]
 },
 "bfteth": {
  "pair": "bfteth",
  "bids": [
   {
    "price": "0.00005041",
    "amount": "22222"
   }
  ],
  "asks": [
   {
    "price": "0.00009791",
    "amount": "18505.36532754"
   }
  ]
 },
 "bftusd": {
  "pair": "bftusd",
  "bids": [
   {
    "price": "0.015001",
    "amount": "5250"
   }
  ],
  "asks": [
   {
    "price": "0.019878",
    "amount": "7394.36532754"
   }
  ]
 },
 "bntbtc": {
  "pair": "bntbtc",
  "bids": [
   {
    "price": "0.000032",
    "amount": "33.145572"
   }
  ],
  "asks": [
   {
    "price": "0.00006379",
    "amount": "167.07192491"
   }
  ]
 },
 "bnteth": {
  "pair": "bnteth",
  "bids": [
   {
    "price": "0.0003032",
    "amount": "4452.5065963"
   }
  ],
  "asks": [
   {
    "price": "0.0025899",
    "amount": "23.83614345"
   }
  ]
 },
 "bntusd": {
  "pair": "bntusd",
  "bids": [
   {
    "price": "0.25044",
    "amount": "119.78916628"
   }
  ],
  "asks": [
   {
    "price": "0.47357",
    "amount": "96.86305116"
   }
  ]
 },
 "boxeth": {
  "pair": "boxeth",
  "bids": [
   {
    "price": "0.000017",
    "amount": "63016.7582673"
   }
  ],
  "asks": [
   {
    "price": "0.00002749",
    "amount": "1788.33677563"
   }
  ]
 },
 "boxusd": {
  "pair": "boxusd",
  "bids": [
   {
    "price": "0.0036318",
    "amount": "84660.62001316"
   }
  ],
  "asks": [
   {
    "price": "0.0081859",
    "amount": "5640.81784011"
   }
  ]
 },
 "bsvbtc": {
  "pair": "bsvbtc",
  "bids": [
   {
    "price": "0.034564",
    "amount": "2.82238258"
   }
  ],
  "asks": [
   {
    "price": "0.034599",
    "amount": "0.84869708"
   }
  ]
 },
 "bsvusd": {
  "pair": "bsvusd",
  "bids": [
   {
    "price": "353.1",
    "amount": "3.64339324"
   }
  ],
  "asks": [
   {
    "price": "353.43",
    "amount": "0.06145153"
   }
  ]
 },
 "btceur": {
  "pair": "btceur",
  "bids": [
   {
    "price": "9451.7",
    "amount": "0.02140057"
   }
  ],
  "asks": [
   {
    "price": "9452.5",
    "amount": "0.00681874"
   }
  ]
 },
 "btcgbp": {
  "pair": "btcgbp",
  "bids": [
   {
    "price": "7846.1",
    "amount": "0.01796372"
   }
  ],
  "asks": [
   {
    "price": "7847",
    "amount": "5.70065635"
   }
  ]
 },
 "btcjpy": {
  "pair": "btcjpy",
  "bids": [
   {
    "price": "1123900",
    "amount": "0.02140057"
   }
  ],
  "asks": [
   {
    "price": "1124000",
    "amount": "0.24274804"
   }
  ]
 },
 "btcusd": {
  "pair": "btcusd",
  "bids": [
   {
    "price": "10239",
    "amount": "0.02918992"
   }
  ],
  "asks": [
   {
    "price": "10240",
    "amount": "12.41815766"
   }
  ]
 },
 "btcust": {
  "pair": "btcust",
  "bids": [
   {
    "price": "10230",
    "amount": "0.80368434"
   }
  ],
  "asks": [
   {
    "price": "10238",
    "amount": "0.1"
   }
  ]
 },
 "btcxch": {
  "pair": "btcxch",
  "bids": [
   {
    "price": "9953.9",
    "amount": "0.08968"
   }
  ],
  "asks": [
   {
    "price": "10076",
    "amount": "0.001"
   }
  ]
 },
 "btgbtc": {
  "pair": "btgbtc",
  "bids": [
   {
    "price": "0.0012556",
    "amount": "7.78424676"
   }
  ],
  "asks": [
   {
    "price": "0.0012671",
    "amount": "15.4018"
   }
  ]
 },
 "btgusd": {
  "pair": "btgusd",
  "bids": [
   {
    "price": "12.891",
    "amount": "13.20668423"
   }
  ],
  "asks": [
   {
    "price": "12.941",
    "amount": "15.45475"
   }
  ]
 },
 "bttbtc": {
  "pair": "bttbtc",
  "bids": [
   {
    "price": "5e-8",
    "amount": "8397970.9689294"
   }
  ],
  "asks": [
   {
    "price": "6e-8",
    "amount": "4854782.59707"
   }
  ]
 },
 "bttusd": {
  "pair": "bttusd",
  "bids": [
   {
    "price": "0.00055049",
    "amount": "154461.48184137"
   }
  ],
  "asks": [
   {
    "price": "0.00060315",
    "amount": "881924.23442364"
   }
  ]
 },
 "cbtbtc": {
  "pair": "cbtbtc",
  "bids": [
   {
    "price": "9.6e-7",
    "amount": "7291.66666667"
   }
  ],
  "asks": [
   {
    "price": "0.00000406",
    "amount": "200"
   }
  ]
 },
 "cbteth": {
  "pair": "cbteth",
  "bids": [
   {
    "price": "0.00004425",
    "amount": "500"
   }
  ],
  "asks": [
   {
    "price": "0.00016604",
    "amount": "1313.30527988"
   }
  ]
 },
 "cbtusd": {
  "pair": "cbtusd",
  "bids": [
   {
    "price": "0.0115",
    "amount": "1400"
   }
  ],
  "asks": [
   {
    "price": "0.04",
    "amount": "1047.975806"
   }
  ]
 },
 "chzusd": {
  "pair": "chzusd",
  "bids": [
   {
    "price": "0.011",
    "amount": "1300"
   }
  ],
  "asks": [
   {
    "price": "0.027",
    "amount": "5249.94666"
   }
  ]
 },
 "chzust": {
  "pair": "chzust",
  "bids": [
   {
    "price": "0.000524",
    "amount": "52942.968"
   }
  ],
  "asks": [
   {
    "price": "0.025999",
    "amount": "52964.39"
   }
  ]
 },
 "clobtc": {
  "pair": "clobtc",
  "bids": [
   {
    "price": "1.3e-7",
    "amount": "225178.000001"
   }
  ],
  "asks": [
   {
    "price": "1.4e-7",
    "amount": "8427.39696856"
   }
  ]
 },
 "clousd": {
  "pair": "clousd",
  "bids": [
   {
    "price": "0.001246",
    "amount": "71634.44804713"
   }
  ],
  "asks": [
   {
    "price": "0.001745",
    "amount": "167491.49131376"
   }
  ]
 },
 "cndbtc": {
  "pair": "cndbtc",
  "bids": [
   {
    "price": "7.7e-7",
    "amount": "9279.605238"
   }
  ],
  "asks": [
   {
    "price": "0.00000246",
    "amount": "2591.56265186"
   }
  ]
 },
 "cndeth": {
  "pair": "cndeth",
  "bids": [
   {
    "price": "0.00003",
    "amount": "1765.2523375"
   }
  ],
  "asks": [
   {
    "price": "0.00005844",
    "amount": "10582.16557758"
   }
  ]
 },
 "cndusd": {
  "pair": "cndusd",
  "bids": [
   {
    "price": "0.008226",
    "amount": "7646.96857893"
   }
  ],
  "asks": [
   {
    "price": "0.009998",
    "amount": "13373.8921103"
   }
  ]
 },
 "cnneth": {
  "pair": "cnneth",
  "bids": [
   {
    "price": "3.4e-7",
    "amount": "2382832.95558315"
   }
  ],
  "asks": [
   {
    "price": "3.6e-7",
    "amount": "1427567.68982368"
   }
  ]
 },
 "cnnusd": {
  "pair": "cnnusd",
  "bids": [
   {
    "price": "0.0001",
    "amount": "100000"
   }
  ],
  "asks": [
   {
    "price": "0.00012367",
    "amount": "256861.2513094"
   }
  ]
 },
 "csxeth": {
  "pair": "csxeth",
  "bids": [
   {
    "price": "0.00014311",
    "amount": "1257.77374048"
   }
  ],
  "asks": [
   {
    "price": "0.00054979",
    "amount": "174.21114411"
   }
  ]
 },
 "csxusd": {
  "pair": "csxusd",
  "bids": [
   {
    "price": "0.057",
    "amount": "1039.309756"
   }
  ],
  "asks": [
   {
    "price": "0.089999",
    "amount": "385.08163545"
   }
  ]
 },
 "ctxbtc": {
  "pair": "ctxbtc",
  "bids": [
   {
    "price": "0.0000117",
    "amount": "423.72881356"
   }
  ],
  "asks": [
   {
    "price": "0.00003311",
    "amount": "102.66024277"
   }
  ]
 },
 "ctxeth": {
  "pair": "ctxeth",
  "bids": [
   {
    "price": "0.00042308",
    "amount": "234.40063757"
   }
  ],
  "asks": [
   {
    "price": "0.00099997",
    "amount": "57.36791979"
   }
  ]
 },
 "ctxusd": {
  "pair": "ctxusd",
  "bids": [
   {
    "price": "0.04445",
    "amount": "584.5420622"
   }
  ],
  "asks": [
   {
    "price": "0.16439",
    "amount": "361.93971365"
   }
  ]
 },
 "dadbtc": {
  "pair": "dadbtc",
  "bids": [
   {
    "price": "0.00000201",
    "amount": "3482.58706467"
   }
  ],
  "asks": [
   {
    "price": "0.00000636",
    "amount": "5239.49058545"
   }
  ]
 },
 "dadeth": {
  "pair": "dadeth",
  "bids": [
   {
    "price": "0.0000571",
    "amount": "23642.732049"
   }
  ],
  "asks": [
   {
    "price": "0.00029999",
    "amount": "104.46376053"
   }
  ]
 },
 "dadusd": {
  "pair": "dadusd",
  "bids": [
   {
    "price": "0.03239",
    "amount": "403"
   }
  ],
  "asks": [
   {
    "price": "0.0395",
    "amount": "2797.5646"
   }
  ]
 },
 "daibtc": {
  "pair": "daibtc",
  "bids": [
   {
    "price": "0.00009661",
    "amount": "651.82539633"
   }
  ],
  "asks": [
   {
    "price": "0.00009757",
    "amount": "518.7969558"
   }
  ]
 },
 "daieth": {
  "pair": "daieth",
  "bids": [
   {
    "price": "0.0035063",
    "amount": "1555.77826086"
   }
  ],
  "asks": [
   {
    "price": "0.0036669",
    "amount": "1578.49960637"
   }
  ]
 },
 "daiusd": {
  "pair": "daiusd",
  "bids": [
   {
    "price": "0.99851",
    "amount": "32.27050144"
   }
  ],
  "asks": [
   {
    "price": "0.99987",
    "amount": "1037.20049562"
   }
  ]
 },
 "datbtc": {
  "pair": "datbtc",
  "bids": [
   {
    "price": "0.00000197",
    "amount": "8000"
   }
  ],
  "asks": [
   {
    "price": "0.00000202",
    "amount": "4846.20553722"
   }
  ]
 },
 "dateth": {
  "pair": "dateth",
  "bids": [
   {
    "price": "0.00007143",
    "amount": "8000"
   }
  ],
  "asks": [
   {
    "price": "0.0000728",
    "amount": "7631.76805001"
   }
  ]
 },
 "datusd": {
  "pair": "datusd",
  "bids": [
   {
    "price": "0.020234",
    "amount": "19228.89369"
   }
  ],
  "asks": [
   {
    "price": "0.021169",
    "amount": "2871.92546966"
   }
  ]
 },
 "dgbbtc": {
  "pair": "dgbbtc",
  "bids": [
   {
    "price": "8e-7",
    "amount": "31026.26606834"
   }
  ],
  "asks": [
   {
    "price": "8.2e-7",
    "amount": "34587.74131579"
   }
  ]
 },
 "dgbusd": {
  "pair": "dgbusd",
  "bids": [
   {
    "price": "0.0079405",
    "amount": "49115.2950066"
   }
  ],
  "asks": [
   {
    "price": "0.0093984",
    "amount": "1024.59007039"
   }
  ]
 },
 "dgxeth": {
  "pair": "dgxeth",
  "bids": [
   {
    "price": "0.1632",
    "amount": "1.10294111"
   }
  ],
  "asks": [
   {
    "price": "0.18183",
    "amount": "5"
   }
  ]
 },
 "dgxusd": {
  "pair": "dgxusd",
  "bids": [
   {
    "price": "46.411",
    "amount": "2.02169243"
   }
  ],
  "asks": [
   {
    "price": "49.795",
    "amount": "3"
   }
  ]
 },
 "drneth": {
  "pair": "drneth",
  "bids": [
   {
    "price": "0.00012811",
    "amount": "1405.04254157"
   }
  ],
  "asks": [
   {
    "price": "0.0002591",
    "amount": "200"
   }
  ]
 },
 "drnusd": {
  "pair": "drnusd",
  "bids": [
   {
    "price": "0.0301",
    "amount": "2686.67740974"
   }
  ],
  "asks": [
   {
    "price": "0.0499",
    "amount": "143991.65188836"
   }
  ]
 },
 "dshbtc": {
  "pair": "dshbtc",
  "bids": [
   {
    "price": "0.012771",
    "amount": "7.82473884"
   }
  ],
  "asks": [
   {
    "price": "0.012789",
    "amount": "0.60198099"
   }
  ]
 },
 "dshusd": {
  "pair": "dshusd",
  "bids": [
   {
    "price": "130.75",
    "amount": "5"
   }
  ],
  "asks": [
   {
    "price": "130.92",
    "amount": "0.19210515"
   }
  ]
 },
 "dtabtc": {
  "pair": "dtabtc",
  "bids": [
   {
    "price": "3e-8",
    "amount": "1433333"
   }
  ],
  "asks": [
   {
    "price": "5e-8",
    "amount": "444067.68014365"
   }
  ]
 },
 "dtaeth": {
  "pair": "dtaeth",
  "bids": [
   {
    "price": "0.00000105",
    "amount": "999999"
   }
  ],
  "asks": [
   {
    "price": "0.0000065",
    "amount": "226473.341067"
   }
  ]
 },
 "dtausd": {
  "pair": "dtausd",
  "bids": [
   {
    "price": "0.00036014",
    "amount": "777777"
   }
  ],
  "asks": [
   {
    "price": "0.00049876",
    "amount": "225105.383171"
   }
  ]
 },
 "dthbtc": {
  "pair": "dthbtc",
  "bids": [
   {
    "price": "1.6e-7",
    "amount": "149104.11209635"
   }
  ],
  "asks": [
   {
    "price": "3.1e-7",
    "amount": "61.77371923"
   }
  ]
 },
 "dtheth": {
  "pair": "dtheth",
  "bids": [
   {
    "price": "0.0000105",
    "amount": "3205.56107212"
   }
  ],
  "asks": [
   {
    "price": "0.00001748",
    "amount": "9669.37566908"
   }
  ]
 },
 "dthusd": {
  "pair": "dthusd",
  "bids": [
   {
    "price": "0.0027",
    "amount": "20370.29492483"
   }
  ],
  "asks": [
   {
    "price": "0.003",
    "amount": "29931.2682805"
   }
  ]
 },
 "dtxusd": {
  "pair": "dtxusd",
  "bids": [
   {
    "price": "2.4307",
    "amount": "442.03697312"
   }
  ],
  "asks": [
   {
    "price": "2.4551",
    "amount": "442.03697312"
   }
  ]
 },
 "dtxust": {
  "pair": "dtxust",
  "bids": [
   {
    "price": "2.4318",
    "amount": "110.55842489"
   }
  ],
  "asks": [
   {
    "price": "2.4572",
    "amount": "110.58470642"
   }
  ]
 },
 "edobtc": {
  "pair": "edobtc",
  "bids": [
   {
    "price": "0.00002565",
    "amount": "1348.52778554"
   }
  ],
  "asks": [
   {
    "price": "0.00002623",
    "amount": "50000"
   }
  ]
 },
 "edoeth": {
  "pair": "edoeth",
  "bids": [
   {
    "price": "0.00092331",
    "amount": "442"
   }
  ],
  "asks": [
   {
    "price": "0.000999",
    "amount": "158.10274261"
   }
  ]
 },
 "edousd": {
  "pair": "edousd",
  "bids": [
   {
    "price": "0.26341",
    "amount": "655.18360231"
   }
  ],
  "asks": [
   {
    "price": "0.26431",
    "amount": "44.71618507"
   }
  ]
 },
 "elfbtc": {
  "pair": "elfbtc",
  "bids": [
   {
    "price": "0.0000145",
    "amount": "1364.25648022"
   }
  ],
  "asks": [
   {
    "price": "0.00001493",
    "amount": "1354.09614083"
   }
  ]
 },
 "elfeth": {
  "pair": "elfeth",
  "bids": [
   {
    "price": "0.00052104",
    "amount": "375.93984962"
   }
  ],
  "asks": [
   {
    "price": "0.00054629",
    "amount": "381.41007304"
   }
  ]
 },
 "elfusd": {
  "pair": "elfusd",
  "bids": [
   {
    "price": "0.14836",
    "amount": "439.08987856"
   }
  ],
  "asks": [
   {
    "price": "0.14933",
    "amount": "82.9404581"
   }
  ]
 },
 "enjeth": {
  "pair": "enjeth",
  "bids": [
   {
    "price": "0.00048503",
    "amount": "2149.34384453"
   }
  ],
  "asks": [
   {
    "price": "0.00082",
    "amount": "1247.225416"
   }
  ]
 },
 "enjusd": {
  "pair": "enjusd",
  "bids": [
   {
    "price": "0.13197",
    "amount": "1762.9665599"
   }
  ],
  "asks": [
   {
    "price": "0.15858",
    "amount": "199.7999852"
   }
  ]
 },
 "eosbtc": {
  "pair": "eosbtc",
  "bids": [
   {
    "price": "0.00051341",
    "amount": "14.82063854"
   }
  ],
  "asks": [
   {
    "price": "0.0005137",
    "amount": "647.4"
   }
  ]
 },
 "eoseth": {
  "pair": "eoseth",
  "bids": [
   {
    "price": "0.018551",
    "amount": "16.22691303"
   }
  ],
  "asks": [
   {
    "price": "0.018582",
    "amount": "13.91362542"
   }
  ]
 },
 "eoseur": {
  "pair": "eoseur",
  "bids": [
   {
    "price": "4.8548",
    "amount": "23.81446572"
   }
  ],
  "asks": [
   {
    "price": "4.8549",
    "amount": "2500"
   }
  ]
 },
 "eosgbp": {
  "pair": "eosgbp",
  "bids": [
   {
    "price": "4.0301",
    "amount": "23.81446572"
   }
  ],
  "asks": [
   {
    "price": "4.0302",
    "amount": "300"
   }
  ]
 },
 "eosjpy": {
  "pair": "eosjpy",
  "bids": [
   {
    "price": "577.3",
    "amount": "23.81446572"
   }
  ],
  "asks": [
   {
    "price": "577.31",
    "amount": "2500"
   }
  ]
 },
 "eosusd": {
  "pair": "eosusd",
  "bids": [
   {
    "price": "5.2582",
    "amount": "19.02970694"
   }
  ],
  "asks": [
   {
    "price": "5.2592",
    "amount": "300"
   }
  ]
 },
 "eosust": {
  "pair": "eosust",
  "bids": [
   {
    "price": "5.2531",
    "amount": "102.89898636"
   }
  ],
  "asks": [
   {
    "price": "5.2589",
    "amount": "194.70676676"
   }
  ]
 },
 "essbtc": {
  "pair": "essbtc",
  "bids": [
   {
    "price": "3e-8",
    "amount": "117854.53625474"
   }
  ],
  "asks": [
   {
    "price": "7e-8",
    "amount": "117518.091545"
   }
  ]
 },
 "esseth": {
  "pair": "esseth",
  "bids": [
   {
    "price": "0.0000017",
    "amount": "80000"
   }
  ],
  "asks": [
   {
    "price": "0.00000448",
    "amount": "78950.4803077"
   }
  ]
 },
 "essusd": {
  "pair": "essusd",
  "bids": [
   {
    "price": "0.00035043",
    "amount": "111111"
   }
  ],
  "asks": [
   {
    "price": "0.00065",
    "amount": "10000"
   }
  ]
 },
 "etcbtc": {
  "pair": "etcbtc",
  "bids": [
   {
    "price": "0.0011561",
    "amount": "9.71341635"
   }
  ],
  "asks": [
   {
    "price": "0.0011566",
    "amount": "40.96112156"
   }
  ]
 },
 "etcusd": {
  "pair": "etcusd",
  "bids": [
   {
    "price": "11.836",
    "amount": "29.6"
   }
  ],
  "asks": [
   {
    "price": "11.844",
    "amount": "14.38275913"
   }
  ]
 },
 "ethbtc": {
  "pair": "ethbtc",
  "bids": [
   {
    "price": "0.02765",
    "amount": "24.4848282"
   }
  ],
  "asks": [
   {
    "price": "0.027651",
    "amount": "16.14115825"
   }
  ]
 },
 "etheur": {
  "pair": "etheur",
  "bids": [
   {
    "price": "261.59",
    "amount": "17.42955943"
   }
  ],
  "asks": [
   {
    "price": "261.6",
    "amount": "16"
   }
  ]
 },
 "ethgbp": {
  "pair": "ethgbp",
  "bids": [
   {
    "price": "217.15",
    "amount": "17.42955943"
   }
  ],
  "asks": [
   {
    "price": "217.17",
    "amount": "74.23695403"
   }
  ]
 },
 "ethjpy": {
  "pair": "ethjpy",
  "bids": [
   {
    "price": "31107",
    "amount": "17.42955943"
   }
  ],
  "asks": [
   {
    "price": "31109",
    "amount": "53.59018826"
   }
  ]
 },
 "ethusd": {
  "pair": "ethusd",
  "bids": [
   {
    "price": "283.02",
    "amount": "126.04623207"
   }
  ],
  "asks": [
   {
    "price": "283.15",
    "amount": "0.09805507"
   }
  ]
 },
 "ethust": {
  "pair": "ethust",
  "bids": [
   {
    "price": "281.77",
    "amount": "7.12883774"
   }
  ],
  "asks": [
   {
    "price": "281.99",
    "amount": "0.26179838"
   }
  ]
 },
 "etpbtc": {
  "pair": "etpbtc",
  "bids": [
   {
    "price": "0.00003098",
    "amount": "4.04153674"
   }
  ],
  "asks": [
   {
    "price": "0.00003109",
    "amount": "10000"
   }
  ]
 },
 "etpeth": {
  "pair": "etpeth",
  "bids": [
   {
    "price": "0.001112",
    "amount": "67.22977133"
   }
  ],
  "asks": [
   {
    "price": "0.0013541",
    "amount": "10000"
   }
  ]
 },
 "etpusd": {
  "pair": "etpusd",
  "bids": [
   {
    "price": "0.31651",
    "amount": "171.699423"
   }
  ],
  "asks": [
   {
    "price": "0.31749",
    "amount": "9562.790029"
   }
  ]
 },
 "euseth": {
  "pair": "euseth",
  "bids": [
   {
    "price": "0.0034654",
    "amount": "69.17542888"
   }
  ],
  "asks": [
   {
    "price": "0.0042348",
    "amount": "69.17542888"
   }
  ]
 },
 "eususd": {
  "pair": "eususd",
  "bids": [
   {
    "price": "0.97579",
    "amount": "345.87714443"
   }
  ],
  "asks": [
   {
    "price": "1.12",
    "amount": "100"
   }
  ]
 },
 "euteur": {
  "pair": "euteur",
  "bids": [
   {
    "price": "0.99253",
    "amount": "7548.13994634"
   }
  ],
  "asks": [
   {
    "price": "1.0064",
    "amount": "400"
   }
  ]
 },
 "eutusd": {
  "pair": "eutusd",
  "bids": [
   {
    "price": "1.075",
    "amount": "7548.13994634"
   }
  ],
  "asks": [
   {
    "price": "1.09",
    "amount": "400"
   }
  ]
 },
 "foaeth": {
  "pair": "foaeth",
  "bids": [
   {
    "price": "0.000055",
    "amount": "1000"
   }
  ],
  "asks": [
   {
    "price": "0.00016",
    "amount": "1111.78474976"
   }
  ]
 },
 "foausd": {
  "pair": "foausd",
  "bids": [
   {
    "price": "0.014",
    "amount": "60935.130462"
   }
  ],
  "asks": [
   {
    "price": "0.035817",
    "amount": "1315.257946"
   }
  ]
 },
 "fsnbtc": {
  "pair": "fsnbtc",
  "bids": [
   {
    "price": "0.000018",
    "amount": "165.719444"
   }
  ],
  "asks": [
   {
    "price": "0.00003136",
    "amount": "1867.20604855"
   }
  ]
 },
 "fsneth": {
  "pair": "fsneth",
  "bids": [
   {
    "price": "0.00079464",
    "amount": "37.5477201"
   }
  ],
  "asks": [
   {
    "price": "0.0016821",
    "amount": "135.66441296"
   }
  ]
 },
 "fsnusd": {
  "pair": "fsnusd",
  "bids": [
   {
    "price": "0.17519",
    "amount": "2222"
   }
  ],
  "asks": [
   {
    "price": "0.27792",
    "amount": "666"
   }
  ]
 },
 "fttusd": {
  "pair": "fttusd",
  "bids": [
   {
    "price": "2.0224",
    "amount": "148.33860759"
   }
  ],
  "asks": [
   {
    "price": "2.5648",
    "amount": "11721.5299394"
   }
  ]
 },
 "fttust": {
  "pair": "fttust",
  "bids": [
   {
    "price": "2.5608",
    "amount": "3.34863436"
   }
  ],
  "asks": [
   {
    "price": "2.5616",
    "amount": "8600.74535917"
   }
  ]
 },
 "funbtc": {
  "pair": "funbtc",
  "bids": [
   {
    "price": "5.6e-7",
    "amount": "51850.77"
   }
  ],
  "asks": [
   {
    "price": "6e-7",
    "amount": "52264.018358"
   }
  ]
 },
 "funeth": {
  "pair": "funeth",
  "bids": [
   {
    "price": "0.00002024",
    "amount": "100000"
   }
  ],
  "asks": [
   {
    "price": "0.00002195",
    "amount": "39352.4397883"
   }
  ]
 },
 "funusd": {
  "pair": "funusd",
  "bids": [
   {
    "price": "0.0057",
    "amount": "29398.10918465"
   }
  ],
  "asks": [
   {
    "price": "0.0059",
    "amount": "245097.98671948"
   }
  ]
 },
 "geneth": {
  "pair": "geneth",
  "bids": [
   {
    "price": "0.00038",
    "amount": "16457.3945263"
   }
  ],
  "asks": [
   {
    "price": "0.0009",
    "amount": "69.93"
   }
  ]
 },
 "genusd": {
  "pair": "genusd",
  "bids": [
   {
    "price": "0.081",
    "amount": "2305"
   }
  ],
  "asks": [
   {
    "price": "0.13",
    "amount": "380.886789"
   }
  ]
 },
 "gnoeth": {
  "pair": "gnoeth",
  "bids": [
   {
    "price": "0.073877",
    "amount": "6.99674172"
   }
  ],
  "asks": [
   {
    "price": "0.074176",
    "amount": "0.42160875"
   }
  ]
 },
 "gnousd": {
  "pair": "gnousd",
  "bids": [
   {
    "price": "20.807",
    "amount": "9.15149625"
   }
  ],
  "asks": [
   {
    "price": "20.974",
    "amount": "9.47120736"
   }
  ]
 },
 "gntbtc": {
  "pair": "gntbtc",
  "bids": [
   {
    "price": "0.00000838",
    "amount": "13983.03019385"
   }
  ],
  "asks": [
   {
    "price": "0.00000856",
    "amount": "2358.49056604"
   }
  ]
 },
 "gnteth": {
  "pair": "gnteth",
  "bids": [
   {
    "price": "0.00029421",
    "amount": "11772.936"
   }
  ],
  "asks": [
   {
    "price": "0.00033968",
    "amount": "13701.312"
   }
  ]
 },
 "gntusd": {
  "pair": "gntusd",
  "bids": [
   {
    "price": "0.083094",
    "amount": "1444.19814863"
   }
  ],
  "asks": [
   {
    "price": "0.0905",
    "amount": "200"
   }
  ]
 },
 "goteth": {
  "pair": "goteth",
  "bids": [
   {
    "price": "0.000013",
    "amount": "500"
   }
  ],
  "asks": [
   {
    "price": "0.0018599",
    "amount": "53.97994757"
   }
  ]
 },
 "goteur": {
  "pair": "goteur",
  "bids": [
   {
    "price": "0.10433",
    "amount": "300"
   }
  ],
  "asks": [
   {
    "price": "0.11419",
    "amount": "750"
   }
  ]
 },
 "gotusd": {
  "pair": "gotusd",
  "bids": [
   {
    "price": "0.113",
    "amount": "300"
   }
  ],
  "asks": [
   {
    "price": "0.12368",
    "amount": "756.67601038"
   }
  ]
 },
 "gsdusd": {
  "pair": "gsdusd",
  "bids": [
   {
    "price": "0.985",
    "amount": "206"
   }
  ],
  "asks": [
   {
    "price": "1.0049",
    "amount": "105.68421"
   }
  ]
 },
 "gtxusd": {
  "pair": "gtxusd",
  "bids": [
   {
    "price": "0.2",
    "amount": "10000"
   }
  ],
  "asks": [
   {
    "price": "1",
    "amount": "5000"
   }
  ]
 },
 "gtxust": {
  "pair": "gtxust",
  "bids": [
   {
    "price": "0.2",
    "amount": "5000"
   }
  ],
  "asks": [
   {
    "price": "1",
    "amount": "5000"
   }
  ]
 },
 "hotbtc": {
  "pair": "hotbtc",
  "bids": [
   {
    "price": "3.3e-7",
    "amount": "27272.72727273"
   }
  ],
  "asks": [
   {
    "price": "5e-7",
    "amount": "12987"
   }
  ]
 },
 "hoteth": {
  "pair": "hoteth",
  "bids": [
   {
    "price": "0.0000098",
    "amount": "137755.1020408"
   }
  ],
  "asks": [
   {
    "price": "0.000023",
    "amount": "6344.95718416"
   }
  ]
 },
 "hotusd": {
  "pair": "hotusd",
  "bids": [
   {
    "price": "0.00347",
    "amount": "238237.9599225"
   }
  ],
  "asks": [
   {
    "price": "0.0046",
    "amount": "260750.729519"
   }
  ]
 },
 "impeth": {
  "pair": "impeth",
  "bids": [
   {
    "price": "0.0000162",
    "amount": "5000"
   }
  ],
  "asks": [
   {
    "price": "0.00003341",
    "amount": "29844.7315078"
   }
  ]
 },
 "impusd": {
  "pair": "impusd",
  "bids": [
   {
    "price": "0.0024",
    "amount": "9630"
   }
  ],
  "asks": [
   {
    "price": "0.0066",
    "amount": "10252"
   }
  ]
 },
 "inteth": {
  "pair": "inteth",
  "bids": [
   {
    "price": "0.0000751",
    "amount": "6637.816245"
   }
  ],
  "asks": [
   {
    "price": "0.0001398",
    "amount": "3000"
   }
  ]
 },
 "intusd": {
  "pair": "intusd",
  "bids": [
   {
    "price": "0.016001",
    "amount": "2718.6269991"
   }
  ],
  "asks": [
   {
    "price": "0.032399",
    "amount": "3465.19999999"
   }
  ]
 },
 "iosbtc": {
  "pair": "iosbtc",
  "bids": [
   {
    "price": "7.9e-7",
    "amount": "24829.29857232"
   }
  ],
  "asks": [
   {
    "price": "8.1e-7",
    "amount": "932.25396343"
   }
  ]
 },
 "ioseth": {
  "pair": "ioseth",
  "bids": [
   {
    "price": "0.00002879",
    "amount": "6887.0523416"
   }
  ],
  "asks": [
   {
    "price": "0.00003081",
    "amount": "6868.13186813"
   }
  ]
 },
 "iosusd": {
  "pair": "iosusd",
  "bids": [
   {
    "price": "0.0059966",
    "amount": "29149.8386674"
   }
  ],
  "asks": [
   {
    "price": "0.0097646",
    "amount": "1284.91739919"
   }
  ]
 },
 "iotbtc": {
  "pair": "iotbtc",
  "bids": [
   {
    "price": "0.00003084",
    "amount": "260.23060114"
   }
  ],
  "asks": [
   {
    "price": "0.00003086",
    "amount": "62.60316809"
   }
  ]
 },
 "ioteth": {
  "pair": "ioteth",
  "bids": [
   {
    "price": "0.0011158",
    "amount": "203.28517355"
   }
  ],
  "asks": [
   {
    "price": "0.0011199",
    "amount": "2866"
   }
  ]
 },
 "ioteur": {
  "pair": "ioteur",
  "bids": [
   {
    "price": "0.29177",
    "amount": "9117.5759"
   }
  ],
  "asks": [
   {
    "price": "0.29242",
    "amount": "4009"
   }
  ]
 },
 "iotgbp": {
  "pair": "iotgbp",
  "bids": [
   {
    "price": "0.24221",
    "amount": "9117.5759"
   }
  ],
  "asks": [
   {
    "price": "0.24274",
    "amount": "4009"
   }
  ]
 },
 "iotjpy": {
  "pair": "iotjpy",
  "bids": [
   {
    "price": "34.696",
    "amount": "9117.5759"
   }
  ],
  "asks": [
   {
    "price": "34.771",
    "amount": "4009"
   }
  ]
 },
 "iotusd": {
  "pair": "iotusd",
  "bids": [
   {
    "price": "0.31602",
    "amount": "1766.5759"
   }
  ],
  "asks": [
   {
    "price": "0.31671",
    "amount": "4009"
   }
  ]
 },
 "iqxbtc": {
  "pair": "iqxbtc",
  "bids": [
   {
    "price": "1.1e-7",
    "amount": "223206.25309652"
   }
  ],
  "asks": [
   {
    "price": "1.3e-7",
    "amount": "158738.45277387"
   }
  ]
 },
 "iqxeos": {
  "pair": "iqxeos",
  "bids": [
   {
    "price": "0.00019819",
    "amount": "100000"
   }
  ],
  "asks": [
   {
    "price": "0.00022754",
    "amount": "16818.23800912"
   }
  ]
 },
 "iqxusd": {
  "pair": "iqxusd",
  "bids": [
   {
    "price": "0.0011241",
    "amount": "18397.0237984"
   }
  ],
  "asks": [
   {
    "price": "0.0012004",
    "amount": "4657.04175973"
   }
  ]
 },
 "kanusd": {
  "pair": "kanusd",
  "bids": [
   {
    "price": "0.0025119",
    "amount": "512605.0540023"
   }
  ],
  "asks": [
   {
    "price": "0.002512",
    "amount": "0.0002727"
   }
  ]
 },
 "kanust": {
  "pair": "kanust",
  "bids": [
   {
    "price": "0.003232",
    "amount": "7210"
   }
  ],
  "asks": [
   {
    "price": "0.003233",
    "amount": "594"
   }
  ]
 },
 "kncbtc": {
  "pair": "kncbtc",
  "bids": [
   {
    "price": "0.00004665",
    "amount": "548.79784433"
   }
  ],
  "asks": [
   {
    "price": "0.00004805",
    "amount": "417.77"
   }
  ]
 },
 "knceth": {
  "pair": "knceth",
  "bids": [
   {
    "price": "0.0017076",
    "amount": "230.77"
   }
  ],
  "asks": [
   {
    "price": "0.0020344",
    "amount": "412.48058171"
   }
  ]
 },
 "kncusd": {
  "pair": "kncusd",
  "bids": [
   {
    "price": "0.46938",
    "amount": "639.1409945"
   }
  ],
  "asks": [
   {
    "price": "0.499",
    "amount": "85"
   }
  ]
 },
 "leobtc": {
  "pair": "leobtc",
  "bids": [
   {
    "price": "0.00009606",
    "amount": "265.50764572"
   }
  ],
  "asks": [
   {
    "price": "0.00009698",
    "amount": "2188.92979969"
   }
  ]
 },
 "leoeos": {
  "pair": "leoeos",
  "bids": [
   {
    "price": "0.10001",
    "amount": "6.999"
   }
  ],
  "asks": [
   {
    "price": "0.38982",
    "amount": "1982"
   }
  ]
 },
 "leoeth": {
  "pair": "leoeth",
  "bids": [
   {
    "price": "0.0034619",
    "amount": "389.9592709"
   }
  ],
  "asks": [
   {
    "price": "0.0036458",
    "amount": "37.65919167"
   }
  ]
 },
 "leousd": {
  "pair": "leousd",
  "bids": [
   {
    "price": "0.98661",
    "amount": "1694"
   }
  ],
  "asks": [
   {
    "price": "0.98729",
    "amount": "921.31695457"
   }
  ]
 },
 "leoust": {
  "pair": "leoust",
  "bids": [
   {
    "price": "0.98342",
    "amount": "5471.95834509"
   }
  ],
  "asks": [
   {
    "price": "0.98716",
    "amount": "39.61452822"
   }
  ]
 },
 "looeth": {
  "pair": "looeth",
  "bids": [
   {
    "price": "0.00004",
    "amount": "250"
   }
  ],
  "asks": [
   {
    "price": "0.00024",
    "amount": "2047.67644"
   }
  ]
 },
 "loousd": {
  "pair": "loousd",
  "bids": [
   {
    "price": "0.013",
    "amount": "1000"
   }
  ],
  "asks": [
   {
    "price": "0.064999",
    "amount": "200"
   }
  ]
 },
 "lrcbtc": {
  "pair": "lrcbtc",
  "bids": [
   {
    "price": "0.00000462",
    "amount": "5544.0445746"
   }
  ],
  "asks": [
   {
    "price": "0.00000471",
    "amount": "2150.53763441"
   }
  ]
 },
 "lrceth": {
  "pair": "lrceth",
  "bids": [
   {
    "price": "0.0001626",
    "amount": "14270.06457565"
   }
  ],
  "asks": [
   {
    "price": "0.00038236",
    "amount": "702.951345"
   }
  ]
 },
 "lrcusd": {
  "pair": "lrcusd",
  "bids": [
   {
    "price": "0.034942",
    "amount": "8585.65623032"
   }
  ],
  "asks": [
   {
    "price": "0.052979",
    "amount": "439.27526422"
   }
  ]
 },
 "ltcbtc": {
  "pair": "ltcbtc",
  "bids": [
   {
    "price": "0.0079349",
    "amount": "0.00051196"
   }
  ],
  "asks": [
   {
    "price": "0.0079382",
    "amount": "0.85289846"
   }
  ]
 },
 "ltcusd": {
  "pair": "ltcusd",
  "bids": [
   {
    "price": "81.27",
    "amount": "47.18898034"
   }
  ],
  "asks": [
   {
    "price": "81.276",
    "amount": "0.27213036"
   }
  ]
 },
 "ltcust": {
  "pair": "ltcust",
  "bids": [
   {
    "price": "80.805",
    "amount": "0.59315409"
   }
  ],
  "asks": [
   {
    "price": "80.997",
    "amount": "14.84888367"
   }
  ]
 },
 "lymbtc": {
  "pair": "lymbtc",
  "bids": [
   {
    "price": "3.2e-7",
    "amount": "111111"
   }
  ],
  "asks": [
   {
    "price": "9.9e-7",
    "amount": "41084.22216703"
   }
  ]
 },
 "lymeth": {
  "pair": "lymeth",
  "bids": [
   {
    "price": "0.00000118",
    "amount": "8474.57627118"
   }
  ],
  "asks": [
   {
    "price": "0.00003329",
    "amount": "33333"
   }
  ]
 },
 "lymusd": {
  "pair": "lymusd",
  "bids": [
   {
    "price": "0.0029248",
    "amount": "111111"
   }
  ],
  "asks": [
   {
    "price": "0.0045",
    "amount": "8416.72131786"
   }
  ]
 },
 "maneth": {
  "pair": "maneth",
  "bids": [
   {
    "price": "0.00016901",
    "amount": "59.16809656"
   }
  ],
  "asks": [
   {
    "price": "0.0011387",
    "amount": "4995"
   }
  ]
 },
 "manusd": {
  "pair": "manusd",
  "bids": [
   {
    "price": "0.06",
    "amount": "550"
   }
  ],
  "asks": [
   {
    "price": "0.12899",
    "amount": "119.67719354"
   }
  ]
 },
 "mgoeth": {
  "pair": "mgoeth",
  "bids": [
   {
    "price": "0.00000256",
    "amount": "3906.25"
   }
  ],
  "asks": [
   {
    "price": "0.00019999",
    "amount": "5624.6481076"
   }
  ]
 },
 "mgousd": {
  "pair": "mgousd",
  "bids": [
   {
    "price": "0.011",
    "amount": "918.01046785"
   }
  ],
  "asks": [
   {
    "price": "0.012495",
    "amount": "5994"
   }
  ]
 },
 "mitbtc": {
  "pair": "mitbtc",
  "bids": [
   {
    "price": "9.9e-7",
    "amount": "22836"
   }
  ],
  "asks": [
   {
    "price": "0.00000163",
    "amount": "2401.13628539"
   }
  ]
 },
 "miteth": {
  "pair": "miteth",
  "bids": [
   {
    "price": "0.0000048",
    "amount": "2083.33333333"
   }
  ],
  "asks": [
   {
    "price": "0.0000474",
    "amount": "2173.91304348"
   }
  ]
 },
 "mitusd": {
  "pair": "mitusd",
  "bids": [
   {
    "price": "0.009431",
    "amount": "5180.99546072"
   }
  ],
  "asks": [
   {
    "price": "0.014809",
    "amount": "3052.18110661"
   }
  ]
 },
 "mkrbtc": {
  "pair": "mkrbtc",
  "bids": [
   {
    "price": "0.06155",
    "amount": "0.16355"
   }
  ],
  "asks": [
   {
    "price": "0.0618",
    "amount": "8.73360713"
   }
  ]
 },
 "mkrdai": {
  "pair": "mkrdai",
  "bids": [
   {
    "price": "606.34",
    "amount": "0.03593721"
   }
  ],
  "asks": [
   {
    "price": "637.85",
    "amount": "0.031"
   }
  ]
 },
 "mkreth": {
  "pair": "mkreth",
  "bids": [
   {
    "price": "2.2029",
    "amount": "0.16362523"
   }
  ],
  "asks": [
   {
    "price": "2.2578",
    "amount": "0.15749252"
   }
  ]
 },
 "mkrusd": {
  "pair": "mkrusd",
  "bids": [
   {
    "price": "617.31",
    "amount": "0.37304939"
   }
  ],
  "asks": [
   {
    "price": "635.94",
    "amount": "0.83817738"
   }
  ]
 },
 "mlneth": {
  "pair": "mlneth",
  "bids": [
   {
    "price": "0.005017",
    "amount": "231.8703377"
   }
  ],
  "asks": [
   {
    "price": "0.0395",
    "amount": "2"
   }
  ]
 },
 "mlnusd": {
  "pair": "mlnusd",
  "bids": [
   {
    "price": "5",
    "amount": "21.99999999"
   }
  ],
  "asks": [
   {
    "price": "7.2589",
    "amount": "43.8457017"
   }
  ]
 },
 "mnabtc": {
  "pair": "mnabtc",
  "bids": [
   {
    "price": "0.00000635",
    "amount": "6467.77"
   }
  ],
  "asks": [
   {
    "price": "0.00000651",
    "amount": "12678.05"
   }
  ]
 },
 "mnaeth": {
  "pair": "mnaeth",
  "bids": [
   {
    "price": "0.0002288",
    "amount": "1130.64776132"
   }
  ],
  "asks": [
   {
    "price": "0.00023813",
    "amount": "865.35133264"
   }
  ]
 },
 "mnausd": {
  "pair": "mnausd",
  "bids": [
   {
    "price": "0.063407",
    "amount": "6150.7404545"
   }
  ],
  "asks": [
   {
    "price": "0.067269",
    "amount": "443.87161083"
   }
  ]
 },
 "mtnbtc": {
  "pair": "mtnbtc",
  "bids": [
   {
    "price": "3.8e-7",
    "amount": "120911"
   }
  ],
  "asks": [
   {
    "price": "0.00000103",
    "amount": "5764.06800322"
   }
  ]
 },
 "mtneth": {
  "pair": "mtneth",
  "bids": [
   {
    "price": "0.00001401",
    "amount": "66666"
   }
  ],
  "asks": [
   {
    "price": "0.00002971",
    "amount": "7223.08037159"
   }
  ]
 },
 "mtnusd": {
  "pair": "mtnusd",
  "bids": [
   {
    "price": "0.0030032",
    "amount": "93739.0194696"
   }
  ],
  "asks": [
   {
    "price": "0.0045713",
    "amount": "25932.24103423"
   }
  ]
 },
 "ncabtc": {
  "pair": "ncabtc",
  "bids": [
   {
    "price": "6e-8",
    "amount": "263946"
   }
  ],
  "asks": [
   {
    "price": "1.1e-7",
    "amount": "7900.00000001"
   }
  ]
 },
 "ncaeth": {
  "pair": "ncaeth",
  "bids": [
   {
    "price": "0.00000362",
    "amount": "54794.52054795"
   }
  ],
  "asks": [
   {
    "price": "0.00000376",
    "amount": "54594.09291915"
   }
  ]
 },
 "ncausd": {
  "pair": "ncausd",
  "bids": [
   {
    "price": "0.0006233",
    "amount": "111111"
   }
  ],
  "asks": [
   {
    "price": "0.0012",
    "amount": "38820.90918284"
   }
  ]
 },
 "necbtc": {
  "pair": "necbtc",
  "bids": [
   {
    "price": "0.00000129",
    "amount": "4053.7751938"
   }
  ],
  "asks": [
   {
    "price": "0.00000799",
    "amount": "475.89933054"
   }
  ]
 },
 "neceth": {
  "pair": "neceth",
  "bids": [
   {
    "price": "0.00025",
    "amount": "150"
   }
  ],
  "asks": [
   {
    "price": "0.00035539",
    "amount": "788.80449445"
   }
  ]
 },
 "necusd": {
  "pair": "necusd",
  "bids": [
   {
    "price": "0.06999",
    "amount": "107510.7529698"
   }
  ],
  "asks": [
   {
    "price": "0.075722",
    "amount": "1074.46588916"
   }
  ]
 },
 "neobtc": {
  "pair": "neobtc",
  "bids": [
   {
    "price": "0.0015676",
    "amount": "63.69051097"
   }
  ],
  "asks": [
   {
    "price": "0.0015711",
    "amount": "5.31206318"
   }
  ]
 },
 "neoeth": {
  "pair": "neoeth",
  "bids": [
   {
    "price": "0.056638",
    "amount": "63.70360419"
   }
  ],
  "asks": [
   {
    "price": "0.056898",
    "amount": "12.41557"
   }
  ]
 },
 "neoeur": {
  "pair": "neoeur",
  "bids": [
   {
    "price": "14.787",
    "amount": "8.03655987"
   }
  ],
  "asks": [
   {
    "price": "14.803",
    "amount": "10.53590804"
   }
  ]
 },
 "neogbp": {
  "pair": "neogbp",
  "bids": [
   {
    "price": "12.277",
    "amount": "8.03303217"
   }
  ],
  "asks": [
   {
    "price": "12.286",
    "amount": "1.9408248"
   }
  ]
 },
 "neojpy": {
  "pair": "neojpy",
  "bids": [
   {
    "price": "1758.6",
    "amount": "8.03303217"
   }
  ],
  "asks": [
   {
    "price": "1760",
    "amount": "8.59541704"
   }
  ]
 },
 "neousd": {
  "pair": "neousd",
  "bids": [
   {
    "price": "16.056",
    "amount": "3.39755711"
   }
  ],
  "asks": [
   {
    "price": "16.057",
    "amount": "10.51438147"
   }
  ]
 },
 "nioeth": {
  "pair": "nioeth",
  "bids": [
   {
    "price": "0.00000273",
    "amount": "65934.06593407"
   }
  ],
  "asks": [
   {
    "price": "0.0000169",
    "amount": "9990"
   }
  ]
 },
 "niousd": {
  "pair": "niousd",
  "bids": [
   {
    "price": "0.001065",
    "amount": "1972.402163"
   }
  ],
  "asks": [
   {
    "price": "0.0023",
    "amount": "61519.40557682"
   }
  ]
 },
 "odebtc": {
  "pair": "odebtc",
  "bids": [
   {
    "price": "0.00000496",
    "amount": "133.13"
   }
  ],
  "asks": [
   {
    "price": "0.00000595",
    "amount": "3828.9"
   }
  ]
 },
 "odeeth": {
  "pair": "odeeth",
  "bids": [
   {
    "price": "0.00008744",
    "amount": "114.3641354"
   }
  ],
  "asks": [
   {
    "price": "0.00046984",
    "amount": "217.06883705"
   }
  ]
 },
 "odeusd": {
  "pair": "odeusd",
  "bids": [
   {
    "price": "0.05121",
    "amount": "1873.67516382"
   }
  ],
  "asks": [
   {
    "price": "0.05377",
    "amount": "203.94"
   }
  ]
 },
 "okbbtc": {
  "pair": "okbbtc",
  "bids": [
   {
    "price": "0.00002",
    "amount": "41"
   }
  ],
  "asks": [
   {
    "price": "0.0012792",
    "amount": "80.913978"
   }
  ]
 },
 "okbeth": {
  "pair": "okbeth",
  "bids": [
   {
    "price": "0.001",
    "amount": "100"
   }
  ],
  "asks": [
   {
    "price": "0.042333",
    "amount": "30"
   }
  ]
 },
 "okbusd": {
  "pair": "okbusd",
  "bids": [
   {
    "price": "0.85",
    "amount": "30"
   }
  ],
  "asks": [
   {
    "price": "69",
    "amount": "2"
   }
  ]
 },
 "okbust": {
  "pair": "okbust",
  "bids": [
   {
    "price": "1.3",
    "amount": "25"
   }
  ],
  "asks": [
   {
    "price": "125.9",
    "amount": "12.12"
   }
  ]
 },
 "omgbtc": {
  "pair": "omgbtc",
  "bids": [
   {
    "price": "0.00013656",
    "amount": "192.0829299"
   }
  ],
  "asks": [
   {
    "price": "0.00013708",
    "amount": "13.96537366"
   }
  ]
 },
 "omgdai": {
  "pair": "omgdai",
  "bids": [
   {
    "price": "0.5126",
    "amount": "56.55560238"
   }
  ],
  "asks": [
   {
    "price": "1.6409",
    "amount": "40.258678"
   }
  ]
 },
 "omgeth": {
  "pair": "omgeth",
  "bids": [
   {
    "price": "0.004934",
    "amount": "42"
   }
  ],
  "asks": [
   {
    "price": "0.0049498",
    "amount": "0.0000056"
   }
  ]
 },
 "omgusd": {
  "pair": "omgusd",
  "bids": [
   {
    "price": "1.4027",
    "amount": "150983.12646111"
   }
  ],
  "asks": [
   {
    "price": "1.4028",
    "amount": "166.25819857"
   }
  ]
 },
 "omnbtc": {
  "pair": "omnbtc",
  "bids": [
   {
    "price": "0.000115",
    "amount": "100"
   }
  ],
  "asks": [
   {
    "price": "0.00013999",
    "amount": "47.43337867"
   }
  ]
 },
 "omnusd": {
  "pair": "omnusd",
  "bids": [
   {
    "price": "1",
    "amount": "19.86080123"
   }
  ],
  "asks": [
   {
    "price": "1.35",
    "amount": "57.93435709"
   }
  ]
 },
 "onleth": {
  "pair": "onleth",
  "bids": [
   {
    "price": "0.00002701",
    "amount": "370.23324694"
   }
  ],
  "asks": [
   {
    "price": "0.000199",
    "amount": "1998"
   }
  ]
 },
 "onlusd": {
  "pair": "onlusd",
  "bids": [
   {
    "price": "0.011802",
    "amount": "4835.98758271"
   }
  ],
  "asks": [
   {
    "price": "0.024489",
    "amount": "2287.78451314"
   }
  ]
 },
 "orsbtc": {
  "pair": "orsbtc",
  "bids": [
   {
    "price": "0.00000322",
    "amount": "1504"
   }
  ],
  "asks": [
   {
    "price": "0.000008",
    "amount": "9623.1"
   }
  ]
 },
 "orseth": {
  "pair": "orseth",
  "bids": [
   {
    "price": "0.000101",
    "amount": "154"
   }
  ],
  "asks": [
   {
    "price": "0.0003395",
    "amount": "10000"
   }
  ]
 },
 "orsusd": {
  "pair": "orsusd",
  "bids": [
   {
    "price": "0.033",
    "amount": "11660.66070861"
   }
  ],
  "asks": [
   {
    "price": "0.035391",
    "amount": "1835.29639698"
   }
  ]
 },
 "paibtc": {
  "pair": "paibtc",
  "bids": [
   {
    "price": "0.0000016",
    "amount": "22222"
   }
  ],
  "asks": [
   {
    "price": "0.0000066",
    "amount": "8294.85602521"
   }
  ]
 },
 "paiusd": {
  "pair": "paiusd",
  "bids": [
   {
    "price": "0.010666",
    "amount": "300"
   }
  ],
  "asks": [
   {
    "price": "0.038982",
    "amount": "526.600757"
   }
  ]
 },
 "paseth": {
  "pair": "paseth",
  "bids": [
   {
    "price": "0.000006",
    "amount": "50000"
   }
  ],
  "asks": [
   {
    "price": "0.00001998",
    "amount": "2830.53994956"
   }
  ]
 },
 "pasusd": {
  "pair": "pasusd",
  "bids": [
   {
    "price": "0.0020556",
    "amount": "50000"
   }
  ],
  "asks": [
   {
    "price": "0.003195",
    "amount": "60459.82"
   }
  ]
 },
 "paxusd": {
  "pair": "paxusd",
  "bids": [
   {
    "price": "0.98001",
    "amount": "172.57196697"
   }
  ],
  "asks": [
   {
    "price": "1.0088",
    "amount": "100"
   }
  ]
 },
 "paxust": {
  "pair": "paxust",
  "bids": [
   {
    "price": "0.90092",
    "amount": "375"
   }
  ],
  "asks": [
   {
    "price": "1.0333",
    "amount": "449"
   }
  ]
 },
 "pnketh": {
  "pair": "pnketh",
  "bids": [
   {
    "price": "0.0000711",
    "amount": "5586.4282"
   }
  ],
  "asks": [
   {
    "price": "0.00007145",
    "amount": "732.292213"
   }
  ]
 },
 "pnkusd": {
  "pair": "pnkusd",
  "bids": [
   {
    "price": "0.018872",
    "amount": "1589.65579183"
   }
  ],
  "asks": [
   {
    "price": "0.023497",
    "amount": "1369.86864893"
   }
  ]
 },
 "poabtc": {
  "pair": "poabtc",
  "bids": [
   {
    "price": "0.00000153",
    "amount": "45751.26"
   }
  ],
  "asks": [
   {
    "price": "0.00000299",
    "amount": "12814.23666329"
   }
  ]
 },
 "poaeth": {
  "pair": "poaeth",
  "bids": [
   {
    "price": "0.00006039",
    "amount": "330"
   }
  ],
  "asks": [
   {
    "price": "0.00016008",
    "amount": "13512.79292118"
   }
  ]
 },
 "poausd": {
  "pair": "poausd",
  "bids": [
   {
    "price": "0.013733",
    "amount": "18635.7363001"
   }
  ],
  "asks": [
   {
    "price": "0.020998",
    "amount": "12473.02218432"
   }
  ]
 },
 "poybtc": {
  "pair": "poybtc",
  "bids": [
   {
    "price": "0.00000371",
    "amount": "5333.33333333"
   }
  ],
  "asks": [
   {
    "price": "0.0000038",
    "amount": "1449.08240395"
   }
  ]
 },
 "poyeth": {
  "pair": "poyeth",
  "bids": [
   {
    "price": "0.00010469",
    "amount": "9999"
   }
  ],
  "asks": [
   {
    "price": "0.00018173",
    "amount": "6666"
   }
  ]
 },
 "poyusd": {
  "pair": "poyusd",
  "bids": [
   {
    "price": "0.0259",
    "amount": "13151.9535968"
   }
  ],
  "asks": [
   {
    "price": "0.042965",
    "amount": "794.36101402"
   }
  ]
 },
 "qshbtc": {
  "pair": "qshbtc",
  "bids": [
   {
    "price": "0.00000561",
    "amount": "117.528657"
   }
  ],
  "asks": [
   {
    "price": "0.00000696",
    "amount": "3341.31286945"
   }
  ]
 },
 "qsheth": {
  "pair": "qsheth",
  "bids": [
   {
    "price": "0.00020285",
    "amount": "2942.8321198"
   }
  ],
  "asks": [
   {
    "price": "0.0002425",
    "amount": "3534.41836799"
   }
  ]
 },
 "qshusd": {
  "pair": "qshusd",
  "bids": [
   {
    "price": "0.05901",
    "amount": "3000"
   }
  ],
  "asks": [
   {
    "price": "0.06799",
    "amount": "136.81851"
   }
  ]
 },
 "qtmbtc": {
  "pair": "qtmbtc",
  "bids": [
   {
    "price": "0.00029009",
    "amount": "363.78282283"
   }
  ],
  "asks": [
   {
    "price": "0.00029174",
    "amount": "262.6657"
   }
  ]
 },
 "qtmeth": {
  "pair": "qtmeth",
  "bids": [
   {
    "price": "0.01048",
    "amount": "511.87700674"
   }
  ],
  "asks": [
   {
    "price": "0.010556",
    "amount": "264.0072"
   }
  ]
 },
 "qtmusd": {
  "pair": "qtmusd",
  "bids": [
   {
    "price": "2.969",
    "amount": "173.27549898"
   }
  ],
  "asks": [
   {
    "price": "2.9776",
    "amount": "270"
   }
  ]
 },
 "rbtbtc": {
  "pair": "rbtbtc",
  "bids": [
   {
    "price": "0.9998",
    "amount": "0.00564607"
   }
  ],
  "asks": [
   {
    "price": "1.005",
    "amount": "0.01014858"
   }
  ]
 },
 "rbtusd": {
  "pair": "rbtusd",
  "bids": [
   {
    "price": "10163",
    "amount": "0.01009135"
   }
  ],
  "asks": [
   {
    "price": "10882",
    "amount": "0.0105521"
   }
  ]
 },
 "rcnbtc": {
  "pair": "rcnbtc",
  "bids": [
   {
    "price": "0.00000597",
    "amount": "11372.34"
   }
  ],
  "asks": [
   {
    "price": "0.00000746",
    "amount": "129.8701"
   }
  ]
 },
 "rcneth": {
  "pair": "rcneth",
  "bids": [
   {
    "price": "0.00023586",
    "amount": "4444"
   }
  ],
  "asks": [
   {
    "price": "0.00073995",
    "amount": "357.48684716"
   }
  ]
 },
 "rcnusd": {
  "pair": "rcnusd",
  "bids": [
   {
    "price": "0.061",
    "amount": "200"
   }
  ],
  "asks": [
   {
    "price": "0.08825",
    "amount": "168"
   }
  ]
 },
 "rdnbtc": {
  "pair": "rdnbtc",
  "bids": [
   {
    "price": "0.00001301",
    "amount": "849"
   }
  ],
  "asks": [
   {
    "price": "0.00002272",
    "amount": "115.7825861"
   }
  ]
 },
 "rdneth": {
  "pair": "rdneth",
  "bids": [
   {
    "price": "0.00057067",
    "amount": "1051.38"
   }
  ],
  "asks": [
   {
    "price": "0.00086976",
    "amount": "143.40982417"
   }
  ]
 },
 "rdnusd": {
  "pair": "rdnusd",
  "bids": [
   {
    "price": "0.1254",
    "amount": "3110.0478468"
   }
  ],
  "asks": [
   {
    "price": "0.22584",
    "amount": "39.92"
   }
  ]
 },
 "repbtc": {
  "pair": "repbtc",
  "bids": [
   {
    "price": "0.0016252",
    "amount": "413.79241656"
   }
  ],
  "asks": [
   {
    "price": "0.00164",
    "amount": "26.11657"
   }
  ]
 },
 "repeth": {
  "pair": "repeth",
  "bids": [
   {
    "price": "0.05824",
    "amount": "21.63815335"
   }
  ],
  "asks": [
   {
    "price": "0.059673",
    "amount": "81.13335644"
   }
  ]
 },
 "repusd": {
  "pair": "repusd",
  "bids": [
   {
    "price": "16.466",
    "amount": "23.6851694"
   }
  ],
  "asks": [
   {
    "price": "16.755",
    "amount": "0.89543805"
   }
  ]
 },
 "reqbtc": {
  "pair": "reqbtc",
  "bids": [
   {
    "price": "0.00000167",
    "amount": "22445.74136035"
   }
  ],
  "asks": [
   {
    "price": "0.00000187",
    "amount": "863.136"
   }
  ]
 },
 "reqeth": {
  "pair": "reqeth",
  "bids": [
   {
    "price": "0.00006058",
    "amount": "492.52096897"
   }
  ],
  "asks": [
   {
    "price": "0.00010956",
    "amount": "648.19169802"
   }
  ]
 },
 "requsd": {
  "pair": "requsd",
  "bids": [
   {
    "price": "0.015823",
    "amount": "21527.8770244"
   }
  ],
  "asks": [
   {
    "price": "0.022409",
    "amount": "2407.41578123"
   }
  ]
 },
 "rifbtc": {
  "pair": "rifbtc",
  "bids": [
   {
    "price": "0.00000908",
    "amount": "2389.8061674"
   }
  ],
  "asks": [
   {
    "price": "0.00000964",
    "amount": "66"
   }
  ]
 },
 "rifusd": {
  "pair": "rifusd",
  "bids": [
   {
    "price": "0.092",
    "amount": "571.8313246"
   }
  ],
  "asks": [
   {
    "price": "0.118",
    "amount": "24683.76000026"
   }
  ]
 },
 "rlcbtc": {
  "pair": "rlcbtc",
  "bids": [
   {
    "price": "0.00004636",
    "amount": "300.3485885"
   }
  ],
  "asks": [
   {
    "price": "0.00008046",
    "amount": "0.47177964"
   }
  ]
 },
 "rlceth": {
  "pair": "rlceth",
  "bids": [
   {
    "price": "0.0020119",
    "amount": "444"
   }
  ],
  "asks": [
   {
    "price": "0.0045495",
    "amount": "703.2795308"
   }
  ]
 },
 "rlcusd": {
  "pair": "rlcusd",
  "bids": [
   {
    "price": "0.63064",
    "amount": "333"
   }
  ],
  "asks": [
   {
    "price": "0.83",
    "amount": "20"
   }
  ]
 },
 "rrbusd": {
  "pair": "rrbusd",
  "bids": [
   {
    "price": "1.2345",
    "amount": "457.6"
   }
  ],
  "asks": [
   {
    "price": "1.2458",
    "amount": "37.648"
   }
  ]
 },
 "rrbust": {
  "pair": "rrbust",
  "bids": [
   {
    "price": "1.2365",
    "amount": "254.20495005"
   }
  ],
  "asks": [
   {
    "price": "1.2429",
    "amount": "64.802"
   }
  ]
 },
 "rrtbtc": {
  "pair": "rrtbtc",
  "bids": [
   {
    "price": "0.00000248",
    "amount": "1209.67741935"
   }
  ],
  "asks": [
   {
    "price": "0.00000334",
    "amount": "8201.33109364"
   }
  ]
 },
 "rrtusd": {
  "pair": "rrtusd",
  "bids": [
   {
    "price": "0.026001",
    "amount": "3000"
   }
  ],
  "asks": [
   {
    "price": "0.0276",
    "amount": "1366.3586097"
   }
  ]
 },
 "rteeth": {
  "pair": "rteeth",
  "bids": [
   {
    "price": "0.00000112",
    "amount": "8928.57142857"
   }
  ],
  "asks": [
   {
    "price": "0.00001199",
    "amount": "142114.44827586"
   }
  ]
 },
 "rteusd": {
  "pair": "rteusd",
  "bids": [
   {
    "price": "0.001079",
    "amount": "40.54662701"
   }
  ],
  "asks": [
   {
    "price": "0.0016181",
    "amount": "6512.592925"
   }
  ]
 },
 "sanbtc": {
  "pair": "sanbtc",
  "bids": [
   {
    "price": "0.00001984",
    "amount": "237.5"
   }
  ],
  "asks": [
   {
    "price": "0.00002001",
    "amount": "158640.60869482"
   }
  ]
 },
 "saneth": {
  "pair": "saneth",
  "bids": [
   {
    "price": "0.0006853",
    "amount": "26"
   }
  ],
  "asks": [
   {
    "price": "0.0012971",
    "amount": "578.87435401"
   }
  ]
 },
 "sanusd": {
  "pair": "sanusd",
  "bids": [
   {
    "price": "0.2041",
    "amount": "250"
   }
  ],
  "asks": [
   {
    "price": "0.20437",
    "amount": "158506.7076093"
   }
  ]
 },
 "screth": {
  "pair": "screth",
  "bids": [],
  "asks": []
 },
 "scrusd": {
  "pair": "scrusd",
  "bids": [],
  "asks": []
 },
 "seebtc": {
  "pair": "seebtc",
  "bids": [
   {
    "price": "5e-8",
    "amount": "7244"
   }
  ],
  "asks": [
   {
    "price": "1.1e-7",
    "amount": "137246.58579355"
   }
  ]
 },
 "seeeth": {
  "pair": "seeeth",
  "bids": [
   {
    "price": "0.0000015",
    "amount": "100000"
   }
  ],
  "asks": [
   {
    "price": "0.0000079",
    "amount": "47890.4986"
   }
  ]
 },
 "seeusd": {
  "pair": "seeusd",
  "bids": [
   {
    "price": "0.00059029",
    "amount": "38000"
   }
  ],
  "asks": [
   {
    "price": "0.0009068",
    "amount": "124810"
   }
  ]
 },
 "senbtc": {
  "pair": "senbtc",
  "bids": [
   {
    "price": "3e-8",
    "amount": "644444"
   }
  ],
  "asks": [
   {
    "price": "1e-7",
    "amount": "23706"
   }
  ]
 },
 "seneth": {
  "pair": "seneth",
  "bids": [
   {
    "price": "0.0000022",
    "amount": "28195.4887218"
   }
  ],
  "asks": [
   {
    "price": "0.00000578",
    "amount": "278485.40644148"
   }
  ]
 },
 "senusd": {
  "pair": "senusd",
  "bids": [
   {
    "price": "0.00040019",
    "amount": "269402.07503316"
   }
  ],
  "asks": [
   {
    "price": "0.00094199",
    "amount": "103358.08382"
   }
  ]
 },
 "sngbtc": {
  "pair": "sngbtc",
  "bids": [
   {
    "price": "8.2e-7",
    "amount": "45820"
   }
  ],
  "asks": [
   {
    "price": "0.00000126",
    "amount": "30866.59207956"
   }
  ]
 },
 "sngeth": {
  "pair": "sngeth",
  "bids": [
   {
    "price": "0.00003",
    "amount": "6428.225825"
   }
  ],
  "asks": [
   {
    "price": "0.000117",
    "amount": "1858.405243"
   }
  ]
 },
 "sngusd": {
  "pair": "sngusd",
  "bids": [
   {
    "price": "0.0078008",
    "amount": "33333"
   }
  ],
  "asks": [
   {
    "price": "0.013122",
    "amount": "3994.003011"
   }
  ]
 },
 "sntbtc": {
  "pair": "sntbtc",
  "bids": [
   {
    "price": "0.00000236",
    "amount": "16485.23408228"
   }
  ],
  "asks": [
   {
    "price": "0.00000239",
    "amount": "16451.0188876"
   }
  ]
 },
 "snteth": {
  "pair": "snteth",
  "bids": [
   {
    "price": "0.00008528",
    "amount": "49761.90656"
   }
  ],
  "asks": [
   {
    "price": "0.00008674",
    "amount": "49736.84454"
   }
  ]
 },
 "sntusd": {
  "pair": "sntusd",
  "bids": [
   {
    "price": "0.024071",
    "amount": "24999.99988"
   }
  ],
  "asks": [
   {
    "price": "0.024483",
    "amount": "24999.99988"
   }
  ]
 },
 "spkbtc": {
  "pair": "spkbtc",
  "bids": [
   {
    "price": "4e-7",
    "amount": "8423.825"
   }
  ],
  "asks": [
   {
    "price": "5.2e-7",
    "amount": "4527.082977"
   }
  ]
 },
 "spketh": {
  "pair": "spketh",
  "bids": [
   {
    "price": "0.000012",
    "amount": "18000"
   }
  ],
  "asks": [
   {
    "price": "0.00001985",
    "amount": "2849.350305"
   }
  ]
 },
 "spkusd": {
  "pair": "spkusd",
  "bids": [
   {
    "price": "0.0039019",
    "amount": "2000"
   }
  ],
  "asks": [
   {
    "price": "0.0053023",
    "amount": "36663"
   }
  ]
 },
 "stjbtc": {
  "pair": "stjbtc",
  "bids": [
   {
    "price": "0.00001921",
    "amount": "1011.63378857"
   }
  ],
  "asks": [
   {
    "price": "0.00001987",
    "amount": "111"
   }
  ]
 },
 "stjeth": {
  "pair": "stjeth",
  "bids": [
   {
    "price": "0.00068611",
    "amount": "280.50490884"
   }
  ],
  "asks": [
   {
    "price": "0.00075697",
    "amount": "280.62298302"
   }
  ]
 },
 "stjusd": {
  "pair": "stjusd",
  "bids": [
   {
    "price": "0.17019",
    "amount": "2291.5564956"
   }
  ],
  "asks": [
   {
    "price": "0.22",
    "amount": "800"
   }
  ]
 },
 "swmeth": {
  "pair": "swmeth",
  "bids": [
   {
    "price": "0.00006407",
    "amount": "7800"
   }
  ],
  "asks": [
   {
    "price": "0.00012971",
    "amount": "4040.7079321"
   }
  ]
 },
 "swmusd": {
  "pair": "swmusd",
  "bids": [
   {
    "price": "0.015",
    "amount": "262"
   }
  ],
  "asks": [
   {
    "price": "0.028302",
    "amount": "2576.09946918"
   }
  ]
 },
 "tkneth": {
  "pair": "tkneth",
  "bids": [
   {
    "price": "0.00002001",
    "amount": "1491.10046477"
   }
  ],
  "asks": [
   {
    "price": "0.0013703",
    "amount": "31.36526085"
   }
  ]
 },
 "tknusd": {
  "pair": "tknusd",
  "bids": [
   {
    "price": "0.0152",
    "amount": "10"
   }
  ],
  "asks": [
   {
    "price": "0.34",
    "amount": "49.99"
   }
  ]
 },
 "tnbbtc": {
  "pair": "tnbbtc",
  "bids": [
   {
    "price": "2.9e-7",
    "amount": "2468.32160864"
   }
  ],
  "asks": [
   {
    "price": "3e-7",
    "amount": "21690"
   }
  ]
 },
 "tnbeth": {
  "pair": "tnbeth",
  "bids": [
   {
    "price": "0.00001035",
    "amount": "2853.02420314"
   }
  ],
  "asks": [
   {
    "price": "0.00001091",
    "amount": "31335.22685444"
   }
  ]
 },
 "tnbusd": {
  "pair": "tnbusd",
  "bids": [
   {
    "price": "0.002778",
    "amount": "42977.2134991"
   }
  ],
  "asks": [
   {
    "price": "0.0030991",
    "amount": "9989.96670012"
   }
  ]
 },
 "trieth": {
  "pair": "trieth",
  "bids": [
   {
    "price": "0.000007",
    "amount": "15014.157"
   }
  ],
  "asks": [
   {
    "price": "0.00001748",
    "amount": "15107.714731"
   }
  ]
 },
 "triusd": {
  "pair": "triusd",
  "bids": [
   {
    "price": "0.00058807",
    "amount": "5000"
   }
  ],
  "asks": [
   {
    "price": "0.00234",
    "amount": "3130.656028"
   }
  ]
 },
 "trxbtc": {
  "pair": "trxbtc",
  "bids": [
   {
    "price": "0.00000254",
    "amount": "354555.38026768"
   }
  ],
  "asks": [
   {
    "price": "0.00000255",
    "amount": "3889.71265935"
   }
  ]
 },
 "trxeth": {
  "pair": "trxeth",
  "bids": [
   {
    "price": "0.00009199",
    "amount": "39220.91648789"
   }
  ],
  "asks": [
   {
    "price": "0.00009219",
    "amount": "39228.91801205"
   }
  ]
 },
 "trxeur": {
  "pair": "trxeur",
  "bids": [
   {
    "price": "0.024089",
    "amount": "0.00007205"
   }
  ],
  "asks": [
   {
    "price": "0.024111",
    "amount": "1240.46489325"
   }
  ]
 },
 "trxgbp": {
  "pair": "trxgbp",
  "bids": [
   {
    "price": "0.019997",
    "amount": "0.00007205"
   }
  ],
  "asks": [
   {
    "price": "0.020024",
    "amount": "10000"
   }
  ]
 },
 "trxjpy": {
  "pair": "trxjpy",
  "bids": [
   {
    "price": "2.8645",
    "amount": "0.00007205"
   }
  ],
  "asks": [
   {
    "price": "2.8673",
    "amount": "10000"
   }
  ]
 },
 "trxusd": {
  "pair": "trxusd",
  "bids": [
   {
    "price": "0.026091",
    "amount": "0.00007205"
   }
  ],
  "asks": [
   {
    "price": "0.026117",
    "amount": "18743.39246851"
   }
  ]
 },
 "tsdusd": {
  "pair": "tsdusd",
  "bids": [
   {
    "price": "1.0004",
    "amount": "159.43873036"
   }
  ],
  "asks": [
   {
    "price": "1.0089",
    "amount": "172.17717048"
   }
  ]
 },
 "tsdust": {
  "pair": "tsdust",
  "bids": [
   {
    "price": "0.20009",
    "amount": "51.29492499"
   }
  ],
  "asks": [
   {
    "price": "1000",
    "amount": "10.249218"
   }
  ]
 },
 "udcusd": {
  "pair": "udcusd",
  "bids": [
   {
    "price": "0.99426",
    "amount": "2284.772638"
   }
  ],
  "asks": [
   {
    "price": "1.0011",
    "amount": "76.70298542"
   }
  ]
 },
 "udcust": {
  "pair": "udcust",
  "bids": [
   {
    "price": "0.9883",
    "amount": "865.0245"
   }
  ],
  "asks": [
   {
    "price": "1.0097",
    "amount": "173.2245"
   }
  ]
 },
 "ufreth": {
  "pair": "ufreth",
  "bids": [
   {
    "price": "0.00016001",
    "amount": "2893.44228954"
   }
  ],
  "asks": [
   {
    "price": "0.00024499",
    "amount": "674.325"
   }
  ]
 },
 "ufrusd": {
  "pair": "ufrusd",
  "bids": [
   {
    "price": "0.03756",
    "amount": "3130.14089151"
   }
  ],
  "asks": [
   {
    "price": "0.069",
    "amount": "6728.16612905"
   }
  ]
 },
 "uosbtc": {
  "pair": "uosbtc",
  "bids": [
   {
    "price": "0.00000468",
    "amount": "1217.23241282"
   }
  ],
  "asks": [
   {
    "price": "0.00000474",
    "amount": "14586.4433234"
   }
  ]
 },
 "uosusd": {
  "pair": "uosusd",
  "bids": [
   {
    "price": "0.04811",
    "amount": "1028.6666"
   }
  ],
  "asks": [
   {
    "price": "0.048888",
    "amount": "3288.87994477"
   }
  ]
 },
 "uskbtc": {
  "pair": "uskbtc",
  "bids": [
   {
    "price": "0.0000059",
    "amount": "30"
   }
  ],
  "asks": [
   {
    "price": "0.77",
    "amount": "20"
   }
  ]
 },
 "uskeos": {
  "pair": "uskeos",
  "bids": [
   {
    "price": "0.000005",
    "amount": "10600"
   }
  ],
  "asks": [
   {
    "price": "0.2438",
    "amount": "6"
   }
  ]
 },
 "usketh": {
  "pair": "usketh",
  "bids": [
   {
    "price": "0.0018",
    "amount": "12.51117338"
   }
  ],
  "asks": [
   {
    "price": "0.04",
    "amount": "6.002817"
   }
  ]
 },
 "uskusd": {
  "pair": "uskusd",
  "bids": [
   {
    "price": "0.91",
    "amount": "6.03"
   }
  ],
  "asks": [
   {
    "price": "1.07",
    "amount": "0.97313198"
   }
  ]
 },
 "uskust": {
  "pair": "uskust",
  "bids": [
   {
    "price": "0.0006",
    "amount": "18000"
   }
  ],
  "asks": [
   {
    "price": "4999",
    "amount": "7"
   }
  ]
 },
 "ustusd": {
  "pair": "ustusd",
  "bids": [
   {
    "price": "0.99943",
    "amount": "100.27884393"
   }
  ],
  "asks": [
   {
    "price": "0.99967",
    "amount": "1080.58058317"
   }
  ]
 },
 "utkbtc": {
  "pair": "utkbtc",
  "bids": [
   {
    "price": "0.00000151",
    "amount": "32299.04783486"
   }
  ],
  "asks": [
   {
    "price": "0.00000216",
    "amount": "5731.42579854"
   }
  ]
 },
 "utketh": {
  "pair": "utketh",
  "bids": [
   {
    "price": "0.00005895",
    "amount": "3635.99137979"
   }
  ],
  "asks": [
   {
    "price": "0.00006678",
    "amount": "22392.27504945"
   }
  ]
 },
 "utkusd": {
  "pair": "utkusd",
  "bids": [
   {
    "price": "0.010683",
    "amount": "28081.99943836"
   }
  ],
  "asks": [
   {
    "price": "0.021998",
    "amount": "1025.54527342"
   }
  ]
 },
 "utneth": {
  "pair": "utneth",
  "bids": [
   {
    "price": "0.0000085",
    "amount": "48431.668235"
   }
  ],
  "asks": [
   {
    "price": "0.0000149",
    "amount": "216596.807943"
   }
  ]
 },
 "utnusd": {
  "pair": "utnusd",
  "bids": [
   {
    "price": "0.00231",
    "amount": "95368"
   }
  ],
  "asks": [
   {
    "price": "0.0031",
    "amount": "2500"
   }
  ]
 },
 "veebtc": {
  "pair": "veebtc",
  "bids": [
   {
    "price": "9e-8",
    "amount": "509824.52080693"
   }
  ],
  "asks": [
   {
    "price": "1.6e-7",
    "amount": "82552.236896"
   }
  ]
 },
 "veeeth": {
  "pair": "veeeth",
  "bids": [
   {
    "price": "9e-7",
    "amount": "800000"
   }
  ],
  "asks": [
   {
    "price": "0.00000873",
    "amount": "7142.85"
   }
  ]
 },
 "veeusd": {
  "pair": "veeusd",
  "bids": [
   {
    "price": "0.001",
    "amount": "1072742.9622428"
   }
  ],
  "asks": [
   {
    "price": "0.0016281",
    "amount": "5690.20749682"
   }
  ]
 },
 "vetbtc": {
  "pair": "vetbtc",
  "bids": [
   {
    "price": "7.9e-7",
    "amount": "24829.29857232"
   }
  ],
  "asks": [
   {
    "price": "8.1e-7",
    "amount": "1548349.45868356"
   }
  ]
 },
 "veteth": {
  "pair": "veteth",
  "bids": [
   {
    "price": "0.000022",
    "amount": "114366.01927185"
   }
  ],
  "asks": [
   {
    "price": "0.00005349",
    "amount": "44010.69177452"
   }
  ]
 },
 "vetusd": {
  "pair": "vetusd",
  "bids": [
   {
    "price": "0.0079431",
    "amount": "10704.9079364"
   }
  ],
  "asks": [
   {
    "price": "0.0083064",
    "amount": "64252.38839445"
   }
  ]
 },
 "vldeth": {
  "pair": "vldeth",
  "bids": [
   {
    "price": "0.000017",
    "amount": "17405.2007058"
   }
  ],
  "asks": [
   {
    "price": "0.00003533",
    "amount": "6608.5997795"
   }
  ]
 },
 "vldusd": {
  "pair": "vldusd",
  "bids": [
   {
    "price": "0.0069673",
    "amount": "2936.69"
   }
  ],
  "asks": [
   {
    "price": "0.0073112",
    "amount": "2452"
   }
  ]
 },
 "vsybtc": {
  "pair": "vsybtc",
  "bids": [
   {
    "price": "0.00000469",
    "amount": "785"
   }
  ],
  "asks": [
   {
    "price": "0.00000496",
    "amount": "213.4"
   }
  ]
 },
 "vsyusd": {
  "pair": "vsyusd",
  "bids": [
   {
    "price": "0.0484",
    "amount": "2334.30751179"
   }
  ],
  "asks": [
   {
    "price": "0.049531",
    "amount": "0.0000043"
   }
  ]
 },
 "waxbtc": {
  "pair": "waxbtc",
  "bids": [
   {
    "price": "0.00000481",
    "amount": "1039.5010395"
   }
  ],
  "asks": [
   {
    "price": "0.00000624",
    "amount": "5000"
   }
  ]
 },
 "waxeth": {
  "pair": "waxeth",
  "bids": [
   {
    "price": "0.0001502",
    "amount": "1046.5813098"
   }
  ],
  "asks": [
   {
    "price": "0.000235",
    "amount": "2046.979063"
   }
  ]
 },
 "waxusd": {
  "pair": "waxusd",
  "bids": [
   {
    "price": "0.05016",
    "amount": "2695"
   }
  ],
  "asks": [
   {
    "price": "0.06",
    "amount": "110196.66878241"
   }
  ]
 },
 "wbteth": {
  "pair": "wbteth",
  "bids": [
   {
    "price": "32.648",
    "amount": "0.03671227"
   }
  ],
  "asks": [
   {
    "price": "39.898",
    "amount": "0.02330063"
   }
  ]
 },
 "wbtusd": {
  "pair": "wbtusd",
  "bids": [
   {
    "price": "9229.4",
    "amount": "0.03991633"
   }
  ],
  "asks": [
   {
    "price": "11236",
    "amount": "0.02330063"
   }
  ]
 },
 "wlousd": {
  "pair": "wlousd",
  "bids": [
   {
    "price": "0.0050444",
    "amount": "29720.42365662"
   }
  ],
  "asks": [
   {
    "price": "0.0060983",
    "amount": "2603.380556"
   }
  ]
 },
 "wloxlm": {
  "pair": "wloxlm",
  "bids": [
   {
    "price": "0.0151",
    "amount": "300"
   }
  ],
  "asks": [
   {
    "price": "0.15",
    "amount": "1243.78474"
   }
  ]
 },
 "wprbtc": {
  "pair": "wprbtc",
  "bids": [
   {
    "price": "6.9e-7",
    "amount": "5555"
   }
  ],
  "asks": [
   {
    "price": "0.0000018",
    "amount": "74426.11814605"
   }
  ]
 },
 "wpreth": {
  "pair": "wpreth",
  "bids": [
   {
    "price": "0.00003576",
    "amount": "4400"
   }
  ],
  "asks": [
   {
    "price": "0.00007897",
    "amount": "1815.28827833"
   }
  ]
 },
 "wprusd": {
  "pair": "wprusd",
  "bids": [
   {
    "price": "0.0065532",
    "amount": "44444"
   }
  ],
  "asks": [
   {
    "price": "0.012632",
    "amount": "6651.36949454"
   }
  ]
 },
 "wtceth": {
  "pair": "wtceth",
  "bids": [
   {
    "price": "0.0023005",
    "amount": "84.19259392"
   }
  ],
  "asks": [
   {
    "price": "0.0041",
    "amount": "160.823471"
   }
  ]
 },
 "wtcusd": {
  "pair": "wtcusd",
  "bids": [
   {
    "price": "0.7",
    "amount": "200"
   }
  ],
  "asks": [
   {
    "price": "1.0749",
    "amount": "36.60539771"
   }
  ]
 },
 "xcheth": {
  "pair": "xcheth",
  "bids": [
   {
    "price": "0.0035985",
    "amount": "2842.2509"
   }
  ],
  "asks": [
   {
    "price": "0.0036187",
    "amount": "51.77327893"
   }
  ]
 },
 "xchusd": {
  "pair": "xchusd",
  "bids": [
   {
    "price": "1.0133",
    "amount": "4259.66884"
   }
  ],
  "asks": [
   {
    "price": "1.0262",
    "amount": "4305.46598"
   }
  ]
 },
 "xlmbtc": {
  "pair": "xlmbtc",
  "bids": [
   {
    "price": "0.00000833",
    "amount": "11983.2776627"
   }
  ],
  "asks": [
   {
    "price": "0.00000835",
    "amount": "950.68874297"
   }
  ]
 },
 "xlmeth": {
  "pair": "xlmeth",
  "bids": [
   {
    "price": "0.00030086",
    "amount": "5976.92913142"
   }
  ],
  "asks": [
   {
    "price": "0.00030339",
    "amount": "2328.4276"
   }
  ]
 },
 "xlmeur": {
  "pair": "xlmeur",
  "bids": [
   {
    "price": "0.078619",
    "amount": "1662.0328351"
   }
  ],
  "asks": [
   {
    "price": "0.07895",
    "amount": "304.15223603"
   }
  ]
 },
 "xlmgbp": {
  "pair": "xlmgbp",
  "bids": [
   {
    "price": "0.065265",
    "amount": "1662.0328351"
   }
  ],
  "asks": [
   {
    "price": "0.065539",
    "amount": "304.15223603"
   }
  ]
 },
 "xlmjpy": {
  "pair": "xlmjpy",
  "bids": [
   {
    "price": "9.3489",
    "amount": "1662.0328351"
   }
  ],
  "asks": [
   {
    "price": "9.3882",
    "amount": "304.15223603"
   }
  ]
 },
 "xlmusd": {
  "pair": "xlmusd",
  "bids": [
   {
    "price": "0.085152",
    "amount": "1662.0328351"
   }
  ],
  "asks": [
   {
    "price": "0.085511",
    "amount": "304.13548918"
   }
  ]
 },
 "xmrbtc": {
  "pair": "xmrbtc",
  "bids": [
   {
    "price": "0.0093594",
    "amount": "8.578043"
   }
  ],
  "asks": [
   {
    "price": "0.0093736",
    "amount": "1.25865226"
   }
  ]
 },
 "xmrusd": {
  "pair": "xmrusd",
  "bids": [
   {
    "price": "95.724",
    "amount": "2.52276219"
   }
  ],
  "asks": [
   {
    "price": "95.922",
    "amount": "0.40339206"
   }
  ]
 },
 "xraeth": {
  "pair": "xraeth",
  "bids": [
   {
    "price": "0.00002334",
    "amount": "1056"
   }
  ],
  "asks": [
   {
    "price": "0.000038",
    "amount": "723.34364348"
   }
  ]
 },
 "xrausd": {
  "pair": "xrausd",
  "bids": [
   {
    "price": "0.0065",
    "amount": "2400"
   }
  ],
  "asks": [
   {
    "price": "0.00829",
    "amount": "1501.510389"
   }
  ]
 },
 "xrpbtc": {
  "pair": "xrpbtc",
  "bids": [
   {
    "price": "0.00003288",
    "amount": "4514"
   }
  ],
  "asks": [
   {
    "price": "0.0000329",
    "amount": "153.20888749"
   }
  ]
 },
 "xrpusd": {
  "pair": "xrpusd",
  "bids": [
   {
    "price": "0.33669",
    "amount": "3000"
   }
  ],
  "asks": [
   {
    "price": "0.33701",
    "amount": "2657.30756706"
   }
  ]
 },
 "xtzbtc": {
  "pair": "xtzbtc",
  "bids": [
   {
    "price": "0.00033445",
    "amount": "78.81373712"
   }
  ],
  "asks": [
   {
    "price": "0.00033536",
    "amount": "24.65853045"
   }
  ]
 },
 "xtzusd": {
  "pair": "xtzusd",
  "bids": [
   {
    "price": "3.42",
    "amount": "48.90720458"
   }
  ],
  "asks": [
   {
    "price": "3.4244",
    "amount": "19.56957853"
   }
  ]
 },
 "xvgbtc": {
  "pair": "xvgbtc",
  "bids": [
   {
    "price": "5.5e-7",
    "amount": "175980.6852505"
   }
  ],
  "asks": [
   {
    "price": "5.7e-7",
    "amount": "44689.8220333"
   }
  ]
 },
 "xvgeth": {
  "pair": "xvgeth",
  "bids": [
   {
    "price": "0.000014",
    "amount": "96428.5714285"
   }
  ],
  "asks": [
   {
    "price": "0.00002085",
    "amount": "1487.47160688"
   }
  ]
 },
 "xvgeur": {
  "pair": "xvgeur",
  "bids": [
   {
    "price": "0.0051802",
    "amount": "44015.34395993"
   }
  ],
  "asks": [
   {
    "price": "0.0055397",
    "amount": "30000"
   }
  ]
 },
 "xvggbp": {
  "pair": "xvggbp",
  "bids": [
   {
    "price": "0.0043003",
    "amount": "44015.34395993"
   }
  ],
  "asks": [
   {
    "price": "0.0045985",
    "amount": "27888.67605511"
   }
  ]
 },
 "xvgjpy": {
  "pair": "xvgjpy",
  "bids": [
   {
    "price": "0.616",
    "amount": "44015.34395993"
   }
  ],
  "asks": [
   {
    "price": "0.65871",
    "amount": "27888.67605511"
   }
  ]
 },
 "xvgusd": {
  "pair": "xvgusd",
  "bids": [
   {
    "price": "0.0056107",
    "amount": "44015.34395993"
   }
  ],
  "asks": [
   {
    "price": "0.0059999",
    "amount": "30000"
   }
  ]
 },
 "yggeth": {
  "pair": "yggeth",
  "bids": [
   {
    "price": "0.000001",
    "amount": "10000"
   }
  ],
  "asks": [
   {
    "price": "0.00000337",
    "amount": "38016.43511278"
   }
  ]
 },
 "yggusd": {
  "pair": "yggusd",
  "bids": [
   {
    "price": "0.00028",
    "amount": "100000"
   }
  ],
  "asks": [
   {
    "price": "0.000358",
    "amount": "142359.52029065"
   }
  ]
 },
 "yywbtc": {
  "pair": "yywbtc",
  "bids": [
   {
    "price": "0.00000116",
    "amount": "54310.34482759"
   }
  ],
  "asks": [
   {
    "price": "0.00000123",
    "amount": "4014.76962"
   }
  ]
 },
 "yyweth": {
  "pair": "yyweth",
  "bids": [
   {
    "price": "0.0000389",
    "amount": "32895.1885103"
   }
  ],
  "asks": [
   {
    "price": "0.00005",
    "amount": "55060.21631221"
   }
  ]
 },
 "yywusd": {
  "pair": "yywusd",
  "bids": [
   {
    "price": "0.0122",
    "amount": "2726.00967014"
   }
  ],
  "asks": [
   {
    "price": "0.01275",
    "amount": "615"
   }
  ]
 },
 "zbtusd": {
  "pair": "zbtusd",
  "bids": [
   {
    "price": "0.37936",
    "amount": "300"
   }
  ],
  "asks": [
   {
    "price": "0.38616",
    "amount": "224.48312774"
   }
  ]
 },
 "zbtust": {
  "pair": "zbtust",
  "bids": [
   {
    "price": "0.3807",
    "amount": "400"
   }
  ],
  "asks": [
   {
    "price": "0.3859",
    "amount": "5467.96801"
   }
  ]
 },
 "zcnbtc": {
  "pair": "zcnbtc",
  "bids": [
   {
    "price": "0.00000394",
    "amount": "1269.03553299"
   }
  ],
  "asks": [
   {
    "price": "0.00000719",
    "amount": "1.26629275"
   }
  ]
 },
 "zcneth": {
  "pair": "zcneth",
  "bids": [
   {
    "price": "0.00013227",
    "amount": "9674.3239816"
   }
  ],
  "asks": [
   {
    "price": "0.00026999",
    "amount": "293.36764747"
   }
  ]
 },
 "zcnusd": {
  "pair": "zcnusd",
  "bids": [
   {
    "price": "0.045718",
    "amount": "401"
   }
  ],
  "asks": [
   {
    "price": "0.078009",
    "amount": "755.47956867"
   }
  ]
 },
 "zecbtc": {
  "pair": "zecbtc",
  "bids": [
   {
    "price": "0.0069388",
    "amount": "12"
   }
  ],
  "asks": [
   {
    "price": "0.0069542",
    "amount": "1.30117776"
   }
  ]
 },
 "zecusd": {
  "pair": "zecusd",
  "bids": [
   {
    "price": "71.074",
    "amount": "2.575"
   }
  ],
  "asks": [
   {
    "price": "71.218",
    "amount": "0.415221"
   }
  ]
 },
 "zilbtc": {
  "pair": "zilbtc",
  "bids": [
   {
    "price": "8.7e-7",
    "amount": "5257.70114943"
   }
  ],
  "asks": [
   {
    "price": "0.00000129",
    "amount": "772.91828191"
   }
  ]
 },
 "zileth": {
  "pair": "zileth",
  "bids": [
   {
    "price": "0.00002703",
    "amount": "49944.5061043"
   }
  ],
  "asks": [
   {
    "price": "0.00009288",
    "amount": "19980"
   }
  ]
 },
 "zilusd": {
  "pair": "zilusd",
  "bids": [
   {
    "price": "0.00901",
    "amount": "407692.26268798"
   }
  ],
  "asks": [
   {
    "price": "0.009609",
    "amount": "14002.7464546"
   }
  ]
 },
 "zrxbtc": {
  "pair": "zrxbtc",
  "bids": [
   {
    "price": "0.00003447",
    "amount": "1917.13211912"
   }
  ],
  "asks": [
   {
    "price": "0.00003462",
    "amount": "1500"
   }
  ]
 },
 "zrxdai": {
  "pair": "zrxdai",
  "bids": [
   {
    "price": "0.33262",
    "amount": "590.31841718"
   }
  ],
  "asks": [
   {
    "price": "0.40731",
    "amount": "122.41289429"
   }
  ]
 },
 "zrxeth": {
  "pair": "zrxeth",
  "bids": [
   {
    "price": "0.0012431",
    "amount": "1143.9304171"
   }
  ],
  "asks": [
   {
    "price": "0.0012524",
    "amount": "487.74506734"
   }
  ]
 },
 "zrxusd": {
  "pair": "zrxusd",
  "bids": [
   {
    "price": "0.35309",
    "amount": "292.66347526"
   }
  ],
  "asks": [
   {
    "price": "0.3531",
    "amount": "9722.34277341"
   }
  ]
 }
}