[
 {
  "pair": "btcusd",
  "minimum_order_size": "0.0006",
  "maximum_order_size": "2000.0",
  "price_precision": 5
 },
 {
  "pair": "ltcusd",
  "minimum_order_size": "0.2",
  "maximum_order_size": "5000.0",
  "price_precision": 5
 },
 {
  "pair": "ltcbtc",
  "minimum_order_size": "0.2",
  "maximum_order_size": "5000.0",
  "price_precision": 5
 },
 {
  "pair": "ethusd",
  "minimum_order_size": "0.04",
  "maximum_order_size": "5000.0",
  "price_precision": 5
 },
 {
  "pair": "ethbtc",
  "minimum_order_size": "0.04",
  "maximum_order_size": "5000.0",
  "price_precision": 5
 },
 {
  "pair": "etcbtc",
  "minimum_order_size": "2.0",
  "maximum_order_size": "100000.0",
  "price_precision": 5
 },
 {
  "pair": "etcusd",
  "minimum_order_size": "2.0",
  "maximum_order_size": "100000.0",
  "price_precision": 5
 },
 {
  "pair": "rrtusd",
  "minimum_order_size": "186.0",
  "maximum_order_size": "100000.0",
  "price_precision": 5
 },
 {
  "pair": "rrtbtc",
  "minimum_order_size": "186.0",
  "maximum_order_size": "100000.0",
  "price_precision": 5
 },
 {
  "pair": "zecusd",
  "minimum_order_size": "0.2",
  "maximum_order_size": "20000.0",
  "price_precision": 5
 },
 {
  "pair": "zecbtc",
  "minimum_order_size": "0.2",
  "maximum_order_size": "20000.0",
  "price_precision": 5
 },
 {
  "pair": "xmrusd",
  "minimum_order_size": "0.1",
  "maximum_order_size": "5000.0",
  "price_precision": 5
 },
 {
  "pair": "xmrbtc",
  "minimum_order_size": "0.1",
  "maximum_order_size": "5000.0",
  "price_precision": 5
 },
 {
  "pair": "dshusd",
  "minimum_order_size": "0.1",
  "maximum_order_size": "5000.0",
  "price_precision": 5
 },
 {
  "pair": "dshbtc",
  "minimum_order_size": "0.1",
  "maximum_order_size": "5000.0",
  "price_precision": 5
 },
 {
  "pair": "btceur",
  "minimum_order_size": "0.0006",
  "maximum_order_size": "2000.0",
  "price_precision": 5
 },
 {
  "pair": "btcjpy",
  "minimum_order_size": "0.0006",
  "maximum_order_size": "2000.0",
  "price_precision": 5
 },
 {
  "pair": "xrpusd",
  "minimum_order_size": "22.0",
  "maximum_order_size": "200000.0",
  "price_precision": 5
 },
 {
  "pair": "xrpbtc",
  "minimum_order_size": "22.0",
  "maximum_order_size": "200000.0",
  "price_precision": 5
 },
 {
  "pair": "iotusd",
  "minimum_order_size": "26.0",
  "maximum_order_size": "100000.0",
  "price_precision": 5
 },
 {
  "pair": "iotbtc",
  "minimum_order_size": "26.0",
  "maximum_order_size": "100000.0",
  "price_precision": 5
 },
 {
  "pair": "ioteth",
  "minimum_order_size": "26.0",
  "maximum_order_size": "100000.0",
  "price_precision": 5
 },
 {
  "pair": "eosusd",
  "minimum_order_size": "2.0",
  "maximum_order_size": "50000.0",
  "price_precision": 5
 },
 {
  "pair": "eosbtc",
  "minimum_order_size": "2.0",
  "maximum_order_size": "50000.0",
  "price_precision": 5
 },
 {
  "pair": "eoseth",
  "minimum_order_size": "2.0",
  "maximum_order_size": "50000.0",
  "price_precision": 5
 },
 {
  "pair": "sanusd",
  "minimum_order_size": "20.0",
  "maximum_order_size": "200000.0",
  "price_precision": 5
 },
 {
  "pair": "sanbtc",
  "minimum_order_size": "20.0",
  "maximum_order_size": "200000.0",
  "price_precision": 5
 },
 {
  "pair": "saneth",
  "minimum_order_size": "20.0",
  "maximum_order_size": "200000.0",
  "price_precision": 5
 },
 {
  "pair": "omgusd",
  "minimum_order_size": "6.0",
  "maximum_order_size": "100000.0",
  "price_precision": 5
 },
 {
  "pair": "omgbtc",
  "minimum_order_size": "6.0",
  "maximum_order_size": "100000.0",
  "price_precision": 5
 },
 {
  "pair": "omgeth",
  "minimum_order_size": "6.0",
  "maximum_order_size": "100000.0",
  "price_precision": 5
 },
 {
  "pair": "neousd",
  "minimum_order_size": "0.6",
  "maximum_order_size": "10000.0",
  "price_precision": 5
 },
 {
  "pair": "neobtc",
  "minimum_order_size": "0.6",
  "maximum_order_size": "10000.0",
  "price_precision": 5
 },
 {
  "pair": "neoeth",
  "minimum_order_size": "0.6",
  "maximum_order_size": "10000.0",
  "price_precision": 5
 },
 {
  "pair": "etpusd",
  "minimum_order_size": "12.0",
  "maximum_order_size": "10000.0",
  "price_precision": 5
 },
 {
  "pair": "etpbtc",
  "minimum_order_size": "12.0",
  "maximum_order_size": "10000.0",
  "price_precision": 5
 },
 {
  "pair": "etpeth",
  "minimum_order_size": "12.0",
  "maximum_order_size": "10000.0",
  "price_precision": 5
 },
 {
  "pair": "qtmusd",
  "minimum_order_size": "2.0",
  "maximum_order_size": "5000.0",
  "price_precision": 5
 },
 {
  "pair": "qtmbtc",
  "minimum_order_size": "2.0",
  "maximum_order_size": "5000.0",
  "price_precision": 5
 },
 {
  "pair": "qtmeth",
  "minimum_order_size": "2.0",
  "maximum_order_size": "5000.0",
  "price_precision": 5
 },
 {
  "pair": "avtusd",
  "minimum_order_size": "46.0",
  "maximum_order_size": "50000.0",
  "price_precision": 5
 },
 {
  "pair": "avtbtc",
  "minimum_order_size": "46.0",
  "maximum_order_size": "50000.0",
  "price_precision": 5
 },
 {
  "pair": "avteth",
  "minimum_order_size": "46.0",
  "maximum_order_size": "50000.0",
  "price_precision": 5
 },
 {
  "pair": "edousd",
  "minimum_order_size": "22.0",
  "maximum_order_size": "50000.0",
  "price_precision": 5
 },
 {
  "pair": "edobtc",
  "minimum_order_size": "22.0",
  "maximum_order_size": "50000.0",
  "price_precision": 5
 },
 {
  "pair": "edoeth",
  "minimum_order_size": "22.0",
  "maximum_order_size": "50000.0",
  "price_precision": 5
 },
 {
  "pair": "btgusd",
  "minimum_order_size": "0.8",
  "maximum_order_size": "2000.0",
  "price_precision": 5
 },
 {
  "pair": "btgbtc",
  "minimum_order_size": "0.8",
  "maximum_order_size": "2000.0",
  "price_precision": 5
 },
 {
  "pair": "datusd",
  "minimum_order_size": "340.0",
  "maximum_order_size": "250000.0",
  "price_precision": 5
 },
 {
  "pair": "datbtc",
  "minimum_order_size": "340.0",
  "maximum_order_size": "250000.0",
  "price_precision": 5
 },
 {
  "pair": "dateth",
  "minimum_order_size": "340.0",
  "maximum_order_size": "250000.0",
  "price_precision": 5
 },
 {
  "pair": "qshusd",
  "minimum_order_size": "100.0",
  "maximum_order_size": "50000.0",
  "price_precision": 5
 },
 {
  "pair": "qshbtc",
  "minimum_order_size": "100.0",
  "maximum_order_size": "50000.0",
  "price_precision": 5
 },
 {
  "pair": "qsheth",
  "minimum_order_size": "100.0",
  "maximum_order_size": "50000.0",
  "price_precision": 5
 },
 {
  "pair": "yywusd",
  "minimum_order_size": "436.0",
  "maximum_order_size": "50000.0",
  "price_precision": 5
 },
 {
  "pair": "yywbtc",
  "minimum_order_size": "436.0",
  "maximum_order_size": "50000.0",
  "price_precision": 5
 },
 {
  "pair": "yyweth",
  "minimum_order_size": "436.0",
  "maximum_order_size": "50000.0",
  "price_precision": 5
 },
 {
  "pair": "gntusd",
  "minimum_order_size": "138.0",
  "maximum_order_size": "200000.0",
  "price_precision": 5
 },
 {
  "pair": "gntbtc",
  "minimum_order_size": "138.0",
  "maximum_order_size": "200000.0",
  "price_precision": 5
 },
 {
  "pair": "gnteth",
  "minimum_order_size": "138.0",
  "maximum_order_size": "200000.0",
  "price_precision": 5
 },
 {
  "pair": "sntusd",
  "minimum_order_size": "482.0",
  "maximum_order_size": "500000.0",
  "price_precision": 5
 },
 {
  "pair": "sntbtc",
  "minimum_order_size": "482.0",
  "maximum_order_size": "500000.0",
  "price_precision": 5
 },
 {
  "pair": "snteth",
  "minimum_order_size": "482.0",
  "maximum_order_size": "500000.0",
  "price_precision": 5
 },
 {
  "pair": "ioteur",
  "minimum_order_size": "26.0",
  "maximum_order_size": "100000.0",
  "price_precision": 5
 },
 {
  "pair": "batusd",
  "minimum_order_size": "28.0",
  "maximum_order_size": "200000.0",
  "price_precision": 5
 },
 {
  "pair": "batbtc",
  "minimum_order_size": "28.0",
  "maximum_order_size": "200000.0",
  "price_precision": 5
 },
 {
  "pair": "bateth",
  "minimum_order_size": "28.0",
  "maximum_order_size": "200000.0",
  "price_precision": 5
 },
 {
  "pair": "mnausd",
  "minimum_order_size": "206.0",
  "maximum_order_size": "200000.0",
  "price_precision": 5
 },
 {
  "pair": "mnabtc",
  "minimum_order_size": "206.0",
  "maximum_order_size": "200000.0",
  "price_precision": 5
 },
 {
  "pair": "mnaeth",
  "minimum_order_size": "206.0",
  "maximum_order_size": "200000.0",
  "price_precision": 5
 },
 {
  "pair": "funusd",
  "minimum_order_size": "1748.0",
  "maximum_order_size": "200000.0",
  "price_precision": 5
 },
 {
  "pair": "funbtc",
  "minimum_order_size": "1748.0",
  "maximum_order_size": "200000.0",
  "price_precision": 5
 },
 {
  "pair": "funeth",
  "minimum_order_size": "1748.0",
  "maximum_order_size": "200000.0",
  "price_precision": 5
 },
 {
  "pair": "zrxusd",
  "minimum_order_size": "22.0",
  "maximum_order_size": "200000.0",
  "price_precision": 5
 },
 {
  "pair": "zrxbtc",
  "minimum_order_size": "22.0",
  "maximum_order_size": "200000.0",
  "price_precision": 5
 },
 {
  "pair": "zrxeth",
  "minimum_order_size": "22.0",
  "maximum_order_size": "200000.0",
  "price_precision": 5
 },
 {
  "pair": "tnbusd",
  "minimum_order_size": "2352.0",
  "maximum_order_size": "200000.0",
  "price_precision": 5
 },
 {
  "pair": "tnbbtc",
  "minimum_order_size": "2352.0",
  "maximum_order_size": "200000.0",
  "price_precision": 5
 },
 {
  "pair": "tnbeth",
  "minimum_order_size": "2352.0",
  "maximum_order_size": "200000.0",
  "price_precision": 5
 },
 {
  "pair": "spkusd",
  "minimum_order_size": "1266.0",
  "maximum_order_size": "200000.0",
  "price_precision": 5
 },
 {
  "pair": "spkbtc",
  "minimum_order_size": "1266.0",
  "maximum_order_size": "200000.0",
  "price_precision": 5
 },
 {
  "pair": "spketh",
  "minimum_order_size": "1266.0",
  "maximum_order_size": "200000.0",
  "price_precision": 5
 },
 {
  "pair": "trxusd",
  "minimum_order_size": "352.0",
  "maximum_order_size": "1000000.0",
  "price_precision": 5
 },
 {
  "pair": "trxbtc",
  "minimum_order_size": "352.0",
  "maximum_order_size": "1000000.0",
  "price_precision": 5
 },
 {
  "pair": "trxeth",
  "minimum_order_size": "352.0",
  "maximum_order_size": "1000000.0",
  "price_precision": 5
 },
 {
  "pair": "rcnusd",
  "minimum_order_size": "106.0",
  "maximum_order_size": "200000.0",
  "price_precision": 5
 },
 {
  "pair": "rcnbtc",
  "minimum_order_size": "106.0",
  "maximum_order_size": "200000.0",
  "price_precision": 5
 },
 {
  "pair": "rcneth",
  "minimum_order_size": "106.0",
  "maximum_order_size": "200000.0",
  "price_precision": 5
 },
 {
  "pair": "rlcusd",
  "minimum_order_size": "8.0",
  "maximum_order_size": "25000.0",
  "price_precision": 5
 },
 {
  "pair": "rlcbtc",
  "minimum_order_size": "8.0",
  "maximum_order_size": "25000.0",
  "price_precision": 5
 },
 {
  "pair": "rlceth",
  "minimum_order_size": "8.0",
  "maximum_order_size": "25000.0",
  "price_precision": 5
 },
 {
  "pair": "aidusd",
  "minimum_order_size": "528.0",
  "maximum_order_size": "200000.0",
  "price_precision": 5
 },
 {
  "pair": "aidbtc",
  "minimum_order_size": "528.0",
  "maximum_order_size": "200000.0",
  "price_precision": 5
 },
 {
  "pair": "aideth",
  "minimum_order_size": "528.0",
  "maximum_order_size": "200000.0",
  "price_precision": 5
 },
 {
  "pair": "sngusd",
  "minimum_order_size": "506.0",
  "maximum_order_size": "200000.0",
  "price_precision": 5
 },
 {
  "pair": "sngbtc",
  "minimum_order_size": "506.0",
  "maximum_order_size": "200000.0",
  "price_precision": 5
 },
 {
  "pair": "sngeth",
  "minimum_order_size": "506.0",
  "maximum_order_size": "200000.0",
  "price_precision": 5
 },
 {
  "pair": "repusd",
  "minimum_order_size": "0.4",
  "maximum_order_size": "1000.0",
  "price_precision": 5
 },
 {
  "pair": "repbtc",
  "minimum_order_size": "0.4",
  "maximum_order_size": "1000.0",
  "price_precision": 5
 },
 {
  "pair": "repeth",
  "minimum_order_size": "0.4",
  "maximum_order_size": "1000.0",
  "price_precision": 5
 },
 {
  "pair": "elfusd",
  "minimum_order_size": "74.0",
  "maximum_order_size": "75000.0",
  "price_precision": 5
 },
 {
  "pair": "elfbtc",
  "minimum_order_size": "74.0",
  "maximum_order_size": "75000.0",
  "price_precision": 5
 },
 {
  "pair": "elfeth",
  "minimum_order_size": "74.0",
  "maximum_order_size": "75000.0",
  "price_precision": 5
 },
 {
  "pair": "necusd",
  "minimum_order_size": "62.0",
  "maximum_order_size": "200000.0",
  "price_precision": 5
 },
 {
  "pair": "necbtc",
  "minimum_order_size": "62.0",
  "maximum_order_size": "200000.0",
  "price_precision": 5
 },
 {
  "pair": "neceth",
  "minimum_order_size": "62.0",
  "maximum_order_size": "200000.0",
  "price_precision": 5
 },
 {
  "pair": "btcgbp",
  "minimum_order_size": "0.0006",
  "maximum_order_size": "2000.0",
  "price_precision": 5
 },
 {
  "pair": "etheur",
  "minimum_order_size": "0.04",
  "maximum_order_size": "5000.0",
  "price_precision": 5
 },
 {
  "pair": "ethjpy",
  "minimum_order_size": "0.04",
  "maximum_order_size": "5000.0",
  "price_precision": 5
 },
 {
  "pair": "ethgbp",
  "minimum_order_size": "0.04",
  "maximum_order_size": "5000.0",
  "price_precision": 5
 },
 {
  "pair": "neoeur",
  "minimum_order_size": "0.6",
  "maximum_order_size": "10000.0",
  "price_precision": 5
 },
 {
  "pair": "neojpy",
  "minimum_order_size": "0.6",
  "maximum_order_size": "10000.0",
  "price_precision": 5
 },
 {
  "pair": "neogbp",
  "minimum_order_size": "0.6",
  "maximum_order_size": "10000.0",
  "price_precision": 5
 },
 {
  "pair": "eoseur",
  "minimum_order_size": "2.0",
  "maximum_order_size": "50000.0",
  "price_precision": 5
 },
 {
  "pair": "eosjpy",
  "minimum_order_size": "2.0",
  "maximum_order_size": "50000.0",
  "price_precision": 5
 },
 {
  "pair": "eosgbp",
  "minimum_order_size": "2.0",
  "maximum_order_size": "50000.0",
  "price_precision": 5
 },
 {
  "pair": "iotjpy",
  "minimum_order_size": "26.0",
  "maximum_order_size": "100000.0",
  "price_precision": 5
 },
 {
  "pair": "iotgbp",
  "minimum_order_size": "26.0",
  "maximum_order_size": "100000.0",
  "price_precision": 5
 },
 {
  "pair": "iosusd",
  "minimum_order_size": "952.0",
  "maximum_order_size": "200000.0",
  "price_precision": 5
 },
 {
  "pair": "iosbtc",
  "minimum_order_size": "952.0",
  "maximum_order_size": "200000.0",
  "price_precision": 5
 },
 {
  "pair": "ioseth",
  "minimum_order_size": "952.0",
  "maximum_order_size": "200000.0",
  "price_precision": 5
 },
 {
  "pair": "aiousd",
  "minimum_order_size": "84.0",
  "maximum_order_size": "20000.0",
  "price_precision": 5
 },
 {
  "pair": "aiobtc",
  "minimum_order_size": "84.0",
  "maximum_order_size": "20000.0",
  "price_precision": 5
 },
 {
  "pair": "aioeth",
  "minimum_order_size": "84.0",
  "maximum_order_size": "20000.0",
  "price_precision": 5
 },
 {
  "pair": "requsd",
  "minimum_order_size": "364.0",
  "maximum_order_size": "100000.0",
  "price_precision": 5
 },
 {
  "pair": "reqbtc",
  "minimum_order_size": "364.0",
  "maximum_order_size": "100000.0",
  "price_precision": 5
 },
 {
  "pair": "reqeth",
  "minimum_order_size": "364.0",
  "maximum_order_size": "100000.0",
  "price_precision": 5
 },
 {
  "pair": "rdnusd",
  "minimum_order_size": "40.0",
  "maximum_order_size": "20000.0",
  "price_precision": 5
 },
 {
  "pair": "rdnbtc",
  "minimum_order_size": "40.0",
  "maximum_order_size": "20000.0",
  "price_precision": 5
 },
 {
  "pair": "rdneth",
  "minimum_order_size": "40.0",
  "maximum_order_size": "20000.0",
  "price_precision": 5
 },
 {
  "pair": "lrcusd",
  "minimum_order_size": "182.0",
  "maximum_order_size": "50000.0",
  "price_precision": 5
 },
 {
  "pair": "lrcbtc",
  "minimum_order_size": "182.0",
  "maximum_order_size": "50000.0",
  "price_precision": 5
 },
 {
  "pair": "lrceth",
  "minimum_order_size": "182.0",
  "maximum_order_size": "50000.0",
  "price_precision": 5
 },
 {
  "pair": "waxusd",
  "minimum_order_size": "186.0",
  "maximum_order_size": "50000.0",
  "price_precision": 5
 },
 {
  "pair": "waxbtc",
  "minimum_order_size": "186.0",
  "maximum_order_size": "50000.0",
  "price_precision": 5
 },
 {
  "pair": "waxeth",
  "minimum_order_size": "186.0",
  "maximum_order_size": "50000.0",
  "price_precision": 5
 },
 {
  "pair": "daiusd",
  "minimum_order_size": "4.0",
  "maximum_order_size": "20000.0",
  "price_precision": 5
 },
 {
  "pair": "daibtc",
  "minimum_order_size": "4.0",
  "maximum_order_size": "20000.0",
  "price_precision": 5
 },
 {
  "pair": "daieth",
  "minimum_order_size": "4.0",
  "maximum_order_size": "20000.0",
  "price_precision": 5
 },
 {
  "pair": "agiusd",
  "minimum_order_size": "246.0",
  "maximum_order_size": "200000.0",
  "price_precision": 5
 },
 {
  "pair": "agibtc",
  "minimum_order_size": "246.0",
  "maximum_order_size": "200000.0",
  "price_precision": 5
 },
 {
  "pair": "agieth",
  "minimum_order_size": "246.0",
  "maximum_order_size": "200000.0",
  "price_precision": 5
 },
 {
  "pair": "bftusd",
  "minimum_order_size": "374.0",
  "maximum_order_size": "200000.0",
  "price_precision": 5
 },
 {
  "pair": "bftbtc",
  "minimum_order_size": "374.0",
  "maximum_order_size": "200000.0",
  "price_precision": 5
 },
 {
  "pair": "bfteth",
  "minimum_order_size": "374.0",
  "maximum_order_size": "200000.0",
  "price_precision": 5
 },
 {
  "pair": "mtnusd",
  "minimum_order_size": "1810.0",
  "maximum_order_size": "200000.0",
  "price_precision": 5
 },
 {
  "pair": "mtnbtc",
  "minimum_order_size": "1810.0",
  "maximum_order_size": "200000.0",
  "price_precision": 5
 },
 {
  "pair": "mtneth",
  "minimum_order_size": "1810.0",
  "maximum_order_size": "200000.0",
  "price_precision": 5
 },
 {
  "pair": "odeusd",
  "minimum_order_size": "82.0",
  "maximum_order_size": "200000.0",
  "price_precision": 5
 },
 {
  "pair": "odebtc",
  "minimum_order_size": "82.0",
  "maximum_order_size": "200000.0",
  "price_precision": 5
 },
 {
  "pair": "odeeth",
  "minimum_order_size": "82.0",
  "maximum_order_size": "200000.0",
  "price_precision": 5
 },
 {
  "pair": "antusd",
  "minimum_order_size": "10.0",
  "maximum_order_size": "10000.0",
  "price_precision": 5
 },
 {
  "pair": "antbtc",
  "minimum_order_size": "10.0",
  "maximum_order_size": "10000.0",
  "price_precision": 5
 },
 {
  "pair": "anteth",
  "minimum_order_size": "10.0",
  "maximum_order_size": "10000.0",
  "price_precision": 5
 },
 {
  "pair": "dthusd",
  "minimum_order_size": "2118.0",
  "maximum_order_size": "100000.0",
  "price_precision": 5
 },
 {
  "pair": "dthbtc",
  "minimum_order_size": "2118.0",
  "maximum_order_size": "100000.0",
  "price_precision": 5
 },
 {
  "pair": "dtheth",
  "minimum_order_size": "2118.0",
  "maximum_order_size": "100000.0",
  "price_precision": 5
 },
 {
  "pair": "mitusd",
  "minimum_order_size": "574.0",
  "maximum_order_size": "30000.0",
  "price_precision": 5
 },
 {
  "pair": "mitbtc",
  "minimum_order_size": "574.0",
  "maximum_order_size": "30000.0",
  "price_precision": 5
 },
 {
  "pair": "miteth",
  "minimum_order_size": "574.0",
  "maximum_order_size": "30000.0",
  "price_precision": 5
 },
 {
  "pair": "stjusd",
  "minimum_order_size": "38.0",
  "maximum_order_size": "30000.0",
  "price_precision": 5
 },
 {
  "pair": "stjbtc",
  "minimum_order_size": "38.0",
  "maximum_order_size": "30000.0",
  "price_precision": 5
 },
 {
  "pair": "stjeth",
  "minimum_order_size": "38.0",
  "maximum_order_size": "30000.0",
  "price_precision": 5
 },
 {
  "pair": "xlmusd",
  "minimum_order_size": "94.0",
  "maximum_order_size": "100000.0",
  "price_precision": 5
 },
 {
  "pair": "xlmeur",
  "minimum_order_size": "94.0",
  "maximum_order_size": "100000.0",
  "price_precision": 5
 },
 {
  "pair": "xlmjpy",
  "minimum_order_size": "94.0",
  "maximum_order_size": "100000.0",
  "price_precision": 5
 },
 {
  "pair": "xlmgbp",
  "minimum_order_size": "94.0",
  "maximum_order_size": "100000.0",
  "price_precision": 5
 },
 {
  "pair": "xlmbtc",
  "minimum_order_size": "94.0",
  "maximum_order_size": "100000.0",
  "price_precision": 5
 },
 {
  "pair": "xlmeth",
  "minimum_order_size": "94.0",
  "maximum_order_size": "100000.0",
  "price_precision": 5
 },
 {
  "pair": "xvgusd",
  "minimum_order_size": "1298.0",
  "maximum_order_size": "1500000.0",
  "price_precision": 5
 },
 {
  "pair": "xvgeur",
  "minimum_order_size": "1298.0",
  "maximum_order_size": "500000.0",
  "price_precision": 5
 },
 {
  "pair": "xvgjpy",
  "minimum_order_size": "1298.0",
  "maximum_order_size": "1500000.0",
  "price_precision": 5
 },
 {
  "pair": "xvggbp",
  "minimum_order_size": "1298.0",
  "maximum_order_size": "1500000.0",
  "price_precision": 5
 },
 {
  "pair": "xvgbtc",
  "minimum_order_size": "1298.0",
  "maximum_order_size": "1500000.0",
  "price_precision": 5
 },
 {
  "pair": "xvgeth",
  "minimum_order_size": "1298.0",
  "maximum_order_size": "1500000.0",
  "price_precision": 5
 },
 {
  "pair": "bciusd",
  "minimum_order_size": "180.0",
  "maximum_order_size": "5000.0",
  "price_precision": 5
 },
 {
  "pair": "bcibtc",
  "minimum_order_size": "180.0",
  "maximum_order_size": "5000.0",
  "price_precision": 5
 },
 {
  "pair": "mkrusd",
  "minimum_order_size": "0.01",
  "maximum_order_size": "50.0",
  "price_precision": 5
 },
 {
  "pair": "mkrbtc",
  "minimum_order_size": "0.01",
  "maximum_order_size": "50.0",
  "price_precision": 5
 },
 {
  "pair": "mkreth",
  "minimum_order_size": "0.01",
  "maximum_order_size": "50.0",
  "price_precision": 5
 },
 {
  "pair": "kncusd",
  "minimum_order_size": "28.0",
  "maximum_order_size": "100000.0",
  "price_precision": 5
 },
 {
  "pair": "kncbtc",
  "minimum_order_size": "28.0",
  "maximum_order_size": "20000.0",
  "price_precision": 5
 },
 {
  "pair": "knceth",
  "minimum_order_size": "28.0",
  "maximum_order_size": "100000.0",
  "price_precision": 5
 },
 {
  "pair": "poausd",
  "minimum_order_size": "306.0",
  "maximum_order_size": "150000.0",
  "price_precision": 5
 },
 {
  "pair": "poabtc",
  "minimum_order_size": "306.0",
  "maximum_order_size": "150000.0",
  "price_precision": 5
 },
 {
  "pair": "poaeth",
  "minimum_order_size": "306.0",
  "maximum_order_size": "150000.0",
  "price_precision": 5
 },
 {
  "pair": "evtusd",
  "minimum_order_size": "16656.0",
  "maximum_order_size": "200000.0",
  "price_precision": 5
 },
 {
  "pair": "lymusd",
  "minimum_order_size": "1428.0",
  "maximum_order_size": "400000.0",
  "price_precision": 5
 },
 {
  "pair": "lymbtc",
  "minimum_order_size": "1428.0",
  "maximum_order_size": "400000.0",
  "price_precision": 5
 },
 {
  "pair": "lymeth",
  "minimum_order_size": "1428.0",
  "maximum_order_size": "400000.0",
  "price_precision": 5
 },
 {
  "pair": "utkusd",
  "minimum_order_size": "350.0",
  "maximum_order_size": "300000.0",
  "price_precision": 5
 },
 {
  "pair": "utkbtc",
  "minimum_order_size": "350.0",
  "maximum_order_size": "300000.0",
  "price_precision": 5
 },
 {
  "pair": "utketh",
  "minimum_order_size": "350.0",
  "maximum_order_size": "300000.0",
  "price_precision": 5
 },
 {
  "pair": "veeusd",
  "minimum_order_size": "3510.0",
  "maximum_order_size": "800000.0",
  "price_precision": 5
 },
 {
  "pair": "veebtc",
  "minimum_order_size": "3510.0",
  "maximum_order_size": "800000.0",
  "price_precision": 5
 },
 {
  "pair": "veeeth",
  "minimum_order_size": "3510.0",
  "maximum_order_size": "800000.0",
  "price_precision": 5
 },
 {
  "pair": "dadusd",
  "minimum_order_size": "124.0",
  "maximum_order_size": "200000.0",
  "price_precision": 5
 },
 {
  "pair": "dadbtc",
  "minimum_order_size": "124.0",
  "maximum_order_size": "200000.0",
  "price_precision": 5
 },
 {
  "pair": "dadeth",
  "minimum_order_size": "124.0",
  "maximum_order_size": "200000.0",
  "price_precision": 5
 },
 {
  "pair": "orsusd",
  "minimum_order_size": "154.0",
  "maximum_order_size": "500000.0",
  "price_precision": 5
 },
 {
  "pair": "orsbtc",
  "minimum_order_size": "154.0",
  "maximum_order_size": "500000.0",
  "price_precision": 5
 },
 {
  "pair": "orseth",
  "minimum_order_size": "154.0",
  "maximum_order_size": "500000.0",
  "price_precision": 5
 },
 {
  "pair": "aucusd",
  "minimum_order_size": "1734.0",
  "maximum_order_size": "150000.0",
  "price_precision": 5
 },
 {
  "pair": "aucbtc",
  "minimum_order_size": "1734.0",
  "maximum_order_size": "150000.0",
  "price_precision": 5
 },
 {
  "pair": "auceth",
  "minimum_order_size": "1734.0",
  "maximum_order_size": "150000.0",
  "price_precision": 5
 },
 {
  "pair": "poyusd",
  "minimum_order_size": "226.0",
  "maximum_order_size": "100000.0",
  "price_precision": 5
 },
 {
  "pair": "poybtc",
  "minimum_order_size": "226.0",
  "maximum_order_size": "100000.0",
  "price_precision": 5
 },
 {
  "pair": "poyeth",
  "minimum_order_size": "226.0",
  "maximum_order_size": "100000.0",
  "price_precision": 5
 },
 {
  "pair": "fsnusd",
  "minimum_order_size": "14.0",
  "maximum_order_size": "10000.0",
  "price_precision": 5
 },
 {
  "pair": "fsnbtc",
  "minimum_order_size": "14.0",
  "maximum_order_size": "10000.0",
  "price_precision": 5
 },
 {
  "pair": "fsneth",
  "minimum_order_size": "14.0",
  "maximum_order_size": "10000.0",
  "price_precision": 5
 },
 {
  "pair": "cbtusd",
  "minimum_order_size": "164.0",
  "maximum_order_size": "1000000.0",
  "price_precision": 5
 },
 {
  "pair": "cbtbtc",
  "minimum_order_size": "164.0",
  "maximum_order_size": "1000000.0",
  "price_precision": 5
 },
 {
  "pair": "cbteth",
  "minimum_order_size": "164.0",
  "maximum_order_size": "1000000.0",
  "price_precision": 5
 },
 {
  "pair": "zcnusd",
  "minimum_order_size": "120.0",
  "maximum_order_size": "50000.0",
  "price_precision": 5
 },
 {
  "pair": "zcnbtc",
  "minimum_order_size": "120.0",
  "maximum_order_size": "50000.0",
  "price_precision": 5
 },
 {
  "pair": "zcneth",
  "minimum_order_size": "120.0",
  "maximum_order_size": "50000.0",
  "price_precision": 5
 },
 {
  "pair": "senusd",
  "minimum_order_size": "8774.0",
  "maximum_order_size": "200000.0",
  "price_precision": 5
 },
 {
  "pair": "senbtc",
  "minimum_order_size": "8774.0",
  "maximum_order_size": "200000.0",
  "price_precision": 5
 },
 {
  "pair": "seneth",
  "minimum_order_size": "8774.0",
  "maximum_order_size": "200000.0",
  "price_precision": 5
 },
 {
  "pair": "ncausd",
  "minimum_order_size": "4542.0",
  "maximum_order_size": "200000.0",
  "price_precision": 5
 },
 {
  "pair": "ncabtc",
  "minimum_order_size": "4542.0",
  "maximum_order_size": "200000.0",
  "price_precision": 5
 },
 {
  "pair": "ncaeth",
  "minimum_order_size": "4542.0",
  "maximum_order_size": "200000.0",
  "price_precision": 5
 },
 {
  "pair": "cndusd",
  "minimum_order_size": "362.0",
  "maximum_order_size": "100000.0",
  "price_precision": 5
 },
 {
  "pair": "cndbtc",
  "minimum_order_size": "362.0",
  "maximum_order_size": "100000.0",
  "price_precision": 5
 },
 {
  "pair": "cndeth",
  "minimum_order_size": "362.0",
  "maximum_order_size": "100000.0",
  "price_precision": 5
 },
 {
  "pair": "ctxusd",
  "minimum_order_size": "50.0",
  "maximum_order_size": "50000.0",
  "price_precision": 5
 },
 {
  "pair": "ctxbtc",
  "minimum_order_size": "50.0",
  "maximum_order_size": "50000.0",
  "price_precision": 5
 },
 {
  "pair": "ctxeth",
  "minimum_order_size": "50.0",
  "maximum_order_size": "50000.0",
  "price_precision": 5
 },
 {
  "pair": "paiusd",
  "minimum_order_size": "346.0",
  "maximum_order_size": "100000.0",
  "price_precision": 5
 },
 {
  "pair": "paibtc",
  "minimum_order_size": "346.0",
  "maximum_order_size": "100000.0",
  "price_precision": 5
 },
 {
  "pair": "seeusd",
  "minimum_order_size": "8492.0",
  "maximum_order_size": "2000000.0",
  "price_precision": 5
 },
 {
  "pair": "seebtc",
  "minimum_order_size": "8492.0",
  "maximum_order_size": "2000000.0",
  "price_precision": 5
 },
 {
  "pair": "seeeth",
  "minimum_order_size": "8492.0",
  "maximum_order_size": "2000000.0",
  "price_precision": 5
 },
 {
  "pair": "essusd",
  "minimum_order_size": "7936.0",
  "maximum_order_size": "200000.0",
  "price_precision": 5
 },
 {
  "pair": "essbtc",
  "minimum_order_size": "7936.0",
  "maximum_order_size": "200000.0",
  "price_precision": 5
 },
 {
  "pair": "esseth",
  "minimum_order_size": "7936.0",
  "maximum_order_size": "200000.0",
  "price_precision": 5
 },
 {
  "pair": "atmusd",
  "minimum_order_size": "20934.0",
  "maximum_order_size": "500000.0",
  "price_precision": 5
 },
 {
  "pair": "atmbtc",
  "minimum_order_size": "20934.0",
  "maximum_order_size": "500000.0",
  "price_precision": 5
 },
 {
  "pair": "atmeth",
  "minimum_order_size": "20934.0",
  "maximum_order_size": "500000.0",
  "price_precision": 5
 },
 {
  "pair": "hotusd",
  "minimum_order_size": "1198.0",
  "maximum_order_size": "1000000.0",
  "price_precision": 5
 },
 {
  "pair": "hotbtc",
  "minimum_order_size": "1198.0",
  "maximum_order_size": "1000000.0",
  "price_precision": 5
 },
 {
  "pair": "hoteth",
  "minimum_order_size": "1198.0",
  "maximum_order_size": "1000000.0",
  "price_precision": 5
 },
 {
  "pair": "dtausd",
  "minimum_order_size": "16756.0",
  "maximum_order_size": "5000000.0",
  "price_precision": 5
 },
 {
  "pair": "dtabtc",
  "minimum_order_size": "16756.0",
  "maximum_order_size": "5000000.0",
  "price_precision": 5
 },
 {
  "pair": "dtaeth",
  "minimum_order_size": "16756.0",
  "maximum_order_size": "5000000.0",
  "price_precision": 5
 },
 {
  "pair": "iqxusd",
  "minimum_order_size": "3398.0",
  "maximum_order_size": "100000.0",
  "price_precision": 5
 },
 {
  "pair": "iqxbtc",
  "minimum_order_size": "3398.0",
  "maximum_order_size": "100000.0",
  "price_precision": 5
 },
 {
  "pair": "iqxeos",
  "minimum_order_size": "3398.0",
  "maximum_order_size": "100000.0",
  "price_precision": 5
 },
 {
  "pair": "wprusd",
  "minimum_order_size": "582.0",
  "maximum_order_size": "800000.0",
  "price_precision": 5
 },
 {
  "pair": "wprbtc",
  "minimum_order_size": "582.0",
  "maximum_order_size": "800000.0",
  "price_precision": 5
 },
 {
  "pair": "wpreth",
  "minimum_order_size": "582.0",
  "maximum_order_size": "800000.0",
  "price_precision": 5
 },
 {
  "pair": "zilusd",
  "minimum_order_size": "708.0",
  "maximum_order_size": "1500000.0",
  "price_precision": 5
 },
 {
  "pair": "zilbtc",
  "minimum_order_size": "708.0",
  "maximum_order_size": "1500000.0",
  "price_precision": 5
 },
 {
  "pair": "zileth",
  "minimum_order_size": "708.0",
  "maximum_order_size": "1500000.0",
  "price_precision": 5
 },
 {
  "pair": "bntusd",
  "minimum_order_size": "16.0",
  "maximum_order_size": "20000.0",
  "price_precision": 5
 },
 {
  "pair": "bntbtc",
  "minimum_order_size": "16.0",
  "maximum_order_size": "20000.0",
  "price_precision": 5
 },
 {
  "pair": "bnteth",
  "minimum_order_size": "16.0",
  "maximum_order_size": "20000.0",
  "price_precision": 5
 },
 {
  "pair": "absusd",
  "minimum_order_size": "596.0",
  "maximum_order_size": "500000.0",
  "price_precision": 5
 },
 {
  "pair": "abseth",
  "minimum_order_size": "596.0",
  "maximum_order_size": "500000.0",
  "price_precision": 5
 },
 {
  "pair": "xrausd",
  "minimum_order_size": "1236.0",
  "maximum_order_size": "500000.0",
  "price_precision": 5
 },
 {
  "pair": "xraeth",
  "minimum_order_size": "1236.0",
  "maximum_order_size": "500000.0",
  "price_precision": 5
 },
 {
  "pair": "manusd",
  "minimum_order_size": "54.0",
  "maximum_order_size": "50000.0",
  "price_precision": 5
 },
 {
  "pair": "maneth",
  "minimum_order_size": "54.0",
  "maximum_order_size": "50000.0",
  "price_precision": 5
 },
 {
  "pair": "bbnusd",
  "minimum_order_size": "16070.0",
  "maximum_order_size": "200000.0",
  "price_precision": 5
 },
 {
  "pair": "bbneth",
  "minimum_order_size": "16070.0",
  "maximum_order_size": "200000.0",
  "price_precision": 5
 },
 {
  "pair": "niousd",
  "minimum_order_size": "2314.0",
  "maximum_order_size": "200000.0",
  "price_precision": 5
 },
 {
  "pair": "nioeth",
  "minimum_order_size": "2314.0",
  "maximum_order_size": "200000.0",
  "price_precision": 5
 },
 {
  "pair": "dgxusd",
  "minimum_order_size": "0.2",
  "maximum_order_size": "750.0",
  "price_precision": 5
 },
 {
  "pair": "dgxeth",
  "minimum_order_size": "0.2",
  "maximum_order_size": "750.0",
  "price_precision": 5
 },
 {
  "pair": "vetusd",
  "minimum_order_size": "774.0",
  "maximum_order_size": "5000000.0",
  "price_precision": 5
 },
 {
  "pair": "vetbtc",
  "minimum_order_size": "774.0",
  "maximum_order_size": "5000000.0",
  "price_precision": 5
 },
 {
  "pair": "veteth",
  "minimum_order_size": "774.0",
  "maximum_order_size": "5000000.0",
  "price_precision": 5
 },
 {
  "pair": "utnusd",
  "minimum_order_size": "2332.0",
  "maximum_order_size": "5000000.0",
  "price_precision": 5
 },
 {
  "pair": "utneth",
  "minimum_order_size": "2332.0",
  "maximum_order_size": "5000000.0",
  "price_precision": 5
 },
 {
  "pair": "tknusd",
  "minimum_order_size": "20.0",
  "maximum_order_size": "50000.0",
  "price_precision": 5
 },
 {
  "pair": "tkneth",
  "minimum_order_size": "20.0",
  "maximum_order_size": "50000.0",
  "price_precision": 5
 },
 {
  "pair": "gotusd",
  "minimum_order_size": "22.0",
  "maximum_order_size": "50000.0",
  "price_precision": 5
 },
 {
  "pair": "goteur",
  "minimum_order_size": "22.0",
  "maximum_order_size": "50000.0",
  "price_precision": 5
 },
 {
  "pair": "goteth",
  "minimum_order_size": "22.0",
  "maximum_order_size": "50000.0",
  "price_precision": 5
 },
 {
  "pair": "xtzusd",
  "minimum_order_size": "4.0",
  "maximum_order_size": "100000.0",
  "price_precision": 5
 },
 {
  "pair": "xtzbtc",
  "minimum_order_size": "4.0",
  "maximum_order_size": "100000.0",
  "price_precision": 5
 },
 {
  "pair": "cnnusd",
  "minimum_order_size": "114916.0",
  "maximum_order_size": "20000000.0",
  "price_precision": 5
 },
 {
  "pair": "cnneth",
  "minimum_order_size": "114916.0",
  "maximum_order_size": "20000000.0",
  "price_precision": 5
 },
 {
  "pair": "boxusd",
  "minimum_order_size": "1324.0",
  "maximum_order_size": "1500000.0",
  "price_precision": 5
 },
 {
  "pair": "boxeth",
  "minimum_order_size": "1324.0",
  "maximum_order_size": "1500000.0",
  "price_precision": 5
 },
 {
  "pair": "trxeur",
  "minimum_order_size": "352.0",
  "maximum_order_size": "1000000.0",
  "price_precision": 5
 },
 {
  "pair": "trxgbp",
  "minimum_order_size": "352.0",
  "maximum_order_size": "1000000.0",
  "price_precision": 5
 },
 {
  "pair": "trxjpy",
  "minimum_order_size": "352.0",
  "maximum_order_size": "1000000.0",
  "price_precision": 5
 },
 {
  "pair": "mgousd",
  "minimum_order_size": "444.0",
  "maximum_order_size": "100000.0",
  "price_precision": 5
 },
 {
  "pair": "mgoeth",
  "minimum_order_size": "444.0",
  "maximum_order_size": "100000.0",
  "price_precision": 5
 },
 {
  "pair": "rteusd",
  "minimum_order_size": "6172.0",
  "maximum_order_size": "3000000.0",
  "price_precision": 5
 },
 {
  "pair": "rteeth",
  "minimum_order_size": "6172.0",
  "maximum_order_size": "3000000.0",
  "price_precision": 5
 },
 {
  "pair": "yggusd",
  "minimum_order_size": "17476.0",
  "maximum_order_size": "8000000.0",
  "price_precision": 5
 },
 {
  "pair": "yggeth",
  "minimum_order_size": "17476.0",
  "maximum_order_size": "8000000.0",
  "price_precision": 5
 },
 {
  "pair": "mlnusd",
  "minimum_order_size": "2.0",
  "maximum_order_size": "500000.0",
  "price_precision": 5
 },
 {
  "pair": "mlneth",
  "minimum_order_size": "2.0",
  "maximum_order_size": "500000.0",
  "price_precision": 5
 },
 {
  "pair": "wtcusd",
  "minimum_order_size": "10.0",
  "maximum_order_size": "10000.0",
  "price_precision": 5
 },
 {
  "pair": "wtceth",
  "minimum_order_size": "10.0",
  "maximum_order_size": "10000.0",
  "price_precision": 5
 },
 {
  "pair": "csxusd",
  "minimum_order_size": "62.0",
  "maximum_order_size": "150000.0",
  "price_precision": 5
 },
 {
  "pair": "csxeth",
  "minimum_order_size": "62.0",
  "maximum_order_size": "150000.0",
  "price_precision": 5
 },
 {
  "pair": "omnusd",
  "minimum_order_size": "2.0",
  "maximum_order_size": "20000.0",
  "price_precision": 5
 },
 {
  "pair": "omnbtc",
  "minimum_order_size": "2.0",
  "maximum_order_size": "20000.0",
  "price_precision": 5
 },
 {
  "pair": "intusd",
  "minimum_order_size": "234.0",
  "maximum_order_size": "500000.0",
  "price_precision": 5
 },
 {
  "pair": "inteth",
  "minimum_order_size": "234.0",
  "maximum_order_size": "500000.0",
  "price_precision": 5
 },
 {
  "pair": "drnusd",
  "minimum_order_size": "154.0",
  "maximum_order_size": "100000.0",
  "price_precision": 5
 },
 {
  "pair": "drneth",
  "minimum_order_size": "154.0",
  "maximum_order_size": "100000.0",
  "price_precision": 5
 },
 {
  "pair": "pnkusd",
  "minimum_order_size": "486.0",
  "maximum_order_size": "1000000.0",
  "price_precision": 5
 },
 {
  "pair": "pnketh",
  "minimum_order_size": "486.0",
  "maximum_order_size": "1000000.0",
  "price_precision": 5
 },
 {
  "pair": "dgbusd",
  "minimum_order_size": "738.0",
  "maximum_order_size": "500000.0",
  "price_precision": 5
 },
 {
  "pair": "dgbbtc",
  "minimum_order_size": "738.0",
  "maximum_order_size": "500000.0",
  "price_precision": 5
 },
 {
  "pair": "bsvusd",
  "minimum_order_size": "0.06",
  "maximum_order_size": "5000.0",
  "price_precision": 5
 },
 {
  "pair": "bsvbtc",
  "minimum_order_size": "0.06",
  "maximum_order_size": "5000.0",
  "price_precision": 5
 },
 {
  "pair": "babusd",
  "minimum_order_size": "0.02",
  "maximum_order_size": "500.0",
  "price_precision": 5
 },
 {
  "pair": "babbtc",
  "minimum_order_size": "0.02",
  "maximum_order_size": "500.0",
  "price_precision": 5
 },
 {
  "pair": "wlousd",
  "minimum_order_size": "946.0",
  "maximum_order_size": "500000.0",
  "price_precision": 5
 },
 {
  "pair": "wloxlm",
  "minimum_order_size": "946.0",
  "maximum_order_size": "500000.0",
  "price_precision": 5
 },
 {
  "pair": "vldusd",
  "minimum_order_size": "2084.0",
  "maximum_order_size": "2000000.0",
  "price_precision": 5
 },
 {
  "pair": "vldeth",
  "minimum_order_size": "2084.0",
  "maximum_order_size": "2000000.0",
  "price_precision": 5
 },
 {
  "pair": "enjusd",
  "minimum_order_size": "82.0",
  "maximum_order_size": "500000.0",
  "price_precision": 5
 },
 {
  "pair": "enjeth",
  "minimum_order_size": "82.0",
  "maximum_order_size": "500000.0",
  "price_precision": 5
 },
 {
  "pair": "onlusd",
  "minimum_order_size": "264.0",
  "maximum_order_size": "250000.0",
  "price_precision": 5
 },
 {
  "pair": "onleth",
  "minimum_order_size": "264.0",
  "maximum_order_size": "250000.0",
  "price_precision": 5
 },
 {
  "pair": "rbtusd",
  "minimum_order_size": "0.0008",
  "maximum_order_size": "500.0",
  "price_precision": 5
 },
 {
  "pair": "rbtbtc",
  "minimum_order_size": "0.0008",
  "maximum_order_size": "500.0",
  "price_precision": 5
 },
 {
  "pair": "ustusd",
  "minimum_order_size": "4.0",
  "maximum_order_size": "1000000.0",
  "price_precision": 5
 },
 {
  "pair": "euteur",
  "minimum_order_size": "4.0",
  "maximum_order_size": "100000.0",
  "price_precision": 5
 },
 {
  "pair": "eutusd",
  "minimum_order_size": "4.0",
  "maximum_order_size": "100000.0",
  "price_precision": 5
 },
 {
  "pair": "gsdusd",
  "minimum_order_size": "6.0",
  "maximum_order_size": "1000000.0",
  "price_precision": 5
 },
 {
  "pair": "udcusd",
  "minimum_order_size": "4.0",
  "maximum_order_size": "1000000.0",
  "price_precision": 5
 },
 {
  "pair": "tsdusd",
  "minimum_order_size": "6.0",
  "maximum_order_size": "1000000.0",
  "price_precision": 5
 },
 {
  "pair": "paxusd",
  "minimum_order_size": "2.0",
  "maximum_order_size": "1000000.0",
  "price_precision": 5
 },
 {
  "pair": "rifusd",
  "minimum_order_size": "60.0",
  "maximum_order_size": "50000.0",
  "price_precision": 5
 },
 {
  "pair": "rifbtc",
  "minimum_order_size": "60.0",
  "maximum_order_size": "50000.0",
  "price_precision": 5
 },
 {
  "pair": "pasusd",
  "minimum_order_size": "2850.0",
  "maximum_order_size": "100000.0",
  "price_precision": 5
 },
 {
  "pair": "paseth",
  "minimum_order_size": "2850.0",
  "maximum_order_size": "100000.0",
  "price_precision": 5
 },
 {
  "pair": "vsyusd",
  "minimum_order_size": "106.0",
  "maximum_order_size": "250000.0",
  "price_precision": 5
 },
 {
  "pair": "vsybtc",
  "minimum_order_size": "106.0",
  "maximum_order_size": "250000.0",
  "price_precision": 5
 },
 {
  "pair": "zrxdai",
  "minimum_order_size": "22.0",
  "maximum_order_size": "50000.0",
  "price_precision": 5
 },
 {
  "pair": "mkrdai",
  "minimum_order_size": "0.01",
  "maximum_order_size": "50000.0",
  "price_precision": 5
 },
 {
  "pair": "omgdai",
  "minimum_order_size": "6.0",
  "maximum_order_size": "50000.0",
  "price_precision": 5
 },
 {
  "pair": "bttusd",
  "minimum_order_size": "17772.0",
  "maximum_order_size": "15000000.0",
  "price_precision": 5
 },
 {
  "pair": "bttbtc",
  "minimum_order_size": "17772.0",
  "maximum_order_size": "15000000.0",
  "price_precision": 5
 },
 {
  "pair": "btcust",
  "minimum_order_size": "0.0006",
  "maximum_order_size": "2000.0",
  "price_precision": 5
 },
 {
  "pair": "ethust",
  "minimum_order_size": "0.04",
  "maximum_order_size": "2000.0",
  "price_precision": 5
 },
 {
  "pair": "clousd",
  "minimum_order_size": "7356.0",
  "maximum_order_size": "50000.0",
  "price_precision": 5
 },
 {
  "pair": "clobtc",
  "minimum_order_size": "7356.0",
  "maximum_order_size": "50000.0",
  "price_precision": 5
 },
 {
  "pair": "impusd",
  "minimum_order_size": "1282.0",
  "maximum_order_size": "50000.0",
  "price_precision": 5
 },
 {
  "pair": "impeth",
  "minimum_order_size": "1282.0",
  "maximum_order_size": "50000.0",
  "price_precision": 5
 },
 {
  "pair": "ltcust",
  "minimum_order_size": "0.2",
  "maximum_order_size": "2000.0",
  "price_precision": 5
 },
 {
  "pair": "eosust",
  "minimum_order_size": "2.0",
  "maximum_order_size": "2000.0",
  "price_precision": 5
 },
 {
  "pair": "babust",
  "minimum_order_size": "0.02",
  "maximum_order_size": "2000.0",
  "price_precision": 5
 },
 {
  "pair": "scrusd",
  "minimum_order_size": "2564.0",
  "maximum_order_size": "200000.0",
  "price_precision": 5
 },
 {
  "pair": "screth",
  "minimum_order_size": "2564.0",
  "maximum_order_size": "200000.0",
  "price_precision": 5
 },
 {
  "pair": "gnousd",
  "minimum_order_size": "0.4",
  "maximum_order_size": "1000.0",
  "price_precision": 5
 },
 {
  "pair": "gnoeth",
  "minimum_order_size": "0.4",
  "maximum_order_size": "1000.0",
  "price_precision": 5
 },
 {
  "pair": "genusd",
  "minimum_order_size": "76.0",
  "maximum_order_size": "100000.0",
  "price_precision": 5
 },
 {
  "pair": "geneth",
  "minimum_order_size": "76.0",
  "maximum_order_size": "100000.0",
  "price_precision": 5
 },
 {
  "pair": "atousd",
  "minimum_order_size": "2.0",
  "maximum_order_size": "100000.0",
  "price_precision": 5
 },
 {
  "pair": "atobtc",
  "minimum_order_size": "2.0",
  "maximum_order_size": "100000.0",
  "price_precision": 5
 },
 {
  "pair": "atoeth",
  "minimum_order_size": "2.0",
  "maximum_order_size": "100000.0",
  "price_precision": 5
 },
 {
  "pair": "wbtusd",
  "minimum_order_size": "0.0006",
  "maximum_order_size": "10.0",
  "price_precision": 5
 },
 {
  "pair": "xchusd",
  "minimum_order_size": "4.0",
  "maximum_order_size": "30000.0",
  "price_precision": 5
 },
 {
  "pair": "eususd",
  "minimum_order_size": "4.0",
  "maximum_order_size": "30000.0",
  "price_precision": 5
 },
 {
  "pair": "wbteth",
  "minimum_order_size": "0.0006",
  "maximum_order_size": "10.0",
  "price_precision": 5
 },
 {
  "pair": "xcheth",
  "minimum_order_size": "4.0",
  "maximum_order_size": "30000.0",
  "price_precision": 5
 },
 {
  "pair": "euseth",
  "minimum_order_size": "4.0",
  "maximum_order_size": "30000.0",
  "price_precision": 5
 },
 {
  "pair": "leousd",
  "minimum_order_size": "6.0",
  "maximum_order_size": "50000.0",
  "price_precision": 5
 },
 {
  "pair": "leobtc",
  "minimum_order_size": "6.0",
  "maximum_order_size": "50000.0",
  "price_precision": 5
 },
 {
  "pair": "leoust",
  "minimum_order_size": "6.0",
  "maximum_order_size": "50000.0",
  "price_precision": 5
 },
 {
  "pair": "leoeos",
  "minimum_order_size": "6.0",
  "maximum_order_size": "50000.0",
  "price_precision": 5
 },
 {
  "pair": "leoeth",
  "minimum_order_size": "6.0",
  "maximum_order_size": "50000.0",
  "price_precision": 5
 },
 {
  "pair": "astusd",
  "minimum_order_size": "184.0",
  "maximum_order_size": "250000.0",
  "price_precision": 5
 },
 {
  "pair": "asteth",
  "minimum_order_size": "184.0",
  "maximum_order_size": "250000.0",
  "price_precision": 5
 },
 {
  "pair": "foausd",
  "minimum_order_size": "246.0",
  "maximum_order_size": "250000.0",
  "price_precision": 5
 },
 {
  "pair": "foaeth",
  "minimum_order_size": "246.0",
  "maximum_order_size": "250000.0",
  "price_precision": 5
 },
 {
  "pair": "ufrusd",
  "minimum_order_size": "238.0",
  "maximum_order_size": "125000.0",
  "price_precision": 5
 },
 {
  "pair": "ufreth",
  "minimum_order_size": "238.0",
  "maximum_order_size": "125000.0",
  "price_precision": 5
 },
 {
  "pair": "zbtusd",
  "minimum_order_size": "26.0",
  "maximum_order_size": "25000.0",
  "price_precision": 5
 },
 {
  "pair": "zbtust",
  "minimum_order_size": "26.0",
  "maximum_order_size": "25000.0",
  "price_precision": 5
 },
 {
  "pair": "okbusd",
  "minimum_order_size": "2.0",
  "maximum_order_size": "50000.0",
  "price_precision": 5
 },
 {
  "pair": "uskusd",
  "minimum_order_size": "6.0",
  "maximum_order_size": "250000.0",
  "price_precision": 5
 },
 {
  "pair": "gtxusd",
  "minimum_order_size": "8.0",
  "maximum_order_size": "10000.0",
  "price_precision": 5
 },
 {
  "pair": "kanusd",
  "minimum_order_size": "2640.0",
  "maximum_order_size": "500000.0",
  "price_precision": 5
 },
 {
  "pair": "okbust",
  "minimum_order_size": "2.0",
  "maximum_order_size": "50000.0",
  "price_precision": 5
 },
 {
  "pair": "okbeth",
  "minimum_order_size": "2.0",
  "maximum_order_size": "50000.0",
  "price_precision": 5
 },
 {
  "pair": "okbbtc",
  "minimum_order_size": "2.0",
  "maximum_order_size": "50000.0",
  "price_precision": 5
 },
 {
  "pair": "uskust",
  "minimum_order_size": "6.0",
  "maximum_order_size": "250000.0",
  "price_precision": 5
 },
 {
  "pair": "usketh",
  "minimum_order_size": "6.0",
  "maximum_order_size": "250000.0",
  "price_precision": 5
 },
 {
  "pair": "uskbtc",
  "minimum_order_size": "6.0",
  "maximum_order_size": "250000.0",
  "price_precision": 5
 },
 {
  "pair": "uskeos",
  "minimum_order_size": "6.0",
  "maximum_order_size": "250000.0",
  "price_precision": 5
 },
 {
  "pair": "gtxust",
  "minimum_order_size": "8.0",
  "maximum_order_size": "10000.0",
  "price_precision": 5
 },
 {
  "pair": "kanust",
  "minimum_order_size": "2640.0",
  "maximum_order_size": "500000.0",
  "price_precision": 5
 },
 {
  "pair": "ampusd",
  "minimum_order_size": "6.0",
  "maximum_order_size": "25000.0",
  "price_precision": 5
 },
 {
  "pair": "algusd",
  "minimum_order_size": "14.0",
  "maximum_order_size": "25000.0",
  "price_precision": 5
 },
 {
  "pair": "algbtc",
  "minimum_order_size": "14.0",
  "maximum_order_size": "25000.0",
  "price_precision": 5
 },
 {
  "pair": "algust",
  "minimum_order_size": "14.0",
  "maximum_order_size": "25000.0",
  "price_precision": 5
 },
 {
  "pair": "btcxch",
  "minimum_order_size": "0.0006",
  "maximum_order_size": "25000.0",
  "price_precision": 5
 },
 {
  "pair": "swmusd",
  "minimum_order_size": "196.0",
  "maximum_order_size": "100000.0",
  "price_precision": 5
 },
 {
  "pair": "swmeth",
  "minimum_order_size": "196.0",
  "maximum_order_size": "100000.0",
  "price_precision": 5
 },
 {
  "pair": "triusd",
  "minimum_order_size": "1892.0",
  "maximum_order_size": "2000000.0",
  "price_precision": 5
 },
 {
  "pair": "trieth",
  "minimum_order_size": "1892.0",
  "maximum_order_size": "2000000.0",
  "price_precision": 5
 },
 {
  "pair": "loousd",
  "minimum_order_size": "400.0",
  "maximum_order_size": "150000.0",
  "price_precision": 5
 },
 {
  "pair": "looeth",
  "minimum_order_size": "400.0",
  "maximum_order_size": "150000.0",
  "price_precision": 5
 },
 {
  "pair": "ampust",
  "minimum_order_size": "6.0",
  "maximum_order_size": "25000.0",
  "price_precision": 5
 },
 {
  "pair": "dusk:usd",
  "minimum_order_size": "120.0",
  "maximum_order_size": "100000.0",
  "price_precision": 5
 },
 {
  "pair": "dusk:btc",
  "minimum_order_size": "120.0",
  "maximum_order_size": "100000.0",
  "price_precision": 5
 },
 {
  "pair": "uosusd",
  "minimum_order_size": "176.0",
  "maximum_order_size": "400000.0",
  "price_precision": 5
 },
 {
  "pair": "uosbtc",
  "minimum_order_size": "176.0",
  "maximum_order_size": "400000.0",
  "price_precision": 5
 },
 {
  "pair": "rrbusd",
  "minimum_order_size": "4.0",
  "maximum_order_size": "50000.0",
  "price_precision": 5
 },
 {
  "pair": "rrbust",
  "minimum_order_size": "4.0",
  "maximum_order_size": "50000.0",
  "price_precision": 5
 },
 {
  "pair": "dtxusd",
  "minimum_order_size": "2.0",
  "maximum_order_size": "50000.0",
  "price_precision": 5
 },
 {
  "pair": "dtxust",
  "minimum_order_size": "2.0",
  "maximum_order_size": "50000.0",
  "price_precision": 5
 },
 {
  "pair": "ampbtc",
  "minimum_order_size": "6.0",
  "maximum_order_size": "25000.0",
  "price_precision": 5
 },
 {
  "pair": "fttusd",
  "minimum_order_size": "4.0",
  "maximum_order_size": "50000.0",
  "price_precision": 5
 },
 {
  "pair": "fttust",
  "minimum_order_size": "4.0",
  "maximum_order_size": "50000.0",
  "price_precision": 5
 },
 {
  "pair": "paxust",
  "minimum_order_size": "2.0",
  "maximum_order_size": "50000.0",
  "price_precision": 5
 },
 {
  "pair": "udcust",
  "minimum_order_size": "4.0",
  "maximum_order_size": "50000.0",
  "price_precision": 5
 },
 {
  "pair": "tsdust",
  "minimum_order_size": "6.0",
  "maximum_order_size": "50000.0",
  "price_precision": 5
 },
 {
  "pair": "btc:cnht",
  "minimum_order_size": "0.0006",
  "maximum_order_size": "5000.0",
  "price_precision": 5
 },
 {
  "pair": "ust:cnht",
  "minimum_order_size": "4.0",
  "maximum_order_size": "50000.0",
  "price_precision": 5
 },
 {
  "pair": "cnh:cnht",
  "minimum_order_size": "6.0",
  "maximum_order_size": "500000.0",
  "price_precision": 5
 },
 {
  "pair": "chzusd",
  "minimum_order_size": "494.0",
  "maximum_order_size": "250000.0",
  "price_precision": 5
 },
 {
  "pair": "chzust",
  "minimum_order_size": "494.0",
  "maximum_order_size": "250000.0",
  "price_precision": 5
 },
 {
  "pair": "btcf0:ustf0",
  "minimum_order_size": "0.0006",
  "maximum_order_size": "100.0",
  "price_precision": 5
 },
 {
  "pair": "ethf0:ustf0",
  "minimum_order_size": "0.04",
  "maximum_order_size": "1000.0",
  "price_precision": 5
 }
]