{
 "pair": "ADACAD",
 "asks": [
  {
   "Price": "0.048060",
   "Volume": "7511.066",
   "Timestamp": "2019-12-14T22:53:03+01:00"
  },
  {
   "Price": "0.048061",
   "Volume": "894.522",
   "Timestamp": "2019-12-14T22:53:03+01:00"
  },
  {
   "Price": "0.048066",
   "Volume": "6420.670",
   "Timestamp": "2019-12-14T22:52:24+01:00"
  },
  {
   "Price": "0.048643",
   "Volume": "10.000",
   "Timestamp": "2019-12-14T17:10:07+01:00"
  }
 ],
 "bids": [
  {
   "Price": "0.047730",
   "Volume": "7195.815",
   "Timestamp": "2019-12-14T22:52:59+01:00"
  },
  {
   "Price": "0.047729",
   "Volume": "2460.000",
   "Timestamp": "2019-12-14T22:52:53+01:00"
  },
  {
   "Price": "0.047549",
   "Volume": "6563.503",
   "Timestamp": "2019-12-14T22:46:27+01:00"
  },
  {
   "Price": "0.047092",
   "Volume": "2798.136",
   "Timestamp": "2019-12-14T22:53:03+01:00"
  }
 ]
}