{
 "pair": "ADAEUR",
 "asks": [
  {
   "price": "0.029927",
   "volume": "15000.000",
   "timestamp": "2019-12-20T13:03:37+01:00"
  },
  {
   "price": "0.029942",
   "volume": "7278.627",
   "timestamp": "2019-12-20T13:03:41+01:00"
  },
  {
   "price": "0.029958",
   "volume": "6240.000",
   "timestamp": "2019-12-20T13:03:39+01:00"
  },
  {
   "price": "0.029970",
   "volume": "197444.510",
   "timestamp": "2019-12-20T13:03:27+01:00"
  }
 ],
 "bids": [
  {
   "price": "0.029832",
   "volume": "1200.000",
   "timestamp": "2019-12-20T13:03:02+01:00"
  },
  {
   "price": "0.029830",
   "volume": "4330.000",
   "timestamp": "2019-12-20T13:03:02+01:00"
  },
  {
   "price": "0.029825",
   "volume": "65000.000",
   "timestamp": "2019-12-20T13:03:33+01:00"
  },
  {
   "price": "0.029824",
   "volume": "50000.000",
   "timestamp": "2019-12-20T13:03:32+01:00"
  }
 ]
}