{
 "pair": "ADAETH",
 "asks": [
  {
   "price": "0.000260300",
   "volume": "3.546",
   "timestamp": "2019-12-20T12:59:42+01:00"
  },
  {
   "price": "0.000260600",
   "volume": "40574.887",
   "timestamp": "2019-12-20T13:03:26+01:00"
  },
  {
   "price": "0.000261300",
   "volume": "16064.379",
   "timestamp": "2019-12-20T12:53:09+01:00"
  },
  {
   "price": "0.000262400",
   "volume": "770.328",
   "timestamp": "2019-12-20T12:51:33+01:00"
  }
 ],
 "bids": [
  {
   "price": "0.000259700",
   "volume": "3025.490",
   "timestamp": "2019-12-20T13:01:02+01:00"
  },
  {
   "price": "0.000259300",
   "volume": "191.587",
   "timestamp": "2019-12-20T13:02:35+01:00"
  },
  {
   "price": "0.000259200",
   "volume": "10941.348",
   "timestamp": "2019-12-20T13:02:21+01:00"
  },
  {
   "price": "0.000257700",
   "volume": "11538.462",
   "timestamp": "2019-12-20T13:02:47+01:00"
  }
 ]
}