{
 "pair": "ADAETH",
 "asks": [
  {
   "Price": "0.000255100",
   "Volume": "125007.227",
   "Timestamp": "2019-12-14T22:52:48+01:00"
  },
  {
   "Price": "0.000255800",
   "Volume": "571.422",
   "Timestamp": "2019-12-14T22:42:20+01:00"
  },
  {
   "Price": "0.000257100",
   "Volume": "6420.670",
   "Timestamp": "2019-12-14T22:52:55+01:00"
  },
  {
   "Price": "0.000257200",
   "Volume": "115367.300",
   "Timestamp": "2019-12-14T22:52:47+01:00"
  }
 ],
 "bids": [
  {
   "Price": "0.000254200",
   "Volume": "80649.379",
   "Timestamp": "2019-12-14T22:52:43+01:00"
  },
  {
   "Price": "0.000254100",
   "Volume": "6676.006",
   "Timestamp": "2019-12-14T22:50:57+01:00"
  },
  {
   "Price": "0.000253500",
   "Volume": "22633.602",
   "Timestamp": "2019-12-14T22:50:56+01:00"
  },
  {
   "Price": "0.000252400",
   "Volume": "785.793",
   "Timestamp": "2019-12-14T22:51:05+01:00"
  }
 ]
}