{
 "pair": "ADAEUR",
 "asks": [
  {
   "Price": "0.032644",
   "Volume": "17596.259",
   "Timestamp": "2019-12-14T22:52:49+01:00"
  },
  {
   "Price": "0.032669",
   "Volume": "5230.000",
   "Timestamp": "2019-12-14T22:50:56+01:00"
  },
  {
   "Price": "0.032672",
   "Volume": "1789.043",
   "Timestamp": "2019-12-14T22:53:03+01:00"
  },
  {
   "Price": "0.032673",
   "Volume": "54740.325",
   "Timestamp": "2019-12-14T22:52:44+01:00"
  }
 ],
 "bids": [
  {
   "Price": "0.032556",
   "Volume": "9047.655",
   "Timestamp": "2019-12-14T22:53:03+01:00"
  },
  {
   "Price": "0.032555",
   "Volume": "9696.099",
   "Timestamp": "2019-12-14T22:52:29+01:00"
  },
  {
   "Price": "0.032550",
   "Volume": "5170.000",
   "Timestamp": "2019-12-14T22:51:39+01:00"
  },
  {
   "Price": "0.032543",
   "Volume": "20256.676",
   "Timestamp": "2019-12-14T22:47:18+01:00"
  }
 ]
}