{
 "pair": "ADAUSD",
 "asks": [
  {
   "price": "0.033127",
   "volume": "3.546",
   "timestamp": "2019-12-20T12:59:43+01:00"
  },
  {
   "price": "0.033135",
   "volume": "4500.000",
   "timestamp": "2019-12-20T13:03:20+01:00"
  },
  {
   "price": "0.033143",
   "volume": "6740.000",
   "timestamp": "2019-12-20T13:02:08+01:00"
  },
  {
   "price": "0.033179",
   "volume": "32054.241",
   "timestamp": "2019-12-20T13:03:33+01:00"
  }
 ],
 "bids": [
  {
   "price": "0.033032",
   "volume": "14916.409",
   "timestamp": "2019-12-20T13:03:36+01:00"
  },
  {
   "price": "0.033031",
   "volume": "50000.000",
   "timestamp": "2019-12-20T13:03:34+01:00"
  },
  {
   "price": "0.033008",
   "volume": "6870.000",
   "timestamp": "2019-12-20T13:02:44+01:00"
  },
  {
   "price": "0.033007",
   "volume": "47027.000",
   "timestamp": "2019-12-20T13:00:30+01:00"
  }
 ]
}