{
 "pair": "ADAUSD",
 "asks": [
  {
   "Price": "0.036241",
   "Volume": "109145.406",
   "Timestamp": "2019-12-14T22:53:10+01:00"
  },
  {
   "Price": "0.036268",
   "Volume": "4038.421",
   "Timestamp": "2019-12-14T22:53:14+01:00"
  },
  {
   "Price": "0.036270",
   "Volume": "3980.000",
   "Timestamp": "2019-12-14T22:48:40+01:00"
  },
  {
   "Price": "0.036278",
   "Volume": "6200.000",
   "Timestamp": "2019-12-14T22:48:28+01:00"
  }
 ],
 "bids": [
  {
   "Price": "0.036136",
   "Volume": "4331.916",
   "Timestamp": "2019-12-14T22:53:13+01:00"
  },
  {
   "Price": "0.036135",
   "Volume": "30919.537",
   "Timestamp": "2019-12-14T22:53:16+01:00"
  },
  {
   "Price": "0.036129",
   "Volume": "1200.000",
   "Timestamp": "2019-12-14T22:53:05+01:00"
  },
  {
   "Price": "0.036128",
   "Volume": "9301.000",
   "Timestamp": "2019-12-14T22:53:13+01:00"
  }
 ]
}