{
 "pair": "ADAXBT",
 "asks": [
  {
   "Price": "0.000005120",
   "Volume": "171161.447",
   "Timestamp": "2019-12-14T22:52:32+01:00"
  },
  {
   "Price": "0.000005130",
   "Volume": "96518.944",
   "Timestamp": "2019-12-14T22:52:47+01:00"
  },
  {
   "Price": "0.000005140",
   "Volume": "363103.530",
   "Timestamp": "2019-12-14T22:46:00+01:00"
  },
  {
   "Price": "0.000005150",
   "Volume": "144751.097",
   "Timestamp": "2019-12-14T22:46:00+01:00"
  }
 ],
 "bids": [
  {
   "Price": "0.000005110",
   "Volume": "51246.700",
   "Timestamp": "2019-12-14T22:51:23+01:00"
  },
  {
   "Price": "0.000005100",
   "Volume": "334914.884",
   "Timestamp": "2019-12-14T22:52:47+01:00"
  },
  {
   "Price": "0.000005090",
   "Volume": "222706.053",
   "Timestamp": "2019-12-14T22:52:11+01:00"
  },
  {
   "Price": "0.000005080",
   "Volume": "39029.629",
   "Timestamp": "2019-12-14T22:44:27+01:00"
  }
 ]
}