{
 "pair": "ADAXBT",
 "asks": [
  {
   "price": "0.000004640",
   "volume": "101542.457",
   "timestamp": "2019-12-20T13:03:29+01:00"
  },
  {
   "price": "0.000004650",
   "volume": "329658.260",
   "timestamp": "2019-12-20T13:03:25+01:00"
  },
  {
   "price": "0.000004660",
   "volume": "19476.000",
   "timestamp": "2019-12-20T13:02:58+01:00"
  },
  {
   "price": "0.000004670",
   "volume": "173349.395",
   "timestamp": "2019-12-20T13:00:42+01:00"
  }
 ],
 "bids": [
  {
   "price": "0.000004630",
   "volume": "3020.757",
   "timestamp": "2019-12-20T13:02:35+01:00"
  },
  {
   "price": "0.000004620",
   "volume": "256131.038",
   "timestamp": "2019-12-20T13:03:27+01:00"
  },
  {
   "price": "0.000004610",
   "volume": "154498.540",
   "timestamp": "2019-12-20T13:03:21+01:00"
  },
  {
   "price": "0.000004600",
   "volume": "221168.945",
   "timestamp": "2019-12-20T13:03:27+01:00"
  }
 ]
}