{
 "pair": "ATOMCAD",
 "asks": [
  {
   "Price": "5.612500",
   "Volume": "64.318",
   "Timestamp": "2019-12-14T22:52:30+01:00"
  },
  {
   "Price": "5.614000",
   "Volume": "49.656",
   "Timestamp": "2019-12-14T22:52:36+01:00"
  },
  {
   "Price": "5.615900",
   "Volume": "48.427",
   "Timestamp": "2019-12-14T22:52:26+01:00"
  },
  {
   "Price": "5.970000",
   "Volume": "1.000",
   "Timestamp": "2019-12-14T02:29:58+01:00"
  }
 ],
 "bids": [
  {
   "Price": "5.557300",
   "Volume": "64.957",
   "Timestamp": "2019-12-14T22:52:29+01:00"
  },
  {
   "Price": "5.556800",
   "Volume": "3.422",
   "Timestamp": "2019-12-14T22:52:18+01:00"
  },
  {
   "Price": "5.556000",
   "Volume": "42.700",
   "Timestamp": "2019-12-14T22:52:09+01:00"
  },
  {
   "Price": "5.221300",
   "Volume": "68.951",
   "Timestamp": "2019-12-14T22:52:32+01:00"
  }
 ]
}