{
 "pair": "ATOMXBT",
 "asks": [
  {
   "Price": "0.00059800",
   "Volume": "5.000",
   "Timestamp": "2019-12-14T22:51:40+01:00"
  },
  {
   "Price": "0.00059820",
   "Volume": "872.880",
   "Timestamp": "2019-12-14T22:50:51+01:00"
  },
  {
   "Price": "0.00059850",
   "Volume": "446.600",
   "Timestamp": "2019-12-14T22:52:56+01:00"
  },
  {
   "Price": "0.00059860",
   "Volume": "405.640",
   "Timestamp": "2019-12-14T22:50:51+01:00"
  }
 ],
 "bids": [
  {
   "Price": "0.00059580",
   "Volume": "130.000",
   "Timestamp": "2019-12-14T22:52:49+01:00"
  },
  {
   "Price": "0.00059550",
   "Volume": "378.950",
   "Timestamp": "2019-12-14T22:51:56+01:00"
  },
  {
   "Price": "0.00059500",
   "Volume": "160.000",
   "Timestamp": "2019-12-14T22:52:14+01:00"
  },
  {
   "Price": "0.00059470",
   "Volume": "334.953",
   "Timestamp": "2019-12-14T22:52:19+01:00"
  }
 ]
}