{
 "pair": "ATOMUSD",
 "asks": [
  {
   "price": "4.218200",
   "volume": "53.062",
   "timestamp": "2019-12-20T13:03:40+01:00"
  },
  {
   "price": "4.218300",
   "volume": "817.040",
   "timestamp": "2019-12-20T13:03:40+01:00"
  },
  {
   "price": "4.220900",
   "volume": "1720.690",
   "timestamp": "2019-12-20T13:02:59+01:00"
  },
  {
   "price": "4.221400",
   "volume": "1.092",
   "timestamp": "2019-12-20T13:03:39+01:00"
  }
 ],
 "bids": [
  {
   "price": "4.201600",
   "volume": "141.794",
   "timestamp": "2019-12-20T13:03:41+01:00"
  },
  {
   "price": "4.200800",
   "volume": "53.061",
   "timestamp": "2019-12-20T13:03:44+01:00"
  },
  {
   "price": "4.200700",
   "volume": "113.100",
   "timestamp": "2019-12-20T13:02:55+01:00"
  },
  {
   "price": "4.199700",
   "volume": "115.000",
   "timestamp": "2019-12-20T13:02:56+01:00"
  }
 ]
}