{
 "pair": "ATOMEUR",
 "asks": [
  {
   "Price": "3.808700",
   "Volume": "200.000",
   "Timestamp": "2019-12-14T22:53:06+01:00"
  },
  {
   "Price": "3.809000",
   "Volume": "59.800",
   "Timestamp": "2019-12-14T22:53:06+01:00"
  },
  {
   "Price": "3.809800",
   "Volume": "143.210",
   "Timestamp": "2019-12-14T22:52:59+01:00"
  },
  {
   "Price": "3.809900",
   "Volume": "60.500",
   "Timestamp": "2019-12-14T22:53:02+01:00"
  }
 ],
 "bids": [
  {
   "Price": "3.790100",
   "Volume": "55.428",
   "Timestamp": "2019-12-14T22:53:18+01:00"
  },
  {
   "Price": "3.789900",
   "Volume": "76.500",
   "Timestamp": "2019-12-14T22:53:05+01:00"
  },
  {
   "Price": "3.789800",
   "Volume": "6.882",
   "Timestamp": "2019-12-14T22:45:40+01:00"
  },
  {
   "Price": "3.781100",
   "Volume": "276.791",
   "Timestamp": "2019-12-14T22:52:29+01:00"
  }
 ]
}