{
 "pair": "ATOMETH",
 "asks": [
  {
   "price": "0.03301900",
   "volume": "100.000",
   "timestamp": "2019-12-20T13:03:06+01:00"
  },
  {
   "price": "0.03318100",
   "volume": "200.000",
   "timestamp": "2019-12-20T13:03:08+01:00"
  },
  {
   "price": "0.03318500",
   "volume": "142.186",
   "timestamp": "2019-12-20T13:02:40+01:00"
  },
  {
   "price": "0.03334000",
   "volume": "90.959",
   "timestamp": "2019-12-20T13:03:11+01:00"
  }
 ],
 "bids": [
  {
   "price": "0.03294700",
   "volume": "145.767",
   "timestamp": "2019-12-20T13:03:22+01:00"
  },
  {
   "price": "0.03280100",
   "volume": "1818.100",
   "timestamp": "2019-12-20T13:03:21+01:00"
  },
  {
   "price": "0.03280000",
   "volume": "9.354",
   "timestamp": "2019-12-20T11:50:38+01:00"
  },
  {
   "price": "0.03254600",
   "volume": "839.100",
   "timestamp": "2019-12-20T12:48:49+01:00"
  }
 ]
}