{
 "pair": "ATOMETH",
 "asks": [
  {
   "Price": "0.02983800",
   "Volume": "141.348",
   "Timestamp": "2019-12-14T22:52:33+01:00"
  },
  {
   "Price": "0.02986700",
   "Volume": "150.585",
   "Timestamp": "2019-12-14T22:52:36+01:00"
  },
  {
   "Price": "0.02986800",
   "Volume": "186.000",
   "Timestamp": "2019-12-14T22:51:06+01:00"
  },
  {
   "Price": "0.02990000",
   "Volume": "7357.555",
   "Timestamp": "2019-12-14T20:36:49+01:00"
  }
 ],
 "bids": [
  {
   "Price": "0.02960900",
   "Volume": "57.293",
   "Timestamp": "2019-12-14T22:51:38+01:00"
  },
  {
   "Price": "0.02942500",
   "Volume": "100.893",
   "Timestamp": "2019-12-14T22:51:38+01:00"
  },
  {
   "Price": "0.02942400",
   "Volume": "143.482",
   "Timestamp": "2019-12-14T22:51:19+01:00"
  },
  {
   "Price": "0.02938500",
   "Volume": "1965.000",
   "Timestamp": "2019-12-14T22:50:46+01:00"
  }
 ]
}