{
 "pair": "ATOMXBT",
 "asks": [
  {
   "price": "0.00059090",
   "volume": "53.062",
   "timestamp": "2019-12-20T13:03:06+01:00"
  },
  {
   "price": "0.00059170",
   "volume": "1271.970",
   "timestamp": "2019-12-20T13:03:08+01:00"
  },
  {
   "price": "0.00059190",
   "volume": "1550.340",
   "timestamp": "2019-12-20T13:01:12+01:00"
  },
  {
   "price": "0.00059280",
   "volume": "339.098",
   "timestamp": "2019-12-20T13:00:38+01:00"
  }
 ],
 "bids": [
  {
   "price": "0.00058960",
   "volume": "139.420",
   "timestamp": "2019-12-20T13:03:22+01:00"
  },
  {
   "price": "0.00058940",
   "volume": "9.190",
   "timestamp": "2019-12-20T13:03:33+01:00"
  },
  {
   "price": "0.00058910",
   "volume": "103.900",
   "timestamp": "2019-12-20T13:01:36+01:00"
  },
  {
   "price": "0.00058840",
   "volume": "317.708",
   "timestamp": "2019-12-20T13:01:13+01:00"
  }
 ]
}