{
 "pair": "ATOMEUR",
 "asks": [
  {
   "price": "3.810500",
   "volume": "53.062",
   "timestamp": "2019-12-20T13:03:40+01:00"
  },
  {
   "price": "3.810600",
   "volume": "2566.762",
   "timestamp": "2019-12-20T13:03:41+01:00"
  },
  {
   "price": "3.811400",
   "volume": "1822.360",
   "timestamp": "2019-12-20T13:03:39+01:00"
  },
  {
   "price": "3.811700",
   "volume": "812.870",
   "timestamp": "2019-12-20T13:03:39+01:00"
  }
 ],
 "bids": [
  {
   "price": "3.797000",
   "volume": "45.108",
   "timestamp": "2019-12-20T13:03:25+01:00"
  },
  {
   "price": "3.796900",
   "volume": "100.500",
   "timestamp": "2019-12-20T13:03:19+01:00"
  },
  {
   "price": "3.795500",
   "volume": "113.100",
   "timestamp": "2019-12-20T13:03:00+01:00"
  },
  {
   "price": "3.786100",
   "volume": "218.797",
   "timestamp": "2019-12-20T13:02:47+01:00"
  }
 ]
}