{
 "pair": "ATOMUSD",
 "asks": [
  {
   "Price": "4.234100",
   "Volume": "150.295",
   "Timestamp": "2019-12-14T22:52:32+01:00"
  },
  {
   "Price": "4.234400",
   "Volume": "75.845",
   "Timestamp": "2019-12-14T22:52:32+01:00"
  },
  {
   "Price": "4.234800",
   "Volume": "53.900",
   "Timestamp": "2019-12-14T22:52:13+01:00"
  },
  {
   "Price": "4.235700",
   "Volume": "857.950",
   "Timestamp": "2019-12-14T22:51:12+01:00"
  }
 ],
 "bids": [
  {
   "Price": "4.214500",
   "Volume": "40.000",
   "Timestamp": "2019-12-14T22:52:34+01:00"
  },
  {
   "Price": "4.214200",
   "Volume": "3.422",
   "Timestamp": "2019-12-14T22:52:22+01:00"
  },
  {
   "Price": "4.214100",
   "Volume": "64.802",
   "Timestamp": "2019-12-14T22:50:17+01:00"
  },
  {
   "Price": "4.214000",
   "Volume": "54.600",
   "Timestamp": "2019-12-14T22:50:34+01:00"
  }
 ]
}