{
 "pair": "BATETH",
 "asks": [
  {
   "Price": "0.001269800",
   "Volume": "4720.028",
   "Timestamp": "2019-12-14T22:51:27+01:00"
  },
  {
   "Price": "0.001274200",
   "Volume": "158.688",
   "Timestamp": "2019-12-14T22:51:21+01:00"
  },
  {
   "Price": "0.001316300",
   "Volume": "4180.039",
   "Timestamp": "2019-12-14T22:46:22+01:00"
  },
  {
   "Price": "0.001316400",
   "Volume": "135.254",
   "Timestamp": "2019-12-14T12:31:50+01:00"
  }
 ],
 "bids": [
  {
   "Price": "0.001259400",
   "Volume": "1346.970",
   "Timestamp": "2019-12-14T22:52:29+01:00"
  },
  {
   "Price": "0.001259300",
   "Volume": "844.449",
   "Timestamp": "2019-12-14T22:52:29+01:00"
  },
  {
   "Price": "0.001255900",
   "Volume": "1300.000",
   "Timestamp": "2019-12-14T22:51:49+01:00"
  },
  {
   "Price": "0.001255800",
   "Volume": "1662.316",
   "Timestamp": "2019-12-14T22:50:55+01:00"
  }
 ]
}