{
 "pair": "BATETH",
 "asks": [
  {
   "price": "0.001314300",
   "volume": "1333.236",
   "timestamp": "2019-12-20T13:03:37+01:00"
  },
  {
   "price": "0.001314400",
   "volume": "3589.788",
   "timestamp": "2019-12-20T13:03:37+01:00"
  },
  {
   "price": "0.001322200",
   "volume": "152.398",
   "timestamp": "2019-12-20T12:56:50+01:00"
  },
  {
   "price": "0.001348300",
   "volume": "64.329",
   "timestamp": "2019-12-20T01:49:17+01:00"
  }
 ],
 "bids": [
  {
   "price": "0.001300400",
   "volume": "1852.346",
   "timestamp": "2019-12-20T13:03:38+01:00"
  },
  {
   "price": "0.001300300",
   "volume": "876.421",
   "timestamp": "2019-12-20T13:03:37+01:00"
  },
  {
   "price": "0.001300100",
   "volume": "1813.071",
   "timestamp": "2019-12-20T13:03:36+01:00"
  },
  {
   "price": "0.001296600",
   "volume": "152.398",
   "timestamp": "2019-12-20T13:03:10+01:00"
  }
 ]
}