{
 "pair": "BATEUR",
 "asks": [
  {
   "Price": "0.162000",
   "Volume": "6476.000",
   "Timestamp": "2019-12-14T22:50:16+01:00"
  },
  {
   "Price": "0.162170",
   "Volume": "79.770",
   "Timestamp": "2019-12-14T20:32:21+01:00"
  },
  {
   "Price": "0.162180",
   "Volume": "2001.429",
   "Timestamp": "2019-12-14T22:50:36+01:00"
  },
  {
   "Price": "0.162190",
   "Volume": "8422.930",
   "Timestamp": "2019-12-14T22:50:34+01:00"
  }
 ],
 "bids": [
  {
   "Price": "0.161450",
   "Volume": "155.756",
   "Timestamp": "2019-12-14T22:51:33+01:00"
  },
  {
   "Price": "0.161210",
   "Volume": "2856.000",
   "Timestamp": "2019-12-14T22:51:14+01:00"
  },
  {
   "Price": "0.161140",
   "Volume": "1303.674",
   "Timestamp": "2019-12-14T22:52:22+01:00"
  },
  {
   "Price": "0.161130",
   "Volume": "7927.200",
   "Timestamp": "2019-12-14T22:50:34+01:00"
  }
 ]
}