{
 "pair": "BATEUR",
 "asks": [
  {
   "price": "0.150850",
   "volume": "8224.900",
   "timestamp": "2019-12-20T13:02:57+01:00"
  },
  {
   "price": "0.151060",
   "volume": "17572.639",
   "timestamp": "2019-12-20T13:02:17+01:00"
  },
  {
   "price": "0.152930",
   "volume": "2617.000",
   "timestamp": "2019-12-20T13:01:49+01:00"
  },
  {
   "price": "0.152950",
   "volume": "26770.000",
   "timestamp": "2019-12-20T13:01:46+01:00"
  }
 ],
 "bids": [
  {
   "price": "0.150120",
   "volume": "896.641",
   "timestamp": "2019-12-20T13:02:54+01:00"
  },
  {
   "price": "0.150110",
   "volume": "609.575",
   "timestamp": "2019-12-20T12:57:11+01:00"
  },
  {
   "price": "0.150090",
   "volume": "442.901",
   "timestamp": "2019-12-20T13:02:55+01:00"
  },
  {
   "price": "0.150050",
   "volume": "55.901",
   "timestamp": "2019-12-20T12:24:15+01:00"
  }
 ]
}