{
 "pair": "BATUSD",
 "asks": [
  {
   "Price": "0.180160",
   "Volume": "7203.420",
   "Timestamp": "2019-12-14T22:52:54+01:00"
  },
  {
   "Price": "0.180210",
   "Volume": "1189.000",
   "Timestamp": "2019-12-14T22:52:48+01:00"
  },
  {
   "Price": "0.180480",
   "Volume": "2665.875",
   "Timestamp": "2019-12-14T22:52:51+01:00"
  },
  {
   "Price": "0.180490",
   "Volume": "8667.740",
   "Timestamp": "2019-12-14T22:52:48+01:00"
  }
 ],
 "bids": [
  {
   "Price": "0.179330",
   "Volume": "4467.000",
   "Timestamp": "2019-12-14T22:52:54+01:00"
  },
  {
   "Price": "0.179320",
   "Volume": "872.954",
   "Timestamp": "2019-12-14T22:52:49+01:00"
  },
  {
   "Price": "0.179310",
   "Volume": "8178.250",
   "Timestamp": "2019-12-14T22:52:48+01:00"
  },
  {
   "Price": "0.179290",
   "Volume": "761.000",
   "Timestamp": "2019-12-14T22:52:49+01:00"
  }
 ]
}