{
 "pair": "BATUSD",
 "asks": [
  {
   "price": "0.167030",
   "volume": "8432.160",
   "timestamp": "2019-12-20T13:02:57+01:00"
  },
  {
   "price": "0.167130",
   "volume": "3986.000",
   "timestamp": "2019-12-20T13:02:56+01:00"
  },
  {
   "price": "0.167220",
   "volume": "939.000",
   "timestamp": "2019-12-20T13:02:37+01:00"
  },
  {
   "price": "0.167270",
   "volume": "1218.000",
   "timestamp": "2019-12-20T13:02:05+01:00"
  }
 ],
 "bids": [
  {
   "price": "0.166230",
   "volume": "5001.739",
   "timestamp": "2019-12-20T13:02:54+01:00"
  },
  {
   "price": "0.166200",
   "volume": "444.491",
   "timestamp": "2019-12-20T13:02:55+01:00"
  },
  {
   "price": "0.166190",
   "volume": "893.000",
   "timestamp": "2019-12-20T13:02:03+01:00"
  },
  {
   "price": "0.166140",
   "volume": "1335.000",
   "timestamp": "2019-12-20T13:00:23+01:00"
  }
 ]
}