{
 "pair": "BATXBT",
 "asks": [
  {
   "Price": "0.000025470",
   "Volume": "1900.000",
   "Timestamp": "2019-12-14T22:52:48+01:00"
  },
  {
   "Price": "0.000025480",
   "Volume": "5365.410",
   "Timestamp": "2019-12-14T22:52:42+01:00"
  },
  {
   "Price": "0.000025490",
   "Volume": "1395.242",
   "Timestamp": "2019-12-14T22:52:42+01:00"
  },
  {
   "Price": "0.000025500",
   "Volume": "9198.010",
   "Timestamp": "2019-12-14T22:52:42+01:00"
  }
 ],
 "bids": [
  {
   "Price": "0.000025330",
   "Volume": "6100.000",
   "Timestamp": "2019-12-14T22:52:42+01:00"
  },
  {
   "Price": "0.000025320",
   "Volume": "931.000",
   "Timestamp": "2019-12-14T22:51:20+01:00"
  },
  {
   "Price": "0.000025310",
   "Volume": "9858.570",
   "Timestamp": "2019-12-14T22:52:43+01:00"
  },
  {
   "Price": "0.000025220",
   "Volume": "29619.588",
   "Timestamp": "2019-12-14T22:50:33+01:00"
  }
 ]
}