{
 "pair": "BATXBT",
 "asks": [
  {
   "price": "0.000023360",
   "volume": "4707.550",
   "timestamp": "2019-12-20T13:03:18+01:00"
  },
  {
   "price": "0.000023410",
   "volume": "2657.000",
   "timestamp": "2019-12-20T13:00:20+01:00"
  },
  {
   "price": "0.000023420",
   "volume": "10194.430",
   "timestamp": "2019-12-20T13:03:47+01:00"
  },
  {
   "price": "0.000023430",
   "volume": "808.000",
   "timestamp": "2019-12-20T13:03:25+01:00"
  }
 ],
 "bids": [
  {
   "price": "0.000023280",
   "volume": "2372.698",
   "timestamp": "2019-12-20T13:03:40+01:00"
  },
  {
   "price": "0.000023270",
   "volume": "1475.669",
   "timestamp": "2019-12-20T13:03:28+01:00"
  },
  {
   "price": "0.000023250",
   "volume": "8939.450",
   "timestamp": "2019-12-20T13:00:21+01:00"
  },
  {
   "price": "0.000023240",
   "volume": "2658.000",
   "timestamp": "2019-12-20T13:03:25+01:00"
  }
 ]
}