{
 "pair": "BCHEUR",
 "asks": [
  {
   "price": "169.900000",
   "volume": "6.828",
   "timestamp": "2019-12-20T13:01:15+01:00"
  },
  {
   "price": "170.000000",
   "volume": "9.155",
   "timestamp": "2019-12-20T13:02:58+01:00"
  },
  {
   "price": "170.100000",
   "volume": "0.005",
   "timestamp": "2019-12-20T13:03:29+01:00"
  },
  {
   "price": "170.200000",
   "volume": "75.174",
   "timestamp": "2019-12-20T13:03:28+01:00"
  }
 ],
 "bids": [
  {
   "price": "169.700000",
   "volume": "0.003",
   "timestamp": "2019-12-20T13:02:45+01:00"
  },
  {
   "price": "169.600000",
   "volume": "9.339",
   "timestamp": "2019-12-20T13:03:27+01:00"
  },
  {
   "price": "169.500000",
   "volume": "8.050",
   "timestamp": "2019-12-20T13:03:26+01:00"
  },
  {
   "price": "169.400000",
   "volume": "40.345",
   "timestamp": "2019-12-20T13:03:36+01:00"
  }
 ]
}