{
 "pair": "BCHEUR",
 "asks": [
  {
   "Price": "186.000000",
   "Volume": "4.000",
   "Timestamp": "2019-12-14T22:52:36+01:00"
  },
  {
   "Price": "186.100000",
   "Volume": "20.504",
   "Timestamp": "2019-12-14T22:52:48+01:00"
  },
  {
   "Price": "186.300000",
   "Volume": "17.838",
   "Timestamp": "2019-12-14T22:52:44+01:00"
  },
  {
   "Price": "186.400000",
   "Volume": "3.694",
   "Timestamp": "2019-12-14T22:52:49+01:00"
  }
 ],
 "bids": [
  {
   "Price": "185.800000",
   "Volume": "58.027",
   "Timestamp": "2019-12-14T22:52:17+01:00"
  },
  {
   "Price": "185.700000",
   "Volume": "5.949",
   "Timestamp": "2019-12-14T22:52:20+01:00"
  },
  {
   "Price": "185.600000",
   "Volume": "4.183",
   "Timestamp": "2019-12-14T22:52:52+01:00"
  },
  {
   "Price": "185.500000",
   "Volume": "2.334",
   "Timestamp": "2019-12-14T22:52:19+01:00"
  }
 ]
}