{
 "pair": "BCHUSD",
 "asks": [
  {
   "price": "188.100000",
   "volume": "5.000",
   "timestamp": "2019-12-20T13:01:28+01:00"
  },
  {
   "price": "188.200000",
   "volume": "2.000",
   "timestamp": "2019-12-20T13:02:16+01:00"
  },
  {
   "price": "188.300000",
   "volume": "3.000",
   "timestamp": "2019-12-20T13:03:19+01:00"
  },
  {
   "price": "188.400000",
   "volume": "14.500",
   "timestamp": "2019-12-20T13:03:19+01:00"
  }
 ],
 "bids": [
  {
   "price": "188.000000",
   "volume": "13.542",
   "timestamp": "2019-12-20T13:03:01+01:00"
  },
  {
   "price": "187.900000",
   "volume": "26.337",
   "timestamp": "2019-12-20T13:03:01+01:00"
  },
  {
   "price": "187.800000",
   "volume": "32.680",
   "timestamp": "2019-12-20T13:03:06+01:00"
  },
  {
   "price": "187.700000",
   "volume": "31.060",
   "timestamp": "2019-12-20T13:02:57+01:00"
  }
 ]
}