{
 "pair": "BCHUSD",
 "asks": [
  {
   "Price": "206.900000",
   "Volume": "6.352",
   "Timestamp": "2019-12-14T22:52:34+01:00"
  },
  {
   "Price": "207.000000",
   "Volume": "2.694",
   "Timestamp": "2019-12-14T22:53:15+01:00"
  },
  {
   "Price": "207.100000",
   "Volume": "109.596",
   "Timestamp": "2019-12-14T22:53:13+01:00"
  },
  {
   "Price": "207.200000",
   "Volume": "14.218",
   "Timestamp": "2019-12-14T22:53:13+01:00"
  }
 ],
 "bids": [
  {
   "Price": "206.800000",
   "Volume": "7.000",
   "Timestamp": "2019-12-14T22:53:07+01:00"
  },
  {
   "Price": "206.700000",
   "Volume": "45.065",
   "Timestamp": "2019-12-14T22:53:08+01:00"
  },
  {
   "Price": "206.600000",
   "Volume": "22.430",
   "Timestamp": "2019-12-14T22:53:01+01:00"
  },
  {
   "Price": "206.500000",
   "Volume": "2.419",
   "Timestamp": "2019-12-14T22:53:04+01:00"
  }
 ]
}