{
 "pair": "BCHXBT",
 "asks": [
  {
   "price": "0.02638000",
   "volume": "19.931",
   "timestamp": "2019-12-20T13:02:58+01:00"
  },
  {
   "price": "0.02639000",
   "volume": "4.414",
   "timestamp": "2019-12-20T13:02:53+01:00"
  },
  {
   "price": "0.02640000",
   "volume": "49.377",
   "timestamp": "2019-12-20T13:02:51+01:00"
  },
  {
   "price": "0.02641000",
   "volume": "50.577",
   "timestamp": "2019-12-20T13:02:59+01:00"
  }
 ],
 "bids": [
  {
   "price": "0.02633000",
   "volume": "16.756",
   "timestamp": "2019-12-20T13:02:51+01:00"
  },
  {
   "price": "0.02632000",
   "volume": "0.880",
   "timestamp": "2019-12-20T13:02:58+01:00"
  },
  {
   "price": "0.02631000",
   "volume": "8.387",
   "timestamp": "2019-12-20T13:02:59+01:00"
  },
  {
   "price": "0.02626000",
   "volume": "55.824",
   "timestamp": "2019-12-20T13:02:53+01:00"
  }
 ]
}