{
 "pair": "BCHXBT",
 "asks": [
  {
   "Price": "0.02919000",
   "Volume": "66.202",
   "Timestamp": "2019-12-14T22:53:09+01:00"
  },
  {
   "Price": "0.02920000",
   "Volume": "2.000",
   "Timestamp": "2019-12-14T22:52:18+01:00"
  },
  {
   "Price": "0.02921000",
   "Volume": "0.833",
   "Timestamp": "2019-12-14T22:53:00+01:00"
  },
  {
   "Price": "0.02922000",
   "Volume": "0.649",
   "Timestamp": "2019-12-14T22:52:27+01:00"
  }
 ],
 "bids": [
  {
   "Price": "0.02916000",
   "Volume": "1.208",
   "Timestamp": "2019-12-14T22:53:04+01:00"
  },
  {
   "Price": "0.02915000",
   "Volume": "20.307",
   "Timestamp": "2019-12-14T22:53:07+01:00"
  },
  {
   "Price": "0.02914000",
   "Volume": "0.819",
   "Timestamp": "2019-12-14T22:52:38+01:00"
  },
  {
   "Price": "0.02913000",
   "Volume": "13.517",
   "Timestamp": "2019-12-14T22:53:04+01:00"
  }
 ]
}