{
 "pair": "DAIEUR",
 "asks": [
  {
   "Price": "0.90149000",
   "Volume": "237.187",
   "Timestamp": "2019-12-14T22:53:16+01:00"
  },
  {
   "Price": "0.90150000",
   "Volume": "389.473",
   "Timestamp": "2019-12-14T22:53:16+01:00"
  },
  {
   "Price": "0.90168000",
   "Volume": "319.609",
   "Timestamp": "2019-12-14T22:53:19+01:00"
  },
  {
   "Price": "0.90290000",
   "Volume": "7267.074",
   "Timestamp": "2019-12-14T20:11:59+01:00"
  }
 ],
 "bids": [
  {
   "Price": "0.89791000",
   "Volume": "545.505",
   "Timestamp": "2019-12-14T22:28:01+01:00"
  },
  {
   "Price": "0.89528000",
   "Volume": "1155.697",
   "Timestamp": "2019-12-14T22:28:21+01:00"
  },
  {
   "Price": "0.89527000",
   "Volume": "392.183",
   "Timestamp": "2019-12-14T22:28:01+01:00"
  },
  {
   "Price": "0.89500000",
   "Volume": "2829.710",
   "Timestamp": "2019-12-14T20:37:19+01:00"
  }
 ]
}