{
 "pair": "DAIEUR",
 "asks": [
  {
   "price": "0.90196000",
   "volume": "10.000",
   "timestamp": "2019-12-20T12:46:44+01:00"
  },
  {
   "price": "0.90197000",
   "volume": "367.934",
   "timestamp": "2019-12-20T12:43:56+01:00"
  },
  {
   "price": "0.90256000",
   "volume": "1850.000",
   "timestamp": "2019-12-20T12:51:43+01:00"
  },
  {
   "price": "0.90284000",
   "volume": "4520.016",
   "timestamp": "2019-12-19T19:01:01+01:00"
  }
 ],
 "bids": [
  {
   "price": "0.89818000",
   "volume": "648.779",
   "timestamp": "2019-12-20T12:41:27+01:00"
  },
  {
   "price": "0.89410000",
   "volume": "2796.108",
   "timestamp": "2019-12-20T12:33:11+01:00"
  },
  {
   "price": "0.89400000",
   "volume": "48609.333",
   "timestamp": "2019-12-20T12:41:55+01:00"
  },
  {
   "price": "0.89350000",
   "volume": "50000.000",
   "timestamp": "2019-12-17T16:34:33+01:00"
  }
 ]
}