{
 "pair": "DAIUSD",
 "asks": [
  {
   "Price": "0.99996000",
   "Volume": "579.950",
   "Timestamp": "2019-12-14T22:08:44+01:00"
  },
  {
   "Price": "1.00149000",
   "Volume": "237.187",
   "Timestamp": "2019-12-14T22:34:44+01:00"
  },
  {
   "Price": "1.00165000",
   "Volume": "1000.000",
   "Timestamp": "2019-12-14T22:51:12+01:00"
  },
  {
   "Price": "1.00166000",
   "Volume": "319.609",
   "Timestamp": "2019-12-14T22:52:20+01:00"
  }
 ],
 "bids": [
  {
   "Price": "0.99993000",
   "Volume": "906.071",
   "Timestamp": "2019-12-14T22:48:59+01:00"
  },
  {
   "Price": "0.99992000",
   "Volume": "1497.866",
   "Timestamp": "2019-12-14T22:48:15+01:00"
  },
  {
   "Price": "0.99991000",
   "Volume": "306.877",
   "Timestamp": "2019-12-14T22:48:26+01:00"
  },
  {
   "Price": "0.99922000",
   "Volume": "235.815",
   "Timestamp": "2019-12-14T21:38:58+01:00"
  }
 ]
}