{
 "pair": "DAIUSDT",
 "asks": [
  {
   "price": "0.99992000",
   "volume": "494.405",
   "timestamp": "2019-12-20T12:52:47+01:00"
  },
  {
   "price": "0.99993000",
   "volume": "195.424",
   "timestamp": "2019-12-20T12:30:34+01:00"
  },
  {
   "price": "0.99999000",
   "volume": "30.933",
   "timestamp": "2019-12-20T12:52:46+01:00"
  },
  {
   "price": "1.00050000",
   "volume": "500.000",
   "timestamp": "2019-12-20T12:59:31+01:00"
  }
 ],
 "bids": [
  {
   "price": "0.99761000",
   "volume": "253.973",
   "timestamp": "2019-12-20T13:02:45+01:00"
  },
  {
   "price": "0.99760000",
   "volume": "1503.085",
   "timestamp": "2019-12-20T13:02:54+01:00"
  },
  {
   "price": "0.99755000",
   "volume": "300.000",
   "timestamp": "2019-12-20T13:02:55+01:00"
  },
  {
   "price": "0.99610000",
   "volume": "1503.085",
   "timestamp": "2019-12-20T12:30:34+01:00"
  }
 ]
}