{
 "pair": "DAIUSD",
 "asks": [
  {
   "price": "0.99879000",
   "volume": "735.396",
   "timestamp": "2019-12-20T13:00:56+01:00"
  },
  {
   "price": "0.99880000",
   "volume": "192.948",
   "timestamp": "2019-12-20T13:00:56+01:00"
  },
  {
   "price": "0.99910000",
   "volume": "500.000",
   "timestamp": "2019-12-20T12:59:31+01:00"
  },
  {
   "price": "0.99920000",
   "volume": "500.000",
   "timestamp": "2019-12-20T11:48:49+01:00"
  }
 ],
 "bids": [
  {
   "price": "0.99686000",
   "volume": "33355.698",
   "timestamp": "2019-12-20T13:03:07+01:00"
  },
  {
   "price": "0.99685000",
   "volume": "500.000",
   "timestamp": "2019-12-20T13:02:29+01:00"
  },
  {
   "price": "0.99684000",
   "volume": "111.860",
   "timestamp": "2019-12-20T13:02:54+01:00"
  },
  {
   "price": "0.99679000",
   "volume": "300.000",
   "timestamp": "2019-12-20T13:02:55+01:00"
  }
 ]
}