{
 "pair": "DAIUSDT",
 "asks": [
  {
   "Price": "1.00197000",
   "Volume": "237.187",
   "Timestamp": "2019-12-14T22:05:04+01:00"
  },
  {
   "Price": "1.00198000",
   "Volume": "430.536",
   "Timestamp": "2019-12-14T22:02:23+01:00"
  },
  {
   "Price": "1.00200000",
   "Volume": "10.020",
   "Timestamp": "2019-12-14T22:04:29+01:00"
  },
  {
   "Price": "1.00245000",
   "Volume": "319.609",
   "Timestamp": "2019-12-14T22:51:12+01:00"
  }
 ],
 "bids": [
  {
   "Price": "1.00028000",
   "Volume": "625.331",
   "Timestamp": "2019-12-14T21:21:08+01:00"
  },
  {
   "Price": "1.00027000",
   "Volume": "1497.884",
   "Timestamp": "2019-12-14T20:16:07+01:00"
  },
  {
   "Price": "0.99878000",
   "Volume": "501.613",
   "Timestamp": "2019-12-14T21:36:37+01:00"
  },
  {
   "Price": "0.99877000",
   "Volume": "1497.884",
   "Timestamp": "2019-12-14T20:16:07+01:00"
  }
 ]
}