{
 "pair": "DASHXBT",
 "asks": [
  {
   "price": "0.00596000",
   "volume": "10.000",
   "timestamp": "2019-12-20T13:03:30+01:00"
  },
  {
   "price": "0.00597000",
   "volume": "39.992",
   "timestamp": "2019-12-20T13:03:29+01:00"
  },
  {
   "price": "0.00598000",
   "volume": "54.520",
   "timestamp": "2019-12-20T13:03:42+01:00"
  },
  {
   "price": "0.00599000",
   "volume": "125.545",
   "timestamp": "2019-12-20T13:01:50+01:00"
  }
 ],
 "bids": [
  {
   "price": "0.00595000",
   "volume": "38.947",
   "timestamp": "2019-12-20T13:03:29+01:00"
  },
  {
   "price": "0.00594000",
   "volume": "22.946",
   "timestamp": "2019-12-20T13:03:30+01:00"
  },
  {
   "price": "0.00593000",
   "volume": "36.726",
   "timestamp": "2019-12-20T13:03:45+01:00"
  },
  {
   "price": "0.00591000",
   "volume": "36.971",
   "timestamp": "2019-12-20T13:03:37+01:00"
  }
 ]
}