{
 "pair": "DASHUSD",
 "asks": [
  {
   "Price": "49.895000",
   "Volume": "0.068",
   "Timestamp": "2019-12-14T22:52:15+01:00"
  },
  {
   "Price": "49.906000",
   "Volume": "11.250",
   "Timestamp": "2019-12-14T22:52:20+01:00"
  },
  {
   "Price": "49.907000",
   "Volume": "7.316",
   "Timestamp": "2019-12-14T22:53:10+01:00"
  },
  {
   "Price": "49.908000",
   "Volume": "15.000",
   "Timestamp": "2019-12-14T22:52:19+01:00"
  }
 ],
 "bids": [
  {
   "Price": "49.761000",
   "Volume": "25.403",
   "Timestamp": "2019-12-14T22:52:35+01:00"
  },
  {
   "Price": "49.760000",
   "Volume": "22.045",
   "Timestamp": "2019-12-14T22:52:37+01:00"
  },
  {
   "Price": "49.759000",
   "Volume": "2.800",
   "Timestamp": "2019-12-14T22:52:47+01:00"
  },
  {
   "Price": "49.758000",
   "Volume": "7.667",
   "Timestamp": "2019-12-14T22:51:14+01:00"
  }
 ]
}