{
 "pair": "DASHXBT",
 "asks": [
  {
   "Price": "0.00704000",
   "Volume": "5.361",
   "Timestamp": "2019-12-14T22:53:12+01:00"
  },
  {
   "Price": "0.00705000",
   "Volume": "87.741",
   "Timestamp": "2019-12-14T22:53:11+01:00"
  },
  {
   "Price": "0.00706000",
   "Volume": "44.577",
   "Timestamp": "2019-12-14T22:52:55+01:00"
  },
  {
   "Price": "0.00707000",
   "Volume": "146.039",
   "Timestamp": "2019-12-14T22:49:44+01:00"
  }
 ],
 "bids": [
  {
   "Price": "0.00703000",
   "Volume": "63.012",
   "Timestamp": "2019-12-14T22:52:43+01:00"
  },
  {
   "Price": "0.00702000",
   "Volume": "23.863",
   "Timestamp": "2019-12-14T22:48:10+01:00"
  },
  {
   "Price": "0.00701000",
   "Volume": "54.617",
   "Timestamp": "2019-12-14T22:51:01+01:00"
  },
  {
   "Price": "0.00700000",
   "Volume": "6.750",
   "Timestamp": "2019-12-14T22:50:57+01:00"
  }
 ]
}