{
 "pair": "DASHUSD",
 "asks": [
  {
   "price": "42.643000",
   "volume": "5.667",
   "timestamp": "2019-12-20T13:03:24+01:00"
  },
  {
   "price": "42.663000",
   "volume": "3.143",
   "timestamp": "2019-12-20T13:03:24+01:00"
  },
  {
   "price": "42.664000",
   "volume": "20.250",
   "timestamp": "2019-12-20T13:02:55+01:00"
  },
  {
   "price": "42.689000",
   "volume": "3.500",
   "timestamp": "2019-12-20T13:03:11+01:00"
  }
 ],
 "bids": [
  {
   "price": "42.503000",
   "volume": "1.000",
   "timestamp": "2019-12-20T13:03:25+01:00"
  },
  {
   "price": "42.499000",
   "volume": "2.800",
   "timestamp": "2019-12-20T13:03:05+01:00"
  },
  {
   "price": "42.498000",
   "volume": "4.660",
   "timestamp": "2019-12-20T13:02:36+01:00"
  },
  {
   "price": "42.490000",
   "volume": "35.546",
   "timestamp": "2019-12-20T13:03:05+01:00"
  }
 ]
}