{
 "pair": "DASHEUR",
 "asks": [
  {
   "Price": "44.919000",
   "Volume": "2.800",
   "Timestamp": "2019-12-14T22:52:22+01:00"
  },
  {
   "Price": "44.920000",
   "Volume": "19.300",
   "Timestamp": "2019-12-14T22:50:25+01:00"
  },
  {
   "Price": "44.962000",
   "Volume": "0.858",
   "Timestamp": "2019-12-14T22:52:51+01:00"
  },
  {
   "Price": "44.963000",
   "Volume": "4.106",
   "Timestamp": "2019-12-14T22:52:51+01:00"
  }
 ],
 "bids": [
  {
   "Price": "44.841000",
   "Volume": "0.486",
   "Timestamp": "2019-12-14T22:49:43+01:00"
  },
  {
   "Price": "44.840000",
   "Volume": "11.151",
   "Timestamp": "2019-12-14T22:41:30+01:00"
  },
  {
   "Price": "44.821000",
   "Volume": "3.380",
   "Timestamp": "2019-12-14T22:51:44+01:00"
  },
  {
   "Price": "44.811000",
   "Volume": "2.800",
   "Timestamp": "2019-12-14T22:51:47+01:00"
  }
 ]
}