{
 "pair": "DASHEUR",
 "asks": [
  {
   "price": "38.498000",
   "volume": "2.800",
   "timestamp": "2019-12-20T13:02:57+01:00"
  },
  {
   "price": "38.499000",
   "volume": "18.260",
   "timestamp": "2019-12-20T13:02:57+01:00"
  },
  {
   "price": "38.501000",
   "volume": "19.050",
   "timestamp": "2019-12-20T13:00:38+01:00"
  },
  {
   "price": "38.528000",
   "volume": "0.472",
   "timestamp": "2019-12-20T12:36:24+01:00"
  }
 ],
 "bids": [
  {
   "price": "38.362000",
   "volume": "0.540",
   "timestamp": "2019-12-20T13:03:07+01:00"
  },
  {
   "price": "38.360000",
   "volume": "2.800",
   "timestamp": "2019-12-20T13:03:05+01:00"
  },
  {
   "price": "38.357000",
   "volume": "9.124",
   "timestamp": "2019-12-20T13:02:45+01:00"
  },
  {
   "price": "38.356000",
   "volume": "4.640",
   "timestamp": "2019-12-20T13:01:39+01:00"
  }
 ]
}