{
 "pair": "EOSETH",
 "asks": [
  {
   "Price": "0.01817100",
   "Volume": "4062.835",
   "Timestamp": "2019-12-14T22:53:20+01:00"
  },
  {
   "Price": "0.01821400",
   "Volume": "104.839",
   "Timestamp": "2019-12-14T22:52:33+01:00"
  },
  {
   "Price": "0.01821700",
   "Volume": "173.900",
   "Timestamp": "2019-12-14T22:52:19+01:00"
  },
  {
   "Price": "0.01824800",
   "Volume": "108.579",
   "Timestamp": "2019-12-14T22:50:25+01:00"
  }
 ],
 "bids": [
  {
   "Price": "0.01809300",
   "Volume": "412.151",
   "Timestamp": "2019-12-14T22:52:57+01:00"
  },
  {
   "Price": "0.01809200",
   "Volume": "8513.043",
   "Timestamp": "2019-12-14T22:51:38+01:00"
  },
  {
   "Price": "0.01801000",
   "Volume": "94.191",
   "Timestamp": "2019-12-14T22:52:57+01:00"
  },
  {
   "Price": "0.01800800",
   "Volume": "352.459",
   "Timestamp": "2019-12-14T22:50:29+01:00"
  }
 ]
}