{
 "pair": "EOSEUR",
 "asks": [
  {
   "Price": "2.319300",
   "Volume": "699.800",
   "Timestamp": "2019-12-14T22:37:02+01:00"
  },
  {
   "Price": "2.319700",
   "Volume": "349.990",
   "Timestamp": "2019-12-14T22:53:19+01:00"
  },
  {
   "Price": "2.319900",
   "Volume": "93.000",
   "Timestamp": "2019-12-14T22:53:03+01:00"
  },
  {
   "Price": "2.324700",
   "Volume": "650.000",
   "Timestamp": "2019-12-14T22:48:03+01:00"
  }
 ],
 "bids": [
  {
   "Price": "2.314600",
   "Volume": "90.761",
   "Timestamp": "2019-12-14T22:53:15+01:00"
  },
  {
   "Price": "2.314200",
   "Volume": "98.100",
   "Timestamp": "2019-12-14T22:52:45+01:00"
  },
  {
   "Price": "2.313700",
   "Volume": "92.300",
   "Timestamp": "2019-12-14T22:51:44+01:00"
  },
  {
   "Price": "2.313200",
   "Volume": "111.900",
   "Timestamp": "2019-12-14T22:46:22+01:00"
  }
 ]
}