{
 "pair": "EOSETH",
 "asks": [
  {
   "price": "0.01940500",
   "volume": "405.625",
   "timestamp": "2019-12-20T13:03:26+01:00"
  },
  {
   "price": "0.01940600",
   "volume": "7242.153",
   "timestamp": "2019-12-20T13:03:25+01:00"
  },
  {
   "price": "0.01940800",
   "volume": "93.793",
   "timestamp": "2019-12-20T13:03:23+01:00"
  },
  {
   "price": "0.01947000",
   "volume": "154.927",
   "timestamp": "2019-12-20T13:02:55+01:00"
  }
 ],
 "bids": [
  {
   "price": "0.01932400",
   "volume": "155.300",
   "timestamp": "2019-12-20T13:03:58+01:00"
  },
  {
   "price": "0.01932300",
   "volume": "91.011",
   "timestamp": "2019-12-20T13:03:53+01:00"
  },
  {
   "price": "0.01930100",
   "volume": "3.000",
   "timestamp": "2019-12-20T13:02:27+01:00"
  },
  {
   "price": "0.01923700",
   "volume": "154.979",
   "timestamp": "2019-12-20T13:03:30+01:00"
  }
 ]
}