{
 "pair": "EOSEUR",
 "asks": [
  {
   "price": "2.228600",
   "volume": "541.633",
   "timestamp": "2019-12-20T13:03:28+01:00"
  },
  {
   "price": "2.230800",
   "volume": "400.000",
   "timestamp": "2019-12-20T13:02:32+01:00"
  },
  {
   "price": "2.231300",
   "volume": "92.300",
   "timestamp": "2019-12-20T13:03:06+01:00"
  },
  {
   "price": "2.231900",
   "volume": "979.513",
   "timestamp": "2019-12-20T13:00:28+01:00"
  }
 ],
 "bids": [
  {
   "price": "2.223400",
   "volume": "20.186",
   "timestamp": "2019-12-20T13:03:00+01:00"
  },
  {
   "price": "2.223300",
   "volume": "105.200",
   "timestamp": "2019-12-20T13:03:10+01:00"
  },
  {
   "price": "2.222800",
   "volume": "128.300",
   "timestamp": "2019-12-20T13:01:52+01:00"
  },
  {
   "price": "2.222400",
   "volume": "1151.100",
   "timestamp": "2019-12-20T13:03:08+01:00"
  }
 ]
}