{
 "pair": "EOSUSD",
 "asks": [
  {
   "Price": "2.577600",
   "Volume": "9.000",
   "Timestamp": "2019-12-14T22:53:08+01:00"
  },
  {
   "Price": "2.577800",
   "Volume": "600.000",
   "Timestamp": "2019-12-14T22:53:07+01:00"
  },
  {
   "Price": "2.577900",
   "Volume": "17.457",
   "Timestamp": "2019-12-14T22:31:24+01:00"
  },
  {
   "Price": "2.579100",
   "Volume": "34.896",
   "Timestamp": "2019-12-14T22:23:07+01:00"
  }
 ],
 "bids": [
  {
   "Price": "2.577000",
   "Volume": "954.355",
   "Timestamp": "2019-12-14T22:52:48+01:00"
  },
  {
   "Price": "2.576700",
   "Volume": "425.553",
   "Timestamp": "2019-12-14T22:53:11+01:00"
  },
  {
   "Price": "2.576300",
   "Volume": "693.073",
   "Timestamp": "2019-12-14T22:53:00+01:00"
  },
  {
   "Price": "2.574800",
   "Volume": "740.307",
   "Timestamp": "2019-12-14T22:52:58+01:00"
  }
 ]
}