{
 "pair": "EOSUSD",
 "asks": [
  {
   "price": "2.466700",
   "volume": "35.676",
   "timestamp": "2019-12-20T12:55:37+01:00"
  },
  {
   "price": "2.467100",
   "volume": "107.009",
   "timestamp": "2019-12-20T12:58:55+01:00"
  },
  {
   "price": "2.468400",
   "volume": "35.651",
   "timestamp": "2019-12-20T12:54:18+01:00"
  },
  {
   "price": "2.468800",
   "volume": "71.290",
   "timestamp": "2019-12-20T13:01:41+01:00"
  }
 ],
 "bids": [
  {
   "price": "2.464300",
   "volume": "92.770",
   "timestamp": "2019-12-20T13:03:03+01:00"
  },
  {
   "price": "2.464200",
   "volume": "218.473",
   "timestamp": "2019-12-20T13:03:02+01:00"
  },
  {
   "price": "2.464100",
   "volume": "400.000",
   "timestamp": "2019-12-20T13:03:02+01:00"
  },
  {
   "price": "2.462900",
   "volume": "160.004",
   "timestamp": "2019-12-20T13:03:00+01:00"
  }
 ]
}