{
 "pair": "EOSXBT",
 "asks": [
  {
   "price": "0.00034550",
   "volume": "7440.574",
   "timestamp": "2019-12-20T13:02:57+01:00"
  },
  {
   "price": "0.00034590",
   "volume": "460.150",
   "timestamp": "2019-12-20T13:03:07+01:00"
  },
  {
   "price": "0.00034600",
   "volume": "1856.670",
   "timestamp": "2019-12-20T13:03:07+01:00"
  },
  {
   "price": "0.00034610",
   "volume": "71.200",
   "timestamp": "2019-12-20T13:02:58+01:00"
  }
 ],
 "bids": [
  {
   "price": "0.00034510",
   "volume": "382.178",
   "timestamp": "2019-12-20T13:03:07+01:00"
  },
  {
   "price": "0.00034500",
   "volume": "400.000",
   "timestamp": "2019-12-20T13:03:07+01:00"
  },
  {
   "price": "0.00034490",
   "volume": "61.600",
   "timestamp": "2019-12-20T13:01:44+01:00"
  },
  {
   "price": "0.00034450",
   "volume": "366.600",
   "timestamp": "2019-12-20T13:02:25+01:00"
  }
 ]
}