{
 "pair": "EOSXBT",
 "asks": [
  {
   "Price": "0.00036430",
   "Volume": "375.220",
   "Timestamp": "2019-12-14T22:53:18+01:00"
  },
  {
   "Price": "0.00036440",
   "Volume": "8256.016",
   "Timestamp": "2019-12-14T22:53:12+01:00"
  },
  {
   "Price": "0.00036450",
   "Volume": "556.439",
   "Timestamp": "2019-12-14T22:53:12+01:00"
  },
  {
   "Price": "0.00036460",
   "Volume": "58.300",
   "Timestamp": "2019-12-14T22:51:45+01:00"
  }
 ],
 "bids": [
  {
   "Price": "0.00036370",
   "Volume": "449.946",
   "Timestamp": "2019-12-14T22:53:14+01:00"
  },
  {
   "Price": "0.00036360",
   "Volume": "445.781",
   "Timestamp": "2019-12-14T22:53:14+01:00"
  },
  {
   "Price": "0.00036350",
   "Volume": "204.317",
   "Timestamp": "2019-12-14T22:52:33+01:00"
  },
  {
   "Price": "0.00036340",
   "Volume": "741.630",
   "Timestamp": "2019-12-14T22:53:07+01:00"
  }
 ]
}