{
 "pair": "ETCETH",
 "asks": [
  {
   "price": "0.03044400",
   "volume": "63.484",
   "timestamp": "2019-12-20T13:03:14+01:00"
  },
  {
   "price": "0.03044700",
   "volume": "55.347",
   "timestamp": "2019-12-20T13:03:10+01:00"
  },
  {
   "price": "0.03045000",
   "volume": "1.000",
   "timestamp": "2019-12-20T10:25:13+01:00"
  },
  {
   "price": "0.03050000",
   "volume": "1.000",
   "timestamp": "2019-12-20T11:03:34+01:00"
  }
 ],
 "bids": [
  {
   "price": "0.03037300",
   "volume": "110.000",
   "timestamp": "2019-12-20T13:01:46+01:00"
  },
  {
   "price": "0.03035000",
   "volume": "1.000",
   "timestamp": "2019-12-20T12:49:59+01:00"
  },
  {
   "price": "0.03030000",
   "volume": "1.000",
   "timestamp": "2019-12-20T12:47:55+01:00"
  },
  {
   "price": "0.03025800",
   "volume": "1116.000",
   "timestamp": "2019-12-20T13:02:16+01:00"
  }
 ]
}