{
 "pair": "ETCETH",
 "asks": [
  {
   "Price": "0.02673600",
   "Volume": "118.696",
   "Timestamp": "2019-12-14T22:52:30+01:00"
  },
  {
   "Price": "0.02678700",
   "Volume": "118.000",
   "Timestamp": "2019-12-14T22:49:09+01:00"
  },
  {
   "Price": "0.02680000",
   "Volume": "0.001",
   "Timestamp": "2019-12-14T06:55:07+01:00"
  },
  {
   "Price": "0.02684900",
   "Volume": "1185.000",
   "Timestamp": "2019-12-14T22:28:53+01:00"
  }
 ],
 "bids": [
  {
   "Price": "0.02654000",
   "Volume": "63.918",
   "Timestamp": "2019-12-14T22:53:06+01:00"
  },
  {
   "Price": "0.02653900",
   "Volume": "119.000",
   "Timestamp": "2019-12-14T22:53:06+01:00"
  },
  {
   "Price": "0.02643700",
   "Volume": "112.630",
   "Timestamp": "2019-12-14T22:53:01+01:00"
  },
  {
   "Price": "0.02643600",
   "Volume": "1186.000",
   "Timestamp": "2019-12-14T22:52:01+01:00"
  }
 ]
}