{
 "pair": "ETCEUR",
 "asks": [
  {
   "Price": "3.41000000",
   "Volume": "22.755",
   "Timestamp": "2019-12-14T22:53:10+01:00"
  },
  {
   "Price": "3.41200000",
   "Volume": "57.884",
   "Timestamp": "2019-12-14T22:53:10+01:00"
  },
  {
   "Price": "3.41500000",
   "Volume": "180.000",
   "Timestamp": "2019-12-14T22:53:08+01:00"
  },
  {
   "Price": "3.41600000",
   "Volume": "0.718",
   "Timestamp": "2019-12-14T22:53:04+01:00"
  }
 ],
 "bids": [
  {
   "Price": "3.40700000",
   "Volume": "99.283",
   "Timestamp": "2019-12-14T22:45:56+01:00"
  },
  {
   "Price": "3.40400000",
   "Volume": "180.000",
   "Timestamp": "2019-12-14T22:45:32+01:00"
  },
  {
   "Price": "3.40100000",
   "Volume": "402.941",
   "Timestamp": "2019-12-14T22:53:26+01:00"
  },
  {
   "Price": "3.40000000",
   "Volume": "397.000",
   "Timestamp": "2019-12-14T22:40:56+01:00"
  }
 ]
}