{
 "pair": "ETCEUR",
 "asks": [
  {
   "price": "3.49400000",
   "volume": "70.301",
   "timestamp": "2019-12-20T13:02:58+01:00"
  },
  {
   "price": "3.49900000",
   "volume": "10.169",
   "timestamp": "2019-12-20T13:03:07+01:00"
  },
  {
   "price": "3.50000000",
   "volume": "0.352",
   "timestamp": "2019-12-20T13:01:02+01:00"
  },
  {
   "price": "3.50100000",
   "volume": "63.484",
   "timestamp": "2019-12-20T13:03:06+01:00"
  }
 ],
 "bids": [
  {
   "price": "3.48900000",
   "volume": "215.000",
   "timestamp": "2019-12-20T13:03:04+01:00"
  },
  {
   "price": "3.48800000",
   "volume": "364.000",
   "timestamp": "2019-12-20T13:02:47+01:00"
  },
  {
   "price": "3.48200000",
   "volume": "57.741",
   "timestamp": "2019-12-20T13:02:48+01:00"
  },
  {
   "price": "3.47600000",
   "volume": "12.000",
   "timestamp": "2019-12-20T13:02:56+01:00"
  }
 ]
}