{
 "pair": "ETCUSD",
 "asks": [
  {
   "Price": "3.79000000",
   "Volume": "162.000",
   "Timestamp": "2019-12-14T22:52:37+01:00"
  },
  {
   "Price": "3.79100000",
   "Volume": "0.301",
   "Timestamp": "2019-12-14T22:52:22+01:00"
  },
  {
   "Price": "3.79200000",
   "Volume": "71.947",
   "Timestamp": "2019-12-14T22:52:34+01:00"
  },
  {
   "Price": "3.79500000",
   "Volume": "140.061",
   "Timestamp": "2019-12-14T22:52:34+01:00"
  }
 ],
 "bids": [
  {
   "Price": "3.78500000",
   "Volume": "180.000",
   "Timestamp": "2019-12-14T22:51:43+01:00"
  },
  {
   "Price": "3.78200000",
   "Volume": "140.070",
   "Timestamp": "2019-12-14T22:51:46+01:00"
  },
  {
   "Price": "3.77700000",
   "Volume": "413.600",
   "Timestamp": "2019-12-14T22:52:38+01:00"
  },
  {
   "Price": "3.77500000",
   "Volume": "617.866",
   "Timestamp": "2019-12-14T22:50:47+01:00"
  }
 ]
}