{
 "pair": "ETCUSD",
 "asks": [
  {
   "price": "3.86400000",
   "volume": "127.375",
   "timestamp": "2019-12-20T13:03:06+01:00"
  },
  {
   "price": "3.86600000",
   "volume": "77.697",
   "timestamp": "2019-12-20T13:03:05+01:00"
  },
  {
   "price": "3.87600000",
   "volume": "15.100",
   "timestamp": "2019-12-20T13:03:08+01:00"
  },
  {
   "price": "3.87700000",
   "volume": "60.423",
   "timestamp": "2019-12-20T13:03:04+01:00"
  }
 ],
 "bids": [
  {
   "price": "3.85800000",
   "volume": "106.172",
   "timestamp": "2019-12-20T13:03:06+01:00"
  },
  {
   "price": "3.85700000",
   "volume": "307.374",
   "timestamp": "2019-12-20T13:03:06+01:00"
  },
  {
   "price": "3.85500000",
   "volume": "148.770",
   "timestamp": "2019-12-20T13:02:33+01:00"
  },
  {
   "price": "3.85400000",
   "volume": "57.835",
   "timestamp": "2019-12-20T13:02:54+01:00"
  }
 ]
}