{
 "pair": "ETCXBT",
 "asks": [
  {
   "price": "0.00054300",
   "volume": "275.087",
   "timestamp": "2019-12-20T13:00:46+01:00"
  },
  {
   "price": "0.00054400",
   "volume": "63.484",
   "timestamp": "2019-12-20T13:03:26+01:00"
  },
  {
   "price": "0.00054500",
   "volume": "82.477",
   "timestamp": "2019-12-20T13:03:46+01:00"
  },
  {
   "price": "0.00054600",
   "volume": "615.694",
   "timestamp": "2019-12-20T13:02:55+01:00"
  }
 ],
 "bids": [
  {
   "price": "0.00054000",
   "volume": "1531.537",
   "timestamp": "2019-12-20T13:03:14+01:00"
  },
  {
   "price": "0.00053900",
   "volume": "824.192",
   "timestamp": "2019-12-20T13:02:47+01:00"
  },
  {
   "price": "0.00053800",
   "volume": "449.004",
   "timestamp": "2019-12-20T13:02:45+01:00"
  },
  {
   "price": "0.00053700",
   "volume": "7255.738",
   "timestamp": "2019-12-20T13:03:49+01:00"
  }
 ]
}