{
 "pair": "ETCXBT",
 "asks": [
  {
   "Price": "0.00053600",
   "Volume": "154.900",
   "Timestamp": "2019-12-14T22:50:41+01:00"
  },
  {
   "Price": "0.00053700",
   "Volume": "300.942",
   "Timestamp": "2019-12-14T22:47:57+01:00"
  },
  {
   "Price": "0.00053800",
   "Volume": "2018.731",
   "Timestamp": "2019-12-14T22:53:01+01:00"
  },
  {
   "Price": "0.00053900",
   "Volume": "0.300",
   "Timestamp": "2019-12-14T22:46:43+01:00"
  }
 ],
 "bids": [
  {
   "Price": "0.00053300",
   "Volume": "1316.769",
   "Timestamp": "2019-12-14T22:52:47+01:00"
  },
  {
   "Price": "0.00053200",
   "Volume": "1559.832",
   "Timestamp": "2019-12-14T22:43:36+01:00"
  },
  {
   "Price": "0.00053100",
   "Volume": "204.933",
   "Timestamp": "2019-12-14T22:52:52+01:00"
  },
  {
   "Price": "0.00053000",
   "Volume": "9531.325",
   "Timestamp": "2019-12-14T22:52:35+01:00"
  }
 ]
}