{
 "pair": "ETHCHF",
 "asks": [
  {
   "Price": "141.99000",
   "Volume": "4.161",
   "Timestamp": "2019-12-14T22:52:33+01:00"
  },
  {
   "Price": "146.99000",
   "Volume": "1.639",
   "Timestamp": "2019-12-14T22:52:32+01:00"
  },
  {
   "Price": "147.00000",
   "Volume": "20.000",
   "Timestamp": "2019-12-12T00:48:10+01:00"
  },
  {
   "Price": "147.70000",
   "Volume": "0.127",
   "Timestamp": "2019-12-11T20:45:47+01:00"
  }
 ],
 "bids": [
  {
   "Price": "140.36000",
   "Volume": "0.856",
   "Timestamp": "2019-12-14T21:11:11+01:00"
  },
  {
   "Price": "140.11000",
   "Volume": "1.547",
   "Timestamp": "2019-12-14T22:52:48+01:00"
  },
  {
   "Price": "140.10000",
   "Volume": "0.325",
   "Timestamp": "2019-12-14T13:55:20+01:00"
  },
  {
   "Price": "140.08000",
   "Volume": "0.172",
   "Timestamp": "2019-12-14T12:03:52+01:00"
  }
 ]
}