{
 "pair": "ETHCHF",
 "asks": [
  {
   "price": "127.10000",
   "volume": "0.100",
   "timestamp": "2019-12-20T12:42:09+01:00"
  },
  {
   "price": "127.19000",
   "volume": "0.561",
   "timestamp": "2019-12-20T13:03:01+01:00"
  },
  {
   "price": "127.20000",
   "volume": "0.100",
   "timestamp": "2019-12-20T12:39:27+01:00"
  },
  {
   "price": "127.30000",
   "volume": "0.100",
   "timestamp": "2019-12-20T12:39:17+01:00"
  }
 ],
 "bids": [
  {
   "price": "126.00000",
   "volume": "0.253",
   "timestamp": "2019-12-20T12:59:56+01:00"
  },
  {
   "price": "125.90000",
   "volume": "0.100",
   "timestamp": "2019-12-20T13:01:52+01:00"
  },
  {
   "price": "125.80000",
   "volume": "0.100",
   "timestamp": "2019-12-20T13:01:46+01:00"
  },
  {
   "price": "125.70000",
   "volume": "0.100",
   "timestamp": "2019-12-20T13:02:38+01:00"
  }
 ]
}