{
 "pair": "ETHCAD",
 "asks": [
  {
   "price": "168.76000",
   "volume": "1.759",
   "timestamp": "2019-12-20T13:03:28+01:00"
  },
  {
   "price": "169.14000",
   "volume": "2.606",
   "timestamp": "2019-12-20T13:03:01+01:00"
  },
  {
   "price": "169.17000",
   "volume": "2.220",
   "timestamp": "2019-12-20T13:01:51+01:00"
  },
  {
   "price": "169.33000",
   "volume": "1.723",
   "timestamp": "2019-12-20T13:02:12+01:00"
  }
 ],
 "bids": [
  {
   "price": "167.66000",
   "volume": "1.768",
   "timestamp": "2019-12-20T13:03:37+01:00"
  },
  {
   "price": "167.65000",
   "volume": "2.369",
   "timestamp": "2019-12-20T13:03:36+01:00"
  },
  {
   "price": "167.64000",
   "volume": "0.071",
   "timestamp": "2019-12-20T13:03:37+01:00"
  },
  {
   "price": "167.32000",
   "volume": "6.624",
   "timestamp": "2019-12-20T13:03:06+01:00"
  }
 ]
}