{
 "pair": "ETHCAD",
 "asks": [
  {
   "Price": "188.37000",
   "Volume": "0.680",
   "Timestamp": "2019-12-14T22:53:13+01:00"
  },
  {
   "Price": "188.38000",
   "Volume": "6.480",
   "Timestamp": "2019-12-14T22:51:05+01:00"
  },
  {
   "Price": "188.48000",
   "Volume": "1.697",
   "Timestamp": "2019-12-14T22:53:08+01:00"
  },
  {
   "Price": "188.49000",
   "Volume": "1.662",
   "Timestamp": "2019-12-14T22:53:08+01:00"
  }
 ],
 "bids": [
  {
   "Price": "187.34000",
   "Volume": "4.600",
   "Timestamp": "2019-12-14T22:52:53+01:00"
  },
  {
   "Price": "187.04000",
   "Volume": "4.039",
   "Timestamp": "2019-12-14T22:53:12+01:00"
  },
  {
   "Price": "187.01000",
   "Volume": "8.101",
   "Timestamp": "2019-12-14T22:50:00+01:00"
  },
  {
   "Price": "187.00000",
   "Volume": "0.107",
   "Timestamp": "2019-12-14T22:42:27+01:00"
  }
 ]
}