{
 "pair": "ETHDAI",
 "asks": [
  {
   "Price": "142.579000",
   "Volume": "1.697",
   "Timestamp": "2019-12-14T22:52:57+01:00"
  },
  {
   "Price": "142.580000",
   "Volume": "2.043",
   "Timestamp": "2019-12-14T22:37:02+01:00"
  },
  {
   "Price": "142.618000",
   "Volume": "14.063",
   "Timestamp": "2019-12-14T22:52:52+01:00"
  },
  {
   "Price": "142.711000",
   "Volume": "10.000",
   "Timestamp": "2019-12-14T22:09:53+01:00"
  }
 ],
 "bids": [
  {
   "Price": "141.765000",
   "Volume": "20.189",
   "Timestamp": "2019-12-14T22:53:14+01:00"
  },
  {
   "Price": "141.764000",
   "Volume": "14.063",
   "Timestamp": "2019-12-14T22:52:54+01:00"
  },
  {
   "Price": "141.751000",
   "Volume": "9.021",
   "Timestamp": "2019-12-14T22:52:54+01:00"
  },
  {
   "Price": "141.521000",
   "Volume": "2.011",
   "Timestamp": "2019-12-14T22:40:44+01:00"
  }
 ]
}