{
 "pair": "ETHDAI",
 "asks": [
  {
   "price": "127.761000",
   "volume": "1.759",
   "timestamp": "2019-12-20T13:03:32+01:00"
  },
  {
   "price": "127.762000",
   "volume": "15.719",
   "timestamp": "2019-12-20T13:02:44+01:00"
  },
  {
   "price": "127.894000",
   "volume": "14.670",
   "timestamp": "2019-12-20T13:02:15+01:00"
  },
  {
   "price": "128.017000",
   "volume": "15.719",
   "timestamp": "2019-12-20T13:02:44+01:00"
  }
 ],
 "bids": [
  {
   "price": "127.474000",
   "volume": "2.941",
   "timestamp": "2019-12-20T13:03:26+01:00"
  },
  {
   "price": "127.472000",
   "volume": "1.504",
   "timestamp": "2019-12-20T13:00:38+01:00"
  },
  {
   "price": "127.247000",
   "volume": "1.760",
   "timestamp": "2019-12-20T13:02:44+01:00"
  },
  {
   "price": "127.246000",
   "volume": "15.719",
   "timestamp": "2019-12-20T13:02:44+01:00"
  }
 ]
}