{
 "pair": "ETHEUR",
 "asks": [
  {
   "price": "115.03000",
   "volume": "59.783",
   "timestamp": "2019-12-20T13:02:46+01:00"
  },
  {
   "price": "115.06000",
   "volume": "8.200",
   "timestamp": "2019-12-20T13:02:49+01:00"
  },
  {
   "price": "115.07000",
   "volume": "14.472",
   "timestamp": "2019-12-20T13:02:56+01:00"
  },
  {
   "price": "115.08000",
   "volume": "142.247",
   "timestamp": "2019-12-20T13:02:34+01:00"
  }
 ],
 "bids": [
  {
   "price": "114.95000",
   "volume": "61.601",
   "timestamp": "2019-12-20T13:03:00+01:00"
  },
  {
   "price": "114.93000",
   "volume": "43.506",
   "timestamp": "2019-12-20T13:02:57+01:00"
  },
  {
   "price": "114.90000",
   "volume": "50.303",
   "timestamp": "2019-12-20T13:02:54+01:00"
  },
  {
   "price": "114.87000",
   "volume": "16.281",
   "timestamp": "2019-12-20T13:02:16+01:00"
  }
 ]
}