{
 "pair": "ETHEUR",
 "asks": [
  {
   "Price": "127.97000",
   "Volume": "10.000",
   "Timestamp": "2019-12-14T22:50:28+01:00"
  },
  {
   "Price": "127.99000",
   "Volume": "6.929",
   "Timestamp": "2019-12-14T22:52:48+01:00"
  },
  {
   "Price": "128.00000",
   "Volume": "74.230",
   "Timestamp": "2019-12-14T22:52:58+01:00"
  },
  {
   "Price": "128.01000",
   "Volume": "2.000",
   "Timestamp": "2019-12-14T22:52:46+01:00"
  }
 ],
 "bids": [
  {
   "Price": "127.88000",
   "Volume": "2.490",
   "Timestamp": "2019-12-14T22:53:02+01:00"
  },
  {
   "Price": "127.87000",
   "Volume": "3.250",
   "Timestamp": "2019-12-14T22:52:58+01:00"
  },
  {
   "Price": "127.86000",
   "Volume": "0.272",
   "Timestamp": "2019-12-14T22:52:51+01:00"
  },
  {
   "Price": "127.85000",
   "Volume": "10.000",
   "Timestamp": "2019-12-14T22:52:46+01:00"
  }
 ]
}