{
 "pair": "ETHGBP",
 "asks": [
  {
   "price": "103.29000",
   "volume": "1.759",
   "timestamp": "2019-12-20T13:03:34+01:00"
  },
  {
   "price": "103.30000",
   "volume": "1.739",
   "timestamp": "2019-12-20T13:03:34+01:00"
  },
  {
   "price": "103.34000",
   "volume": "5.760",
   "timestamp": "2019-12-20T13:03:20+01:00"
  },
  {
   "price": "103.43000",
   "volume": "0.600",
   "timestamp": "2019-12-20T13:02:51+01:00"
  }
 ],
 "bids": [
  {
   "price": "100.31000",
   "volume": "1.749",
   "timestamp": "2019-12-20T13:03:31+01:00"
  },
  {
   "price": "100.30000",
   "volume": "1.339",
   "timestamp": "2019-12-20T13:03:31+01:00"
  },
  {
   "price": "100.19000",
   "volume": "0.846",
   "timestamp": "2019-12-20T12:59:57+01:00"
  },
  {
   "price": "98.25000",
   "volume": "5.760",
   "timestamp": "2019-12-20T13:02:36+01:00"
  }
 ]
}