{
 "pair": "ETHGBP",
 "asks": [
  {
   "Price": "107.78000",
   "Volume": "1.246",
   "Timestamp": "2019-12-14T22:34:55+01:00"
  },
  {
   "Price": "107.79000",
   "Volume": "20.558",
   "Timestamp": "2019-12-14T22:34:53+01:00"
  },
  {
   "Price": "109.02000",
   "Volume": "1.639",
   "Timestamp": "2019-12-14T22:52:38+01:00"
  },
  {
   "Price": "109.13000",
   "Volume": "0.564",
   "Timestamp": "2019-12-14T22:51:16+01:00"
  }
 ],
 "bids": [
  {
   "Price": "106.86000",
   "Volume": "1.257",
   "Timestamp": "2019-12-14T22:52:26+01:00"
  },
  {
   "Price": "106.83000",
   "Volume": "0.302",
   "Timestamp": "2019-12-14T22:52:20+01:00"
  },
  {
   "Price": "106.76000",
   "Volume": "1.186",
   "Timestamp": "2019-12-14T22:52:20+01:00"
  },
  {
   "Price": "105.35000",
   "Volume": "11.476",
   "Timestamp": "2019-12-14T22:52:42+01:00"
  }
 ]
}