{
 "pair": "ETHJPY",
 "asks": [
  {
   "Price": "15622.00000",
   "Volume": "183.110",
   "Timestamp": "2019-12-14T22:48:01+01:00"
  },
  {
   "Price": "15686.00000",
   "Volume": "1.697",
   "Timestamp": "2019-12-14T22:52:38+01:00"
  },
  {
   "Price": "15687.00000",
   "Volume": "0.680",
   "Timestamp": "2019-12-14T22:52:38+01:00"
  },
  {
   "Price": "15717.00000",
   "Volume": "7.000",
   "Timestamp": "2019-12-14T22:17:41+01:00"
  }
 ],
 "bids": [
  {
   "Price": "15529.00000",
   "Volume": "0.547",
   "Timestamp": "2019-12-14T22:38:13+01:00"
  },
  {
   "Price": "15528.00000",
   "Volume": "2.600",
   "Timestamp": "2019-12-14T22:25:14+01:00"
  },
  {
   "Price": "15493.00000",
   "Volume": "0.242",
   "Timestamp": "2019-12-14T22:51:23+01:00"
  },
  {
   "Price": "15492.00000",
   "Volume": "2.050",
   "Timestamp": "2019-12-14T18:50:26+01:00"
  }
 ]
}