{
 "pair": "ETHJPY",
 "asks": [
  {
   "price": "14047.00000",
   "volume": "7.000",
   "timestamp": "2019-12-20T12:05:35+01:00"
  },
  {
   "price": "14443.00000",
   "volume": "1.759",
   "timestamp": "2019-12-20T13:03:36+01:00"
  },
  {
   "price": "14444.00000",
   "volume": "0.194",
   "timestamp": "2019-12-19T22:15:30+01:00"
  },
  {
   "price": "14685.00000",
   "volume": "0.021",
   "timestamp": "2019-12-19T21:55:04+01:00"
  }
 ],
 "bids": [
  {
   "price": "13948.00000",
   "volume": "2.339",
   "timestamp": "2019-12-20T13:03:29+01:00"
  },
  {
   "price": "13947.00000",
   "volume": "8.586",
   "timestamp": "2019-12-20T13:03:29+01:00"
  },
  {
   "price": "13877.00000",
   "volume": "5.595",
   "timestamp": "2019-12-20T13:03:36+01:00"
  },
  {
   "price": "13876.00000",
   "volume": "1.777",
   "timestamp": "2019-12-20T13:03:24+01:00"
  }
 ]
}