{
 "pair": "ETHUSD",
 "asks": [
  {
   "Price": "142.09000",
   "Volume": "0.029",
   "Timestamp": "2019-12-14T22:52:57+01:00"
  },
  {
   "Price": "142.22000",
   "Volume": "43.326",
   "Timestamp": "2019-12-14T22:53:12+01:00"
  },
  {
   "Price": "142.25000",
   "Volume": "31.285",
   "Timestamp": "2019-12-14T22:52:16+01:00"
  },
  {
   "Price": "142.28000",
   "Volume": "39.617",
   "Timestamp": "2019-12-14T22:50:56+01:00"
  }
 ],
 "bids": [
  {
   "Price": "142.08000",
   "Volume": "382.256",
   "Timestamp": "2019-12-14T22:53:24+01:00"
  },
  {
   "Price": "142.07000",
   "Volume": "7.032",
   "Timestamp": "2019-12-14T22:53:15+01:00"
  },
  {
   "Price": "142.06000",
   "Volume": "9.190",
   "Timestamp": "2019-12-14T22:53:22+01:00"
  },
  {
   "Price": "142.05000",
   "Volume": "117.282",
   "Timestamp": "2019-12-14T22:53:06+01:00"
  }
 ]
}