{
 "pair": "ETHUSDT",
 "asks": [
  {
   "price": "127.54000",
   "volume": "1.759",
   "timestamp": "2019-12-20T13:02:44+01:00"
  },
  {
   "price": "127.60000",
   "volume": "7.857",
   "timestamp": "2019-12-20T13:03:41+01:00"
  },
  {
   "price": "128.00000",
   "volume": "0.100",
   "timestamp": "2019-12-20T03:29:33+01:00"
  },
  {
   "price": "128.59000",
   "volume": "9.780",
   "timestamp": "2019-12-20T12:31:08+01:00"
  }
 ],
 "bids": [
  {
   "price": "127.29000",
   "volume": "7.857",
   "timestamp": "2019-12-20T13:03:41+01:00"
  },
  {
   "price": "125.85000",
   "volume": "2.014",
   "timestamp": "2019-12-20T13:01:55+01:00"
  },
  {
   "price": "125.84000",
   "volume": "9.800",
   "timestamp": "2019-12-20T13:01:31+01:00"
  },
  {
   "price": "125.82000",
   "volume": "5.050",
   "timestamp": "2019-12-20T13:01:36+01:00"
  }
 ]
}