{
 "pair": "ETHUSD",
 "asks": [
  {
   "price": "127.23000",
   "volume": "3.000",
   "timestamp": "2019-12-20T13:03:31+01:00"
  },
  {
   "price": "127.24000",
   "volume": "13.474",
   "timestamp": "2019-12-20T13:03:17+01:00"
  },
  {
   "price": "127.26000",
   "volume": "1.688",
   "timestamp": "2019-12-20T13:03:49+01:00"
  },
  {
   "price": "127.27000",
   "volume": "93.840",
   "timestamp": "2019-12-20T13:03:35+01:00"
  }
 ],
 "bids": [
  {
   "price": "127.19000",
   "volume": "6.005",
   "timestamp": "2019-12-20T13:03:57+01:00"
  },
  {
   "price": "127.18000",
   "volume": "2.590",
   "timestamp": "2019-12-20T13:03:54+01:00"
  },
  {
   "price": "127.17000",
   "volume": "51.938",
   "timestamp": "2019-12-20T13:03:56+01:00"
  },
  {
   "price": "127.15000",
   "volume": "10.000",
   "timestamp": "2019-12-20T13:03:49+01:00"
  }
 ]
}