{
 "pair": "ETHXBT",
 "asks": [
  {
   "Price": "0.020070",
   "Volume": "14.905",
   "Timestamp": "2019-12-14T22:52:30+01:00"
  },
  {
   "Price": "0.020080",
   "Volume": "168.919",
   "Timestamp": "2019-12-14T22:52:47+01:00"
  },
  {
   "Price": "0.020090",
   "Volume": "207.498",
   "Timestamp": "2019-12-14T22:52:48+01:00"
  },
  {
   "Price": "0.020100",
   "Volume": "143.752",
   "Timestamp": "2019-12-14T22:52:48+01:00"
  }
 ],
 "bids": [
  {
   "Price": "0.020060",
   "Volume": "1.245",
   "Timestamp": "2019-12-14T22:52:48+01:00"
  },
  {
   "Price": "0.020050",
   "Volume": "43.734",
   "Timestamp": "2019-12-14T22:52:48+01:00"
  },
  {
   "Price": "0.020040",
   "Volume": "35.230",
   "Timestamp": "2019-12-14T22:52:48+01:00"
  },
  {
   "Price": "0.020030",
   "Volume": "499.331",
   "Timestamp": "2019-12-14T22:52:47+01:00"
  }
 ]
}