{
 "pair": "ETHXBT",
 "asks": [
  {
   "price": "0.017820",
   "volume": "0.050",
   "timestamp": "2019-12-20T13:02:32+01:00"
  },
  {
   "price": "0.017830",
   "volume": "161.227",
   "timestamp": "2019-12-20T13:02:38+01:00"
  },
  {
   "price": "0.017840",
   "volume": "51.265",
   "timestamp": "2019-12-20T13:03:27+01:00"
  },
  {
   "price": "0.017850",
   "volume": "106.634",
   "timestamp": "2019-12-20T13:03:25+01:00"
  }
 ],
 "bids": [
  {
   "price": "0.017810",
   "volume": "240.391",
   "timestamp": "2019-12-20T13:03:25+01:00"
  },
  {
   "price": "0.017800",
   "volume": "134.117",
   "timestamp": "2019-12-20T13:03:23+01:00"
  },
  {
   "price": "0.017790",
   "volume": "91.518",
   "timestamp": "2019-12-20T13:02:40+01:00"
  },
  {
   "price": "0.017780",
   "volume": "138.466",
   "timestamp": "2019-12-20T13:02:15+01:00"
  }
 ]
}