{
 "pair": "GNOETH",
 "asks": [
  {
   "price": "0.09310000",
   "volume": "49.759",
   "timestamp": "2019-12-20T13:02:40+01:00"
  },
  {
   "price": "0.09350000",
   "volume": "56.394",
   "timestamp": "2019-12-20T12:54:45+01:00"
  },
  {
   "price": "0.09400000",
   "volume": "78.385",
   "timestamp": "2019-12-20T12:54:46+01:00"
  },
  {
   "price": "0.09430000",
   "volume": "1.714",
   "timestamp": "2019-12-20T11:26:28+01:00"
  }
 ],
 "bids": [
  {
   "price": "0.09280000",
   "volume": "41.958",
   "timestamp": "2019-12-20T12:54:43+01:00"
  },
  {
   "price": "0.09250000",
   "volume": "19.012",
   "timestamp": "2019-12-20T12:37:20+01:00"
  },
  {
   "price": "0.09230000",
   "volume": "46.276",
   "timestamp": "2019-12-20T12:54:44+01:00"
  },
  {
   "price": "0.09210000",
   "volume": "0.083",
   "timestamp": "2019-12-20T12:46:03+01:00"
  }
 ]
}