{
 "pair": "GNOETH",
 "asks": [
  {
   "Price": "0.08840000",
   "Volume": "38.872",
   "Timestamp": "2019-12-14T22:46:48+01:00"
  },
  {
   "Price": "0.08870000",
   "Volume": "20.621",
   "Timestamp": "2019-12-14T22:34:09+01:00"
  },
  {
   "Price": "0.08880000",
   "Volume": "38.464",
   "Timestamp": "2019-12-14T22:46:49+01:00"
  },
  {
   "Price": "0.08920000",
   "Volume": "40.475",
   "Timestamp": "2019-12-14T22:46:49+01:00"
  }
 ],
 "bids": [
  {
   "Price": "0.08810000",
   "Volume": "47.040",
   "Timestamp": "2019-12-14T22:46:47+01:00"
  },
  {
   "Price": "0.08770000",
   "Volume": "63.589",
   "Timestamp": "2019-12-14T22:46:47+01:00"
  },
  {
   "Price": "0.08720000",
   "Volume": "35.930",
   "Timestamp": "2019-12-14T22:49:11+01:00"
  },
  {
   "Price": "0.08680000",
   "Volume": "42.948",
   "Timestamp": "2019-12-14T22:46:48+01:00"
  }
 ]
}