{
 "pair": "GNOEUR",
 "asks": [
  {
   "Price": "11.300000",
   "Volume": "33.742",
   "Timestamp": "2019-12-14T22:52:13+01:00"
  },
  {
   "Price": "11.320000",
   "Volume": "7.068",
   "Timestamp": "2019-12-14T22:33:13+01:00"
  },
  {
   "Price": "11.330000",
   "Volume": "20.621",
   "Timestamp": "2019-12-14T22:50:44+01:00"
  },
  {
   "Price": "11.340000",
   "Volume": "6.000",
   "Timestamp": "2019-12-14T22:47:15+01:00"
  }
 ],
 "bids": [
  {
   "Price": "11.270000",
   "Volume": "41.231",
   "Timestamp": "2019-12-14T22:46:50+01:00"
  },
  {
   "Price": "11.240000",
   "Volume": "18.690",
   "Timestamp": "2019-12-14T22:46:43+01:00"
  },
  {
   "Price": "11.220000",
   "Volume": "5.200",
   "Timestamp": "2019-12-14T22:50:41+01:00"
  },
  {
   "Price": "11.210000",
   "Volume": "41.889",
   "Timestamp": "2019-12-14T22:46:50+01:00"
  }
 ]
}