{
 "pair": "GNOEUR",
 "asks": [
  {
   "price": "10.680000",
   "volume": "48.662",
   "timestamp": "2019-12-20T13:03:36+01:00"
  },
  {
   "price": "10.690000",
   "volume": "5.000",
   "timestamp": "2019-12-20T13:03:36+01:00"
  },
  {
   "price": "10.700000",
   "volume": "0.021",
   "timestamp": "2019-12-20T10:51:14+01:00"
  },
  {
   "price": "10.720000",
   "volume": "18.896",
   "timestamp": "2019-12-20T13:03:25+01:00"
  }
 ],
 "bids": [
  {
   "price": "10.660000",
   "volume": "47.825",
   "timestamp": "2019-12-20T13:03:34+01:00"
  },
  {
   "price": "10.610000",
   "volume": "18.950",
   "timestamp": "2019-12-20T13:03:35+01:00"
  },
  {
   "price": "10.600000",
   "volume": "44.587",
   "timestamp": "2019-12-20T13:03:34+01:00"
  },
  {
   "price": "10.550000",
   "volume": "36.608",
   "timestamp": "2019-12-20T13:03:35+01:00"
  }
 ]
}