{
 "pair": "GNOUSD",
 "asks": [
  {
   "Price": "12.550000",
   "Volume": "48.128",
   "Timestamp": "2019-12-14T22:46:41+01:00"
  },
  {
   "Price": "12.610000",
   "Volume": "19.447",
   "Timestamp": "2019-12-14T22:34:09+01:00"
  },
  {
   "Price": "12.620000",
   "Volume": "50.814",
   "Timestamp": "2019-12-14T22:46:41+01:00"
  },
  {
   "Price": "12.680000",
   "Volume": "43.829",
   "Timestamp": "2019-12-14T22:46:42+01:00"
  }
 ],
 "bids": [
  {
   "Price": "12.350000",
   "Volume": "19.080",
   "Timestamp": "2019-12-14T22:34:09+01:00"
  },
  {
   "Price": "12.320000",
   "Volume": "5.391",
   "Timestamp": "2019-12-14T22:34:12+01:00"
  },
  {
   "Price": "12.030000",
   "Volume": "0.780",
   "Timestamp": "2019-12-14T22:14:54+01:00"
  },
  {
   "Price": "12.000000",
   "Volume": "0.030",
   "Timestamp": "2019-12-14T20:50:23+01:00"
  }
 ]
}