{
 "pair": "GNOUSD",
 "asks": [
  {
   "price": "11.830000",
   "volume": "36.204",
   "timestamp": "2019-12-20T12:54:38+01:00"
  },
  {
   "price": "11.880000",
   "volume": "18.896",
   "timestamp": "2019-12-20T13:01:45+01:00"
  },
  {
   "price": "11.890000",
   "volume": "43.036",
   "timestamp": "2019-12-20T12:54:39+01:00"
  },
  {
   "price": "11.950000",
   "volume": "40.777",
   "timestamp": "2019-12-20T12:54:39+01:00"
  }
 ],
 "bids": [
  {
   "price": "11.810000",
   "volume": "37.305",
   "timestamp": "2019-12-20T12:54:37+01:00"
  },
  {
   "price": "11.770000",
   "volume": "18.938",
   "timestamp": "2019-12-20T12:45:55+01:00"
  },
  {
   "price": "11.750000",
   "volume": "49.144",
   "timestamp": "2019-12-20T12:54:37+01:00"
  },
  {
   "price": "11.700000",
   "volume": "0.114",
   "timestamp": "2019-12-20T12:45:56+01:00"
  }
 ]
}