{
 "pair": "GNOXBT",
 "asks": [
  {
   "price": "0.00166000",
   "volume": "73.352",
   "timestamp": "2019-12-20T13:03:36+01:00"
  },
  {
   "price": "0.00167000",
   "volume": "82.360",
   "timestamp": "2019-12-20T13:03:29+01:00"
  },
  {
   "price": "0.00168000",
   "volume": "40.795",
   "timestamp": "2019-12-20T13:03:30+01:00"
  },
  {
   "price": "0.00169000",
   "volume": "61.771",
   "timestamp": "2019-12-20T13:03:30+01:00"
  }
 ],
 "bids": [
  {
   "price": "0.00165000",
   "volume": "59.764",
   "timestamp": "2019-12-20T13:03:26+01:00"
  },
  {
   "price": "0.00164000",
   "volume": "35.727",
   "timestamp": "2019-12-20T13:03:27+01:00"
  },
  {
   "price": "0.00163000",
   "volume": "82.732",
   "timestamp": "2019-12-20T13:03:27+01:00"
  },
  {
   "price": "0.00162000",
   "volume": "108.338",
   "timestamp": "2019-12-20T13:03:28+01:00"
  }
 ]
}