{
 "pair": "GNOXBT",
 "asks": [
  {
   "Price": "0.00178000",
   "Volume": "99.269",
   "Timestamp": "2019-12-14T22:46:45+01:00"
  },
  {
   "Price": "0.00179000",
   "Volume": "40.953",
   "Timestamp": "2019-12-14T22:46:46+01:00"
  },
  {
   "Price": "0.00180000",
   "Volume": "62.576",
   "Timestamp": "2019-12-14T22:50:44+01:00"
  },
  {
   "Price": "0.00181000",
   "Volume": "47.151",
   "Timestamp": "2019-12-14T22:46:46+01:00"
  }
 ],
 "bids": [
  {
   "Price": "0.00177000",
   "Volume": "42.576",
   "Timestamp": "2019-12-14T22:46:43+01:00"
  },
  {
   "Price": "0.00176000",
   "Volume": "52.898",
   "Timestamp": "2019-12-14T22:46:46+01:00"
  },
  {
   "Price": "0.00175000",
   "Volume": "43.814",
   "Timestamp": "2019-12-14T22:46:44+01:00"
  },
  {
   "Price": "0.00174000",
   "Volume": "52.795",
   "Timestamp": "2019-12-14T22:50:44+01:00"
  }
 ]
}