{
 "pair": "ICXEUR",
 "asks": [
  {
   "price": "0.105600",
   "volume": "11699.787",
   "timestamp": "2019-12-20T13:03:11+01:00"
  },
  {
   "price": "0.105700",
   "volume": "3321.756",
   "timestamp": "2019-12-20T13:03:16+01:00"
  },
  {
   "price": "0.105800",
   "volume": "15218.960",
   "timestamp": "2019-12-20T12:58:19+01:00"
  },
  {
   "price": "0.107800",
   "volume": "978.011",
   "timestamp": "2019-12-20T13:02:56+01:00"
  }
 ],
 "bids": [
  {
   "price": "0.104900",
   "volume": "2397.852",
   "timestamp": "2019-12-20T12:58:04+01:00"
  },
  {
   "price": "0.104800",
   "volume": "2140.375",
   "timestamp": "2019-12-20T12:58:02+01:00"
  },
  {
   "price": "0.104700",
   "volume": "4821.852",
   "timestamp": "2019-12-20T13:02:55+01:00"
  },
  {
   "price": "0.104600",
   "volume": "16302.053",
   "timestamp": "2019-12-20T12:24:23+01:00"
  }
 ]
}