{
 "pair": "ICXETH",
 "asks": [
  {
   "Price": "0.000905800",
   "Volume": "3187.764",
   "Timestamp": "2019-12-14T22:53:11+01:00"
  },
  {
   "Price": "0.000945000",
   "Volume": "1360.000",
   "Timestamp": "2019-12-14T17:19:24+01:00"
  },
  {
   "Price": "0.000948900",
   "Volume": "1637.923",
   "Timestamp": "2019-12-14T22:53:11+01:00"
  },
  {
   "Price": "0.000949000",
   "Volume": "1000.000",
   "Timestamp": "2019-12-13T05:45:36+01:00"
  }
 ],
 "bids": [
  {
   "Price": "0.000896600",
   "Volume": "9447.956",
   "Timestamp": "2019-12-14T22:53:10+01:00"
  },
  {
   "Price": "0.000896500",
   "Volume": "1892.218",
   "Timestamp": "2019-12-14T22:53:04+01:00"
  },
  {
   "Price": "0.000896400",
   "Volume": "769.500",
   "Timestamp": "2019-12-14T22:53:01+01:00"
  },
  {
   "Price": "0.000890800",
   "Volume": "2360.384",
   "Timestamp": "2019-12-14T22:50:21+01:00"
  }
 ]
}