{
 "pair": "ICXEUR",
 "asks": [
  {
   "Price": "0.115600",
   "Volume": "3503.563",
   "Timestamp": "2019-12-14T22:52:53+01:00"
  },
  {
   "Price": "0.115700",
   "Volume": "15305.170",
   "Timestamp": "2019-12-14T22:52:52+01:00"
  },
  {
   "Price": "0.116500",
   "Volume": "1676.566",
   "Timestamp": "2019-12-14T22:50:53+01:00"
  },
  {
   "Price": "0.118600",
   "Volume": "1065.731",
   "Timestamp": "2019-12-14T22:53:13+01:00"
  }
 ],
 "bids": [
  {
   "Price": "0.114700",
   "Volume": "9724.130",
   "Timestamp": "2019-12-14T22:53:10+01:00"
  },
  {
   "Price": "0.114600",
   "Volume": "16516.646",
   "Timestamp": "2019-12-14T22:52:52+01:00"
  },
  {
   "Price": "0.114400",
   "Volume": "3069.140",
   "Timestamp": "2019-12-14T22:52:53+01:00"
  },
  {
   "Price": "0.114000",
   "Volume": "1000.000",
   "Timestamp": "2019-12-14T22:36:45+01:00"
  }
 ]
}