{
 "pair": "ICXETH",
 "asks": [
  {
   "price": "0.000921000",
   "volume": "1935.261",
   "timestamp": "2019-12-20T13:03:21+01:00"
  },
  {
   "price": "0.000921100",
   "volume": "3201.619",
   "timestamp": "2019-12-20T13:03:20+01:00"
  },
  {
   "price": "0.000924400",
   "volume": "219.299",
   "timestamp": "2019-12-20T13:03:18+01:00"
  },
  {
   "price": "0.000938000",
   "volume": "2741.232",
   "timestamp": "2019-12-19T00:24:08+01:00"
  }
 ],
 "bids": [
  {
   "price": "0.000912400",
   "volume": "957.977",
   "timestamp": "2019-12-20T12:37:40+01:00"
  },
  {
   "price": "0.000905800",
   "volume": "1941.478",
   "timestamp": "2019-12-20T12:37:41+01:00"
  },
  {
   "price": "0.000903700",
   "volume": "219.299",
   "timestamp": "2019-12-20T13:00:26+01:00"
  },
  {
   "price": "0.000895300",
   "volume": "500.000",
   "timestamp": "2019-12-18T19:11:29+01:00"
  }
 ]
}