{
 "pair": "ICXUSD",
 "asks": [
  {
   "Price": "0.128300",
   "Volume": "277.684",
   "Timestamp": "2019-12-14T22:52:47+01:00"
  },
  {
   "Price": "0.128600",
   "Volume": "3768.020",
   "Timestamp": "2019-12-14T22:50:54+01:00"
  },
  {
   "Price": "0.128700",
   "Volume": "14357.670",
   "Timestamp": "2019-12-14T22:52:53+01:00"
  },
  {
   "Price": "0.139800",
   "Volume": "1915.607",
   "Timestamp": "2019-12-14T22:52:52+01:00"
  }
 ],
 "bids": [
  {
   "Price": "0.127500",
   "Volume": "14695.580",
   "Timestamp": "2019-12-14T22:52:53+01:00"
  },
  {
   "Price": "0.127200",
   "Volume": "4909.746",
   "Timestamp": "2019-12-14T22:52:53+01:00"
  },
  {
   "Price": "0.126700",
   "Volume": "7861.000",
   "Timestamp": "2019-12-14T22:52:55+01:00"
  },
  {
   "Price": "0.126600",
   "Volume": "2235.965",
   "Timestamp": "2019-12-14T22:52:24+01:00"
  }
 ]
}