{
 "pair": "ICXUSD",
 "asks": [
  {
   "price": "0.116900",
   "volume": "436.396",
   "timestamp": "2019-12-20T13:02:36+01:00"
  },
  {
   "price": "0.117000",
   "volume": "15195.160",
   "timestamp": "2019-12-20T13:03:10+01:00"
  },
  {
   "price": "0.117100",
   "volume": "3320.999",
   "timestamp": "2019-12-20T13:02:33+01:00"
  },
  {
   "price": "0.117200",
   "volume": "1023.108",
   "timestamp": "2019-12-20T13:02:07+01:00"
  }
 ],
 "bids": [
  {
   "price": "0.116000",
   "volume": "24582.897",
   "timestamp": "2019-12-20T13:02:56+01:00"
  },
  {
   "price": "0.110200",
   "volume": "50.000",
   "timestamp": "2019-12-20T12:53:48+01:00"
  },
  {
   "price": "0.110100",
   "volume": "2024.487",
   "timestamp": "2019-12-20T12:51:45+01:00"
  },
  {
   "price": "0.110000",
   "volume": "500.000",
   "timestamp": "2019-12-20T03:18:02+01:00"
  }
 ]
}