{
 "pair": "ICXXBT",
 "asks": [
  {
   "Price": "0.000018150",
   "Volume": "277.684",
   "Timestamp": "2019-12-14T22:52:52+01:00"
  },
  {
   "Price": "0.000018160",
   "Volume": "7332.720",
   "Timestamp": "2019-12-14T22:52:52+01:00"
  },
  {
   "Price": "0.000018210",
   "Volume": "1637.923",
   "Timestamp": "2019-12-14T22:52:52+01:00"
  },
  {
   "Price": "0.000018220",
   "Volume": "9136.894",
   "Timestamp": "2019-12-14T22:52:23+01:00"
  }
 ],
 "bids": [
  {
   "Price": "0.000018030",
   "Volume": "8500.000",
   "Timestamp": "2019-12-14T22:52:53+01:00"
  },
  {
   "Price": "0.000018020",
   "Volume": "7561.380",
   "Timestamp": "2019-12-14T22:52:52+01:00"
  },
  {
   "Price": "0.000017980",
   "Volume": "3835.415",
   "Timestamp": "2019-12-14T22:52:22+01:00"
  },
  {
   "Price": "0.000017930",
   "Volume": "1626.835",
   "Timestamp": "2019-12-14T22:52:48+01:00"
  }
 ]
}