{
 "pair": "ICXXBT",
 "asks": [
  {
   "price": "0.000016360",
   "volume": "912.153",
   "timestamp": "2019-12-20T13:03:18+01:00"
  },
  {
   "price": "0.000016370",
   "volume": "7205.100",
   "timestamp": "2019-12-20T12:52:25+01:00"
  },
  {
   "price": "0.000016430",
   "volume": "1935.261",
   "timestamp": "2019-12-20T13:03:16+01:00"
  },
  {
   "price": "0.000016440",
   "volume": "1226.994",
   "timestamp": "2019-12-20T13:02:02+01:00"
  }
 ],
 "bids": [
  {
   "price": "0.000016260",
   "volume": "1563.191",
   "timestamp": "2019-12-20T13:03:16+01:00"
  },
  {
   "price": "0.000016240",
   "volume": "4603.671",
   "timestamp": "2019-12-20T13:02:55+01:00"
  },
  {
   "price": "0.000016230",
   "volume": "7103.510",
   "timestamp": "2019-12-20T13:02:24+01:00"
  },
  {
   "price": "0.000016210",
   "volume": "96111.434",
   "timestamp": "2019-12-20T11:03:25+01:00"
  }
 ]
}