{
 "pair": "LINKETH",
 "asks": [
  {
   "price": "0.014552700",
   "volume": "115.000",
   "timestamp": "2019-12-20T13:03:20+01:00"
  },
  {
   "price": "0.014599560",
   "volume": "146.941",
   "timestamp": "2019-12-20T13:01:01+01:00"
  },
  {
   "price": "0.014704000",
   "volume": "35.547",
   "timestamp": "2019-12-20T10:52:56+01:00"
  },
  {
   "price": "0.014840000",
   "volume": "53.647",
   "timestamp": "2019-12-17T17:21:49+01:00"
  }
 ],
 "bids": [
  {
   "price": "0.014462890",
   "volume": "115.000",
   "timestamp": "2019-12-20T13:03:20+01:00"
  },
  {
   "price": "0.014462880",
   "volume": "378.049",
   "timestamp": "2019-12-20T13:03:20+01:00"
  },
  {
   "price": "0.014462860",
   "volume": "325.631",
   "timestamp": "2019-12-20T13:03:15+01:00"
  },
  {
   "price": "0.014432010",
   "volume": "121.854",
   "timestamp": "2019-12-20T13:01:26+01:00"
  }
 ]
}