{
 "pair": "LINKUSD",
 "asks": [
  {
   "Price": "2.020700",
   "Volume": "17.423",
   "Timestamp": "2019-12-14T22:53:00+01:00"
  },
  {
   "Price": "2.020710",
   "Volume": "991.814",
   "Timestamp": "2019-12-14T22:52:49+01:00"
  },
  {
   "Price": "2.020730",
   "Volume": "735.911",
   "Timestamp": "2019-12-14T22:53:02+01:00"
  },
  {
   "Price": "2.020740",
   "Volume": "753.392",
   "Timestamp": "2019-12-14T22:52:48+01:00"
  }
 ],
 "bids": [
  {
   "Price": "2.012450",
   "Volume": "468.867",
   "Timestamp": "2019-12-14T22:53:03+01:00"
  },
  {
   "Price": "2.012430",
   "Volume": "711.131",
   "Timestamp": "2019-12-14T22:53:02+01:00"
  },
  {
   "Price": "2.012190",
   "Volume": "139.700",
   "Timestamp": "2019-12-14T22:52:37+01:00"
  },
  {
   "Price": "2.012150",
   "Volume": "691.307",
   "Timestamp": "2019-12-14T22:52:34+01:00"
  }
 ]
}