{
 "pair": "LINKXBT",
 "asks": [
  {
   "price": "0.000259090",
   "volume": "452.837",
   "timestamp": "2019-12-20T13:02:24+01:00"
  },
  {
   "price": "0.000259300",
   "volume": "120.853",
   "timestamp": "2019-12-20T13:02:29+01:00"
  },
  {
   "price": "0.000259390",
   "volume": "148.521",
   "timestamp": "2019-12-20T13:01:01+01:00"
  },
  {
   "price": "0.000265930",
   "volume": "219.039",
   "timestamp": "2019-12-20T13:01:35+01:00"
  }
 ],
 "bids": [
  {
   "price": "0.000258130",
   "volume": "653.196",
   "timestamp": "2019-12-20T13:03:25+01:00"
  },
  {
   "price": "0.000258120",
   "volume": "403.907",
   "timestamp": "2019-12-20T13:03:23+01:00"
  },
  {
   "price": "0.000258110",
   "volume": "157.061",
   "timestamp": "2019-12-20T13:03:21+01:00"
  },
  {
   "price": "0.000258080",
   "volume": "103.400",
   "timestamp": "2019-12-20T13:03:14+01:00"
  }
 ]
}