{
 "pair": "LINKEUR",
 "asks": [
  {
   "price": "1.668970",
   "volume": "1352.750",
   "timestamp": "2019-12-20T13:01:35+01:00"
  },
  {
   "price": "1.679750",
   "volume": "669.000",
   "timestamp": "2019-12-20T13:02:45+01:00"
  },
  {
   "price": "1.679760",
   "volume": "120.853",
   "timestamp": "2019-12-20T13:01:35+01:00"
  },
  {
   "price": "1.683450",
   "volume": "232.867",
   "timestamp": "2019-12-20T13:01:46+01:00"
  }
 ],
 "bids": [
  {
   "price": "1.663960",
   "volume": "1015.287",
   "timestamp": "2019-12-20T13:03:31+01:00"
  },
  {
   "price": "1.663950",
   "volume": "950.000",
   "timestamp": "2019-12-20T13:03:27+01:00"
  },
  {
   "price": "1.659210",
   "volume": "121.174",
   "timestamp": "2019-12-20T13:03:26+01:00"
  },
  {
   "price": "1.659200",
   "volume": "487.208",
   "timestamp": "2019-12-20T13:03:24+01:00"
  }
 ]
}