{
 "pair": "LINKETH",
 "asks": [
  {
   "Price": "0.014237530",
   "Volume": "117.000",
   "Timestamp": "2019-12-14T22:51:06+01:00"
  },
  {
   "Price": "0.015065340",
   "Volume": "127.859",
   "Timestamp": "2019-12-14T22:51:06+01:00"
  },
  {
   "Price": "0.015065350",
   "Volume": "280.234",
   "Timestamp": "2019-12-14T22:49:05+01:00"
  },
  {
   "Price": "0.015168820",
   "Volume": "55.010",
   "Timestamp": "2019-12-14T22:00:54+01:00"
  }
 ],
 "bids": [
  {
   "Price": "0.014137150",
   "Volume": "189.617",
   "Timestamp": "2019-12-14T22:52:50+01:00"
  },
  {
   "Price": "0.014137140",
   "Volume": "298.147",
   "Timestamp": "2019-12-14T22:52:40+01:00"
  },
  {
   "Price": "0.014128760",
   "Volume": "120.066",
   "Timestamp": "2019-12-14T22:52:45+01:00"
  },
  {
   "Price": "0.014128690",
   "Volume": "286.454",
   "Timestamp": "2019-12-14T22:48:51+01:00"
  }
 ]
}