{
 "pair": "LINKEUR",
 "asks": [
  {
   "Price": "1.819010",
   "Volume": "17.423",
   "Timestamp": "2019-12-14T22:52:41+01:00"
  },
  {
   "Price": "1.819410",
   "Volume": "1867.827",
   "Timestamp": "2019-12-14T22:52:42+01:00"
  },
  {
   "Price": "1.822540",
   "Volume": "271.829",
   "Timestamp": "2019-12-14T22:52:39+01:00"
  },
  {
   "Price": "1.825440",
   "Volume": "127.859",
   "Timestamp": "2019-12-14T22:51:07+01:00"
  }
 ],
 "bids": [
  {
   "Price": "1.808080",
   "Volume": "116.187",
   "Timestamp": "2019-12-14T22:52:41+01:00"
  },
  {
   "Price": "1.808070",
   "Volume": "486.000",
   "Timestamp": "2019-12-14T22:52:41+01:00"
  },
  {
   "Price": "1.808040",
   "Volume": "1500.000",
   "Timestamp": "2019-12-14T22:52:36+01:00"
  },
  {
   "Price": "1.808010",
   "Volume": "52.422",
   "Timestamp": "2019-12-14T22:52:27+01:00"
  }
 ]
}