{
 "pair": "LINKUSD",
 "asks": [
  {
   "price": "1.850290",
   "volume": "704.285",
   "timestamp": "2019-12-20T13:03:49+01:00"
  },
  {
   "price": "1.850300",
   "volume": "1648.467",
   "timestamp": "2019-12-20T13:03:48+01:00"
  },
  {
   "price": "1.850750",
   "volume": "160.000",
   "timestamp": "2019-12-20T13:03:47+01:00"
  },
  {
   "price": "1.852990",
   "volume": "1234.947",
   "timestamp": "2019-12-20T13:03:48+01:00"
  }
 ],
 "bids": [
  {
   "price": "1.842970",
   "volume": "1581.905",
   "timestamp": "2019-12-20T13:03:16+01:00"
  },
  {
   "price": "1.842840",
   "volume": "125.000",
   "timestamp": "2019-12-20T13:02:51+01:00"
  },
  {
   "price": "1.842390",
   "volume": "94.000",
   "timestamp": "2019-12-20T13:01:45+01:00"
  },
  {
   "price": "1.841760",
   "volume": "92.100",
   "timestamp": "2019-12-20T13:01:31+01:00"
  }
 ]
}