{
 "pair": "LINKXBT",
 "asks": [
  {
   "Price": "0.000285740",
   "Volume": "318.000",
   "Timestamp": "2019-12-14T22:53:27+01:00"
  },
  {
   "Price": "0.000285750",
   "Volume": "127.859",
   "Timestamp": "2019-12-14T22:53:25+01:00"
  },
  {
   "Price": "0.000285890",
   "Volume": "70.600",
   "Timestamp": "2019-12-14T22:53:28+01:00"
  },
  {
   "Price": "0.000291440",
   "Volume": "228.178",
   "Timestamp": "2019-12-14T22:53:28+01:00"
  }
 ],
 "bids": [
  {
   "Price": "0.000284300",
   "Volume": "552.691",
   "Timestamp": "2019-12-14T22:53:23+01:00"
  },
  {
   "Price": "0.000284280",
   "Volume": "68.885",
   "Timestamp": "2019-12-14T22:53:22+01:00"
  },
  {
   "Price": "0.000284250",
   "Volume": "90.000",
   "Timestamp": "2019-12-14T22:53:12+01:00"
  },
  {
   "Price": "0.000284190",
   "Volume": "70.800",
   "Timestamp": "2019-12-14T22:52:00+01:00"
  }
 ]
}