{
 "pair": "LSKEUR",
 "asks": [
  {
   "price": "0.481890",
   "volume": "1239.029",
   "timestamp": "2019-12-20T13:03:51+01:00"
  },
  {
   "price": "0.521818",
   "volume": "439.516",
   "timestamp": "2019-12-20T13:03:51+01:00"
  },
  {
   "price": "0.521820",
   "volume": "168.646",
   "timestamp": "2019-12-20T13:02:49+01:00"
  },
  {
   "price": "0.521821",
   "volume": "807.000",
   "timestamp": "2019-12-20T13:02:31+01:00"
  }
 ],
 "bids": [
  {
   "price": "0.476635",
   "volume": "1446.498",
   "timestamp": "2019-12-20T13:03:52+01:00"
  },
  {
   "price": "0.476530",
   "volume": "808.000",
   "timestamp": "2019-12-20T13:03:48+01:00"
  },
  {
   "price": "0.475305",
   "volume": "5224.214",
   "timestamp": "2019-12-20T13:03:40+01:00"
  },
  {
   "price": "0.474870",
   "volume": "8514.348",
   "timestamp": "2019-12-20T13:03:38+01:00"
  }
 ]
}