{
 "pair": "LSKETH",
 "asks": [
  {
   "price": "0.004184790",
   "volume": "1127.430",
   "timestamp": "2019-12-20T13:03:23+01:00"
  },
  {
   "price": "0.004224740",
   "volume": "12.005",
   "timestamp": "2019-12-20T13:00:56+01:00"
  },
  {
   "price": "0.004332240",
   "volume": "439.516",
   "timestamp": "2019-12-20T13:03:23+01:00"
  },
  {
   "price": "0.004332390",
   "volume": "50.000",
   "timestamp": "2019-12-19T11:20:22+01:00"
  }
 ],
 "bids": [
  {
   "price": "0.004138720",
   "volume": "1140.067",
   "timestamp": "2019-12-20T13:03:24+01:00"
  },
  {
   "price": "0.004132460",
   "volume": "12.002",
   "timestamp": "2019-12-20T13:03:43+01:00"
  },
  {
   "price": "0.003965720",
   "volume": "544.148",
   "timestamp": "2019-12-20T13:03:25+01:00"
  },
  {
   "price": "0.003965630",
   "volume": "100.000",
   "timestamp": "2019-12-20T10:01:58+01:00"
  }
 ]
}