{
 "pair": "LSKEUR",
 "asks": [
  {
   "Price": "0.538497",
   "Volume": "1278.450",
   "Timestamp": "2019-12-14T22:52:22+01:00"
  },
  {
   "Price": "0.539551",
   "Volume": "71.443",
   "Timestamp": "2019-12-14T22:52:25+01:00"
  },
  {
   "Price": "0.539552",
   "Volume": "881.000",
   "Timestamp": "2019-12-14T22:52:25+01:00"
  },
  {
   "Price": "0.539556",
   "Volume": "578.896",
   "Timestamp": "2019-12-14T22:48:33+01:00"
  }
 ],
 "bids": [
  {
   "Price": "0.533531",
   "Volume": "55.228",
   "Timestamp": "2019-12-14T22:36:56+01:00"
  },
  {
   "Price": "0.533500",
   "Volume": "50.000",
   "Timestamp": "2019-12-14T18:35:02+01:00"
  },
  {
   "Price": "0.533000",
   "Volume": "1876.130",
   "Timestamp": "2019-12-14T18:18:02+01:00"
  },
  {
   "Price": "0.530070",
   "Volume": "396.314",
   "Timestamp": "2019-12-14T22:50:59+01:00"
  }
 ]
}