{
 "pair": "LSKETH",
 "asks": [
  {
   "Price": "0.004210210",
   "Volume": "990.772",
   "Timestamp": "2019-12-14T22:52:31+01:00"
  },
  {
   "Price": "0.004210220",
   "Volume": "135.034",
   "Timestamp": "2019-12-14T22:52:31+01:00"
  },
  {
   "Price": "0.004211180",
   "Volume": "578.896",
   "Timestamp": "2019-12-14T22:47:27+01:00"
  },
  {
   "Price": "0.004241860",
   "Volume": "398.468",
   "Timestamp": "2019-12-14T22:49:24+01:00"
  }
 ],
 "bids": [
  {
   "Price": "0.004161970",
   "Volume": "356.123",
   "Timestamp": "2019-12-14T22:52:17+01:00"
  },
  {
   "Price": "0.004159640",
   "Volume": "105.228",
   "Timestamp": "2019-12-14T22:47:36+01:00"
  },
  {
   "Price": "0.004156460",
   "Volume": "302.821",
   "Timestamp": "2019-12-14T22:47:36+01:00"
  },
  {
   "Price": "0.004152320",
   "Volume": "11.957",
   "Timestamp": "2019-12-14T22:47:25+01:00"
  }
 ]
}