{
 "pair": "LSKUSD",
 "asks": [
  {
   "price": "0.569987",
   "volume": "439.516",
   "timestamp": "2019-12-20T13:02:33+01:00"
  },
  {
   "price": "0.569988",
   "volume": "1866.235",
   "timestamp": "2019-12-20T13:02:33+01:00"
  },
  {
   "price": "0.569998",
   "volume": "215.579",
   "timestamp": "2019-12-20T10:50:35+01:00"
  },
  {
   "price": "0.570000",
   "volume": "100.000",
   "timestamp": "2019-12-19T08:56:17+01:00"
  }
 ],
 "bids": [
  {
   "price": "0.526617",
   "volume": "1208.002",
   "timestamp": "2019-12-20T13:03:47+01:00"
  },
  {
   "price": "0.526056",
   "volume": "423.712",
   "timestamp": "2019-12-20T13:03:52+01:00"
  },
  {
   "price": "0.526055",
   "volume": "3010.212",
   "timestamp": "2019-12-20T13:03:10+01:00"
  },
  {
   "price": "0.514848",
   "volume": "10.000",
   "timestamp": "2019-12-20T12:55:34+01:00"
  }
 ]
}