{
 "pair": "LSKUSD",
 "asks": [
  {
   "Price": "0.604870",
   "Volume": "398.468",
   "Timestamp": "2019-12-14T22:52:47+01:00"
  },
  {
   "Price": "0.604871",
   "Volume": "578.896",
   "Timestamp": "2019-12-14T22:52:46+01:00"
  },
  {
   "Price": "0.604873",
   "Volume": "2778.000",
   "Timestamp": "2019-12-14T22:52:46+01:00"
  },
  {
   "Price": "0.604881",
   "Volume": "256.179",
   "Timestamp": "2019-12-14T22:52:42+01:00"
  }
 ],
 "bids": [
  {
   "Price": "0.591329",
   "Volume": "1076.159",
   "Timestamp": "2019-12-14T22:52:44+01:00"
  },
  {
   "Price": "0.591116",
   "Volume": "72.323",
   "Timestamp": "2019-12-14T22:52:38+01:00"
  },
  {
   "Price": "0.590852",
   "Volume": "32.906",
   "Timestamp": "2019-12-14T22:52:38+01:00"
  },
  {
   "Price": "0.587100",
   "Volume": "10783.000",
   "Timestamp": "2019-12-14T22:52:31+01:00"
  }
 ]
}