{
 "pair": "LSKXBT",
 "asks": [
  {
   "price": "0.000074877",
   "volume": "1839.543",
   "timestamp": "2019-12-20T13:03:03+01:00"
  },
  {
   "price": "0.000074920",
   "volume": "439.516",
   "timestamp": "2019-12-20T13:02:57+01:00"
  },
  {
   "price": "0.000075242",
   "volume": "67.295",
   "timestamp": "2019-12-20T12:59:48+01:00"
  },
  {
   "price": "0.000076600",
   "volume": "80.000",
   "timestamp": "2019-12-20T11:23:50+01:00"
  }
 ],
 "bids": [
  {
   "price": "0.000073739",
   "volume": "67.295",
   "timestamp": "2019-12-20T12:59:58+01:00"
  },
  {
   "price": "0.000073263",
   "volume": "423.933",
   "timestamp": "2019-12-20T13:02:19+01:00"
  },
  {
   "price": "0.000073260",
   "volume": "567.968",
   "timestamp": "2019-12-20T13:01:03+01:00"
  },
  {
   "price": "0.000073175",
   "volume": "360.817",
   "timestamp": "2019-12-20T12:47:17+01:00"
  }
 ]
}