{
 "pair": "LSKXBT",
 "asks": [
  {
   "Price": "0.000084470",
   "Volume": "1021.000",
   "Timestamp": "2019-12-14T22:51:27+01:00"
  },
  {
   "Price": "0.000084472",
   "Volume": "354.183",
   "Timestamp": "2019-12-14T22:48:38+01:00"
  },
  {
   "Price": "0.000084473",
   "Volume": "578.896",
   "Timestamp": "2019-12-14T22:48:31+01:00"
  },
  {
   "Price": "0.000084679",
   "Volume": "398.468",
   "Timestamp": "2019-12-14T22:53:07+01:00"
  }
 ],
 "bids": [
  {
   "Price": "0.000083580",
   "Volume": "1650.174",
   "Timestamp": "2019-12-14T22:53:11+01:00"
  },
  {
   "Price": "0.000083547",
   "Volume": "72.323",
   "Timestamp": "2019-12-14T22:52:05+01:00"
  },
  {
   "Price": "0.000083451",
   "Volume": "32.906",
   "Timestamp": "2019-12-14T22:52:01+01:00"
  },
  {
   "Price": "0.000083050",
   "Volume": "1022.000",
   "Timestamp": "2019-12-14T22:51:50+01:00"
  }
 ]
}