{
 "pair": "LTCEUR",
 "asks": [
  {
   "price": "36.18000",
   "volume": "34.740",
   "timestamp": "2019-12-20T13:03:07+01:00"
  },
  {
   "price": "36.19000",
   "volume": "14.790",
   "timestamp": "2019-12-20T13:03:07+01:00"
  },
  {
   "price": "36.20000",
   "volume": "33.100",
   "timestamp": "2019-12-20T13:02:33+01:00"
  },
  {
   "price": "36.21000",
   "volume": "10.084",
   "timestamp": "2019-12-20T13:03:03+01:00"
  }
 ],
 "bids": [
  {
   "price": "36.13000",
   "volume": "52.020",
   "timestamp": "2019-12-20T13:03:07+01:00"
  },
  {
   "price": "36.12000",
   "volume": "12.180",
   "timestamp": "2019-12-20T13:02:59+01:00"
  },
  {
   "price": "36.11000",
   "volume": "11.430",
   "timestamp": "2019-12-20T13:03:00+01:00"
  },
  {
   "price": "36.03000",
   "volume": "32.080",
   "timestamp": "2019-12-20T13:03:01+01:00"
  }
 ]
}