{
 "pair": "LTCEUR",
 "asks": [
  {
   "Price": "39.12000",
   "Volume": "15.613",
   "Timestamp": "2019-12-14T22:53:22+01:00"
  },
  {
   "Price": "39.13000",
   "Volume": "33.200",
   "Timestamp": "2019-12-14T22:53:07+01:00"
  },
  {
   "Price": "39.14000",
   "Volume": "123.226",
   "Timestamp": "2019-12-14T22:53:22+01:00"
  },
  {
   "Price": "39.15000",
   "Volume": "66.953",
   "Timestamp": "2019-12-14T22:51:01+01:00"
  }
 ],
 "bids": [
  {
   "Price": "39.08000",
   "Volume": "28.140",
   "Timestamp": "2019-12-14T22:53:22+01:00"
  },
  {
   "Price": "39.07000",
   "Volume": "15.690",
   "Timestamp": "2019-12-14T22:53:16+01:00"
  },
  {
   "Price": "39.06000",
   "Volume": "122.957",
   "Timestamp": "2019-12-14T22:52:16+01:00"
  },
  {
   "Price": "39.03000",
   "Volume": "38.300",
   "Timestamp": "2019-12-14T22:48:14+01:00"
  }
 ]
}