{
 "pair": "LTCUSD",
 "asks": [
  {
   "price": "40.03000",
   "volume": "8.000",
   "timestamp": "2019-12-20T13:03:01+01:00"
  },
  {
   "price": "40.05000",
   "volume": "12.090",
   "timestamp": "2019-12-20T13:03:02+01:00"
  },
  {
   "price": "40.06000",
   "volume": "17.966",
   "timestamp": "2019-12-20T13:03:02+01:00"
  },
  {
   "price": "40.07000",
   "volume": "47.411",
   "timestamp": "2019-12-20T13:03:00+01:00"
  }
 ],
 "bids": [
  {
   "price": "39.99000",
   "volume": "26.180",
   "timestamp": "2019-12-20T13:03:02+01:00"
  },
  {
   "price": "39.98000",
   "volume": "40.000",
   "timestamp": "2019-12-20T13:03:01+01:00"
  },
  {
   "price": "39.97000",
   "volume": "18.667",
   "timestamp": "2019-12-20T13:03:01+01:00"
  },
  {
   "price": "39.95000",
   "volume": "1.820",
   "timestamp": "2019-12-20T13:02:59+01:00"
  }
 ]
}