{
 "pair": "LTCUSD",
 "asks": [
  {
   "Price": "43.46000",
   "Volume": "15.868",
   "Timestamp": "2019-12-14T22:53:19+01:00"
  },
  {
   "Price": "43.47000",
   "Volume": "2.100",
   "Timestamp": "2019-12-14T22:53:19+01:00"
  },
  {
   "Price": "43.48000",
   "Volume": "11.357",
   "Timestamp": "2019-12-14T22:53:16+01:00"
  },
  {
   "Price": "43.49000",
   "Volume": "105.449",
   "Timestamp": "2019-12-14T22:53:18+01:00"
  }
 ],
 "bids": [
  {
   "Price": "43.44000",
   "Volume": "8.000",
   "Timestamp": "2019-12-14T22:52:37+01:00"
  },
  {
   "Price": "43.43000",
   "Volume": "10.590",
   "Timestamp": "2019-12-14T22:53:16+01:00"
  },
  {
   "Price": "43.41000",
   "Volume": "254.095",
   "Timestamp": "2019-12-14T22:52:17+01:00"
  },
  {
   "Price": "43.40000",
   "Volume": "2.100",
   "Timestamp": "2019-12-14T22:53:04+01:00"
  }
 ]
}