{
 "pair": "LTCXBT",
 "asks": [
  {
   "Price": "0.00613900",
   "Volume": "52.451",
   "Timestamp": "2019-12-14T22:53:25+01:00"
  },
  {
   "Price": "0.00614000",
   "Volume": "178.626",
   "Timestamp": "2019-12-14T22:50:10+01:00"
  },
  {
   "Price": "0.00614200",
   "Volume": "4.810",
   "Timestamp": "2019-12-14T22:45:19+01:00"
  },
  {
   "Price": "0.00614300",
   "Volume": "38.100",
   "Timestamp": "2019-12-14T22:53:16+01:00"
  }
 ],
 "bids": [
  {
   "Price": "0.00613000",
   "Volume": "22.500",
   "Timestamp": "2019-12-14T22:52:52+01:00"
  },
  {
   "Price": "0.00612900",
   "Volume": "32.603",
   "Timestamp": "2019-12-14T22:52:16+01:00"
  },
  {
   "Price": "0.00612800",
   "Volume": "5.670",
   "Timestamp": "2019-12-14T22:51:05+01:00"
  },
  {
   "Price": "0.00612600",
   "Volume": "39.560",
   "Timestamp": "2019-12-14T22:46:28+01:00"
  }
 ]
}