{
 "pair": "LTCXBT",
 "asks": [
  {
   "price": "0.00560600",
   "volume": "1.486",
   "timestamp": "2019-12-20T13:01:44+01:00"
  },
  {
   "price": "0.00560800",
   "volume": "36.307",
   "timestamp": "2019-12-20T13:02:44+01:00"
  },
  {
   "price": "0.00560900",
   "volume": "0.349",
   "timestamp": "2019-12-20T13:01:42+01:00"
  },
  {
   "price": "0.00561300",
   "volume": "6.040",
   "timestamp": "2019-12-20T13:00:42+01:00"
  }
 ],
 "bids": [
  {
   "price": "0.00559600",
   "volume": "78.558",
   "timestamp": "2019-12-20T13:02:25+01:00"
  },
  {
   "price": "0.00559500",
   "volume": "12.140",
   "timestamp": "2019-12-20T13:02:01+01:00"
  },
  {
   "price": "0.00559400",
   "volume": "36.700",
   "timestamp": "2019-12-20T13:02:45+01:00"
  },
  {
   "price": "0.00559300",
   "volume": "13.192",
   "timestamp": "2019-12-20T13:02:47+01:00"
  }
 ]
}