{
 "pair": "MLNETH",
 "asks": [
  {
   "price": "0.01874000",
   "volume": "1.480",
   "timestamp": "2019-12-20T12:56:57+01:00"
  },
  {
   "price": "0.01878000",
   "volume": "51.446",
   "timestamp": "2019-12-20T13:03:06+01:00"
  },
  {
   "price": "0.01879000",
   "volume": "55.100",
   "timestamp": "2019-12-20T13:02:09+01:00"
  },
  {
   "price": "0.01880000",
   "volume": "428.932",
   "timestamp": "2019-12-20T12:03:29+01:00"
  }
 ],
 "bids": [
  {
   "price": "0.01851000",
   "volume": "95.008",
   "timestamp": "2019-12-20T13:03:19+01:00"
  },
  {
   "price": "0.01850000",
   "volume": "1.600",
   "timestamp": "2019-12-20T13:03:28+01:00"
  },
  {
   "price": "0.01849000",
   "volume": "61.303",
   "timestamp": "2019-12-20T13:03:19+01:00"
  },
  {
   "price": "0.01848000",
   "volume": "47.200",
   "timestamp": "2019-12-20T13:02:50+01:00"
  }
 ]
}