{
 "pair": "MLNETH",
 "asks": [
  {
   "Price": "0.01995000",
   "Volume": "4.501",
   "Timestamp": "2019-12-14T22:43:52+01:00"
  },
  {
   "Price": "0.01996000",
   "Volume": "45.000",
   "Timestamp": "2019-12-14T22:38:40+01:00"
  },
  {
   "Price": "0.02000000",
   "Volume": "63.369",
   "Timestamp": "2019-12-14T22:43:52+01:00"
  },
  {
   "Price": "0.02002000",
   "Volume": "57.600",
   "Timestamp": "2019-12-14T22:17:58+01:00"
  }
 ],
 "bids": [
  {
   "Price": "0.01971000",
   "Volume": "14.283",
   "Timestamp": "2019-12-14T22:41:02+01:00"
  },
  {
   "Price": "0.01970000",
   "Volume": "50.000",
   "Timestamp": "2019-12-14T22:40:56+01:00"
  },
  {
   "Price": "0.01969000",
   "Volume": "86.155",
   "Timestamp": "2019-12-14T22:36:20+01:00"
  },
  {
   "Price": "0.01964000",
   "Volume": "64.300",
   "Timestamp": "2019-12-14T22:42:02+01:00"
  }
 ]
}