{
 "pair": "MLNXBT",
 "asks": [
  {
   "price": "0.00033300",
   "volume": "1.480",
   "timestamp": "2019-12-20T12:50:55+01:00"
  },
  {
   "price": "0.00033400",
   "volume": "1.446",
   "timestamp": "2019-12-20T12:48:41+01:00"
  },
  {
   "price": "0.00033500",
   "volume": "0.481",
   "timestamp": "2019-12-20T12:37:59+01:00"
  },
  {
   "price": "0.00033600",
   "volume": "1.444",
   "timestamp": "2019-12-20T12:38:01+01:00"
  }
 ],
 "bids": [
  {
   "price": "0.00033000",
   "volume": "179.391",
   "timestamp": "2019-12-20T13:03:16+01:00"
  },
  {
   "price": "0.00032900",
   "volume": "50.000",
   "timestamp": "2019-12-20T13:03:05+01:00"
  },
  {
   "price": "0.00032800",
   "volume": "97.255",
   "timestamp": "2019-12-20T13:03:01+01:00"
  },
  {
   "price": "0.00032500",
   "volume": "0.875",
   "timestamp": "2019-12-20T13:03:01+01:00"
  }
 ]
}