{
 "pair": "MLNXBT",
 "asks": [
  {
   "Price": "0.00039700",
   "Volume": "4.501",
   "Timestamp": "2019-12-14T22:43:52+01:00"
  },
  {
   "Price": "0.00040000",
   "Volume": "4881.396",
   "Timestamp": "2019-12-14T21:44:16+01:00"
  },
  {
   "Price": "0.00040100",
   "Volume": "4.306",
   "Timestamp": "2019-12-14T21:51:10+01:00"
  },
  {
   "Price": "0.00040200",
   "Volume": "20.780",
   "Timestamp": "2019-12-13T10:52:25+01:00"
  }
 ],
 "bids": [
  {
   "Price": "0.00039600",
   "Volume": "208.072",
   "Timestamp": "2019-12-14T22:13:26+01:00"
  },
  {
   "Price": "0.00039300",
   "Volume": "54.192",
   "Timestamp": "2019-12-14T22:30:42+01:00"
  },
  {
   "Price": "0.00039200",
   "Volume": "145.336",
   "Timestamp": "2019-12-14T21:52:30+01:00"
  },
  {
   "Price": "0.00039100",
   "Volume": "70.008",
   "Timestamp": "2019-12-14T21:45:12+01:00"
  }
 ]
}