{
 "pair": "NANOEUR",
 "asks": [
  {
   "price": "0.618887",
   "volume": "488.862",
   "timestamp": "2019-12-20T13:00:47+01:00"
  },
  {
   "price": "0.623302",
   "volume": "304.202",
   "timestamp": "2019-12-20T13:00:47+01:00"
  },
  {
   "price": "0.623303",
   "volume": "318.978",
   "timestamp": "2019-12-20T13:00:24+01:00"
  },
  {
   "price": "0.630580",
   "volume": "4129.200",
   "timestamp": "2019-12-20T12:52:48+01:00"
  }
 ],
 "bids": [
  {
   "price": "0.610060",
   "volume": "1130.138",
   "timestamp": "2019-12-20T13:03:19+01:00"
  },
  {
   "price": "0.609501",
   "volume": "808.000",
   "timestamp": "2019-12-20T13:03:14+01:00"
  },
  {
   "price": "0.607918",
   "volume": "8263.000",
   "timestamp": "2019-12-20T13:03:10+01:00"
  },
  {
   "price": "0.604000",
   "volume": "236.000",
   "timestamp": "2019-12-20T12:29:02+01:00"
  }
 ]
}