{
 "pair": "NANOUSD",
 "asks": [
  {
   "price": "0.686824",
   "volume": "159.150",
   "timestamp": "2019-12-20T13:03:54+01:00"
  },
  {
   "price": "0.686825",
   "volume": "366.491",
   "timestamp": "2019-12-20T13:03:53+01:00"
  },
  {
   "price": "0.686836",
   "volume": "488.862",
   "timestamp": "2019-12-20T13:03:44+01:00"
  },
  {
   "price": "0.686838",
   "volume": "387.671",
   "timestamp": "2019-12-20T13:03:43+01:00"
  }
 ],
 "bids": [
  {
   "price": "0.662558",
   "volume": "226.396",
   "timestamp": "2019-12-20T13:03:54+01:00"
  },
  {
   "price": "0.662554",
   "volume": "10.000",
   "timestamp": "2019-12-20T12:52:22+01:00"
  },
  {
   "price": "0.641629",
   "volume": "10.000",
   "timestamp": "2019-12-20T12:56:28+01:00"
  },
  {
   "price": "0.620010",
   "volume": "95.469",
   "timestamp": "2019-12-20T13:03:40+01:00"
  }
 ]
}