{
 "pair": "NANOEUR",
 "asks": [
  {
   "Price": "0.670479",
   "Volume": "480.392",
   "Timestamp": "2019-12-14T22:41:46+01:00"
  },
  {
   "Price": "0.684460",
   "Volume": "319.570",
   "Timestamp": "2019-12-14T22:53:03+01:00"
  },
  {
   "Price": "0.684495",
   "Volume": "4079.700",
   "Timestamp": "2019-12-14T22:39:00+01:00"
  },
  {
   "Price": "0.699999",
   "Volume": "192.776",
   "Timestamp": "2019-12-14T22:41:23+01:00"
  }
 ],
 "bids": [
  {
   "Price": "0.664813",
   "Volume": "44.321",
   "Timestamp": "2019-12-14T22:52:21+01:00"
  },
  {
   "Price": "0.663472",
   "Volume": "316.629",
   "Timestamp": "2019-12-14T22:52:21+01:00"
  },
  {
   "Price": "0.663471",
   "Volume": "882.000",
   "Timestamp": "2019-12-14T22:41:32+01:00"
  },
  {
   "Price": "0.663000",
   "Volume": "4.863",
   "Timestamp": "2019-12-14T17:11:08+01:00"
  }
 ]
}