{
 "pair": "NANOUSD",
 "asks": [
  {
   "Price": "0.745119",
   "Volume": "136.100",
   "Timestamp": "2019-12-14T22:51:10+01:00"
  },
  {
   "Price": "0.745120",
   "Volume": "480.069",
   "Timestamp": "2019-12-14T22:32:34+01:00"
  },
  {
   "Price": "0.762093",
   "Volume": "319.570",
   "Timestamp": "2019-12-14T22:52:44+01:00"
  },
  {
   "Price": "0.762094",
   "Volume": "59.658",
   "Timestamp": "2019-12-14T22:52:44+01:00"
  }
 ],
 "bids": [
  {
   "Price": "0.740000",
   "Volume": "22377.890",
   "Timestamp": "2019-12-14T21:46:17+01:00"
  },
  {
   "Price": "0.732194",
   "Volume": "321.815",
   "Timestamp": "2019-12-14T22:44:10+01:00"
  },
  {
   "Price": "0.732193",
   "Volume": "4393.000",
   "Timestamp": "2019-12-14T22:35:17+01:00"
  },
  {
   "Price": "0.731729",
   "Volume": "460.000",
   "Timestamp": "2019-12-14T22:30:47+01:00"
  }
 ]
}