{
 "pair": "NANOETH",
 "asks": [
  {
   "price": "0.005389410",
   "volume": "855.352",
   "timestamp": "2019-12-20T13:03:36+01:00"
  },
  {
   "price": "0.005389420",
   "volume": "874.622",
   "timestamp": "2019-12-20T13:03:35+01:00"
  },
  {
   "price": "0.005407730",
   "volume": "37.433",
   "timestamp": "2019-12-20T12:59:17+01:00"
  },
  {
   "price": "0.005480900",
   "volume": "30.000",
   "timestamp": "2019-12-15T01:01:37+01:00"
  }
 ],
 "bids": [
  {
   "price": "0.005305440",
   "volume": "452.720",
   "timestamp": "2019-12-20T13:03:25+01:00"
  },
  {
   "price": "0.005262360",
   "volume": "334.183",
   "timestamp": "2019-12-20T13:03:25+01:00"
  },
  {
   "price": "0.005262340",
   "volume": "70.351",
   "timestamp": "2019-12-20T13:02:19+01:00"
  },
  {
   "price": "0.005262290",
   "volume": "37.701",
   "timestamp": "2019-12-20T13:02:00+01:00"
  }
 ]
}