{
 "pair": "NANOXBT",
 "asks": [
  {
   "Price": "0.000105139",
   "Volume": "622.580",
   "Timestamp": "2019-12-14T22:30:46+01:00"
  },
  {
   "Price": "0.000105162",
   "Volume": "480.255",
   "Timestamp": "2019-12-14T22:27:11+01:00"
  },
  {
   "Price": "0.000105200",
   "Volume": "241.904",
   "Timestamp": "2019-12-14T22:44:15+01:00"
  },
  {
   "Price": "0.000105379",
   "Volume": "255.884",
   "Timestamp": "2019-12-14T22:48:10+01:00"
  }
 ],
 "bids": [
  {
   "Price": "0.000104368",
   "Volume": "1321.493",
   "Timestamp": "2019-12-14T22:53:03+01:00"
  },
  {
   "Price": "0.000104349",
   "Volume": "57.908",
   "Timestamp": "2019-12-14T22:52:01+01:00"
  },
  {
   "Price": "0.000103801",
   "Volume": "566.798",
   "Timestamp": "2019-12-14T22:52:01+01:00"
  },
  {
   "Price": "0.000103800",
   "Volume": "632.074",
   "Timestamp": "2019-12-14T18:10:19+01:00"
  }
 ]
}