{
 "pair": "NANOXBT",
 "asks": [
  {
   "price": "0.000095763",
   "volume": "359.980",
   "timestamp": "2019-12-20T13:00:31+01:00"
  },
  {
   "price": "0.000095764",
   "volume": "325.908",
   "timestamp": "2019-12-20T13:00:29+01:00"
  },
  {
   "price": "0.000095766",
   "volume": "375.314",
   "timestamp": "2019-12-20T12:56:21+01:00"
  },
  {
   "price": "0.000096168",
   "volume": "210.527",
   "timestamp": "2019-12-20T13:00:57+01:00"
  }
 ],
 "bids": [
  {
   "price": "0.000094225",
   "volume": "329.621",
   "timestamp": "2019-12-20T13:03:04+01:00"
  },
  {
   "price": "0.000094224",
   "volume": "3357.000",
   "timestamp": "2019-12-20T13:03:04+01:00"
  },
  {
   "price": "0.000094109",
   "volume": "210.527",
   "timestamp": "2019-12-20T13:02:55+01:00"
  },
  {
   "price": "0.000094100",
   "volume": "10.462",
   "timestamp": "2019-12-20T13:02:04+01:00"
  }
 ]
}