{
 "pair": "NANOETH",
 "asks": [
  {
   "Price": "0.005245110",
   "Volume": "177.785",
   "Timestamp": "2019-12-14T22:49:53+01:00"
  },
  {
   "Price": "0.005268900",
   "Volume": "319.570",
   "Timestamp": "2019-12-14T22:52:17+01:00"
  },
  {
   "Price": "0.005268910",
   "Volume": "68.964",
   "Timestamp": "2019-12-14T22:52:16+01:00"
  },
  {
   "Price": "0.005271090",
   "Volume": "38.492",
   "Timestamp": "2019-12-14T22:47:13+01:00"
  }
 ],
 "bids": [
  {
   "Price": "0.005198280",
   "Volume": "811.330",
   "Timestamp": "2019-12-14T22:52:51+01:00"
  },
  {
   "Price": "0.005196990",
   "Volume": "27.098",
   "Timestamp": "2019-12-14T22:52:52+01:00"
  },
  {
   "Price": "0.005160000",
   "Volume": "25.000",
   "Timestamp": "2019-12-12T10:38:07+01:00"
  },
  {
   "Price": "0.005153190",
   "Volume": "296.319",
   "Timestamp": "2019-12-14T22:52:52+01:00"
  }
 ]
}