{
 "pair": "OMGEUR",
 "asks": [
  {
   "price": "0.575471",
   "volume": "1197.512",
   "timestamp": "2019-12-20T13:03:19+01:00"
  },
  {
   "price": "0.575481",
   "volume": "4081.000",
   "timestamp": "2019-12-20T13:03:18+01:00"
  },
  {
   "price": "0.578727",
   "volume": "388.527",
   "timestamp": "2019-12-20T13:02:44+01:00"
  },
  {
   "price": "0.579170",
   "volume": "300.026",
   "timestamp": "2019-12-20T13:01:24+01:00"
  }
 ],
 "bids": [
  {
   "price": "0.569165",
   "volume": "85.566",
   "timestamp": "2019-12-20T13:02:31+01:00"
  },
  {
   "price": "0.563201",
   "volume": "271.415",
   "timestamp": "2019-12-20T13:02:24+01:00"
  },
  {
   "price": "0.563200",
   "volume": "100.000",
   "timestamp": "2019-12-20T11:01:09+01:00"
  },
  {
   "price": "0.563000",
   "volume": "270.000",
   "timestamp": "2019-12-20T11:57:27+01:00"
  }
 ]
}