{
 "pair": "OMGETH",
 "asks": [
  {
   "Price": "0.004968280",
   "Volume": "579.960",
   "Timestamp": "2019-12-14T22:45:40+01:00"
  },
  {
   "Price": "0.004992130",
   "Volume": "699.763",
   "Timestamp": "2019-12-14T22:52:55+01:00"
  },
  {
   "Price": "0.004992140",
   "Volume": "25.200",
   "Timestamp": "2019-12-14T22:52:54+01:00"
  },
  {
   "Price": "0.004992380",
   "Volume": "845.652",
   "Timestamp": "2019-12-14T22:45:35+01:00"
  }
 ],
 "bids": [
  {
   "Price": "0.004914750",
   "Volume": "537.271",
   "Timestamp": "2019-12-14T22:51:46+01:00"
  },
  {
   "Price": "0.004914740",
   "Volume": "635.411",
   "Timestamp": "2019-12-14T22:36:18+01:00"
  },
  {
   "Price": "0.004898160",
   "Volume": "346.329",
   "Timestamp": "2019-12-14T22:48:44+01:00"
  },
  {
   "Price": "0.004898010",
   "Volume": "40.486",
   "Timestamp": "2019-12-14T22:18:42+01:00"
  }
 ]
}