{
 "pair": "OMGEUR",
 "asks": [
  {
   "Price": "0.635076",
   "Volume": "396.000",
   "Timestamp": "2019-12-14T22:53:10+01:00"
  },
  {
   "Price": "0.635081",
   "Volume": "1085.612",
   "Timestamp": "2019-12-14T22:52:34+01:00"
  },
  {
   "Price": "0.636538",
   "Volume": "3951.000",
   "Timestamp": "2019-12-14T22:51:36+01:00"
  },
  {
   "Price": "0.637336",
   "Volume": "699.763",
   "Timestamp": "2019-12-14T22:53:01+01:00"
  }
 ],
 "bids": [
  {
   "Price": "0.627817",
   "Volume": "1098.173",
   "Timestamp": "2019-12-14T22:53:11+01:00"
  },
  {
   "Price": "0.627799",
   "Volume": "397.000",
   "Timestamp": "2019-12-14T22:53:10+01:00"
  },
  {
   "Price": "0.621279",
   "Volume": "338.132",
   "Timestamp": "2019-12-14T22:53:11+01:00"
  },
  {
   "Price": "0.621278",
   "Volume": "5190.378",
   "Timestamp": "2019-12-14T22:53:11+01:00"
  }
 ]
}