{
 "pair": "OMGETH",
 "asks": [
  {
   "price": "0.005014550",
   "volume": "939.915",
   "timestamp": "2019-12-20T13:02:46+01:00"
  },
  {
   "price": "0.005020010",
   "volume": "388.527",
   "timestamp": "2019-12-20T13:02:46+01:00"
  },
  {
   "price": "0.005020020",
   "volume": "308.659",
   "timestamp": "2019-12-20T13:02:35+01:00"
  },
  {
   "price": "0.005053610",
   "volume": "40.081",
   "timestamp": "2019-12-20T13:01:59+01:00"
  }
 ],
 "bids": [
  {
   "price": "0.004991240",
   "volume": "85.566",
   "timestamp": "2019-12-20T13:00:59+01:00"
  },
  {
   "price": "0.004948550",
   "volume": "95.605",
   "timestamp": "2019-12-20T13:02:39+01:00"
  },
  {
   "price": "0.004948540",
   "volume": "586.490",
   "timestamp": "2019-12-20T13:00:56+01:00"
  },
  {
   "price": "0.004938920",
   "volume": "40.089",
   "timestamp": "2019-12-20T13:02:03+01:00"
  }
 ]
}