{
 "pair": "OMGUSD",
 "asks": [
  {
   "Price": "0.705960",
   "Volume": "901.416",
   "Timestamp": "2019-12-14T22:53:05+01:00"
  },
  {
   "Price": "0.706802",
   "Volume": "583.467",
   "Timestamp": "2019-12-14T22:51:43+01:00"
  },
  {
   "Price": "0.713234",
   "Volume": "699.763",
   "Timestamp": "2019-12-14T22:53:05+01:00"
  },
  {
   "Price": "0.713404",
   "Volume": "4806.887",
   "Timestamp": "2019-12-14T22:53:09+01:00"
  }
 ],
 "bids": [
  {
   "Price": "0.698319",
   "Volume": "414.000",
   "Timestamp": "2019-12-14T22:53:10+01:00"
  },
  {
   "Price": "0.698318",
   "Volume": "911.281",
   "Timestamp": "2019-12-14T22:53:08+01:00"
  },
  {
   "Price": "0.698292",
   "Volume": "634.908",
   "Timestamp": "2019-12-14T22:52:58+01:00"
  },
  {
   "Price": "0.696013",
   "Volume": "338.544",
   "Timestamp": "2019-12-14T22:48:44+01:00"
  }
 ]
}