{
 "pair": "OMGUSD",
 "asks": [
  {
   "price": "0.638403",
   "volume": "996.806",
   "timestamp": "2019-12-20T13:03:29+01:00"
  },
  {
   "price": "0.639297",
   "volume": "315.457",
   "timestamp": "2019-12-20T13:02:41+01:00"
  },
  {
   "price": "0.642700",
   "volume": "100.000",
   "timestamp": "2019-12-20T12:28:06+01:00"
  },
  {
   "price": "0.645973",
   "volume": "6328.330",
   "timestamp": "2019-12-20T13:03:27+01:00"
  }
 ],
 "bids": [
  {
   "price": "0.631051",
   "volume": "85.566",
   "timestamp": "2019-12-20T13:02:09+01:00"
  },
  {
   "price": "0.628554",
   "volume": "149.034",
   "timestamp": "2019-12-20T13:03:26+01:00"
  },
  {
   "price": "0.628239",
   "volume": "269.230",
   "timestamp": "2019-12-20T13:03:26+01:00"
  },
  {
   "price": "0.628238",
   "volume": "16839.794",
   "timestamp": "2019-12-20T13:03:26+01:00"
  }
 ]
}