{
 "pair": "OMGXBT",
 "asks": [
  {
   "price": "0.000089279",
   "volume": "113.876",
   "timestamp": "2019-12-20T13:01:42+01:00"
  },
  {
   "price": "0.000089284",
   "volume": "292.246",
   "timestamp": "2019-12-20T12:58:13+01:00"
  },
  {
   "price": "0.000089690",
   "volume": "1396.542",
   "timestamp": "2019-12-20T12:58:13+01:00"
  },
  {
   "price": "0.000089787",
   "volume": "388.527",
   "timestamp": "2019-12-20T12:58:04+01:00"
  }
 ],
 "bids": [
  {
   "price": "0.000088375",
   "volume": "85.566",
   "timestamp": "2019-12-20T13:03:23+01:00"
  },
  {
   "price": "0.000088367",
   "volume": "290.008",
   "timestamp": "2019-12-20T12:31:10+01:00"
  },
  {
   "price": "0.000088279",
   "volume": "224.720",
   "timestamp": "2019-12-20T13:01:02+01:00"
  },
  {
   "price": "0.000087120",
   "volume": "55.000",
   "timestamp": "2019-12-20T12:21:34+01:00"
  }
 ]
}