{
 "pair": "OMGXBT",
 "asks": [
  {
   "Price": "0.000099770",
   "Volume": "132.403",
   "Timestamp": "2019-12-14T22:50:22+01:00"
  },
  {
   "Price": "0.000099771",
   "Volume": "591.800",
   "Timestamp": "2019-12-14T22:38:14+01:00"
  },
  {
   "Price": "0.000099835",
   "Volume": "699.763",
   "Timestamp": "2019-12-14T22:52:34+01:00"
  },
  {
   "Price": "0.000099836",
   "Volume": "500.000",
   "Timestamp": "2019-12-14T17:49:56+01:00"
  }
 ],
 "bids": [
  {
   "Price": "0.000098627",
   "Volume": "1674.416",
   "Timestamp": "2019-12-14T22:44:03+01:00"
  },
  {
   "Price": "0.000098626",
   "Volume": "492.962",
   "Timestamp": "2019-12-14T22:41:39+01:00"
  },
  {
   "Price": "0.000098417",
   "Volume": "61.364",
   "Timestamp": "2019-12-14T22:53:16+01:00"
  },
  {
   "Price": "0.000098416",
   "Volume": "201.208",
   "Timestamp": "2019-12-14T22:42:47+01:00"
  }
 ]
}