{
 "pair": "PAXGETH",
 "asks": [
  {
   "price": "11.878596000",
   "volume": "0.160",
   "timestamp": "2019-12-20T13:03:14+01:00"
  },
  {
   "price": "11.878597000",
   "volume": "0.169",
   "timestamp": "2019-12-20T13:03:14+01:00"
  },
  {
   "price": "11.880000000",
   "volume": "0.015",
   "timestamp": "2019-12-19T00:20:55+01:00"
  },
  {
   "price": "11.990000000",
   "volume": "0.090",
   "timestamp": "2019-12-18T18:24:39+01:00"
  }
 ],
 "bids": [
  {
   "price": "11.500086000",
   "volume": "0.153",
   "timestamp": "2019-12-20T12:57:28+01:00"
  },
  {
   "price": "11.500000000",
   "volume": "0.010",
   "timestamp": "2019-12-20T08:52:11+01:00"
  },
  {
   "price": "11.250001000",
   "volume": "0.087",
   "timestamp": "2019-12-20T08:52:44+01:00"
  },
  {
   "price": "11.250000000",
   "volume": "0.010",
   "timestamp": "2019-12-19T09:30:00+01:00"
  }
 ]
}