{
 "pair": "PAXGXBT",
 "asks": [
  {
   "price": "0.207000000",
   "volume": "0.351",
   "timestamp": "2019-12-20T12:20:15+01:00"
  },
  {
   "price": "0.219999000",
   "volume": "0.160",
   "timestamp": "2019-12-20T11:33:28+01:00"
  },
  {
   "price": "0.220000000",
   "volume": "0.050",
   "timestamp": "2019-12-20T08:36:29+01:00"
  },
  {
   "price": "0.228888000",
   "volume": "0.094",
   "timestamp": "2019-12-19T21:58:14+01:00"
  }
 ],
 "bids": [
  {
   "price": "0.205504000",
   "volume": "0.152",
   "timestamp": "2019-12-20T13:03:23+01:00"
  },
  {
   "price": "0.205503000",
   "volume": "2.100",
   "timestamp": "2019-12-20T13:02:04+01:00"
  },
  {
   "price": "0.205163000",
   "volume": "9.200",
   "timestamp": "2019-12-20T13:02:04+01:00"
  },
  {
   "price": "0.204818000",
   "volume": "6.000",
   "timestamp": "2019-12-20T12:20:17+01:00"
  }
 ]
}