{
 "pair": "PAXGUSD",
 "asks": [
  {
   "Price": "1480.090000",
   "Volume": "3.865",
   "Timestamp": "2019-12-14T21:20:27+01:00"
  },
  {
   "Price": "1482.540000",
   "Volume": "2.000",
   "Timestamp": "2019-12-13T17:23:36+01:00"
  },
  {
   "Price": "1485.000000",
   "Volume": "9.200",
   "Timestamp": "2019-12-13T22:52:05+01:00"
  },
  {
   "Price": "1497.450000",
   "Volume": "0.190",
   "Timestamp": "2019-12-14T22:52:29+01:00"
  }
 ],
 "bids": [
  {
   "Price": "1473.470000",
   "Volume": "0.050",
   "Timestamp": "2019-12-13T23:00:03+01:00"
  },
  {
   "Price": "1466.900000",
   "Volume": "0.134",
   "Timestamp": "2019-12-14T22:39:43+01:00"
  },
  {
   "Price": "1466.890000",
   "Volume": "3.000",
   "Timestamp": "2019-12-13T17:25:33+01:00"
  },
  {
   "Price": "1463.920000",
   "Volume": "3.000",
   "Timestamp": "2019-12-13T17:43:18+01:00"
  }
 ]
}