{
 "pair": "PAXGUSD",
 "asks": [
  {
   "price": "1481.230000",
   "volume": "0.146",
   "timestamp": "2019-12-20T13:03:01+01:00"
  },
  {
   "price": "1481.280000",
   "volume": "1.700",
   "timestamp": "2019-12-20T11:18:07+01:00"
  },
  {
   "price": "1483.540000",
   "volume": "0.015",
   "timestamp": "2019-12-20T13:03:02+01:00"
  },
  {
   "price": "1483.550000",
   "volume": "1.800",
   "timestamp": "2019-12-20T04:30:16+01:00"
  }
 ],
 "bids": [
  {
   "price": "1470.260000",
   "volume": "3.100",
   "timestamp": "2019-12-20T13:02:57+01:00"
  },
  {
   "price": "1469.770000",
   "volume": "0.700",
   "timestamp": "2019-12-20T03:36:29+01:00"
  },
  {
   "price": "1467.330000",
   "volume": "9.000",
   "timestamp": "2019-12-19T20:43:57+01:00"
  },
  {
   "price": "1464.810000",
   "volume": "7.700",
   "timestamp": "2019-12-19T20:53:52+01:00"
  }
 ]
}