{
 "pair": "PAXGETH",
 "asks": [
  {
   "Price": "10.438999000",
   "Volume": "0.260",
   "Timestamp": "2019-12-14T22:52:46+01:00"
  },
  {
   "Price": "10.439000000",
   "Volume": "0.850",
   "Timestamp": "2019-12-14T17:11:41+01:00"
  },
  {
   "Price": "10.449000000",
   "Volume": "1.000",
   "Timestamp": "2019-12-13T08:13:37+01:00"
  },
  {
   "Price": "10.499999000",
   "Volume": "0.070",
   "Timestamp": "2019-12-14T22:52:46+01:00"
  }
 ],
 "bids": [
  {
   "Price": "10.266063000",
   "Volume": "0.166",
   "Timestamp": "2019-12-14T22:52:46+01:00"
  },
  {
   "Price": "10.266062000",
   "Volume": "0.066",
   "Timestamp": "2019-12-14T22:52:46+01:00"
  },
  {
   "Price": "10.187702000",
   "Volume": "0.101",
   "Timestamp": "2019-12-14T22:52:16+01:00"
  },
  {
   "Price": "10.187701000",
   "Volume": "1.000",
   "Timestamp": "2019-12-14T19:57:06+01:00"
  }
 ]
}