{
 "pair": "PAXGEUR",
 "asks": [
  {
   "price": "1334.000000",
   "volume": "0.176",
   "timestamp": "2019-12-20T06:55:05+01:00"
  },
  {
   "price": "1335.000000",
   "volume": "1.333",
   "timestamp": "2019-12-19T19:35:11+01:00"
  },
  {
   "price": "1336.990000",
   "volume": "0.155",
   "timestamp": "2019-12-20T12:15:16+01:00"
  },
  {
   "price": "1337.000000",
   "volume": "0.011",
   "timestamp": "2019-12-19T05:31:07+01:00"
  }
 ],
 "bids": [
  {
   "price": "1327.700000",
   "volume": "0.085",
   "timestamp": "2019-12-20T13:03:38+01:00"
  },
  {
   "price": "1327.690000",
   "volume": "2.000",
   "timestamp": "2019-12-20T13:03:37+01:00"
  },
  {
   "price": "1325.170000",
   "volume": "0.402",
   "timestamp": "2019-12-20T12:52:37+01:00"
  },
  {
   "price": "1325.160000",
   "volume": "2.000",
   "timestamp": "2019-12-20T12:14:18+01:00"
  }
 ]
}