{
 "pair": "PAXGEUR",
 "asks": [
  {
   "Price": "1334.970000",
   "Volume": "0.015",
   "Timestamp": "2019-12-14T21:25:43+01:00"
  },
  {
   "Price": "1334.980000",
   "Volume": "1.000",
   "Timestamp": "2019-12-14T08:04:27+01:00"
  },
  {
   "Price": "1335.000000",
   "Volume": "4.631",
   "Timestamp": "2019-12-13T16:52:52+01:00"
  },
  {
   "Price": "1336.990000",
   "Volume": "0.190",
   "Timestamp": "2019-12-14T22:47:55+01:00"
  }
 ],
 "bids": [
  {
   "Price": "1325.310000",
   "Volume": "0.151",
   "Timestamp": "2019-12-14T22:44:31+01:00"
  },
  {
   "Price": "1321.070000",
   "Volume": "2.000",
   "Timestamp": "2019-12-14T22:52:36+01:00"
  },
  {
   "Price": "1321.060000",
   "Volume": "0.050",
   "Timestamp": "2019-12-14T22:36:27+01:00"
  },
  {
   "Price": "1321.050000",
   "Volume": "0.011",
   "Timestamp": "2019-12-13T20:24:06+01:00"
  }
 ]
}