{
 "pair": "PAXGXBT",
 "asks": [
  {
   "Price": "0.209647000",
   "Volume": "0.190",
   "Timestamp": "2019-12-14T22:53:06+01:00"
  },
  {
   "Price": "0.209648000",
   "Volume": "0.102",
   "Timestamp": "2019-12-14T22:53:06+01:00"
  },
  {
   "Price": "0.209738000",
   "Volume": "0.426",
   "Timestamp": "2019-12-14T22:40:39+01:00"
  },
  {
   "Price": "0.215907000",
   "Volume": "0.034",
   "Timestamp": "2019-12-14T17:35:14+01:00"
  }
 ],
 "bids": [
  {
   "Price": "0.208400000",
   "Volume": "0.100",
   "Timestamp": "2019-12-14T17:21:30+01:00"
  },
  {
   "Price": "0.207322000",
   "Volume": "0.141",
   "Timestamp": "2019-12-14T22:41:38+01:00"
  },
  {
   "Price": "0.207259000",
   "Volume": "6.000",
   "Timestamp": "2019-12-14T22:37:10+01:00"
  },
  {
   "Price": "0.206926000",
   "Volume": "8.030",
   "Timestamp": "2019-12-14T22:02:51+01:00"
  }
 ]
}