{
 "pair": "QTUMETH",
 "asks": [
  {
   "Price": "0.01248560",
   "Volume": "127.408",
   "Timestamp": "2019-12-14T22:52:50+01:00"
  },
  {
   "Price": "0.01248570",
   "Volume": "19.468",
   "Timestamp": "2019-12-14T22:52:51+01:00"
  },
  {
   "Price": "0.01251000",
   "Volume": "243.842",
   "Timestamp": "2019-12-14T22:13:20+01:00"
  },
  {
   "Price": "0.01252990",
   "Volume": "160.138",
   "Timestamp": "2019-12-14T22:48:15+01:00"
  }
 ],
 "bids": [
  {
   "Price": "0.01236690",
   "Volume": "22.379",
   "Timestamp": "2019-12-14T22:10:37+01:00"
  },
  {
   "Price": "0.01231340",
   "Volume": "109.271",
   "Timestamp": "2019-12-14T22:25:06+01:00"
  },
  {
   "Price": "0.01231330",
   "Volume": "420.419",
   "Timestamp": "2019-12-14T21:57:09+01:00"
  },
  {
   "Price": "0.01227320",
   "Volume": "121.084",
   "Timestamp": "2019-12-14T22:15:02+01:00"
  }
 ]
}