{
 "pair": "QTUMUSD",
 "asks": [
  {
   "price": "1.657210",
   "volume": "1.264",
   "timestamp": "2019-12-20T13:03:04+01:00"
  },
  {
   "price": "1.657220",
   "volume": "1200.000",
   "timestamp": "2019-12-20T13:02:52+01:00"
  },
  {
   "price": "1.657260",
   "volume": "1200.000",
   "timestamp": "2019-12-20T12:52:24+01:00"
  },
  {
   "price": "1.657280",
   "volume": "1200.000",
   "timestamp": "2019-12-20T13:00:27+01:00"
  }
 ],
 "bids": [
  {
   "price": "1.651730",
   "volume": "487.747",
   "timestamp": "2019-12-20T13:02:51+01:00"
  },
  {
   "price": "1.651360",
   "volume": "133.900",
   "timestamp": "2019-12-20T13:03:03+01:00"
  },
  {
   "price": "1.641480",
   "volume": "635.000",
   "timestamp": "2019-12-20T13:01:25+01:00"
  },
  {
   "price": "1.641470",
   "volume": "135.791",
   "timestamp": "2019-12-20T12:41:29+01:00"
  }
 ]
}