{
 "pair": "QTUMUSD",
 "asks": [
  {
   "Price": "1.761770",
   "Volume": "102.350",
   "Timestamp": "2019-12-14T22:52:50+01:00"
  },
  {
   "Price": "1.762640",
   "Volume": "152.400",
   "Timestamp": "2019-12-14T22:52:51+01:00"
  },
  {
   "Price": "1.763270",
   "Volume": "158.118",
   "Timestamp": "2019-12-14T22:43:49+01:00"
  },
  {
   "Price": "1.763280",
   "Volume": "110.100",
   "Timestamp": "2019-12-14T22:52:56+01:00"
  }
 ],
 "bids": [
  {
   "Price": "1.756340",
   "Volume": "0.726",
   "Timestamp": "2019-12-14T22:52:56+01:00"
  },
  {
   "Price": "1.756310",
   "Volume": "435.000",
   "Timestamp": "2019-12-14T22:51:48+01:00"
  },
  {
   "Price": "1.756300",
   "Volume": "700.000",
   "Timestamp": "2019-12-14T22:47:37+01:00"
  },
  {
   "Price": "1.756280",
   "Volume": "700.000",
   "Timestamp": "2019-12-14T22:43:47+01:00"
  }
 ]
}