{
 "pair": "QTUMCAD",
 "asks": [
  {
   "Price": "2.334710",
   "Volume": "133.957",
   "Timestamp": "2019-12-14T22:53:02+01:00"
  },
  {
   "Price": "2.575500",
   "Volume": "134.407",
   "Timestamp": "2019-12-14T22:53:25+01:00"
  },
  {
   "Price": "2.575510",
   "Volume": "78.573",
   "Timestamp": "2019-12-14T22:53:24+01:00"
  },
  {
   "Price": "2.575540",
   "Volume": "78.573",
   "Timestamp": "2019-12-14T22:53:20+01:00"
  }
 ],
 "bids": [
  {
   "Price": "2.317190",
   "Volume": "155.785",
   "Timestamp": "2019-12-14T22:53:23+01:00"
  },
  {
   "Price": "2.316880",
   "Volume": "148.241",
   "Timestamp": "2019-12-14T22:53:22+01:00"
  },
  {
   "Price": "2.310910",
   "Volume": "22.391",
   "Timestamp": "2019-12-14T22:51:58+01:00"
  },
  {
   "Price": "2.309030",
   "Volume": "24.399",
   "Timestamp": "2019-12-14T22:52:26+01:00"
  }
 ]
}