{
 "pair": "QTUMEUR",
 "asks": [
  {
   "price": "1.500790",
   "volume": "136.682",
   "timestamp": "2019-12-20T13:03:41+01:00"
  },
  {
   "price": "1.509960",
   "volume": "341.000",
   "timestamp": "2019-12-20T13:03:11+01:00"
  },
  {
   "price": "1.509970",
   "volume": "4069.000",
   "timestamp": "2019-12-20T13:02:53+01:00"
  },
  {
   "price": "1.510000",
   "volume": "10.000",
   "timestamp": "2019-12-19T15:47:38+01:00"
  }
 ],
 "bids": [
  {
   "price": "1.487030",
   "volume": "521.573",
   "timestamp": "2019-12-20T13:03:50+01:00"
  },
  {
   "price": "1.487020",
   "volume": "372.000",
   "timestamp": "2019-12-20T13:03:50+01:00"
  },
  {
   "price": "1.480910",
   "volume": "359.506",
   "timestamp": "2019-12-20T13:03:33+01:00"
  },
  {
   "price": "1.480900",
   "volume": "3699.000",
   "timestamp": "2019-12-20T13:03:29+01:00"
  }
 ]
}