{
 "pair": "QTUMXBT",
 "asks": [
  {
   "price": "0.00023250",
   "volume": "203.141",
   "timestamp": "2019-12-20T13:03:34+01:00"
  },
  {
   "price": "0.00023270",
   "volume": "136.682",
   "timestamp": "2019-12-20T13:03:27+01:00"
  },
  {
   "price": "0.00023340",
   "volume": "174.184",
   "timestamp": "2019-12-20T13:03:56+01:00"
  },
  {
   "price": "0.00023350",
   "volume": "192.000",
   "timestamp": "2019-12-20T13:02:41+01:00"
  }
 ],
 "bids": [
  {
   "price": "0.00023120",
   "volume": "263.687",
   "timestamp": "2019-12-20T13:03:56+01:00"
  },
  {
   "price": "0.00023080",
   "volume": "130.283",
   "timestamp": "2019-12-20T13:03:36+01:00"
  },
  {
   "price": "0.00023070",
   "volume": "193.000",
   "timestamp": "2019-12-20T13:01:44+01:00"
  },
  {
   "price": "0.00023040",
   "volume": "959.678",
   "timestamp": "2019-12-20T13:03:48+01:00"
  }
 ]
}