{
 "pair": "QTUMETH",
 "asks": [
  {
   "price": "0.01305640",
   "volume": "136.682",
   "timestamp": "2019-12-20T13:03:23+01:00"
  },
  {
   "price": "0.01306290",
   "volume": "115.399",
   "timestamp": "2019-12-20T13:03:29+01:00"
  },
  {
   "price": "0.01306660",
   "volume": "207.160",
   "timestamp": "2019-12-20T12:33:27+01:00"
  },
  {
   "price": "0.01314360",
   "volume": "15.387",
   "timestamp": "2019-12-20T13:02:47+01:00"
  }
 ],
 "bids": [
  {
   "price": "0.01294040",
   "volume": "135.900",
   "timestamp": "2019-12-20T13:02:44+01:00"
  },
  {
   "price": "0.01294030",
   "volume": "201.507",
   "timestamp": "2019-12-20T13:02:43+01:00"
  },
  {
   "price": "0.01287100",
   "volume": "116.026",
   "timestamp": "2019-12-20T13:01:25+01:00"
  },
  {
   "price": "0.01287090",
   "volume": "15.405",
   "timestamp": "2019-12-20T12:55:51+01:00"
  }
 ]
}