{
 "pair": "QTUMXBT",
 "asks": [
  {
   "Price": "0.00024900",
   "Volume": "162.546",
   "Timestamp": "2019-12-14T22:48:11+01:00"
  },
  {
   "Price": "0.00024910",
   "Volume": "91.441",
   "Timestamp": "2019-12-14T22:48:12+01:00"
  },
  {
   "Price": "0.00024930",
   "Volume": "215.000",
   "Timestamp": "2019-12-14T22:52:57+01:00"
  },
  {
   "Price": "0.00024940",
   "Volume": "360.910",
   "Timestamp": "2019-12-14T22:43:53+01:00"
  }
 ],
 "bids": [
  {
   "Price": "0.00024770",
   "Volume": "28.496",
   "Timestamp": "2019-12-14T22:49:14+01:00"
  },
  {
   "Price": "0.00024760",
   "Volume": "212.455",
   "Timestamp": "2019-12-14T22:49:42+01:00"
  },
  {
   "Price": "0.00024750",
   "Volume": "589.504",
   "Timestamp": "2019-12-14T22:52:48+01:00"
  },
  {
   "Price": "0.00024740",
   "Volume": "216.000",
   "Timestamp": "2019-12-14T22:46:45+01:00"
  }
 ]
}