{
 "pair": "QTUMEUR",
 "asks": [
  {
   "Price": "1.588680",
   "Volume": "30.481",
   "Timestamp": "2019-12-14T22:50:13+01:00"
  },
  {
   "Price": "1.597770",
   "Volume": "127.408",
   "Timestamp": "2019-12-14T22:52:40+01:00"
  },
  {
   "Price": "1.597780",
   "Volume": "33.691",
   "Timestamp": "2019-12-14T22:52:40+01:00"
  },
  {
   "Price": "1.598030",
   "Volume": "416.000",
   "Timestamp": "2019-12-14T22:50:13+01:00"
  }
 ],
 "bids": [
  {
   "Price": "1.579330",
   "Volume": "16.965",
   "Timestamp": "2019-12-14T22:49:52+01:00"
  },
  {
   "Price": "1.573750",
   "Volume": "133.487",
   "Timestamp": "2019-12-14T22:52:16+01:00"
  },
  {
   "Price": "1.573440",
   "Volume": "417.000",
   "Timestamp": "2019-12-14T22:49:51+01:00"
  },
  {
   "Price": "1.570810",
   "Volume": "3983.000",
   "Timestamp": "2019-12-14T22:52:38+01:00"
  }
 ]
}