{
 "pair": "REPETH",
 "asks": [
  {
   "price": "0.076010",
   "volume": "25.462",
   "timestamp": "2019-12-20T13:02:52+01:00"
  },
  {
   "price": "0.076760",
   "volume": "48.000",
   "timestamp": "2019-12-20T13:02:54+01:00"
  },
  {
   "price": "0.076770",
   "volume": "21.730",
   "timestamp": "2019-12-20T13:00:43+01:00"
  },
  {
   "price": "0.076950",
   "volume": "497.300",
   "timestamp": "2019-12-20T12:57:41+01:00"
  }
 ],
 "bids": [
  {
   "price": "0.075530",
   "volume": "10.000",
   "timestamp": "2019-12-20T13:02:47+01:00"
  },
  {
   "price": "0.075500",
   "volume": "28.885",
   "timestamp": "2019-12-20T13:02:52+01:00"
  },
  {
   "price": "0.075490",
   "volume": "62.449",
   "timestamp": "2019-12-20T13:02:52+01:00"
  },
  {
   "price": "0.074860",
   "volume": "13.492",
   "timestamp": "2019-12-20T13:02:38+01:00"
  }
 ]
}