{
 "pair": "REPETH",
 "asks": [
  {
   "Price": "0.069600",
   "Volume": "0.618",
   "Timestamp": "2019-12-14T22:51:23+01:00"
  },
  {
   "Price": "0.069640",
   "Volume": "0.618",
   "Timestamp": "2019-12-14T22:39:24+01:00"
  },
  {
   "Price": "0.069880",
   "Volume": "24.027",
   "Timestamp": "2019-12-14T22:41:38+01:00"
  },
  {
   "Price": "0.069910",
   "Volume": "50.200",
   "Timestamp": "2019-12-14T22:40:43+01:00"
  }
 ],
 "bids": [
  {
   "Price": "0.069320",
   "Volume": "0.413",
   "Timestamp": "2019-12-14T22:52:57+01:00"
  },
  {
   "Price": "0.068770",
   "Volume": "500.053",
   "Timestamp": "2019-12-14T22:53:01+01:00"
  },
  {
   "Price": "0.068760",
   "Volume": "61.337",
   "Timestamp": "2019-12-14T22:52:58+01:00"
  },
  {
   "Price": "0.068710",
   "Volume": "50.300",
   "Timestamp": "2019-12-14T22:50:57+01:00"
  }
 ]
}