{
 "pair": "REPEUR",
 "asks": [
  {
   "Price": "8.92000",
   "Volume": "79.942",
   "Timestamp": "2019-12-14T22:52:46+01:00"
  },
  {
   "Price": "8.92100",
   "Volume": "100.000",
   "Timestamp": "2019-12-14T22:52:30+01:00"
  },
  {
   "Price": "8.92300",
   "Volume": "4.320",
   "Timestamp": "2019-12-14T22:52:01+01:00"
  },
  {
   "Price": "8.92400",
   "Volume": "21.830",
   "Timestamp": "2019-12-14T22:52:31+01:00"
  }
 ],
 "bids": [
  {
   "Price": "8.88000",
   "Volume": "41.302",
   "Timestamp": "2019-12-14T22:52:48+01:00"
  },
  {
   "Price": "8.87700",
   "Volume": "66.350",
   "Timestamp": "2019-12-14T22:52:46+01:00"
  },
  {
   "Price": "8.87600",
   "Volume": "50.000",
   "Timestamp": "2019-12-14T22:52:46+01:00"
  },
  {
   "Price": "8.86800",
   "Volume": "214.399",
   "Timestamp": "2019-12-14T22:52:46+01:00"
  }
 ]
}