{
 "pair": "REPEUR",
 "asks": [
  {
   "price": "8.70900",
   "volume": "76.758",
   "timestamp": "2019-12-20T13:02:31+01:00"
  },
  {
   "price": "8.71000",
   "volume": "24.800",
   "timestamp": "2019-12-20T13:02:29+01:00"
  },
  {
   "price": "8.71300",
   "volume": "16.200",
   "timestamp": "2019-12-20T13:00:39+01:00"
  },
  {
   "price": "8.72400",
   "volume": "3.767",
   "timestamp": "2019-12-20T13:03:04+01:00"
  }
 ],
 "bids": [
  {
   "price": "8.68900",
   "volume": "12.328",
   "timestamp": "2019-12-20T13:02:47+01:00"
  },
  {
   "price": "8.68600",
   "volume": "23.243",
   "timestamp": "2019-12-20T13:02:46+01:00"
  },
  {
   "price": "8.67900",
   "volume": "50.000",
   "timestamp": "2019-12-20T13:02:46+01:00"
  },
  {
   "price": "8.67500",
   "volume": "90.330",
   "timestamp": "2019-12-20T13:03:01+01:00"
  }
 ]
}