{
 "pair": "REPUSD",
 "asks": [
  {
   "Price": "9.90700",
   "Volume": "4.322",
   "Timestamp": "2019-12-14T22:52:01+01:00"
  },
  {
   "Price": "9.91900",
   "Volume": "23.700",
   "Timestamp": "2019-12-14T22:52:37+01:00"
  },
  {
   "Price": "9.92000",
   "Volume": "9.186",
   "Timestamp": "2019-12-14T22:52:01+01:00"
  },
  {
   "Price": "9.92100",
   "Volume": "0.990",
   "Timestamp": "2019-12-14T22:52:36+01:00"
  }
 ],
 "bids": [
  {
   "Price": "9.87300",
   "Volume": "40.000",
   "Timestamp": "2019-12-14T22:49:28+01:00"
  },
  {
   "Price": "9.87200",
   "Volume": "20.000",
   "Timestamp": "2019-12-14T22:49:22+01:00"
  },
  {
   "Price": "9.86600",
   "Volume": "90.000",
   "Timestamp": "2019-12-14T22:36:13+01:00"
  },
  {
   "Price": "9.86100",
   "Volume": "1.060",
   "Timestamp": "2019-12-14T22:52:36+01:00"
  }
 ]
}