{
 "pair": "REPUSD",
 "asks": [
  {
   "price": "9.66200",
   "volume": "10.000",
   "timestamp": "2019-12-20T13:02:51+01:00"
  },
  {
   "price": "9.66800",
   "volume": "71.838",
   "timestamp": "2019-12-20T13:03:08+01:00"
  },
  {
   "price": "9.74000",
   "volume": "53.075",
   "timestamp": "2019-12-20T13:02:51+01:00"
  },
  {
   "price": "9.74400",
   "volume": "30.300",
   "timestamp": "2019-12-20T13:02:14+01:00"
  }
 ],
 "bids": [
  {
   "price": "9.63100",
   "volume": "10.000",
   "timestamp": "2019-12-20T13:02:37+01:00"
  },
  {
   "price": "9.58500",
   "volume": "112.289",
   "timestamp": "2019-12-20T13:02:40+01:00"
  },
  {
   "price": "9.58300",
   "volume": "41.332",
   "timestamp": "2019-12-20T13:02:38+01:00"
  },
  {
   "price": "9.57700",
   "volume": "36.926",
   "timestamp": "2019-12-20T13:03:03+01:00"
  }
 ]
}