{
 "pair": "REPXBT",
 "asks": [
  {
   "Price": "0.001397",
   "Volume": "18.149",
   "Timestamp": "2019-12-14T22:41:56+01:00"
  },
  {
   "Price": "0.001398",
   "Volume": "19.360",
   "Timestamp": "2019-12-14T22:41:47+01:00"
  },
  {
   "Price": "0.001399",
   "Volume": "14.929",
   "Timestamp": "2019-12-14T22:50:27+01:00"
  },
  {
   "Price": "0.001401",
   "Volume": "1.236",
   "Timestamp": "2019-12-14T22:51:24+01:00"
  }
 ],
 "bids": [
  {
   "Price": "0.001389",
   "Volume": "187.129",
   "Timestamp": "2019-12-14T22:43:13+01:00"
  },
  {
   "Price": "0.001388",
   "Volume": "17.400",
   "Timestamp": "2019-12-14T22:43:13+01:00"
  },
  {
   "Price": "0.001387",
   "Volume": "18.150",
   "Timestamp": "2019-12-14T22:13:20+01:00"
  },
  {
   "Price": "0.001380",
   "Volume": "21.314",
   "Timestamp": "2019-12-14T22:53:09+01:00"
  }
 ]
}