{
 "pair": "REPXBT",
 "asks": [
  {
   "price": "0.001354",
   "volume": "40.132",
   "timestamp": "2019-12-20T13:03:11+01:00"
  },
  {
   "price": "0.001355",
   "volume": "20.930",
   "timestamp": "2019-12-20T13:00:40+01:00"
  },
  {
   "price": "0.001356",
   "volume": "41.023",
   "timestamp": "2019-12-20T13:03:11+01:00"
  },
  {
   "price": "0.001357",
   "volume": "9.244",
   "timestamp": "2019-12-20T12:52:20+01:00"
  }
 ],
 "bids": [
  {
   "price": "0.001347",
   "volume": "41.057",
   "timestamp": "2019-12-20T13:02:49+01:00"
  },
  {
   "price": "0.001346",
   "volume": "21.350",
   "timestamp": "2019-12-20T13:02:38+01:00"
  },
  {
   "price": "0.001345",
   "volume": "16.290",
   "timestamp": "2019-12-20T13:00:49+01:00"
  },
  {
   "price": "0.001336",
   "volume": "20.106",
   "timestamp": "2019-12-20T13:01:45+01:00"
  }
 ]
}