{
 "pair": "SCETH",
 "asks": [
  {
   "price": "0.0000108000",
   "volume": "49319.665",
   "timestamp": "2019-12-20T13:01:57+01:00"
  },
  {
   "price": "0.0000109300",
   "volume": "166983.539",
   "timestamp": "2019-12-20T13:02:22+01:00"
  },
  {
   "price": "0.0000109400",
   "volume": "20000.000",
   "timestamp": "2019-12-20T12:35:01+01:00"
  },
  {
   "price": "0.0000109900",
   "volume": "415392.163",
   "timestamp": "2019-12-20T12:18:14+01:00"
  }
 ],
 "bids": [
  {
   "price": "0.0000106400",
   "volume": "165281.052",
   "timestamp": "2019-12-20T13:03:23+01:00"
  },
  {
   "price": "0.0000106300",
   "volume": "107069.636",
   "timestamp": "2019-12-20T13:01:44+01:00"
  },
  {
   "price": "0.0000105700",
   "volume": "9319.665",
   "timestamp": "2019-12-20T13:02:04+01:00"
  },
  {
   "price": "0.0000104500",
   "volume": "40000.000",
   "timestamp": "2019-12-19T15:19:57+01:00"
  }
 ]
}