{
 "pair": "SCETH",
 "asks": [
  {
   "Price": "0.0000102300",
   "Volume": "40000.000",
   "Timestamp": "2019-12-14T22:52:29+01:00"
  },
  {
   "Price": "0.0000102600",
   "Volume": "103247.725",
   "Timestamp": "2019-12-14T22:53:04+01:00"
  },
  {
   "Price": "0.0000102700",
   "Volume": "9871.669",
   "Timestamp": "2019-12-14T22:51:53+01:00"
  },
  {
   "Price": "0.0000104400",
   "Volume": "15000.000",
   "Timestamp": "2019-12-12T16:52:35+01:00"
  }
 ],
 "bids": [
  {
   "Price": "0.0000101300",
   "Volume": "167460.318",
   "Timestamp": "2019-12-14T22:10:33+01:00"
  },
  {
   "Price": "0.0000100000",
   "Volume": "625435.317",
   "Timestamp": "2019-12-14T22:44:16+01:00"
  },
  {
   "Price": "0.0000099900",
   "Volume": "9861.933",
   "Timestamp": "2019-12-14T22:46:51+01:00"
  },
  {
   "Price": "0.0000098000",
   "Volume": "1285000.000",
   "Timestamp": "2019-12-14T11:20:42+01:00"
  }
 ]
}