{
 "pair": "SCEUR",
 "asks": [
  {
   "price": "0.001240",
   "volume": "274755.767",
   "timestamp": "2019-12-20T13:03:23+01:00"
  },
  {
   "price": "0.001250",
   "volume": "322848.599",
   "timestamp": "2019-12-20T13:03:08+01:00"
  },
  {
   "price": "0.001260",
   "volume": "848895.254",
   "timestamp": "2019-12-20T13:03:08+01:00"
  },
  {
   "price": "0.001270",
   "volume": "457713.592",
   "timestamp": "2019-12-20T13:02:47+01:00"
  }
 ],
 "bids": [
  {
   "price": "0.001230",
   "volume": "948527.969",
   "timestamp": "2019-12-20T13:03:23+01:00"
  },
  {
   "price": "0.001220",
   "volume": "284966.109",
   "timestamp": "2019-12-20T13:03:24+01:00"
  },
  {
   "price": "0.001210",
   "volume": "368236.357",
   "timestamp": "2019-12-20T09:35:51+01:00"
  },
  {
   "price": "0.001200",
   "volume": "122187.334",
   "timestamp": "2019-12-20T09:33:27+01:00"
  }
 ]
}