{
 "pair": "SCEUR",
 "asks": [
  {
   "Price": "0.001310",
   "Volume": "204239.407",
   "Timestamp": "2019-12-14T22:44:42+01:00"
  },
  {
   "Price": "0.001320",
   "Volume": "1495660.893",
   "Timestamp": "2019-12-14T22:52:45+01:00"
  },
  {
   "Price": "0.001330",
   "Volume": "572139.339",
   "Timestamp": "2019-12-14T22:44:42+01:00"
  },
  {
   "Price": "0.001340",
   "Volume": "600000.000",
   "Timestamp": "2019-12-14T22:25:26+01:00"
  }
 ],
 "bids": [
  {
   "Price": "0.001300",
   "Volume": "2599112.865",
   "Timestamp": "2019-12-14T22:17:15+01:00"
  },
  {
   "Price": "0.001290",
   "Volume": "158621.900",
   "Timestamp": "2019-12-14T22:19:54+01:00"
  },
  {
   "Price": "0.001280",
   "Volume": "204239.407",
   "Timestamp": "2019-12-14T22:52:51+01:00"
  },
  {
   "Price": "0.001270",
   "Volume": "483478.814",
   "Timestamp": "2019-12-14T22:52:51+01:00"
  }
 ]
}