{
 "pair": "SCUSD",
 "asks": [
  {
   "Price": "0.001460",
   "Volume": "123660.525",
   "Timestamp": "2019-12-14T22:36:37+01:00"
  },
  {
   "Price": "0.001490",
   "Volume": "50000.000",
   "Timestamp": "2019-12-14T22:30:33+01:00"
  },
  {
   "Price": "0.001500",
   "Volume": "366631.640",
   "Timestamp": "2019-12-14T17:27:33+01:00"
  },
  {
   "Price": "0.001570",
   "Volume": "315058.420",
   "Timestamp": "2019-12-14T10:02:14+01:00"
  }
 ],
 "bids": [
  {
   "Price": "0.001430",
   "Volume": "361880.083",
   "Timestamp": "2019-12-14T22:52:28+01:00"
  },
  {
   "Price": "0.001410",
   "Volume": "451321.728",
   "Timestamp": "2019-12-14T21:02:54+01:00"
  },
  {
   "Price": "0.001400",
   "Volume": "5000.000",
   "Timestamp": "2019-12-14T22:21:11+01:00"
  },
  {
   "Price": "0.001380",
   "Volume": "432762.029",
   "Timestamp": "2019-12-14T22:19:54+01:00"
  }
 ]
}