{
 "pair": "SCUSD",
 "asks": [
  {
   "price": "0.001380",
   "volume": "166983.539",
   "timestamp": "2019-12-20T13:03:23+01:00"
  },
  {
   "price": "0.001390",
   "volume": "50000.000",
   "timestamp": "2019-12-20T13:03:23+01:00"
  },
  {
   "price": "0.001400",
   "volume": "55721.394",
   "timestamp": "2019-12-20T13:03:44+01:00"
  },
  {
   "price": "0.001410",
   "volume": "80976.154",
   "timestamp": "2019-12-20T12:56:15+01:00"
  }
 ],
 "bids": [
  {
   "price": "0.001350",
   "volume": "212312.566",
   "timestamp": "2019-12-20T13:03:23+01:00"
  },
  {
   "price": "0.001340",
   "volume": "898825.946",
   "timestamp": "2019-12-20T13:03:23+01:00"
  },
  {
   "price": "0.001330",
   "volume": "187077.000",
   "timestamp": "2019-12-20T12:53:59+01:00"
  },
  {
   "price": "0.001310",
   "volume": "259700.000",
   "timestamp": "2019-12-20T12:56:43+01:00"
  }
 ]
}