{
 "pair": "SCXBT",
 "asks": [
  {
   "price": "0.0000001941",
   "volume": "166983.539",
   "timestamp": "2019-12-20T13:02:30+01:00"
  },
  {
   "price": "0.0000001942",
   "volume": "70070.724",
   "timestamp": "2019-12-20T13:02:29+01:00"
  },
  {
   "price": "0.0000001946",
   "volume": "52137.644",
   "timestamp": "2019-12-20T13:02:27+01:00"
  },
  {
   "price": "0.0000001947",
   "volume": "115500.000",
   "timestamp": "2019-12-20T12:22:31+01:00"
  }
 ],
 "bids": [
  {
   "price": "0.0000001918",
   "volume": "0.163",
   "timestamp": "2019-12-20T08:30:00+01:00"
  },
  {
   "price": "0.0000001902",
   "volume": "163294.074",
   "timestamp": "2019-12-20T13:02:47+01:00"
  },
  {
   "price": "0.0000001900",
   "volume": "26316.000",
   "timestamp": "2019-12-20T11:36:32+01:00"
  },
  {
   "price": "0.0000001886",
   "volume": "52137.644",
   "timestamp": "2019-12-20T13:01:57+01:00"
  }
 ]
}