{
 "pair": "SCXBT",
 "asks": [
  {
   "Price": "0.0000002053",
   "Volume": "103247.725",
   "Timestamp": "2019-12-14T22:52:45+01:00"
  },
  {
   "Price": "0.0000002059",
   "Volume": "163660.525",
   "Timestamp": "2019-12-14T22:49:54+01:00"
  },
  {
   "Price": "0.0000002066",
   "Volume": "65096.801",
   "Timestamp": "2019-12-14T22:32:53+01:00"
  },
  {
   "Price": "0.0000002080",
   "Volume": "180826.636",
   "Timestamp": "2019-12-14T19:35:15+01:00"
  }
 ],
 "bids": [
  {
   "Price": "0.0000002035",
   "Volume": "29681.000",
   "Timestamp": "2019-12-14T22:52:01+01:00"
  },
  {
   "Price": "0.0000002021",
   "Volume": "202690.461",
   "Timestamp": "2019-12-14T22:52:28+01:00"
  },
  {
   "Price": "0.0000002010",
   "Volume": "431444.044",
   "Timestamp": "2019-12-14T18:54:33+01:00"
  },
  {
   "Price": "0.0000002000",
   "Volume": "40438.697",
   "Timestamp": "2019-12-14T16:38:00+01:00"
  }
 ]
}