{
 "pair": "USDTUSD",
 "asks": [
  {
   "price": "0.99910000",
   "volume": "400.000",
   "timestamp": "2019-12-20T13:02:39+01:00"
  },
  {
   "price": "0.99920000",
   "volume": "11715.357",
   "timestamp": "2019-12-20T13:03:15+01:00"
  },
  {
   "price": "0.99930000",
   "volume": "939.873",
   "timestamp": "2019-12-20T12:59:07+01:00"
  },
  {
   "price": "0.99940000",
   "volume": "15011.452",
   "timestamp": "2019-12-20T13:02:42+01:00"
  }
 ],
 "bids": [
  {
   "price": "0.99900000",
   "volume": "344.871",
   "timestamp": "2019-12-20T13:02:51+01:00"
  },
  {
   "price": "0.99890000",
   "volume": "15461.014",
   "timestamp": "2019-12-20T13:01:22+01:00"
  },
  {
   "price": "0.99880000",
   "volume": "1895.014",
   "timestamp": "2019-12-20T13:01:54+01:00"
  },
  {
   "price": "0.99870000",
   "volume": "3174.683",
   "timestamp": "2019-12-20T12:59:43+01:00"
  }
 ]
}