{
 "pair": "USDTUSD",
 "asks": [
  {
   "Price": "0.99950000",
   "Volume": "34875.696",
   "Timestamp": "2019-12-14T22:15:50+01:00"
  },
  {
   "Price": "0.99960000",
   "Volume": "8993.532",
   "Timestamp": "2019-12-14T22:52:31+01:00"
  },
  {
   "Price": "0.99970000",
   "Volume": "5167.173",
   "Timestamp": "2019-12-14T22:39:30+01:00"
  },
  {
   "Price": "0.99980000",
   "Volume": "5554.539",
   "Timestamp": "2019-12-14T22:45:29+01:00"
  }
 ],
 "bids": [
  {
   "Price": "0.99930000",
   "Volume": "400.000",
   "Timestamp": "2019-12-14T22:48:13+01:00"
  },
  {
   "Price": "0.99920000",
   "Volume": "1351.503",
   "Timestamp": "2019-12-14T22:49:48+01:00"
  },
  {
   "Price": "0.99910000",
   "Volume": "700.000",
   "Timestamp": "2019-12-14T22:52:59+01:00"
  },
  {
   "Price": "0.99900000",
   "Volume": "51527.000",
   "Timestamp": "2019-12-14T22:51:23+01:00"
  }
 ]
}