{
 "pair": "USDTCAD",
 "asks": [
  {
   "price": "1.32350000",
   "volume": "8507.164",
   "timestamp": "2019-12-20T12:42:08+01:00"
  },
  {
   "price": "1.32990000",
   "volume": "253.366",
   "timestamp": "2019-12-20T12:58:37+01:00"
  },
  {
   "price": "1.33000000",
   "volume": "8000.000",
   "timestamp": "2019-12-20T11:36:03+01:00"
  },
  {
   "price": "1.34000000",
   "volume": "26409.029",
   "timestamp": "2019-12-20T11:34:16+01:00"
  }
 ],
 "bids": [
  {
   "price": "1.30690000",
   "volume": "226.786",
   "timestamp": "2019-12-20T12:08:29+01:00"
  },
  {
   "price": "1.29000000",
   "volume": "100.000",
   "timestamp": "2019-12-20T02:54:16+01:00"
  },
  {
   "price": "1.25010000",
   "volume": "10.305",
   "timestamp": "2019-12-20T12:08:29+01:00"
  },
  {
   "price": "1.25000000",
   "volume": "1000.000",
   "timestamp": "2019-12-20T02:53:45+01:00"
  }
 ]
}