{
 "pair": "USDTGBP",
 "asks": [
  {
   "price": "0.79990000",
   "volume": "253.366",
   "timestamp": "2019-12-20T12:53:53+01:00"
  },
  {
   "price": "0.99000000",
   "volume": "100.000",
   "timestamp": "2019-12-20T09:47:50+01:00"
  },
  {
   "price": "1.00000000",
   "volume": "5.000",
   "timestamp": "2019-12-20T06:25:44+01:00"
  },
  {
   "price": "1.20000000",
   "volume": "200.000",
   "timestamp": "2019-12-20T02:19:52+01:00"
  }
 ],
 "bids": [
  {
   "price": "0.75060000",
   "volume": "233.698",
   "timestamp": "2019-12-20T12:55:41+01:00"
  },
  {
   "price": "0.74010000",
   "volume": "222.272",
   "timestamp": "2019-12-20T12:55:47+01:00"
  },
  {
   "price": "0.74000000",
   "volume": "95.015",
   "timestamp": "2019-12-19T23:14:30+01:00"
  },
  {
   "price": "0.21200000",
   "volume": "590.440",
   "timestamp": "2019-12-20T12:55:13+01:00"
  }
 ]
}