{
 "pair": "USDTEUR",
 "asks": [
  {
   "price": "0.90370000",
   "volume": "8101.606",
   "timestamp": "2019-12-20T12:58:01+01:00"
  },
  {
   "price": "0.90400000",
   "volume": "6171.915",
   "timestamp": "2019-12-20T11:41:12+01:00"
  },
  {
   "price": "0.90900000",
   "volume": "11068.083",
   "timestamp": "2019-12-20T10:53:53+01:00"
  },
  {
   "price": "0.91000000",
   "volume": "1559.620",
   "timestamp": "2019-12-20T08:07:49+01:00"
  }
 ],
 "bids": [
  {
   "price": "0.89810000",
   "volume": "223.864",
   "timestamp": "2019-12-20T12:12:10+01:00"
  },
  {
   "price": "0.89800000",
   "volume": "500.000",
   "timestamp": "2019-12-20T12:11:49+01:00"
  },
  {
   "price": "0.89400000",
   "volume": "10000.000",
   "timestamp": "2019-12-20T11:56:23+01:00"
  },
  {
   "price": "0.89000000",
   "volume": "13680.452",
   "timestamp": "2019-12-20T12:11:09+01:00"
  }
 ]
}