{
 "pair": "WAVESEUR",
 "asks": [
  {
   "Price": "0.617900",
   "Volume": "451.042",
   "Timestamp": "2019-12-14T22:52:41+01:00"
  },
  {
   "Price": "0.618000",
   "Volume": "63.079",
   "Timestamp": "2019-12-14T22:52:40+01:00"
  },
  {
   "Price": "0.618100",
   "Volume": "62.364",
   "Timestamp": "2019-12-14T22:52:51+01:00"
  },
  {
   "Price": "0.618200",
   "Volume": "3673.800",
   "Timestamp": "2019-12-14T22:52:31+01:00"
  }
 ],
 "bids": [
  {
   "Price": "0.613600",
   "Volume": "50.000",
   "Timestamp": "2019-12-14T22:52:21+01:00"
  },
  {
   "Price": "0.613000",
   "Volume": "2969.660",
   "Timestamp": "2019-12-14T22:52:35+01:00"
  },
  {
   "Price": "0.612400",
   "Volume": "50.000",
   "Timestamp": "2019-12-14T22:52:48+01:00"
  },
  {
   "Price": "0.612300",
   "Volume": "3826.800",
   "Timestamp": "2019-12-14T22:52:35+01:00"
  }
 ]
}