{
 "pair": "WAVESUSD",
 "asks": [
  {
   "Price": "0.686400",
   "Volume": "2929.510",
   "Timestamp": "2019-12-14T22:52:04+01:00"
  },
  {
   "Price": "0.687100",
   "Volume": "62.304",
   "Timestamp": "2019-12-14T22:52:38+01:00"
  },
  {
   "Price": "0.687200",
   "Volume": "3676.900",
   "Timestamp": "2019-12-14T22:52:34+01:00"
  },
  {
   "Price": "0.688300",
   "Volume": "257.549",
   "Timestamp": "2019-12-14T22:52:38+01:00"
  }
 ],
 "bids": [
  {
   "Price": "0.683200",
   "Volume": "50.000",
   "Timestamp": "2019-12-14T22:52:05+01:00"
  },
  {
   "Price": "0.680800",
   "Volume": "993.000",
   "Timestamp": "2019-12-14T22:52:39+01:00"
  },
  {
   "Price": "0.680700",
   "Volume": "2801.630",
   "Timestamp": "2019-12-14T22:52:35+01:00"
  },
  {
   "Price": "0.680500",
   "Volume": "3913.100",
   "Timestamp": "2019-12-14T22:52:35+01:00"
  }
 ]
}