{
 "pair": "WAVESETH",
 "asks": [
  {
   "Price": "0.00483570",
   "Volume": "382.046",
   "Timestamp": "2019-12-14T22:52:49+01:00"
  },
  {
   "Price": "0.00483580",
   "Volume": "870.424",
   "Timestamp": "2019-12-14T22:52:49+01:00"
  },
  {
   "Price": "0.00484030",
   "Volume": "255.581",
   "Timestamp": "2019-12-14T22:52:42+01:00"
  },
  {
   "Price": "0.00485280",
   "Volume": "41.624",
   "Timestamp": "2019-12-14T22:52:39+01:00"
  }
 ],
 "bids": [
  {
   "Price": "0.00479530",
   "Volume": "50.000",
   "Timestamp": "2019-12-14T22:52:30+01:00"
  },
  {
   "Price": "0.00477640",
   "Volume": "304.960",
   "Timestamp": "2019-12-14T22:52:30+01:00"
  },
  {
   "Price": "0.00476510",
   "Volume": "63.155",
   "Timestamp": "2019-12-14T22:51:38+01:00"
  },
  {
   "Price": "0.00476500",
   "Volume": "63.155",
   "Timestamp": "2019-12-14T22:51:38+01:00"
  }
 ]
}