{
 "pair": "WAVESXBT",
 "asks": [
  {
   "price": "0.00012550",
   "volume": "1862.650",
   "timestamp": "2019-12-20T13:01:59+01:00"
  },
  {
   "price": "0.00012566",
   "volume": "667.273",
   "timestamp": "2019-12-20T13:01:42+01:00"
  },
  {
   "price": "0.00012590",
   "volume": "2539.400",
   "timestamp": "2019-12-20T13:02:13+01:00"
  },
  {
   "price": "0.00012603",
   "volume": "279.147",
   "timestamp": "2019-12-20T12:57:35+01:00"
  }
 ],
 "bids": [
  {
   "price": "0.00012500",
   "volume": "2559.700",
   "timestamp": "2019-12-20T13:02:14+01:00"
  },
  {
   "price": "0.00012481",
   "volume": "248.847",
   "timestamp": "2019-12-20T13:02:44+01:00"
  },
  {
   "price": "0.00012480",
   "volume": "1939.170",
   "timestamp": "2019-12-20T13:02:14+01:00"
  },
  {
   "price": "0.00012383",
   "volume": "666.000",
   "timestamp": "2019-12-20T12:59:13+01:00"
  }
 ]
}