{
 "pair": "WAVESETH",
 "asks": [
  {
   "price": "0.00705350",
   "volume": "279.147",
   "timestamp": "2019-12-20T13:03:29+01:00"
  },
  {
   "price": "0.00705360",
   "volume": "668.938",
   "timestamp": "2019-12-20T13:03:29+01:00"
  },
  {
   "price": "0.00708860",
   "volume": "28.454",
   "timestamp": "2019-12-20T13:02:06+01:00"
  },
  {
   "price": "0.00717530",
   "volume": "11.434",
   "timestamp": "2019-12-20T12:42:00+01:00"
  }
 ],
 "bids": [
  {
   "price": "0.00702910",
   "volume": "0.534",
   "timestamp": "2019-12-20T13:00:00+01:00"
  },
  {
   "price": "0.00698660",
   "volume": "251.710",
   "timestamp": "2019-12-20T13:03:27+01:00"
  },
  {
   "price": "0.00698650",
   "volume": "675.363",
   "timestamp": "2019-12-20T13:03:27+01:00"
  },
  {
   "price": "0.00695600",
   "volume": "11.434",
   "timestamp": "2019-12-20T10:45:28+01:00"
  }
 ]
}