{
 "pair": "WAVESEUR",
 "asks": [
  {
   "price": "0.809900",
   "volume": "1178.000",
   "timestamp": "2019-12-20T13:03:30+01:00"
  },
  {
   "price": "0.810000",
   "volume": "2776.310",
   "timestamp": "2019-12-20T13:03:25+01:00"
  },
  {
   "price": "0.811100",
   "volume": "279.147",
   "timestamp": "2019-12-20T13:02:49+01:00"
  },
  {
   "price": "0.811500",
   "volume": "282.863",
   "timestamp": "2019-12-20T12:59:05+01:00"
  }
 ],
 "bids": [
  {
   "price": "0.804800",
   "volume": "3680.600",
   "timestamp": "2019-12-20T13:03:27+01:00"
  },
  {
   "price": "0.804300",
   "volume": "249.971",
   "timestamp": "2019-12-20T13:03:28+01:00"
  },
  {
   "price": "0.804200",
   "volume": "2781.960",
   "timestamp": "2019-12-20T13:03:27+01:00"
  },
  {
   "price": "0.789000",
   "volume": "4131.149",
   "timestamp": "2019-12-20T13:02:43+01:00"
  }
 ]
}