{
 "pair": "WAVESUSD",
 "asks": [
  {
   "price": "0.895800",
   "volume": "10.313",
   "timestamp": "2019-12-20T13:02:20+01:00"
  },
  {
   "price": "0.896300",
   "volume": "2841.020",
   "timestamp": "2019-12-20T13:03:27+01:00"
  },
  {
   "price": "0.899500",
   "volume": "279.147",
   "timestamp": "2019-12-20T13:03:30+01:00"
  },
  {
   "price": "0.899600",
   "volume": "885.000",
   "timestamp": "2019-12-20T13:03:29+01:00"
  }
 ],
 "bids": [
  {
   "price": "0.891500",
   "volume": "847.843",
   "timestamp": "2019-12-20T13:03:37+01:00"
  },
  {
   "price": "0.891400",
   "volume": "3899.500",
   "timestamp": "2019-12-20T13:03:36+01:00"
  },
  {
   "price": "0.890800",
   "volume": "2869.070",
   "timestamp": "2019-12-20T13:03:27+01:00"
  },
  {
   "price": "0.882000",
   "volume": "241.283",
   "timestamp": "2019-12-20T12:59:56+01:00"
  }
 ]
}