{
 "pair": "WAVESXBT",
 "asks": [
  {
   "Price": "0.00009689",
   "Volume": "432.260",
   "Timestamp": "2019-12-14T22:52:38+01:00"
  },
  {
   "Price": "0.00009690",
   "Volume": "2472.800",
   "Timestamp": "2019-12-14T22:52:36+01:00"
  },
  {
   "Price": "0.00009698",
   "Volume": "928.630",
   "Timestamp": "2019-12-14T22:52:31+01:00"
  },
  {
   "Price": "0.00009700",
   "Volume": "1912.600",
   "Timestamp": "2019-12-14T22:51:51+01:00"
  }
 ],
 "bids": [
  {
   "Price": "0.00009625",
   "Volume": "50.000",
   "Timestamp": "2019-12-14T22:52:44+01:00"
  },
  {
   "Price": "0.00009624",
   "Volume": "497.000",
   "Timestamp": "2019-12-14T22:52:44+01:00"
  },
  {
   "Price": "0.00009620",
   "Volume": "2495.300",
   "Timestamp": "2019-12-14T22:52:35+01:00"
  },
  {
   "Price": "0.00009616",
   "Volume": "730.807",
   "Timestamp": "2019-12-14T22:52:35+01:00"
  }
 ]
}