{
 "pair": "XBTCHF",
 "asks": [
  {
   "Price": "7096.80000",
   "Volume": "0.030",
   "Timestamp": "2019-12-14T22:52:51+01:00"
  },
  {
   "Price": "7096.90000",
   "Volume": "0.139",
   "Timestamp": "2019-12-14T22:52:51+01:00"
  },
  {
   "Price": "7107.00000",
   "Volume": "0.053",
   "Timestamp": "2019-12-14T22:52:50+01:00"
  },
  {
   "Price": "7118.70000",
   "Volume": "0.053",
   "Timestamp": "2019-12-14T22:52:47+01:00"
  }
 ],
 "bids": [
  {
   "Price": "7001.00000",
   "Volume": "0.169",
   "Timestamp": "2019-12-14T17:30:23+01:00"
  },
  {
   "Price": "6999.90000",
   "Volume": "0.041",
   "Timestamp": "2019-12-13T16:09:08+01:00"
  },
  {
   "Price": "6999.00000",
   "Volume": "0.067",
   "Timestamp": "2019-12-13T14:53:53+01:00"
  },
  {
   "Price": "6939.90000",
   "Volume": "0.035",
   "Timestamp": "2019-12-14T21:42:36+01:00"
  }
 ]
}