{
 "pair": "XBTCAD",
 "asks": [
  {
   "Price": "9369.00000",
   "Volume": "0.016",
   "Timestamp": "2019-12-14T22:52:38+01:00"
  },
  {
   "Price": "9369.10000",
   "Volume": "0.290",
   "Timestamp": "2019-12-14T22:51:40+01:00"
  },
  {
   "Price": "9369.40000",
   "Volume": "0.450",
   "Timestamp": "2019-12-14T22:48:26+01:00"
  },
  {
   "Price": "9370.50000",
   "Volume": "2.000",
   "Timestamp": "2019-12-14T22:48:11+01:00"
  }
 ],
 "bids": [
  {
   "Price": "9339.40000",
   "Volume": "0.111",
   "Timestamp": "2019-12-14T22:50:45+01:00"
  },
  {
   "Price": "9339.20000",
   "Volume": "0.273",
   "Timestamp": "2019-12-14T22:51:39+01:00"
  },
  {
   "Price": "9338.90000",
   "Volume": "0.078",
   "Timestamp": "2019-12-14T22:50:00+01:00"
  },
  {
   "Price": "9337.00000",
   "Volume": "0.488",
   "Timestamp": "2019-12-14T22:51:50+01:00"
  }
 ]
}