{
 "pair": "XBTCAD",
 "asks": [
  {
   "price": "9455.90000",
   "volume": "0.518",
   "timestamp": "2019-12-20T13:03:37+01:00"
  },
  {
   "price": "9456.30000",
   "volume": "0.082",
   "timestamp": "2019-12-20T13:03:21+01:00"
  },
  {
   "price": "9456.70000",
   "volume": "0.245",
   "timestamp": "2019-12-20T13:03:45+01:00"
  },
  {
   "price": "9458.20000",
   "volume": "0.084",
   "timestamp": "2019-12-20T13:02:07+01:00"
  }
 ],
 "bids": [
  {
   "price": "9421.40000",
   "volume": "0.400",
   "timestamp": "2019-12-20T13:03:49+01:00"
  },
  {
   "price": "9421.20000",
   "volume": "0.290",
   "timestamp": "2019-12-20T13:03:49+01:00"
  },
  {
   "price": "9420.90000",
   "volume": "0.290",
   "timestamp": "2019-12-20T13:03:48+01:00"
  },
  {
   "price": "9420.30000",
   "volume": "0.198",
   "timestamp": "2019-12-20T13:03:23+01:00"
  }
 ]
}