{
 "pair": "XBTCHF",
 "asks": [
  {
   "price": "7116.20000",
   "volume": "0.010",
   "timestamp": "2019-12-20T12:12:14+01:00"
  },
  {
   "price": "7374.60000",
   "volume": "0.032",
   "timestamp": "2019-12-20T13:02:24+01:00"
  },
  {
   "price": "7375.40000",
   "volume": "0.003",
   "timestamp": "2019-12-20T10:50:03+01:00"
  },
  {
   "price": "7383.10000",
   "volume": "0.006",
   "timestamp": "2019-12-20T10:46:10+01:00"
  }
 ],
 "bids": [
  {
   "price": "7039.20000",
   "volume": "0.009",
   "timestamp": "2019-12-20T13:03:09+01:00"
  },
  {
   "price": "7039.10000",
   "volume": "0.140",
   "timestamp": "2019-12-20T13:03:09+01:00"
  },
  {
   "price": "7038.90000",
   "volume": "0.099",
   "timestamp": "2019-12-20T13:03:11+01:00"
  },
  {
   "price": "7037.60000",
   "volume": "0.099",
   "timestamp": "2019-12-20T13:03:04+01:00"
  }
 ]
}