{
 "pair": "XBTDAI",
 "asks": [
  {
   "price": "7169.70000",
   "volume": "0.141",
   "timestamp": "2019-12-20T13:02:59+01:00"
  },
  {
   "price": "7172.90000",
   "volume": "0.032",
   "timestamp": "2019-12-20T12:59:05+01:00"
  },
  {
   "price": "8000.00000",
   "volume": "0.013",
   "timestamp": "2019-12-20T07:42:29+01:00"
  },
  {
   "price": "9900.00000",
   "volume": "0.003",
   "timestamp": "2019-12-19T23:37:48+01:00"
  }
 ],
 "bids": [
  {
   "price": "7143.20000",
   "volume": "0.032",
   "timestamp": "2019-12-20T13:02:44+01:00"
  },
  {
   "price": "7143.00000",
   "volume": "0.031",
   "timestamp": "2019-12-20T12:56:20+01:00"
  },
  {
   "price": "7140.90000",
   "volume": "0.141",
   "timestamp": "2019-12-20T13:02:59+01:00"
  },
  {
   "price": "4005.00000",
   "volume": "0.002",
   "timestamp": "2019-12-20T08:31:47+01:00"
  }
 ]
}