{
 "pair": "XBTEUR",
 "asks": [
  {
   "Price": "6378.60000",
   "Volume": "0.009",
   "Timestamp": "2019-12-14T22:53:25+01:00"
  },
  {
   "Price": "6378.70000",
   "Volume": "6.798",
   "Timestamp": "2019-12-14T22:52:15+01:00"
  },
  {
   "Price": "6379.20000",
   "Volume": "0.265",
   "Timestamp": "2019-12-14T22:52:04+01:00"
  },
  {
   "Price": "6379.30000",
   "Volume": "0.007",
   "Timestamp": "2019-12-14T22:52:01+01:00"
  }
 ],
 "bids": [
  {
   "Price": "6377.20000",
   "Volume": "0.430",
   "Timestamp": "2019-12-14T22:53:27+01:00"
  },
  {
   "Price": "6376.30000",
   "Volume": "0.106",
   "Timestamp": "2019-12-14T22:52:58+01:00"
  },
  {
   "Price": "6376.20000",
   "Volume": "1.000",
   "Timestamp": "2019-12-14T22:52:21+01:00"
  },
  {
   "Price": "6376.00000",
   "Volume": "8.548",
   "Timestamp": "2019-12-14T22:53:27+01:00"
  }
 ]
}