{
 "pair": "XBTEUR",
 "asks": [
  {
   "price": "6449.90000",
   "volume": "3.004",
   "timestamp": "2019-12-20T13:03:03+01:00"
  },
  {
   "price": "6450.40000",
   "volume": "0.600",
   "timestamp": "2019-12-20T13:02:47+01:00"
  },
  {
   "price": "6450.80000",
   "volume": "1.000",
   "timestamp": "2019-12-20T13:02:44+01:00"
  },
  {
   "price": "6452.60000",
   "volume": "1.000",
   "timestamp": "2019-12-20T13:02:56+01:00"
  }
 ],
 "bids": [
  {
   "price": "6449.80000",
   "volume": "0.883",
   "timestamp": "2019-12-20T13:03:10+01:00"
  },
  {
   "price": "6449.60000",
   "volume": "3.787",
   "timestamp": "2019-12-20T13:01:45+01:00"
  },
  {
   "price": "6449.40000",
   "volume": "0.005",
   "timestamp": "2019-12-20T13:02:07+01:00"
  },
  {
   "price": "6448.70000",
   "volume": "0.040",
   "timestamp": "2019-12-20T13:02:46+01:00"
  }
 ]
}