{
 "pair": "XBTGBP",
 "asks": [
  {
   "price": "5699.10000",
   "volume": "0.002",
   "timestamp": "2019-12-20T13:03:09+01:00"
  },
  {
   "price": "5699.20000",
   "volume": "0.040",
   "timestamp": "2019-12-20T12:50:33+01:00"
  },
  {
   "price": "5705.10000",
   "volume": "0.251",
   "timestamp": "2019-12-20T13:01:12+01:00"
  },
  {
   "price": "5749.90000",
   "volume": "0.032",
   "timestamp": "2019-12-20T12:58:32+01:00"
  }
 ],
 "bids": [
  {
   "price": "5636.00000",
   "volume": "9.336",
   "timestamp": "2019-12-20T12:55:13+01:00"
  },
  {
   "price": "5599.70000",
   "volume": "0.032",
   "timestamp": "2019-12-20T13:02:46+01:00"
  },
  {
   "price": "5599.60000",
   "volume": "0.201",
   "timestamp": "2019-12-20T13:02:33+01:00"
  },
  {
   "price": "5598.10000",
   "volume": "0.165",
   "timestamp": "2019-12-20T12:09:31+01:00"
  }
 ]
}