{
 "pair": "XBTGBP",
 "asks": [
  {
   "Price": "5363.70000",
   "Volume": "0.135",
   "Timestamp": "2019-12-14T22:47:01+01:00"
  },
  {
   "Price": "5371.20000",
   "Volume": "0.029",
   "Timestamp": "2019-12-14T22:47:01+01:00"
  },
  {
   "Price": "5372.30000",
   "Volume": "0.077",
   "Timestamp": "2019-12-14T22:31:20+01:00"
  },
  {
   "Price": "5379.10000",
   "Volume": "3.164",
   "Timestamp": "2019-12-14T20:12:21+01:00"
  }
 ],
 "bids": [
  {
   "Price": "5337.70000",
   "Volume": "3.376",
   "Timestamp": "2019-12-14T22:52:20+01:00"
  },
  {
   "Price": "5337.60000",
   "Volume": "0.366",
   "Timestamp": "2019-12-14T22:52:20+01:00"
  },
  {
   "Price": "5335.70000",
   "Volume": "0.156",
   "Timestamp": "2019-12-14T22:50:25+01:00"
  },
  {
   "Price": "5334.60000",
   "Volume": "0.116",
   "Timestamp": "2019-12-14T21:01:51+01:00"
  }
 ]
}