{
 "pair": "XBTJPY",
 "asks": [
  {
   "Price": "778819.000",
   "Volume": "0.053",
   "Timestamp": "2019-12-14T22:50:24+01:00"
  },
  {
   "Price": "778820.000",
   "Volume": "0.050",
   "Timestamp": "2019-12-14T22:21:19+01:00"
  },
  {
   "Price": "782756.000",
   "Volume": "0.030",
   "Timestamp": "2019-12-14T22:52:55+01:00"
  },
  {
   "Price": "782757.000",
   "Volume": "0.030",
   "Timestamp": "2019-12-14T22:52:55+01:00"
  }
 ],
 "bids": [
  {
   "Price": "773741.000",
   "Volume": "0.004",
   "Timestamp": "2019-12-14T22:52:58+01:00"
  },
  {
   "Price": "773740.000",
   "Volume": "0.053",
   "Timestamp": "2019-12-14T22:52:58+01:00"
  },
  {
   "Price": "773739.000",
   "Volume": "0.011",
   "Timestamp": "2019-12-14T22:52:59+01:00"
  },
  {
   "Price": "772945.000",
   "Volume": "0.050",
   "Timestamp": "2019-12-14T19:46:38+01:00"
  }
 ]
}