{
 "pair": "XBTJPY",
 "asks": [
  {
   "price": "786335.000",
   "volume": "0.052",
   "timestamp": "2019-12-20T13:02:32+01:00"
  },
  {
   "price": "786337.000",
   "volume": "5.372",
   "timestamp": "2019-12-20T11:57:47+01:00"
  },
  {
   "price": "786506.000",
   "volume": "0.012",
   "timestamp": "2019-12-20T09:31:10+01:00"
  },
  {
   "price": "788832.000",
   "volume": "0.014",
   "timestamp": "2019-12-20T13:03:19+01:00"
  }
 ],
 "bids": [
  {
   "price": "780834.000",
   "volume": "0.053",
   "timestamp": "2019-12-20T13:03:15+01:00"
  },
  {
   "price": "780802.000",
   "volume": "0.087",
   "timestamp": "2019-12-20T13:03:13+01:00"
  },
  {
   "price": "778999.000",
   "volume": "0.012",
   "timestamp": "2019-12-20T13:01:17+01:00"
  },
  {
   "price": "778988.000",
   "volume": "0.045",
   "timestamp": "2019-12-20T12:04:24+01:00"
  }
 ]
}