{
 "pair": "XBTUSDT",
 "asks": [
  {
   "price": "7157.30000",
   "volume": "0.032",
   "timestamp": "2019-12-20T12:57:24+01:00"
  },
  {
   "price": "7159.70000",
   "volume": "0.141",
   "timestamp": "2019-12-20T13:02:59+01:00"
  },
  {
   "price": "7841.80000",
   "volume": "0.100",
   "timestamp": "2019-12-20T12:42:51+01:00"
  },
  {
   "price": "7841.90000",
   "volume": "0.940",
   "timestamp": "2019-12-20T12:37:46+01:00"
  }
 ],
 "bids": [
  {
   "price": "7138.20000",
   "volume": "0.036",
   "timestamp": "2019-12-20T13:02:59+01:00"
  },
  {
   "price": "7138.10000",
   "volume": "0.141",
   "timestamp": "2019-12-20T13:02:59+01:00"
  },
  {
   "price": "7069.60000",
   "volume": "0.510",
   "timestamp": "2019-12-20T12:38:32+01:00"
  },
  {
   "price": "6969.30000",
   "volume": "0.300",
   "timestamp": "2019-12-20T11:00:50+01:00"
  }
 ]
}