{
 "pair": "XBTUSD",
 "asks": [
  {
   "Price": "7083.60000",
   "Volume": "2.259",
   "Timestamp": "2019-12-14T22:52:24+01:00"
  },
  {
   "Price": "7083.70000",
   "Volume": "2.100",
   "Timestamp": "2019-12-14T22:52:05+01:00"
  },
  {
   "Price": "7084.40000",
   "Volume": "1.290",
   "Timestamp": "2019-12-14T22:52:09+01:00"
  },
  {
   "Price": "7084.70000",
   "Volume": "0.007",
   "Timestamp": "2019-12-14T22:52:09+01:00"
  }
 ],
 "bids": [
  {
   "Price": "7083.20000",
   "Volume": "0.092",
   "Timestamp": "2019-12-14T22:52:38+01:00"
  },
  {
   "Price": "7083.10000",
   "Volume": "4.000",
   "Timestamp": "2019-12-14T22:52:28+01:00"
  },
  {
   "Price": "7082.90000",
   "Volume": "3.224",
   "Timestamp": "2019-12-14T22:52:22+01:00"
  },
  {
   "Price": "7082.20000",
   "Volume": "0.003",
   "Timestamp": "2019-12-14T22:51:30+01:00"
  }
 ]
}