{
 "pair": "XBTUSD",
 "asks": [
  {
   "price": "7142.10000",
   "volume": "2.165",
   "timestamp": "2019-12-20T13:02:59+01:00"
  },
  {
   "price": "7142.40000",
   "volume": "0.444",
   "timestamp": "2019-12-20T13:02:44+01:00"
  },
  {
   "price": "7142.50000",
   "volume": "7.580",
   "timestamp": "2019-12-20T13:02:56+01:00"
  },
  {
   "price": "7143.00000",
   "volume": "0.078",
   "timestamp": "2019-12-20T13:02:59+01:00"
  }
 ],
 "bids": [
  {
   "price": "7142.00000",
   "volume": "0.131",
   "timestamp": "2019-12-20T13:02:43+01:00"
  },
  {
   "price": "7140.20000",
   "volume": "0.255",
   "timestamp": "2019-12-20T13:03:02+01:00"
  },
  {
   "price": "7140.00000",
   "volume": "0.273",
   "timestamp": "2019-12-20T13:02:43+01:00"
  },
  {
   "price": "7139.20000",
   "volume": "5.184",
   "timestamp": "2019-12-20T13:02:59+01:00"
  }
 ]
}