{
 "pair": "XDGEUR",
 "asks": [
  {
   "price": "0.001980000",
   "volume": "3059.000",
   "timestamp": "2019-12-20T11:31:21+01:00"
  },
  {
   "price": "0.001999800",
   "volume": "113177.071",
   "timestamp": "2019-12-20T13:00:46+01:00"
  },
  {
   "price": "0.002000000",
   "volume": "20000.000",
   "timestamp": "2019-12-20T06:47:24+01:00"
  },
  {
   "price": "0.002021000",
   "volume": "5494.000",
   "timestamp": "2019-12-20T12:59:52+01:00"
  }
 ],
 "bids": [
  {
   "price": "0.001810000",
   "volume": "169179.265",
   "timestamp": "2019-12-20T13:00:39+01:00"
  },
  {
   "price": "0.001800100",
   "volume": "111689.129",
   "timestamp": "2019-12-20T12:56:54+01:00"
  },
  {
   "price": "0.001800000",
   "volume": "6275.191",
   "timestamp": "2019-12-19T23:09:28+01:00"
  },
  {
   "price": "0.001795000",
   "volume": "9143.031",
   "timestamp": "2019-12-19T23:09:48+01:00"
  }
 ]
}