{
 "pair": "XDGUSD",
 "asks": [
  {
   "price": "0.002299500",
   "volume": "113177.071",
   "timestamp": "2019-12-20T13:00:46+01:00"
  },
  {
   "price": "0.002440000",
   "volume": "315600.000",
   "timestamp": "2019-12-20T08:03:14+01:00"
  },
  {
   "price": "0.002449400",
   "volume": "125000.000",
   "timestamp": "2019-12-20T02:34:16+01:00"
  },
  {
   "price": "0.002449600",
   "volume": "15000.000",
   "timestamp": "2019-12-20T02:01:13+01:00"
  }
 ],
 "bids": [
  {
   "price": "0.002000000",
   "volume": "59649.398",
   "timestamp": "2019-12-20T13:01:46+01:00"
  },
  {
   "price": "0.001964300",
   "volume": "113473.503",
   "timestamp": "2019-12-20T13:03:29+01:00"
  },
  {
   "price": "0.001964200",
   "volume": "1121080.000",
   "timestamp": "2019-12-20T12:51:47+01:00"
  },
  {
   "price": "0.001964000",
   "volume": "513040.000",
   "timestamp": "2019-12-20T06:16:45+01:00"
  }
 ]
}