{
 "pair": "XDGXBT",
 "asks": [
  {
   "Price": "0.000000310",
   "Volume": "23282446.035",
   "Timestamp": "2019-12-14T22:53:19+01:00"
  },
  {
   "Price": "0.000000320",
   "Volume": "14833725.758",
   "Timestamp": "2019-12-14T22:53:19+01:00"
  },
  {
   "Price": "0.000000330",
   "Volume": "5828844.184",
   "Timestamp": "2019-12-13T07:39:25+01:00"
  },
  {
   "Price": "0.000000340",
   "Volume": "6140626.149",
   "Timestamp": "2019-12-12T21:05:46+01:00"
  }
 ],
 "bids": [
  {
   "Price": "0.000000290",
   "Volume": "36823290.469",
   "Timestamp": "2019-12-14T22:53:10+01:00"
  },
  {
   "Price": "0.000000280",
   "Volume": "26720681.971",
   "Timestamp": "2019-12-14T22:52:24+01:00"
  },
  {
   "Price": "0.000000270",
   "Volume": "26625026.568",
   "Timestamp": "2019-12-14T21:22:33+01:00"
  },
  {
   "Price": "0.000000260",
   "Volume": "6490049.808",
   "Timestamp": "2019-12-13T16:23:32+01:00"
  }
 ]
}