{
 "pair": "XDGXBT",
 "asks": [
  {
   "price": "0.000000290",
   "volume": "35996876.789",
   "timestamp": "2019-12-20T13:02:33+01:00"
  },
  {
   "price": "0.000000300",
   "volume": "15649528.258",
   "timestamp": "2019-12-20T13:02:29+01:00"
  },
  {
   "price": "0.000000310",
   "volume": "13073696.171",
   "timestamp": "2019-12-20T09:56:16+01:00"
  },
  {
   "price": "0.000000320",
   "volume": "8457657.118",
   "timestamp": "2019-12-20T07:53:20+01:00"
  }
 ],
 "bids": [
  {
   "price": "0.000000280",
   "volume": "7554603.169",
   "timestamp": "2019-12-20T13:02:44+01:00"
  },
  {
   "price": "0.000000270",
   "volume": "35456123.501",
   "timestamp": "2019-12-20T13:02:44+01:00"
  },
  {
   "price": "0.000000260",
   "volume": "10218762.135",
   "timestamp": "2019-12-20T06:24:14+01:00"
  },
  {
   "price": "0.000000250",
   "volume": "1462730.017",
   "timestamp": "2019-12-20T03:25:48+01:00"
  }
 ]
}