{
 "pair": "XLMEUR",
 "asks": [
  {
   "price": "0.04089500",
   "volume": "16916.037",
   "timestamp": "2019-12-20T13:03:22+01:00"
  },
  {
   "price": "0.04089600",
   "volume": "48596.072",
   "timestamp": "2019-12-20T13:02:30+01:00"
  },
  {
   "price": "0.04090000",
   "volume": "500000.000",
   "timestamp": "2019-12-20T12:43:37+01:00"
  },
  {
   "price": "0.04095800",
   "volume": "42915.784",
   "timestamp": "2019-12-20T13:03:03+01:00"
  }
 ],
 "bids": [
  {
   "price": "0.04080000",
   "volume": "17583.247",
   "timestamp": "2019-12-20T13:02:55+01:00"
  },
  {
   "price": "0.04078700",
   "volume": "6110.000",
   "timestamp": "2019-12-20T13:01:05+01:00"
  },
  {
   "price": "0.04077500",
   "volume": "5190.000",
   "timestamp": "2019-12-20T13:01:01+01:00"
  },
  {
   "price": "0.04072200",
   "volume": "4694.925",
   "timestamp": "2019-12-20T13:03:21+01:00"
  }
 ]
}