{
 "pair": "XLMEUR",
 "asks": [
  {
   "Price": "0.04581000",
   "Volume": "660.435",
   "Timestamp": "2019-12-14T22:52:35+01:00"
  },
  {
   "Price": "0.04584000",
   "Volume": "4030.000",
   "Timestamp": "2019-12-14T22:52:35+01:00"
  },
  {
   "Price": "0.04586200",
   "Volume": "7473.112",
   "Timestamp": "2019-12-14T22:52:34+01:00"
  },
  {
   "Price": "0.04587000",
   "Volume": "3680.000",
   "Timestamp": "2019-12-14T22:51:15+01:00"
  }
 ],
 "bids": [
  {
   "Price": "0.04570200",
   "Volume": "800.000",
   "Timestamp": "2019-12-14T22:52:22+01:00"
  },
  {
   "Price": "0.04570000",
   "Volume": "10000.000",
   "Timestamp": "2019-12-14T22:12:54+01:00"
  },
  {
   "Price": "0.04568800",
   "Volume": "4598.011",
   "Timestamp": "2019-12-14T22:52:21+01:00"
  },
  {
   "Price": "0.04568700",
   "Volume": "3670.000",
   "Timestamp": "2019-12-14T22:52:10+01:00"
  }
 ]
}