{
 "pair": "XLMUSD",
 "asks": [
  {
   "price": "0.04530100",
   "volume": "14748.254",
   "timestamp": "2019-12-20T13:03:31+01:00"
  },
  {
   "price": "0.04530200",
   "volume": "20800.601",
   "timestamp": "2019-12-20T13:03:31+01:00"
  },
  {
   "price": "0.04530300",
   "volume": "3000.000",
   "timestamp": "2019-12-20T13:03:31+01:00"
  },
  {
   "price": "0.04533000",
   "volume": "52890.780",
   "timestamp": "2019-12-20T12:48:42+01:00"
  }
 ],
 "bids": [
  {
   "price": "0.04517300",
   "volume": "24298.213",
   "timestamp": "2019-12-20T13:02:57+01:00"
  },
  {
   "price": "0.04517200",
   "volume": "6940.000",
   "timestamp": "2019-12-20T13:02:57+01:00"
  },
  {
   "price": "0.04517000",
   "volume": "2210.814",
   "timestamp": "2019-12-20T13:00:31+01:00"
  },
  {
   "price": "0.04516000",
   "volume": "9030.000",
   "timestamp": "2019-12-20T13:01:05+01:00"
  }
 ]
}