{
 "pair": "XLMUSD",
 "asks": [
  {
   "Price": "0.05098800",
   "Volume": "660.435",
   "Timestamp": "2019-12-14T22:53:08+01:00"
  },
  {
   "Price": "0.05098900",
   "Volume": "800.000",
   "Timestamp": "2019-12-14T22:53:08+01:00"
  },
  {
   "Price": "0.05099100",
   "Volume": "7900.000",
   "Timestamp": "2019-12-14T22:53:08+01:00"
  },
  {
   "Price": "0.05099200",
   "Volume": "20190.177",
   "Timestamp": "2019-12-14T22:53:08+01:00"
  }
 ],
 "bids": [
  {
   "Price": "0.05085200",
   "Volume": "93319.556",
   "Timestamp": "2019-12-14T22:52:50+01:00"
  },
  {
   "Price": "0.05080000",
   "Volume": "375000.000",
   "Timestamp": "2019-12-14T22:47:13+01:00"
  },
  {
   "Price": "0.05078000",
   "Volume": "116964.920",
   "Timestamp": "2019-12-14T22:52:48+01:00"
  },
  {
   "Price": "0.05076500",
   "Volume": "8250.018",
   "Timestamp": "2019-12-14T22:52:24+01:00"
  }
 ]
}