{
 "pair": "XLMXBT",
 "asks": [
  {
   "price": "0.000006340",
   "volume": "31954.234",
   "timestamp": "2019-12-20T13:02:53+01:00"
  },
  {
   "price": "0.000006350",
   "volume": "138183.243",
   "timestamp": "2019-12-20T13:03:02+01:00"
  },
  {
   "price": "0.000006360",
   "volume": "147373.759",
   "timestamp": "2019-12-20T13:03:02+01:00"
  },
  {
   "price": "0.000006370",
   "volume": "192219.000",
   "timestamp": "2019-12-20T13:02:40+01:00"
  }
 ],
 "bids": [
  {
   "price": "0.000006330",
   "volume": "2211.612",
   "timestamp": "2019-12-20T13:02:57+01:00"
  },
  {
   "price": "0.000006320",
   "volume": "38337.007",
   "timestamp": "2019-12-20T13:02:57+01:00"
  },
  {
   "price": "0.000006310",
   "volume": "123649.043",
   "timestamp": "2019-12-20T13:02:54+01:00"
  },
  {
   "price": "0.000006300",
   "volume": "195566.593",
   "timestamp": "2019-12-20T13:00:22+01:00"
  }
 ]
}