{
 "pair": "XLMXBT",
 "asks": [
  {
   "Price": "0.000007200",
   "Volume": "75025.840",
   "Timestamp": "2019-12-14T22:53:04+01:00"
  },
  {
   "Price": "0.000007210",
   "Volume": "364988.027",
   "Timestamp": "2019-12-14T22:52:29+01:00"
  },
  {
   "Price": "0.000007220",
   "Volume": "116946.380",
   "Timestamp": "2019-12-14T22:53:03+01:00"
  },
  {
   "Price": "0.000007230",
   "Volume": "14721.950",
   "Timestamp": "2019-12-14T22:52:44+01:00"
  }
 ],
 "bids": [
  {
   "Price": "0.000007180",
   "Volume": "180271.179",
   "Timestamp": "2019-12-14T22:52:54+01:00"
  },
  {
   "Price": "0.000007170",
   "Volume": "2630.000",
   "Timestamp": "2019-12-14T22:52:54+01:00"
  },
  {
   "Price": "0.000007160",
   "Volume": "109076.580",
   "Timestamp": "2019-12-14T22:53:03+01:00"
  },
  {
   "Price": "0.000007150",
   "Volume": "51008.480",
   "Timestamp": "2019-12-14T22:53:04+01:00"
  }
 ]
}