{
 "pair": "XMREUR",
 "asks": [
  {
   "price": "42.40000000",
   "volume": "0.868",
   "timestamp": "2019-12-20T13:03:32+01:00"
  },
  {
   "price": "42.42000000",
   "volume": "15.000",
   "timestamp": "2019-12-20T13:03:39+01:00"
  },
  {
   "price": "42.43000000",
   "volume": "6.530",
   "timestamp": "2019-12-20T13:03:34+01:00"
  },
  {
   "price": "42.44000000",
   "volume": "6.620",
   "timestamp": "2019-12-20T13:02:48+01:00"
  }
 ],
 "bids": [
  {
   "price": "42.38000000",
   "volume": "20.000",
   "timestamp": "2019-12-20T13:03:16+01:00"
  },
  {
   "price": "42.36000000",
   "volume": "60.000",
   "timestamp": "2019-12-20T13:02:00+01:00"
  },
  {
   "price": "42.30000000",
   "volume": "8.050",
   "timestamp": "2019-12-20T13:03:26+01:00"
  },
  {
   "price": "42.29000000",
   "volume": "6.120",
   "timestamp": "2019-12-20T13:03:32+01:00"
  }
 ]
}