{
 "pair": "XMREUR",
 "asks": [
  {
   "Price": "46.22000000",
   "Volume": "2.500",
   "Timestamp": "2019-12-14T22:52:44+01:00"
  },
  {
   "Price": "46.23000000",
   "Volume": "3.350",
   "Timestamp": "2019-12-14T22:53:18+01:00"
  },
  {
   "Price": "46.27000000",
   "Volume": "10.120",
   "Timestamp": "2019-12-14T22:50:15+01:00"
  },
  {
   "Price": "46.28000000",
   "Volume": "10.590",
   "Timestamp": "2019-12-14T22:51:46+01:00"
  }
 ],
 "bids": [
  {
   "Price": "46.18000000",
   "Volume": "0.834",
   "Timestamp": "2019-12-14T22:52:56+01:00"
  },
  {
   "Price": "46.16000000",
   "Volume": "16.651",
   "Timestamp": "2019-12-14T22:52:58+01:00"
  },
  {
   "Price": "46.15000000",
   "Volume": "22.110",
   "Timestamp": "2019-12-14T22:52:04+01:00"
  },
  {
   "Price": "46.14000000",
   "Volume": "9.220",
   "Timestamp": "2019-12-14T22:52:01+01:00"
  }
 ]
}