{
 "pair": "XMRUSD",
 "asks": [
  {
   "price": "46.93000000",
   "volume": "2.333",
   "timestamp": "2019-12-20T13:03:47+01:00"
  },
  {
   "price": "46.94000000",
   "volume": "8.000",
   "timestamp": "2019-12-20T13:03:47+01:00"
  },
  {
   "price": "46.96000000",
   "volume": "16.000",
   "timestamp": "2019-12-20T13:03:47+01:00"
  },
  {
   "price": "46.99000000",
   "volume": "29.977",
   "timestamp": "2019-12-20T13:03:35+01:00"
  }
 ],
 "bids": [
  {
   "price": "46.89000000",
   "volume": "30.353",
   "timestamp": "2019-12-20T13:03:47+01:00"
  },
  {
   "price": "46.88000000",
   "volume": "18.673",
   "timestamp": "2019-12-20T13:03:47+01:00"
  },
  {
   "price": "46.87000000",
   "volume": "10.410",
   "timestamp": "2019-12-20T13:02:51+01:00"
  },
  {
   "price": "46.84000000",
   "volume": "5.185",
   "timestamp": "2019-12-20T13:03:47+01:00"
  }
 ]
}