{
 "pair": "XMRUSD",
 "asks": [
  {
   "Price": "51.33000000",
   "Volume": "1.510",
   "Timestamp": "2019-12-14T22:53:16+01:00"
  },
  {
   "Price": "51.35000000",
   "Volume": "23.741",
   "Timestamp": "2019-12-14T22:53:18+01:00"
  },
  {
   "Price": "51.36000000",
   "Volume": "34.450",
   "Timestamp": "2019-12-14T22:50:53+01:00"
  },
  {
   "Price": "51.37000000",
   "Volume": "7.480",
   "Timestamp": "2019-12-14T22:51:52+01:00"
  }
 ],
 "bids": [
  {
   "Price": "51.29000000",
   "Volume": "45.109",
   "Timestamp": "2019-12-14T22:52:54+01:00"
  },
  {
   "Price": "51.24000000",
   "Volume": "10.350",
   "Timestamp": "2019-12-14T22:52:54+01:00"
  },
  {
   "Price": "51.23000000",
   "Volume": "19.766",
   "Timestamp": "2019-12-14T22:52:01+01:00"
  },
  {
   "Price": "51.22000000",
   "Volume": "10.740",
   "Timestamp": "2019-12-14T22:51:34+01:00"
  }
 ]
}