{
 "pair": "XMRXBT",
 "asks": [
  {
   "price": "0.00658700",
   "volume": "11.250",
   "timestamp": "2019-12-20T13:03:33+01:00"
  },
  {
   "price": "0.00658800",
   "volume": "0.868",
   "timestamp": "2019-12-20T13:03:32+01:00"
  },
  {
   "price": "0.00659000",
   "volume": "79.586",
   "timestamp": "2019-12-20T13:01:26+01:00"
  },
  {
   "price": "0.00659100",
   "volume": "3.791",
   "timestamp": "2019-12-20T13:03:32+01:00"
  }
 ],
 "bids": [
  {
   "price": "0.00658000",
   "volume": "40.612",
   "timestamp": "2019-12-20T13:03:31+01:00"
  },
  {
   "price": "0.00657400",
   "volume": "6.860",
   "timestamp": "2019-12-20T13:02:38+01:00"
  },
  {
   "price": "0.00656800",
   "volume": "0.412",
   "timestamp": "2019-12-20T12:38:45+01:00"
  },
  {
   "price": "0.00656700",
   "volume": "0.588",
   "timestamp": "2019-12-20T13:03:28+01:00"
  }
 ]
}