{
 "pair": "XMRXBT",
 "asks": [
  {
   "Price": "0.00726100",
   "Volume": "5.671",
   "Timestamp": "2019-12-14T22:52:26+01:00"
  },
  {
   "Price": "0.00726200",
   "Volume": "36.660",
   "Timestamp": "2019-12-14T22:51:56+01:00"
  },
  {
   "Price": "0.00726300",
   "Volume": "4.649",
   "Timestamp": "2019-12-14T22:52:31+01:00"
  },
  {
   "Price": "0.00727200",
   "Volume": "2.268",
   "Timestamp": "2019-12-14T22:52:39+01:00"
  }
 ],
 "bids": [
  {
   "Price": "0.00726000",
   "Volume": "0.834",
   "Timestamp": "2019-12-14T22:52:01+01:00"
  },
  {
   "Price": "0.00724900",
   "Volume": "4.830",
   "Timestamp": "2019-12-14T22:49:23+01:00"
  },
  {
   "Price": "0.00724700",
   "Volume": "5.140",
   "Timestamp": "2019-12-14T22:50:58+01:00"
  },
  {
   "Price": "0.00724000",
   "Volume": "35.849",
   "Timestamp": "2019-12-14T22:50:56+01:00"
  }
 ]
}