{
 "pair": "XRPCAD",
 "asks": [
  {
   "price": "0.25380000",
   "volume": "75.916",
   "timestamp": "2019-12-20T13:03:50+01:00"
  },
  {
   "price": "0.25381000",
   "volume": "100.000",
   "timestamp": "2019-12-20T13:00:01+01:00"
  },
  {
   "price": "0.25400000",
   "volume": "1000.000",
   "timestamp": "2019-12-19T02:39:01+01:00"
  },
  {
   "price": "0.25666000",
   "volume": "1747.000",
   "timestamp": "2019-12-20T13:03:50+01:00"
  }
 ],
 "bids": [
  {
   "price": "0.25175000",
   "volume": "1177.305",
   "timestamp": "2019-12-20T13:03:50+01:00"
  },
  {
   "price": "0.25174000",
   "volume": "1374.526",
   "timestamp": "2019-12-20T13:03:49+01:00"
  },
  {
   "price": "0.25167000",
   "volume": "1395.766",
   "timestamp": "2019-12-20T13:03:49+01:00"
  },
  {
   "price": "0.25166000",
   "volume": "1434.403",
   "timestamp": "2019-12-20T13:03:47+01:00"
  }
 ]
}