{
 "pair": "XRPCAD",
 "asks": [
  {
   "Price": "0.28604000",
   "Volume": "234.047",
   "Timestamp": "2019-12-14T22:52:39+01:00"
  },
  {
   "Price": "0.28605000",
   "Volume": "1233.756",
   "Timestamp": "2019-12-14T22:52:21+01:00"
  },
  {
   "Price": "0.28608000",
   "Volume": "1261.822",
   "Timestamp": "2019-12-14T22:52:16+01:00"
  },
  {
   "Price": "0.28739000",
   "Volume": "305.825",
   "Timestamp": "2019-12-14T22:50:37+01:00"
  }
 ],
 "bids": [
  {
   "Price": "0.28428000",
   "Volume": "1583.000",
   "Timestamp": "2019-12-14T22:50:19+01:00"
  },
  {
   "Price": "0.28412000",
   "Volume": "1369.579",
   "Timestamp": "2019-12-14T22:46:54+01:00"
  },
  {
   "Price": "0.28408000",
   "Volume": "1270.705",
   "Timestamp": "2019-12-14T22:46:51+01:00"
  },
  {
   "Price": "0.28362000",
   "Volume": "1100.374",
   "Timestamp": "2019-12-14T22:45:29+01:00"
  }
 ]
}