{
 "pair": "XRPEUR",
 "asks": [
  {
   "Price": "0.19433000",
   "Volume": "1573.852",
   "Timestamp": "2019-12-14T22:53:09+01:00"
  },
  {
   "Price": "0.19435000",
   "Volume": "2956.228",
   "Timestamp": "2019-12-14T22:52:31+01:00"
  },
  {
   "Price": "0.19438000",
   "Volume": "5056.960",
   "Timestamp": "2019-12-14T22:53:05+01:00"
  },
  {
   "Price": "0.19440000",
   "Volume": "1000.000",
   "Timestamp": "2019-12-14T22:53:00+01:00"
  }
 ],
 "bids": [
  {
   "Price": "0.19419000",
   "Volume": "1514.298",
   "Timestamp": "2019-12-14T22:50:14+01:00"
  },
  {
   "Price": "0.19418000",
   "Volume": "6201.000",
   "Timestamp": "2019-12-14T22:50:14+01:00"
  },
  {
   "Price": "0.19414000",
   "Volume": "4999.990",
   "Timestamp": "2019-12-14T22:53:05+01:00"
  },
  {
   "Price": "0.19413000",
   "Volume": "1000.000",
   "Timestamp": "2019-12-14T22:50:48+01:00"
  }
 ]
}