{
 "pair": "XRPEUR",
 "asks": [
  {
   "price": "0.17215000",
   "volume": "1892.966",
   "timestamp": "2019-12-20T13:03:11+01:00"
  },
  {
   "price": "0.17216000",
   "volume": "4999.990",
   "timestamp": "2019-12-20T13:03:11+01:00"
  },
  {
   "price": "0.17222000",
   "volume": "50218.400",
   "timestamp": "2019-12-20T13:03:11+01:00"
  },
  {
   "price": "0.17226000",
   "volume": "13767.204",
   "timestamp": "2019-12-20T13:03:11+01:00"
  }
 ],
 "bids": [
  {
   "price": "0.17195000",
   "volume": "6099.050",
   "timestamp": "2019-12-20T13:03:10+01:00"
  },
  {
   "price": "0.17182000",
   "volume": "9913.000",
   "timestamp": "2019-12-20T13:03:10+01:00"
  },
  {
   "price": "0.17170000",
   "volume": "405.659",
   "timestamp": "2019-12-20T13:03:10+01:00"
  },
  {
   "price": "0.17166000",
   "volume": "11676.463",
   "timestamp": "2019-12-20T13:03:09+01:00"
  }
 ]
}