{
 "pair": "XRPJPY",
 "asks": [
  {
   "Price": "23.74700000",
   "Volume": "38895.530",
   "Timestamp": "2019-12-14T22:37:57+01:00"
  },
  {
   "Price": "23.79600000",
   "Volume": "1233.756",
   "Timestamp": "2019-12-14T22:40:32+01:00"
  },
  {
   "Price": "23.79700000",
   "Volume": "3630.308",
   "Timestamp": "2019-12-14T22:40:32+01:00"
  },
  {
   "Price": "23.83500000",
   "Volume": "5329.996",
   "Timestamp": "2019-12-14T21:05:26+01:00"
  }
 ],
 "bids": [
  {
   "Price": "23.59600000",
   "Volume": "60.000",
   "Timestamp": "2019-12-14T22:28:05+01:00"
  },
  {
   "Price": "23.57700000",
   "Volume": "60.000",
   "Timestamp": "2019-12-14T21:00:05+01:00"
  },
  {
   "Price": "23.56100000",
   "Volume": "8117.804",
   "Timestamp": "2019-12-14T22:53:18+01:00"
  },
  {
   "Price": "23.56000000",
   "Volume": "60.000",
   "Timestamp": "2019-12-14T20:59:57+01:00"
  }
 ]
}