{
 "pair": "XRPJPY",
 "asks": [
  {
   "price": "21.33600000",
   "volume": "1225.689",
   "timestamp": "2019-12-20T13:03:55+01:00"
  },
  {
   "price": "21.33700000",
   "volume": "1389.648",
   "timestamp": "2019-12-20T13:03:55+01:00"
  },
  {
   "price": "21.38300000",
   "volume": "57.572",
   "timestamp": "2019-12-19T15:40:14+01:00"
  },
  {
   "price": "23.68300000",
   "volume": "251.085",
   "timestamp": "2019-12-20T13:00:11+01:00"
  }
 ],
 "bids": [
  {
   "price": "20.95000000",
   "volume": "1415.318",
   "timestamp": "2019-12-20T13:03:58+01:00"
  },
  {
   "price": "20.93500000",
   "volume": "1177.614",
   "timestamp": "2019-12-20T13:03:56+01:00"
  },
  {
   "price": "20.93400000",
   "volume": "583.014",
   "timestamp": "2019-12-20T13:03:54+01:00"
  },
  {
   "price": "20.89000000",
   "volume": "7160.274",
   "timestamp": "2019-12-20T13:03:53+01:00"
  }
 ]
}