{
 "pair": "XRPUSD",
 "asks": [
  {
   "Price": "0.21581000",
   "Volume": "10000.000",
   "Timestamp": "2019-12-14T22:53:21+01:00"
  },
  {
   "Price": "0.21582000",
   "Volume": "7458.783",
   "Timestamp": "2019-12-14T22:53:13+01:00"
  },
  {
   "Price": "0.21584000",
   "Volume": "19309.726",
   "Timestamp": "2019-12-14T22:53:21+01:00"
  },
  {
   "Price": "0.21585000",
   "Volume": "5056.960",
   "Timestamp": "2019-12-14T22:53:23+01:00"
  }
 ],
 "bids": [
  {
   "Price": "0.21563000",
   "Volume": "82079.760",
   "Timestamp": "2019-12-14T22:53:09+01:00"
  },
  {
   "Price": "0.21559000",
   "Volume": "10307.021",
   "Timestamp": "2019-12-14T22:53:22+01:00"
  },
  {
   "Price": "0.21558000",
   "Volume": "15541.000",
   "Timestamp": "2019-12-14T22:51:48+01:00"
  },
  {
   "Price": "0.21556000",
   "Volume": "19307.968",
   "Timestamp": "2019-12-14T22:53:21+01:00"
  }
 ]
}