{
 "pair": "XRPUSD",
 "asks": [
  {
   "price": "0.19068000",
   "volume": "4999.990",
   "timestamp": "2019-12-20T13:03:19+01:00"
  },
  {
   "price": "0.19077000",
   "volume": "1081.818",
   "timestamp": "2019-12-20T13:03:24+01:00"
  },
  {
   "price": "0.19078000",
   "volume": "22903.780",
   "timestamp": "2019-12-20T13:03:21+01:00"
  },
  {
   "price": "0.19079000",
   "volume": "7522.441",
   "timestamp": "2019-12-20T13:03:12+01:00"
  }
 ],
 "bids": [
  {
   "price": "0.19054000",
   "volume": "1174.910",
   "timestamp": "2019-12-20T13:03:24+01:00"
  },
  {
   "price": "0.19051000",
   "volume": "921.108",
   "timestamp": "2019-12-20T13:03:24+01:00"
  },
  {
   "price": "0.19050000",
   "volume": "95221.000",
   "timestamp": "2019-12-20T13:03:24+01:00"
  },
  {
   "price": "0.19046000",
   "volume": "29596.910",
   "timestamp": "2019-12-20T13:03:23+01:00"
  }
 ]
}