{
 "pair": "XRPXBT",
 "asks": [
  {
   "price": "0.000026690",
   "volume": "7424.350",
   "timestamp": "2019-12-20T13:03:22+01:00"
  },
  {
   "price": "0.000026730",
   "volume": "10588.601",
   "timestamp": "2019-12-20T13:03:20+01:00"
  },
  {
   "price": "0.000026740",
   "volume": "12307.000",
   "timestamp": "2019-12-20T13:03:13+01:00"
  },
  {
   "price": "0.000026750",
   "volume": "5208.066",
   "timestamp": "2019-12-20T13:03:22+01:00"
  }
 ],
 "bids": [
  {
   "price": "0.000026660",
   "volume": "12845.136",
   "timestamp": "2019-12-20T13:03:23+01:00"
  },
  {
   "price": "0.000026650",
   "volume": "6585.000",
   "timestamp": "2019-12-20T13:03:23+01:00"
  },
  {
   "price": "0.000026640",
   "volume": "2638.000",
   "timestamp": "2019-12-20T13:03:22+01:00"
  },
  {
   "price": "0.000026630",
   "volume": "7470.000",
   "timestamp": "2019-12-20T13:03:20+01:00"
  }
 ]
}