{
 "pair": "XRPXBT",
 "asks": [
  {
   "Price": "0.000030470",
   "Volume": "11787.437",
   "Timestamp": "2019-12-14T22:53:13+01:00"
  },
  {
   "Price": "0.000030480",
   "Volume": "56682.280",
   "Timestamp": "2019-12-14T22:53:04+01:00"
  },
  {
   "Price": "0.000030490",
   "Volume": "11321.000",
   "Timestamp": "2019-12-14T22:52:23+01:00"
  },
  {
   "Price": "0.000030500",
   "Volume": "36401.969",
   "Timestamp": "2019-12-14T22:53:13+01:00"
  }
 ],
 "bids": [
  {
   "Price": "0.000030440",
   "Volume": "4470.000",
   "Timestamp": "2019-12-14T22:52:53+01:00"
  },
  {
   "Price": "0.000030430",
   "Volume": "1824.000",
   "Timestamp": "2019-12-14T22:53:03+01:00"
  },
  {
   "Price": "0.000030420",
   "Volume": "33890.500",
   "Timestamp": "2019-12-14T22:53:13+01:00"
  },
  {
   "Price": "0.000030410",
   "Volume": "86307.599",
   "Timestamp": "2019-12-14T22:53:10+01:00"
  }
 ]
}