{
 "pair": "XTZCAD",
 "asks": [
  {
   "Price": "2.245900",
   "Volume": "172.960",
   "Timestamp": "2019-12-14T22:52:54+01:00"
  },
  {
   "Price": "2.246000",
   "Volume": "872.000",
   "Timestamp": "2019-12-14T22:52:54+01:00"
  },
  {
   "Price": "2.275100",
   "Volume": "242.000",
   "Timestamp": "2019-12-14T22:49:39+01:00"
  },
  {
   "Price": "2.306600",
   "Volume": "259.514",
   "Timestamp": "2019-12-14T22:49:57+01:00"
  }
 ],
 "bids": [
  {
   "Price": "2.228200",
   "Volume": "162.007",
   "Timestamp": "2019-12-14T22:52:49+01:00"
  },
  {
   "Price": "2.228000",
   "Volume": "154.155",
   "Timestamp": "2019-12-14T22:52:48+01:00"
  },
  {
   "Price": "2.224300",
   "Volume": "11.069",
   "Timestamp": "2019-12-14T22:51:38+01:00"
  },
  {
   "Price": "2.222100",
   "Volume": "118.301",
   "Timestamp": "2019-12-14T22:51:36+01:00"
  }
 ]
}