{
 "pair": "XTZEUR",
 "asks": [
  {
   "price": "1.379800",
   "volume": "1550.405",
   "timestamp": "2019-12-20T13:03:53+01:00"
  },
  {
   "price": "1.379900",
   "volume": "671.448",
   "timestamp": "2019-12-20T13:03:53+01:00"
  },
  {
   "price": "1.380200",
   "volume": "653.612",
   "timestamp": "2019-12-20T13:03:43+01:00"
  },
  {
   "price": "1.380500",
   "volume": "608.000",
   "timestamp": "2019-12-20T13:03:35+01:00"
  }
 ],
 "bids": [
  {
   "price": "1.373900",
   "volume": "199.147",
   "timestamp": "2019-12-20T13:03:53+01:00"
  },
  {
   "price": "1.373800",
   "volume": "592.900",
   "timestamp": "2019-12-20T13:03:52+01:00"
  },
  {
   "price": "1.373500",
   "volume": "644.700",
   "timestamp": "2019-12-20T13:03:42+01:00"
  },
  {
   "price": "1.373200",
   "volume": "542.400",
   "timestamp": "2019-12-20T13:03:26+01:00"
  }
 ]
}