{
 "pair": "XTZETH",
 "asks": [
  {
   "Price": "0.01194430",
   "Volume": "367.000",
   "Timestamp": "2019-12-14T22:50:38+01:00"
  },
  {
   "Price": "0.01194440",
   "Volume": "135.488",
   "Timestamp": "2019-12-14T22:50:36+01:00"
  },
  {
   "Price": "0.01196710",
   "Volume": "172.960",
   "Timestamp": "2019-12-14T22:50:33+01:00"
  },
  {
   "Price": "0.01196820",
   "Volume": "157.500",
   "Timestamp": "2019-12-14T22:50:39+01:00"
  }
 ],
 "bids": [
  {
   "Price": "0.01190000",
   "Volume": "11.069",
   "Timestamp": "2019-12-14T22:20:24+01:00"
  },
  {
   "Price": "0.01185250",
   "Volume": "143.124",
   "Timestamp": "2019-12-14T22:53:15+01:00"
  },
  {
   "Price": "0.01185240",
   "Volume": "875.000",
   "Timestamp": "2019-12-14T22:53:15+01:00"
  },
  {
   "Price": "0.01183990",
   "Volume": "1518.431",
   "Timestamp": "2019-12-14T22:30:25+01:00"
  }
 ]
}