{
 "pair": "XTZEUR",
 "asks": [
  {
   "Price": "1.526000",
   "Volume": "189.646",
   "Timestamp": "2019-12-14T22:53:02+01:00"
  },
  {
   "Price": "1.526200",
   "Volume": "369.100",
   "Timestamp": "2019-12-14T22:52:46+01:00"
  },
  {
   "Price": "1.526400",
   "Volume": "62.236",
   "Timestamp": "2019-12-14T22:53:06+01:00"
  },
  {
   "Price": "1.526500",
   "Volume": "1654.000",
   "Timestamp": "2019-12-14T22:50:04+01:00"
  }
 ],
 "bids": [
  {
   "Price": "1.520500",
   "Volume": "355.200",
   "Timestamp": "2019-12-14T22:53:05+01:00"
  },
  {
   "Price": "1.520300",
   "Volume": "36.866",
   "Timestamp": "2019-12-14T22:53:01+01:00"
  },
  {
   "Price": "1.520100",
   "Volume": "447.706",
   "Timestamp": "2019-12-14T22:49:59+01:00"
  },
  {
   "Price": "1.520000",
   "Volume": "51.631",
   "Timestamp": "2019-12-14T22:49:39+01:00"
  }
 ]
}