{
 "pair": "XTZETH",
 "asks": [
  {
   "price": "0.01200580",
   "volume": "258.898",
   "timestamp": "2019-12-20T13:00:22+01:00"
  },
  {
   "price": "0.01201590",
   "volume": "149.088",
   "timestamp": "2019-12-20T13:03:23+01:00"
  },
  {
   "price": "0.01201600",
   "volume": "139.500",
   "timestamp": "2019-12-20T13:02:02+01:00"
  },
  {
   "price": "0.01201870",
   "volume": "37.515",
   "timestamp": "2019-12-20T12:57:27+01:00"
  }
 ],
 "bids": [
  {
   "price": "0.01195080",
   "volume": "147.153",
   "timestamp": "2019-12-20T13:03:35+01:00"
  },
  {
   "price": "0.01195070",
   "volume": "381.002",
   "timestamp": "2019-12-20T13:03:35+01:00"
  },
  {
   "price": "0.01195050",
   "volume": "481.000",
   "timestamp": "2019-12-20T13:03:34+01:00"
  },
  {
   "price": "0.01193100",
   "volume": "169.300",
   "timestamp": "2019-12-20T13:03:33+01:00"
  }
 ]
}