{
 "pair": "XTZUSD",
 "asks": [
  {
   "Price": "1.694300",
   "Volume": "1425.000",
   "Timestamp": "2019-12-14T22:50:45+01:00"
  },
  {
   "Price": "1.694800",
   "Volume": "160.790",
   "Timestamp": "2019-12-14T22:52:38+01:00"
  },
  {
   "Price": "1.695200",
   "Volume": "519.800",
   "Timestamp": "2019-12-14T22:46:45+01:00"
  },
  {
   "Price": "1.695600",
   "Volume": "434.665",
   "Timestamp": "2019-12-14T22:50:33+01:00"
  }
 ],
 "bids": [
  {
   "Price": "1.690100",
   "Volume": "135.630",
   "Timestamp": "2019-12-14T22:52:21+01:00"
  },
  {
   "Price": "1.690000",
   "Volume": "584.300",
   "Timestamp": "2019-12-14T22:52:27+01:00"
  },
  {
   "Price": "1.689400",
   "Volume": "683.300",
   "Timestamp": "2019-12-14T22:52:20+01:00"
  },
  {
   "Price": "1.689000",
   "Volume": "558.300",
   "Timestamp": "2019-12-14T22:48:06+01:00"
  }
 ]
}