{
 "pair": "XTZUSD",
 "asks": [
  {
   "price": "1.528500",
   "volume": "253.583",
   "timestamp": "2019-12-20T13:03:05+01:00"
  },
  {
   "price": "1.528700",
   "volume": "730.400",
   "timestamp": "2019-12-20T13:02:50+01:00"
  },
  {
   "price": "1.529100",
   "volume": "4.448",
   "timestamp": "2019-12-20T13:03:15+01:00"
  },
  {
   "price": "1.529200",
   "volume": "707.300",
   "timestamp": "2019-12-20T13:02:01+01:00"
  }
 ],
 "bids": [
  {
   "price": "1.524500",
   "volume": "230.853",
   "timestamp": "2019-12-20T13:03:10+01:00"
  },
  {
   "price": "1.523100",
   "volume": "253.602",
   "timestamp": "2019-12-20T13:03:15+01:00"
  },
  {
   "price": "1.523000",
   "volume": "600.000",
   "timestamp": "2019-12-20T13:03:13+01:00"
  },
  {
   "price": "1.522800",
   "volume": "4.984",
   "timestamp": "2019-12-20T13:03:15+01:00"
  }
 ]
}