{
 "pair": "XTZXBT",
 "asks": [
  {
   "price": "0.00021370",
   "volume": "222.019",
   "timestamp": "2019-12-20T13:03:44+01:00"
  },
  {
   "price": "0.00021390",
   "volume": "758.918",
   "timestamp": "2019-12-20T13:03:47+01:00"
  },
  {
   "price": "0.00021400",
   "volume": "1255.721",
   "timestamp": "2019-12-20T13:03:44+01:00"
  },
  {
   "price": "0.00021480",
   "volume": "266.403",
   "timestamp": "2019-12-20T13:01:53+01:00"
  }
 ],
 "bids": [
  {
   "price": "0.00021340",
   "volume": "293.164",
   "timestamp": "2019-12-20T13:03:52+01:00"
  },
  {
   "price": "0.00021320",
   "volume": "419.530",
   "timestamp": "2019-12-20T13:03:52+01:00"
  },
  {
   "price": "0.00021310",
   "volume": "628.900",
   "timestamp": "2019-12-20T13:03:40+01:00"
  },
  {
   "price": "0.00021300",
   "volume": "523.100",
   "timestamp": "2019-12-20T13:03:22+01:00"
  }
 ]
}