{
 "pair": "XTZXBT",
 "asks": [
  {
   "Price": "0.00023920",
   "Volume": "1061.589",
   "Timestamp": "2019-12-14T22:52:38+01:00"
  },
  {
   "Price": "0.00023930",
   "Volume": "2360.830",
   "Timestamp": "2019-12-14T22:52:43+01:00"
  },
  {
   "Price": "0.00023940",
   "Volume": "170.490",
   "Timestamp": "2019-12-14T22:52:38+01:00"
  },
  {
   "Price": "0.00023950",
   "Volume": "447.536",
   "Timestamp": "2019-12-14T22:49:40+01:00"
  }
 ],
 "bids": [
  {
   "Price": "0.00023860",
   "Volume": "507.613",
   "Timestamp": "2019-12-14T22:52:06+01:00"
  },
  {
   "Price": "0.00023850",
   "Volume": "750.586",
   "Timestamp": "2019-12-14T22:52:20+01:00"
  },
  {
   "Price": "0.00023840",
   "Volume": "520.100",
   "Timestamp": "2019-12-14T22:52:16+01:00"
  },
  {
   "Price": "0.00023830",
   "Volume": "25.355",
   "Timestamp": "2019-12-14T22:52:24+01:00"
  }
 ]
}