{
 "pair": "ZECEUR",
 "asks": [
  {
   "Price": "29.08400",
   "Volume": "22.500",
   "Timestamp": "2019-12-14T22:53:19+01:00"
  },
  {
   "Price": "29.08500",
   "Volume": "19.754",
   "Timestamp": "2019-12-14T22:50:17+01:00"
  },
  {
   "Price": "29.09900",
   "Volume": "2.045",
   "Timestamp": "2019-12-14T22:53:20+01:00"
  },
  {
   "Price": "29.10000",
   "Volume": "23.791",
   "Timestamp": "2019-12-14T22:50:16+01:00"
  }
 ],
 "bids": [
  {
   "Price": "29.00000",
   "Volume": "1.800",
   "Timestamp": "2019-12-14T22:36:58+01:00"
  },
  {
   "Price": "28.98200",
   "Volume": "1.200",
   "Timestamp": "2019-12-14T22:46:37+01:00"
  },
  {
   "Price": "28.98000",
   "Volume": "241.542",
   "Timestamp": "2019-12-14T22:46:36+01:00"
  },
  {
   "Price": "28.94800",
   "Volume": "7.257",
   "Timestamp": "2019-12-14T22:46:23+01:00"
  }
 ]
}