{
 "pair": "ZECEUR",
 "asks": [
  {
   "price": "25.23000",
   "volume": "41.722",
   "timestamp": "2019-12-20T13:00:36+01:00"
  },
  {
   "price": "25.23900",
   "volume": "0.288",
   "timestamp": "2019-12-20T13:03:34+01:00"
  },
  {
   "price": "25.24000",
   "volume": "234.327",
   "timestamp": "2019-12-20T13:02:49+01:00"
  },
  {
   "price": "25.26000",
   "volume": "70.246",
   "timestamp": "2019-12-20T13:00:33+01:00"
  }
 ],
 "bids": [
  {
   "price": "25.20500",
   "volume": "10.000",
   "timestamp": "2019-12-20T13:00:28+01:00"
  },
  {
   "price": "25.20200",
   "volume": "10.000",
   "timestamp": "2019-12-20T13:00:12+01:00"
  },
  {
   "price": "25.19900",
   "volume": "10.000",
   "timestamp": "2019-12-20T12:36:39+01:00"
  },
  {
   "price": "25.18800",
   "volume": "10.000",
   "timestamp": "2019-12-20T12:24:19+01:00"
  }
 ]
}