{
 "pair": "ZECJPY",
 "asks": [
  {
   "Price": "3552.62400",
   "Volume": "8.347",
   "Timestamp": "2019-12-14T22:53:07+01:00"
  },
  {
   "Price": "3553.53400",
   "Volume": "28.005",
   "Timestamp": "2019-12-14T22:51:33+01:00"
  },
  {
   "Price": "3566.25200",
   "Volume": "7.413",
   "Timestamp": "2019-12-14T22:43:09+01:00"
  },
  {
   "Price": "3566.25300",
   "Volume": "5.396",
   "Timestamp": "2019-12-14T22:43:09+01:00"
  }
 ],
 "bids": [
  {
   "Price": "3536.26400",
   "Volume": "0.660",
   "Timestamp": "2019-12-14T22:31:30+01:00"
  },
  {
   "Price": "3418.15100",
   "Volume": "7.536",
   "Timestamp": "2019-12-14T22:53:10+01:00"
  },
  {
   "Price": "3418.15000",
   "Volume": "24.116",
   "Timestamp": "2019-12-14T22:53:10+01:00"
  },
  {
   "Price": "3418.14800",
   "Volume": "24.116",
   "Timestamp": "2019-12-14T22:53:06+01:00"
  }
 ]
}