{
 "pair": "ZECUSD",
 "asks": [
  {
   "Price": "32.31000",
   "Volume": "66.241",
   "Timestamp": "2019-12-14T22:53:01+01:00"
  },
  {
   "Price": "32.32000",
   "Volume": "19.246",
   "Timestamp": "2019-12-14T22:53:01+01:00"
  },
  {
   "Price": "32.33000",
   "Volume": "155.341",
   "Timestamp": "2019-12-14T22:52:37+01:00"
  },
  {
   "Price": "32.34000",
   "Volume": "7.800",
   "Timestamp": "2019-12-14T22:52:30+01:00"
  }
 ],
 "bids": [
  {
   "Price": "32.25000",
   "Volume": "19.240",
   "Timestamp": "2019-12-14T22:52:57+01:00"
  },
  {
   "Price": "32.24000",
   "Volume": "73.858",
   "Timestamp": "2019-12-14T22:52:32+01:00"
  },
  {
   "Price": "32.23000",
   "Volume": "6.160",
   "Timestamp": "2019-12-14T22:51:03+01:00"
  },
  {
   "Price": "32.22000",
   "Volume": "26.648",
   "Timestamp": "2019-12-14T22:52:58+01:00"
  }
 ]
}