{
 "pair": "ZECUSD",
 "asks": [
  {
   "price": "27.94000",
   "volume": "20.501",
   "timestamp": "2019-12-20T13:02:40+01:00"
  },
  {
   "price": "27.95000",
   "volume": "38.140",
   "timestamp": "2019-12-20T13:02:01+01:00"
  },
  {
   "price": "27.96000",
   "volume": "3.000",
   "timestamp": "2019-12-20T13:02:53+01:00"
  },
  {
   "price": "27.97000",
   "volume": "371.843",
   "timestamp": "2019-12-20T13:03:27+01:00"
  }
 ],
 "bids": [
  {
   "price": "27.91000",
   "volume": "3.124",
   "timestamp": "2019-12-20T13:00:53+01:00"
  },
  {
   "price": "27.88000",
   "volume": "9.670",
   "timestamp": "2019-12-20T13:03:25+01:00"
  },
  {
   "price": "27.87000",
   "volume": "8.700",
   "timestamp": "2019-12-20T13:03:26+01:00"
  },
  {
   "price": "27.86000",
   "volume": "7.350",
   "timestamp": "2019-12-20T13:03:25+01:00"
  }
 ]
}