{
 "pair": "ZECXBT",
 "asks": [
  {
   "price": "0.003920",
   "volume": "358.419",
   "timestamp": "2019-12-20T13:00:36+01:00"
  },
  {
   "price": "0.003930",
   "volume": "173.638",
   "timestamp": "2019-12-20T13:03:11+01:00"
  },
  {
   "price": "0.003940",
   "volume": "41.838",
   "timestamp": "2019-12-20T13:02:59+01:00"
  },
  {
   "price": "0.003950",
   "volume": "119.854",
   "timestamp": "2019-12-20T12:57:28+01:00"
  }
 ],
 "bids": [
  {
   "price": "0.003900",
   "volume": "52.758",
   "timestamp": "2019-12-20T13:02:49+01:00"
  },
  {
   "price": "0.003890",
   "volume": "347.262",
   "timestamp": "2019-12-20T13:01:08+01:00"
  },
  {
   "price": "0.003880",
   "volume": "182.283",
   "timestamp": "2019-12-20T13:01:33+01:00"
  },
  {
   "price": "0.003870",
   "volume": "920.641",
   "timestamp": "2019-12-20T13:01:27+01:00"
  }
 ]
}