{
 "pair": "ZECXBT",
 "asks": [
  {
   "Price": "0.004560",
   "Volume": "20.498",
   "Timestamp": "2019-12-14T22:50:53+01:00"
  },
  {
   "Price": "0.004570",
   "Volume": "49.909",
   "Timestamp": "2019-12-14T22:52:34+01:00"
  },
  {
   "Price": "0.004580",
   "Volume": "254.023",
   "Timestamp": "2019-12-14T22:52:34+01:00"
  },
  {
   "Price": "0.004590",
   "Volume": "242.312",
   "Timestamp": "2019-12-14T22:46:37+01:00"
  }
 ],
 "bids": [
  {
   "Price": "0.004550",
   "Volume": "95.127",
   "Timestamp": "2019-12-14T22:52:40+01:00"
  },
  {
   "Price": "0.004540",
   "Volume": "225.736",
   "Timestamp": "2019-12-14T22:52:50+01:00"
  },
  {
   "Price": "0.004530",
   "Volume": "148.119",
   "Timestamp": "2019-12-14T22:52:54+01:00"
  },
  {
   "Price": "0.004520",
   "Volume": "1102.528",
   "Timestamp": "2019-12-14T22:52:04+01:00"
  }
 ]
}