{
 "pair": "abseth",
 "bids": [
  {
   "price": "0.00005903",
   "amount": "16178.1479"
  },
  {
   "price": "0.00005902",
   "amount": "1045.6"
  },
  {
   "price": "0.00005846",
   "amount": "692.89"
  },
  {
   "price": "0.00005718",
   "amount": "732.28"
  },
  {
   "price": "0.00005691",
   "amount": "1001.9"
  },
  {
   "price": "0.00005674",
   "amount": "1014.6"
  },
  {
   "price": "0.00005516",
   "amount": "1004.2"
  },
  {
   "price": "0.00005493",
   "amount": "368.61"
  },
  {
   "price": "0.0000547",
   "amount": "1105.5"
  },
  {
   "price": "0.00005461",
   "amount": "3296.09961546"
  },
  {
   "price": "0.00005416",
   "amount": "2869"
  },
  {
   "price": "0.00005413",
   "amount": "1131.8"
  },
  {
   "price": "0.00005401",
   "amount": "2858.8"
  },
  {
   "price": "0.0000539",
   "amount": "3053.3"
  },
  {
   "price": "0.00005383",
   "amount": "2262.1"
  },
  {
   "price": "0.00005375",
   "amount": "1593"
  },
  {
   "price": "0.00005323",
   "amount": "2568.4"
  },
  {
   "price": "0.00005116",
   "amount": "23872.71645647"
  },
  {
   "price": "0.000051",
   "amount": "1000"
  },
  {
   "price": "0.00004901",
   "amount": "100000"
  },
  {
   "price": "0.0000486",
   "amount": "2836.2"
  },
  {
   "price": "0.00004157",
   "amount": "6146.2"
  },
  {
   "price": "0.00003764",
   "amount": "5000.5"
  },
  {
   "price": "0.00003679",
   "amount": "5445.5"
  },
  {
   "price": "0.00003435",
   "amount": "5075.8"
  }
 ],
 "asks": [
  {
   "price": "0.00006304",
   "amount": "735.2259"
  },
  {
   "price": "0.00006305",
   "amount": "900.71894185"
  },
  {
   "price": "0.00006313",
   "amount": "725.13"
  },
  {
   "price": "0.00006364",
   "amount": "718.28"
  },
  {
   "price": "0.00006372",
   "amount": "992.1"
  },
  {
   "price": "0.00006415",
   "amount": "727.69"
  },
  {
   "price": "0.00006673",
   "amount": "1169.4"
  },
  {
   "price": "0.00006719",
   "amount": "1023.7"
  },
  {
   "price": "0.00006783",
   "amount": "1117.9"
  },
  {
   "price": "0.00006807",
   "amount": "1021.5"
  },
  {
   "price": "0.00006809",
   "amount": "1598.2"
  },
  {
   "price": "0.0000682",
   "amount": "1028.8"
  },
  {
   "price": "0.00007109",
   "amount": "2329.8"
  },
  {
   "price": "0.0000711",
   "amount": "2301.5"
  },
  {
   "price": "0.00007117",
   "amount": "2454.7"
  },
  {
   "price": "0.0000718",
   "amount": "2690.3"
  },
  {
   "price": "0.00007232",
   "amount": "5016.1"
  },
  {
   "price": "0.00008023",
   "amount": "6283.6"
  },
  {
   "price": "0.00009679",
   "amount": "601.61"
  },
  {
   "price": "0.000119",
   "amount": "184.35836255"
  },
  {
   "price": "0.00014211",
   "amount": "1000"
  },
  {
   "price": "0.00016",
   "amount": "311.91"
  },
  {
   "price": "0.0001868",
   "amount": "999"
  },
  {
   "price": "0.0001978",
   "amount": "4994.99999999"
  },
  {
   "price": "0.00023229",
   "amount": "1000"
  }
 ]
}