{
 "pair": "absusd",
 "bids": [
  {
   "price": "0.0076521",
   "amount": "1029.9"
  },
  {
   "price": "0.0074975",
   "amount": "875.79"
  },
  {
   "price": "0.0074787",
   "amount": "905.29"
  },
  {
   "price": "0.0074379",
   "amount": "689.97"
  },
  {
   "price": "0.0074202",
   "amount": "856.63"
  },
  {
   "price": "0.0073123",
   "amount": "935.72"
  },
  {
   "price": "0.0072905",
   "amount": "824.65"
  },
  {
   "price": "0.0072252",
   "amount": "1147.1"
  },
  {
   "price": "0.0072117",
   "amount": "1015.5"
  },
  {
   "price": "0.0072019",
   "amount": "1157.2"
  },
  {
   "price": "0.0071783",
   "amount": "1452.1"
  },
  {
   "price": "0.007175",
   "amount": "1146.1"
  },
  {
   "price": "0.0071136",
   "amount": "2044"
  },
  {
   "price": "0.0070842",
   "amount": "1517.3"
  },
  {
   "price": "0.0069989",
   "amount": "2038.9"
  },
  {
   "price": "0.0069917",
   "amount": "3219.4"
  },
  {
   "price": "0.0069911",
   "amount": "2476.6"
  },
  {
   "price": "0.0069792",
   "amount": "2102.5"
  },
  {
   "price": "0.0069733",
   "amount": "2000.7"
  },
  {
   "price": "0.0069732",
   "amount": "2291.7"
  },
  {
   "price": "0.0069413",
   "amount": "3188.2"
  },
  {
   "price": "0.0069372",
   "amount": "2729.8"
  },
  {
   "price": "0.006895",
   "amount": "2003.1"
  },
  {
   "price": "0.0067943",
   "amount": "2009"
  },
  {
   "price": "0.0064917",
   "amount": "6382.2"
  }
 ],
 "asks": [
  {
   "price": "0.0080878",
   "amount": "692.14"
  },
  {
   "price": "0.0081135",
   "amount": "766"
  },
  {
   "price": "0.0083053",
   "amount": "771.75"
  },
  {
   "price": "0.0084106",
   "amount": "944.26"
  },
  {
   "price": "0.0085785",
   "amount": "1195"
  },
  {
   "price": "0.0087129",
   "amount": "1398.2"
  },
  {
   "price": "0.0087308",
   "amount": "1259.7"
  },
  {
   "price": "0.0087618",
   "amount": "1024"
  },
  {
   "price": "0.0087938",
   "amount": "1099.7"
  },
  {
   "price": "0.0088914",
   "amount": "1007.9"
  },
  {
   "price": "0.008947",
   "amount": "2189.6"
  },
  {
   "price": "0.0090034",
   "amount": "2263.6"
  },
  {
   "price": "0.009061",
   "amount": "2060.7"
  },
  {
   "price": "0.009082",
   "amount": "2420.2"
  },
  {
   "price": "0.010464",
   "amount": "5209.4"
  },
  {
   "price": "0.010533",
   "amount": "6334.1"
  },
  {
   "price": "0.014177",
   "amount": "679.918"
  },
  {
   "price": "0.024177",
   "amount": "379.918"
  },
  {
   "price": "0.024218",
   "amount": "219.50104315"
  },
  {
   "price": "0.026291",
   "amount": "461.25"
  },
  {
   "price": "0.028022",
   "amount": "6245.68507393"
  },
  {
   "price": "0.028177",
   "amount": "279.918"
  },
  {
   "price": "0.030218",
   "amount": "2501.78"
  },
  {
   "price": "0.032585",
   "amount": "1000"
  },
  {
   "price": "0.041061",
   "amount": "2000"
  }
 ]
}