{
 "pair": "agiusd",
 "bids": [
  {
   "price": "0.01471",
   "amount": "1111"
  },
  {
   "price": "0.014709",
   "amount": "400"
  },
  {
   "price": "0.01384",
   "amount": "722.5433526"
  },
  {
   "price": "0.0137",
   "amount": "2000"
  },
  {
   "price": "0.013",
   "amount": "3846"
  },
  {
   "price": "0.0115",
   "amount": "10000"
  },
  {
   "price": "0.0112",
   "amount": "2500"
  },
  {
   "price": "0.011084",
   "amount": "27066.04114038"
  },
  {
   "price": "0.011083",
   "amount": "7777"
  },
  {
   "price": "0.011012",
   "amount": "312"
  },
  {
   "price": "0.010764",
   "amount": "7777"
  },
  {
   "price": "0.010286",
   "amount": "7777"
  },
  {
   "price": "0.010002",
   "amount": "168716.25674864"
  },
  {
   "price": "0.01",
   "amount": "50000"
  },
  {
   "price": "0.0090739",
   "amount": "7777"
  },
  {
   "price": "0.0077849",
   "amount": "7777"
  },
  {
   "price": "0.0067365",
   "amount": "7777"
  },
  {
   "price": "0.00667",
   "amount": "199"
  },
  {
   "price": "0.006463",
   "amount": "7777"
  },
  {
   "price": "0.0057636",
   "amount": "7777"
  },
  {
   "price": "0.005507",
   "amount": "7777"
  },
  {
   "price": "0.0055",
   "amount": "10000"
  },
  {
   "price": "0.005348",
   "amount": "7777"
  },
  {
   "price": "0.0053393",
   "amount": "9336.42986908"
  },
  {
   "price": "0.0046197",
   "amount": "7777"
  }
 ],
 "asks": [
  {
   "price": "0.01856",
   "amount": "808.18965517"
  },
  {
   "price": "0.018569",
   "amount": "312"
  },
  {
   "price": "0.02",
   "amount": "10000"
  },
  {
   "price": "0.0206",
   "amount": "2457.39737791"
  },
  {
   "price": "0.024",
   "amount": "2527.906642"
  },
  {
   "price": "0.025394",
   "amount": "622"
  },
  {
   "price": "0.0275",
   "amount": "750"
  },
  {
   "price": "0.0287",
   "amount": "987"
  },
  {
   "price": "0.0295",
   "amount": "751"
  },
  {
   "price": "0.03",
   "amount": "9970.00737222"
  },
  {
   "price": "0.031246",
   "amount": "6987"
  },
  {
   "price": "0.03125",
   "amount": "5847"
  },
  {
   "price": "0.031287",
   "amount": "8560"
  },
  {
   "price": "0.0313",
   "amount": "987"
  },
  {
   "price": "0.031709",
   "amount": "7777"
  },
  {
   "price": "0.032447",
   "amount": "15554"
  },
  {
   "price": "0.035",
   "amount": "4000"
  },
  {
   "price": "0.035765",
   "amount": "7777"
  },
  {
   "price": "0.038028",
   "amount": "7777"
  },
  {
   "price": "0.038138",
   "amount": "1832"
  },
  {
   "price": "0.0387",
   "amount": "987"
  },
  {
   "price": "0.0388",
   "amount": "2345.080951"
  },
  {
   "price": "0.039872",
   "amount": "7777"
  },
  {
   "price": "0.040225",
   "amount": "300"
  },
  {
   "price": "0.041089",
   "amount": "3333"
  }
 ]
}