{
 "pair": "aidusd",
 "bids": [
  {
   "price": "0.0068019",
   "amount": "2000"
  },
  {
   "price": "0.0068",
   "amount": "74138.879941"
  },
  {
   "price": "0.0065611",
   "amount": "1524.1230577"
  },
  {
   "price": "0.0062505",
   "amount": "14425.27702104"
  },
  {
   "price": "0.0029507",
   "amount": "300"
  },
  {
   "price": "0.002381",
   "amount": "10000"
  },
  {
   "price": "0.0021",
   "amount": "2000"
  },
  {
   "price": "0.0017959",
   "amount": "3000"
  },
  {
   "price": "0.0015625",
   "amount": "3200"
  },
  {
   "price": "0.0014803",
   "amount": "300"
  },
  {
   "price": "0.00131",
   "amount": "6000"
  },
  {
   "price": "0.0012",
   "amount": "9000"
  },
  {
   "price": "0.001",
   "amount": "10000"
  },
  {
   "price": "0.0009",
   "amount": "1000"
  },
  {
   "price": "0.00079475",
   "amount": "300"
  },
  {
   "price": "0.00041",
   "amount": "9000"
  },
  {
   "price": "0.0004",
   "amount": "20000"
  },
  {
   "price": "0.00035",
   "amount": "10000"
  },
  {
   "price": "0.00027",
   "amount": "10000"
  },
  {
   "price": "0.000261",
   "amount": "50000"
  },
  {
   "price": "0.00024",
   "amount": "5000"
  },
  {
   "price": "0.0002381",
   "amount": "200000"
  },
  {
   "price": "0.00021",
   "amount": "20000"
  },
  {
   "price": "0.00012",
   "amount": "90000"
  },
  {
   "price": "0.0001",
   "amount": "199165"
  }
 ],
 "asks": [
  {
   "price": "0.0109",
   "amount": "1063.535583"
  },
  {
   "price": "0.01115",
   "amount": "3943.278463"
  },
  {
   "price": "0.012",
   "amount": "9783.15322"
  },
  {
   "price": "0.012989",
   "amount": "1937.75240412"
  },
  {
   "price": "0.012991",
   "amount": "7991.999999"
  },
  {
   "price": "0.01317",
   "amount": "599.40000051"
  },
  {
   "price": "0.014",
   "amount": "11344.295207"
  },
  {
   "price": "0.014299",
   "amount": "348"
  },
  {
   "price": "0.0143",
   "amount": "27083.081954"
  },
  {
   "price": "0.014899",
   "amount": "2724.300199"
  },
  {
   "price": "0.019",
   "amount": "999"
  },
  {
   "price": "0.022",
   "amount": "14348.25155299"
  },
  {
   "price": "0.0223",
   "amount": "15177.017317"
  },
  {
   "price": "0.023",
   "amount": "2210.3112695"
  },
  {
   "price": "0.023786",
   "amount": "500"
  },
  {
   "price": "0.024135",
   "amount": "182.617694"
  },
  {
   "price": "0.0245",
   "amount": "1639.22474"
  },
  {
   "price": "0.0249",
   "amount": "999"
  },
  {
   "price": "0.025",
   "amount": "6490.598769"
  },
  {
   "price": "0.0253",
   "amount": "900"
  },
  {
   "price": "0.028",
   "amount": "489.51"
  },
  {
   "price": "0.0283",
   "amount": "5441.98041045"
  },
  {
   "price": "0.0285",
   "amount": "1472.19"
  },
  {
   "price": "0.028898",
   "amount": "30033.635684"
  },
  {
   "price": "0.03",
   "amount": "17187.79999999"
  }
 ]
}