{
 "pair": "aioeth",
 "bids": [
  {
   "price": "0.00023066",
   "amount": "4335.3854157"
  },
  {
   "price": "0.00023063",
   "amount": "780.4708841"
  },
  {
   "price": "0.00023061",
   "amount": "4444"
  },
  {
   "price": "0.00023048",
   "amount": "2194.35400977"
  },
  {
   "price": "0.00023047",
   "amount": "151.86358311"
  },
  {
   "price": "0.00022",
   "amount": "1000"
  },
  {
   "price": "0.0002015",
   "amount": "2000"
  },
  {
   "price": "0.0002011",
   "amount": "2480"
  },
  {
   "price": "0.0001202",
   "amount": "78"
  },
  {
   "price": "0.0001201",
   "amount": "100"
  },
  {
   "price": "0.00012001",
   "amount": "1113.87884343"
  },
  {
   "price": "0.000031",
   "amount": "650"
  },
  {
   "price": "0.00002002",
   "amount": "1000"
  },
  {
   "price": "0.00001234",
   "amount": "78"
  },
  {
   "price": "0.00001233",
   "amount": "1700"
  },
  {
   "price": "0.0000123",
   "amount": "20000"
  },
  {
   "price": "0.0000101",
   "amount": "1000"
  },
  {
   "price": "0.00001",
   "amount": "13897.51228055"
  },
  {
   "price": "0.00000999",
   "amount": "14618.24711693"
  },
  {
   "price": "0.00000998",
   "amount": "7268.42986162"
  },
  {
   "price": "0.00000997",
   "amount": "14686.15452579"
  },
  {
   "price": "0.00000996",
   "amount": "7542.14333502"
  },
  {
   "price": "0.00000995",
   "amount": "7519.43779783"
  },
  {
   "price": "0.00000993",
   "amount": "6760.34970641"
  },
  {
   "price": "0.00000991",
   "amount": "14014.69034485"
  }
 ],
 "asks": [
  {
   "price": "0.00074894",
   "amount": "1111"
  },
  {
   "price": "0.00074901",
   "amount": "122.56465622"
  },
  {
   "price": "0.00075146",
   "amount": "98"
  },
  {
   "price": "0.001",
   "amount": "1997.99999998"
  },
  {
   "price": "0.001579",
   "amount": "1998"
  },
  {
   "price": "0.00159",
   "amount": "24.4965"
  },
  {
   "price": "0.0016492",
   "amount": "165.3"
  },
  {
   "price": "0.0017011",
   "amount": "722"
  },
  {
   "price": "0.001766",
   "amount": "165.3"
  },
  {
   "price": "0.0018106",
   "amount": "653.19465"
  },
  {
   "price": "0.0018827",
   "amount": "165.3"
  },
  {
   "price": "0.0019995",
   "amount": "165.3"
  },
  {
   "price": "0.0021162",
   "amount": "165.3"
  },
  {
   "price": "0.0022",
   "amount": "999"
  },
  {
   "price": "0.002233",
   "amount": "165.3"
  },
  {
   "price": "0.0023324",
   "amount": "1500"
  },
  {
   "price": "0.0023497",
   "amount": "165.3"
  },
  {
   "price": "0.0024665",
   "amount": "165.3"
  },
  {
   "price": "0.0024697",
   "amount": "370.89944751"
  },
  {
   "price": "0.0025832",
   "amount": "165.3"
  },
  {
   "price": "0.0026",
   "amount": "49"
  },
  {
   "price": "0.0027",
   "amount": "1991.46683551"
  },
  {
   "price": "0.0027207",
   "amount": "1682.51287757"
  },
  {
   "price": "0.002735",
   "amount": "1895.04885918"
  },
  {
   "price": "0.0027359",
   "amount": "1878.66959804"
  }
 ]
}