{
 "pair": "aiousd",
 "bids": [
  {
   "price": "0.046879",
   "amount": "100"
  },
  {
   "price": "0.044879",
   "amount": "1111"
  },
  {
   "price": "0.044861",
   "amount": "333"
  },
  {
   "price": "0.0436",
   "amount": "136.152688"
  },
  {
   "price": "0.043",
   "amount": "75"
  },
  {
   "price": "0.0401",
   "amount": "500"
  },
  {
   "price": "0.03944",
   "amount": "100"
  },
  {
   "price": "0.037561",
   "amount": "500"
  },
  {
   "price": "0.033676",
   "amount": "13818.11875308"
  },
  {
   "price": "0.025782",
   "amount": "15314.63759037"
  },
  {
   "price": "0.025",
   "amount": "7023.18585464"
  },
  {
   "price": "0.023855",
   "amount": "20000"
  },
  {
   "price": "0.023",
   "amount": "1000"
  },
  {
   "price": "0.02211",
   "amount": "100"
  },
  {
   "price": "0.014966",
   "amount": "20000"
  },
  {
   "price": "0.01101",
   "amount": "500"
  },
  {
   "price": "0.011",
   "amount": "2000"
  },
  {
   "price": "0.0101",
   "amount": "22000"
  },
  {
   "price": "0.01",
   "amount": "200"
  },
  {
   "price": "0.0060778",
   "amount": "20000"
  },
  {
   "price": "0.0045",
   "amount": "5000"
  },
  {
   "price": "0.0032793",
   "amount": "100"
  },
  {
   "price": "0.0028717",
   "amount": "20000"
  },
  {
   "price": "0.00222",
   "amount": "20000"
  },
  {
   "price": "0.002211",
   "amount": "2500"
  }
 ],
 "asks": [
  {
   "price": "0.057977",
   "amount": "1180.33522915"
  },
  {
   "price": "0.058",
   "amount": "1000"
  },
  {
   "price": "0.06467",
   "amount": "2250"
  },
  {
   "price": "0.064671",
   "amount": "397.596045"
  },
  {
   "price": "0.06763",
   "amount": "476.93303889"
  },
  {
   "price": "0.067631",
   "amount": "348.3727713"
  },
  {
   "price": "0.068556",
   "amount": "253.25"
  },
  {
   "price": "0.11",
   "amount": "299.7"
  },
  {
   "price": "0.115",
   "amount": "299"
  },
  {
   "price": "0.12",
   "amount": "998"
  },
  {
   "price": "0.12383",
   "amount": "69.775978"
  },
  {
   "price": "0.12409",
   "amount": "758.832639"
  },
  {
   "price": "0.12464",
   "amount": "443.09646"
  },
  {
   "price": "0.12837",
   "amount": "2000"
  },
  {
   "price": "0.129",
   "amount": "104.79011208"
  },
  {
   "price": "0.148",
   "amount": "75.52"
  },
  {
   "price": "0.1487",
   "amount": "100"
  },
  {
   "price": "0.14939",
   "amount": "266.66297896"
  },
  {
   "price": "0.15499",
   "amount": "33.03791408"
  },
  {
   "price": "0.1634",
   "amount": "150"
  },
  {
   "price": "0.17",
   "amount": "41.5839429"
  },
  {
   "price": "0.18",
   "amount": "999.2"
  },
  {
   "price": "0.18634",
   "amount": "955"
  },
  {
   "price": "0.18708",
   "amount": "266.78444456"
  },
  {
   "price": "0.19896",
   "amount": "2962.67360991"
  }
 ]
}