{
 "pair": "algbtc",
 "bids": [
  {
   "price": "0.0000325",
   "amount": "3447.19306"
  },
  {
   "price": "0.0000319",
   "amount": "1199.64170401"
  },
  {
   "price": "0.0000318",
   "amount": "3829.84163"
  },
  {
   "price": "0.0000312",
   "amount": "6737.05461195"
  },
  {
   "price": "0.000031",
   "amount": "12"
  },
  {
   "price": "0.00003003",
   "amount": "22"
  },
  {
   "price": "0.00002206",
   "amount": "500"
  },
  {
   "price": "0.000022",
   "amount": "12"
  },
  {
   "price": "0.0000212",
   "amount": "2000"
  },
  {
   "price": "0.00002",
   "amount": "500"
  },
  {
   "price": "0.00001513",
   "amount": "500"
  },
  {
   "price": "0.00001303",
   "amount": "1000"
  },
  {
   "price": "0.00001215",
   "amount": "41.152"
  },
  {
   "price": "0.000012",
   "amount": "4"
  },
  {
   "price": "0.00001052",
   "amount": "4000"
  },
  {
   "price": "0.00001042",
   "amount": "1000"
  },
  {
   "price": "0.00000804",
   "amount": "1000"
  },
  {
   "price": "0.00000558",
   "amount": "1000"
  },
  {
   "price": "6.9e-7",
   "amount": "5000"
  },
  {
   "price": "5e-7",
   "amount": "50000"
  },
  {
   "price": "3.2e-7",
   "amount": "2000"
  },
  {
   "price": "3.1e-7",
   "amount": "50000"
  },
  {
   "price": "9e-8",
   "amount": "10000"
  },
  {
   "price": "3e-8",
   "amount": "100000"
  },
  {
   "price": "2e-8",
   "amount": "150000"
  }
 ],
 "asks": [
  {
   "price": "0.0000331",
   "amount": "3484.25499"
  },
  {
   "price": "0.0000338",
   "amount": "3832.40423"
  },
  {
   "price": "0.0000344",
   "amount": "4215.34078"
  },
  {
   "price": "0.00019",
   "amount": "50.898"
  },
  {
   "price": "0.0019",
   "amount": "28.401219"
  },
  {
   "price": "0.0029",
   "amount": "20"
  },
  {
   "price": "0.0101",
   "amount": "50"
  },
  {
   "price": "0.020925",
   "amount": "100"
  },
  {
   "price": "0.021",
   "amount": "51.896"
  },
  {
   "price": "0.029",
   "amount": "20"
  },
  {
   "price": "0.059",
   "amount": "20"
  },
  {
   "price": "0.079",
   "amount": "20"
  }
 ]
}