{
 "pair": "algust",
 "bids": [
  {
   "price": "0.23296",
   "amount": "3300.12239"
  },
  {
   "price": "0.23289",
   "amount": "2220.31124957"
  },
  {
   "price": "0.22597",
   "amount": "3666.44568"
  },
  {
   "price": "0.21898",
   "amount": "4073.43193"
  },
  {
   "price": "0.000121",
   "amount": "1200"
  },
  {
   "price": "0.00012",
   "amount": "25000"
  },
  {
   "price": "0.0001",
   "amount": "47000"
  },
  {
   "price": "0.00009",
   "amount": "25000"
  },
  {
   "price": "0.00001",
   "amount": "25000"
  },
  {
   "price": "0.0000021",
   "amount": "14"
  }
 ],
 "asks": [
  {
   "price": "0.23649",
   "amount": "3335.60312"
  },
  {
   "price": "0.24359",
   "amount": "3668.89895"
  },
  {
   "price": "0.25068",
   "amount": "4035.49794"
  },
  {
   "price": "2.12",
   "amount": "2"
  }
 ]
}