{
 "pair": "ampbtc",
 "bids": [
  {
   "price": "0.00014133",
   "amount": "60.0559"
  },
  {
   "price": "0.00013993",
   "amount": "60.0422"
  },
  {
   "price": "0.00013848",
   "amount": "0.04246117"
  },
  {
   "price": "0.00013718",
   "amount": "166.22148426"
  },
  {
   "price": "0.00013717",
   "amount": "63.128"
  },
  {
   "price": "0.00013576",
   "amount": "285.70219505"
  },
  {
   "price": "0.00013575",
   "amount": "72.2007"
  },
  {
   "price": "0.00013463",
   "amount": "74.2567"
  },
  {
   "price": "0.00013249",
   "amount": "68.4813"
  },
  {
   "price": "0.00013036",
   "amount": "73.6478"
  },
  {
   "price": "0.00012822",
   "amount": "2062.41912338"
  },
  {
   "price": "0.00012821",
   "amount": "71.9527"
  },
  {
   "price": "0.0001262",
   "amount": "78.6547"
  },
  {
   "price": "0.0000171",
   "amount": "30"
  },
  {
   "price": "5.1e-7",
   "amount": "1000"
  }
 ],
 "asks": [
  {
   "price": "0.00014258",
   "amount": "69.5361"
  },
  {
   "price": "0.00014278",
   "amount": "49.4897616"
  },
  {
   "price": "0.00014396",
   "amount": "66.1369"
  },
  {
   "price": "0.0001442",
   "amount": "42.97477286"
  },
  {
   "price": "0.00014543",
   "amount": "59.8831"
  },
  {
   "price": "0.00014684",
   "amount": "66.3"
  },
  {
   "price": "0.00014835",
   "amount": "59.5676"
  },
  {
   "price": "0.00014951",
   "amount": "56.5717"
  },
  {
   "price": "0.0001519",
   "amount": "59.5631"
  },
  {
   "price": "0.00015429",
   "amount": "57.0206"
  },
  {
   "price": "0.0001568",
   "amount": "56.2706"
  },
  {
   "price": "0.00015922",
   "amount": "61.7979"
  },
  {
   "price": "0.000329",
   "amount": "24.540118"
  },
  {
   "price": "0.00037",
   "amount": "8"
  },
  {
   "price": "0.000419",
   "amount": "22.3"
  },
  {
   "price": "0.0905",
   "amount": "11.976"
  }
 ]
}