{
 "pair": "ampusd",
 "bids": [
  {
   "price": "1.0019",
   "amount": "249.25122048"
  },
  {
   "price": "1.0018",
   "amount": "81.63428329"
  },
  {
   "price": "1.0017",
   "amount": "176.91878815"
  },
  {
   "price": "0.9926",
   "amount": "117.10343312"
  },
  {
   "price": "0.99151",
   "amount": "302.56880919"
  },
  {
   "price": "0.9915",
   "amount": "2.62737515"
  },
  {
   "price": "0.99",
   "amount": "8553.34758519"
  },
  {
   "price": "0.9817",
   "amount": "191.28280931"
  },
  {
   "price": "0.9716",
   "amount": "204.9022291"
  },
  {
   "price": "0.96",
   "amount": "22.7"
  },
  {
   "price": "0.958",
   "amount": "191.30177807"
  },
  {
   "price": "0.9066",
   "amount": "421.02348806"
  },
  {
   "price": "0.90651",
   "amount": "1861.53489757"
  },
  {
   "price": "0.9065",
   "amount": "177.0610027"
  },
  {
   "price": "0.9021",
   "amount": "178.57789572"
  },
  {
   "price": "0.8969",
   "amount": "216.63192042"
  },
  {
   "price": "0.8924",
   "amount": "184.16852111"
  },
  {
   "price": "0.8884",
   "amount": "381.09854688"
  },
  {
   "price": "0.8882",
   "amount": "193.01086297"
  },
  {
   "price": "0.8842",
   "amount": "190.26566438"
  },
  {
   "price": "0.8789",
   "amount": "208.3523872"
  },
  {
   "price": "0.8747",
   "amount": "190.4318664"
  },
  {
   "price": "0.871",
   "amount": "201.41049648"
  },
  {
   "price": "0.8705",
   "amount": "461.20988241"
  },
  {
   "price": "0.8526",
   "amount": "457.09293649"
  }
 ],
 "asks": [
  {
   "price": "1.0169",
   "amount": "1.86919067"
  },
  {
   "price": "1.0267",
   "amount": "200.19017"
  },
  {
   "price": "1.0268",
   "amount": "141.64552506"
  },
  {
   "price": "1.0302",
   "amount": "30.31474"
  },
  {
   "price": "1.0375",
   "amount": "163.34914007"
  },
  {
   "price": "1.0391",
   "amount": "307.73311354"
  },
  {
   "price": "1.048",
   "amount": "179.93102742"
  },
  {
   "price": "1.058",
   "amount": "40"
  },
  {
   "price": "1.0583",
   "amount": "185.46376353"
  },
  {
   "price": "1.1121",
   "amount": "174.45213841"
  },
  {
   "price": "1.1178",
   "amount": "172.85315835"
  },
  {
   "price": "1.124",
   "amount": "163.99810957"
  },
  {
   "price": "1.129",
   "amount": "147.28811204"
  },
  {
   "price": "1.13",
   "amount": "235"
  },
  {
   "price": "1.1327",
   "amount": "319.88019618"
  },
  {
   "price": "1.1345",
   "amount": "165.24747489"
  },
  {
   "price": "1.14",
   "amount": "149.96548218"
  },
  {
   "price": "1.144",
   "amount": "150"
  },
  {
   "price": "1.1445",
   "amount": "130"
  },
  {
   "price": "1.1464",
   "amount": "149.92605823"
  },
  {
   "price": "1.1515",
   "amount": "148.22160735"
  },
  {
   "price": "1.1551",
   "amount": "328.09403224"
  },
  {
   "price": "1.156",
   "amount": "190"
  },
  {
   "price": "1.1562",
   "amount": "165"
  },
  {
   "price": "1.158",
   "amount": "172"
  }
 ]
}