{
 "pair": "ampust",
 "bids": [
  {
   "price": "1.0123",
   "amount": "132.82285522"
  },
  {
   "price": "1.0019",
   "amount": "179.48266467"
  },
  {
   "price": "0.9931",
   "amount": "61.49646057"
  },
  {
   "price": "0.993",
   "amount": "391.78294134"
  },
  {
   "price": "0.9925",
   "amount": "10.58293439"
  },
  {
   "price": "0.9822",
   "amount": "199.63692379"
  },
  {
   "price": "0.97224",
   "amount": "129.88247756"
  },
  {
   "price": "0.97223",
   "amount": "299.49340237"
  },
  {
   "price": "0.9722",
   "amount": "205.52009973"
  },
  {
   "price": "0.9583",
   "amount": "199.81296274"
  },
  {
   "price": "0.953",
   "amount": "200.40264129"
  },
  {
   "price": "0.948",
   "amount": "180.48911356"
  },
  {
   "price": "0.9438",
   "amount": "186.59090641"
  },
  {
   "price": "0.9387",
   "amount": "187.12968252"
  },
  {
   "price": "0.9344",
   "amount": "190.92361442"
  },
  {
   "price": "0.9291",
   "amount": "196.01139236"
  },
  {
   "price": "0.925",
   "amount": "216.62717621"
  },
  {
   "price": "0.9206",
   "amount": "190.74155286"
  },
  {
   "price": "0.9159",
   "amount": "177.90090422"
  },
  {
   "price": "0.8964",
   "amount": "440.69371339"
  },
  {
   "price": "0.8788",
   "amount": "400.65272382"
  },
  {
   "price": "0.8607",
   "amount": "376.35470369"
  },
  {
   "price": "0.844",
   "amount": "402.927961"
  },
  {
   "price": "0.8266",
   "amount": "427.28742004"
  },
  {
   "price": "0.78",
   "amount": "75.67914"
  }
 ],
 "asks": [
  {
   "price": "1.0181",
   "amount": "191.09320262"
  },
  {
   "price": "1.0219",
   "amount": "30.734954"
  },
  {
   "price": "1.0287",
   "amount": "117.69694943"
  },
  {
   "price": "1.0388",
   "amount": "155.5250753"
  },
  {
   "price": "1.0491",
   "amount": "178.7341307"
  },
  {
   "price": "1.06",
   "amount": "162.10611837"
  },
  {
   "price": "1.07",
   "amount": "175.63486166"
  },
  {
   "price": "1.0754",
   "amount": "149.58105329"
  },
  {
   "price": "1.0807",
   "amount": "183.80387762"
  },
  {
   "price": "1.0865",
   "amount": "170.45354621"
  },
  {
   "price": "1.0916",
   "amount": "153.3276026"
  },
  {
   "price": "1.0974",
   "amount": "176.98693807"
  },
  {
   "price": "1.1028",
   "amount": "153.122392"
  },
  {
   "price": "1.1086",
   "amount": "150.6790139"
  },
  {
   "price": "1.1142",
   "amount": "147.83634285"
  },
  {
   "price": "1.1191",
   "amount": "167.94308231"
  },
  {
   "price": "1.1245",
   "amount": "287.80974989"
  },
  {
   "price": "1.1467",
   "amount": "345.00019999"
  },
  {
   "price": "1.1693",
   "amount": "273.49718397"
  },
  {
   "price": "1.1931",
   "amount": "326.48427522"
  },
  {
   "price": "1.2162",
   "amount": "314.87405552"
  },
  {
   "price": "1.2431",
   "amount": "15.4"
  },
  {
   "price": "1.278",
   "amount": "6"
  },
  {
   "price": "1.5522",
   "amount": "2000"
  },
  {
   "price": "1.85",
   "amount": "2.5"
  }
 ]
}