{
 "pair": "antbtc",
 "bids": [
  {
   "price": "0.00006006",
   "amount": "327.1"
  },
  {
   "price": "0.00006",
   "amount": "1000"
  },
  {
   "price": "0.00005953",
   "amount": "83.12551953"
  },
  {
   "price": "0.00005906",
   "amount": "222"
  },
  {
   "price": "0.00005845",
   "amount": "339"
  },
  {
   "price": "0.00005785",
   "amount": "915.5230506"
  },
  {
   "price": "0.00005724",
   "amount": "552"
  },
  {
   "price": "0.0000567",
   "amount": "22"
  },
  {
   "price": "0.00005663",
   "amount": "979"
  },
  {
   "price": "0.00005176",
   "amount": "3733.19174871"
  },
  {
   "price": "0.00004645",
   "amount": "85"
  },
  {
   "price": "0.00003592",
   "amount": "200"
  },
  {
   "price": "0.00002701",
   "amount": "101.528693"
  },
  {
   "price": "0.00002612",
   "amount": "120"
  },
  {
   "price": "0.000025",
   "amount": "120"
  },
  {
   "price": "0.00001635",
   "amount": "20"
  },
  {
   "price": "0.00001632",
   "amount": "10000"
  },
  {
   "price": "0.00001601",
   "amount": "10000"
  },
  {
   "price": "0.00001586",
   "amount": "500"
  },
  {
   "price": "0.00000922",
   "amount": "4500"
  },
  {
   "price": "0.00000608",
   "amount": "700"
  },
  {
   "price": "0.00000305",
   "amount": "1000"
  },
  {
   "price": "0.0000011",
   "amount": "2500"
  },
  {
   "price": "0.000001",
   "amount": "5000"
  },
  {
   "price": "1.3e-7",
   "amount": "5000"
  }
 ],
 "asks": [
  {
   "price": "0.00006164",
   "amount": "83.64278549"
  },
  {
   "price": "0.00006165",
   "amount": "989.60330614"
  },
  {
   "price": "0.00006228",
   "amount": "83.12551953"
  },
  {
   "price": "0.00006334",
   "amount": "368"
  },
  {
   "price": "0.00006394",
   "amount": "298"
  },
  {
   "price": "0.00006455",
   "amount": "597"
  },
  {
   "price": "0.00006516",
   "amount": "987"
  },
  {
   "price": "0.00007003",
   "amount": "2649"
  },
  {
   "price": "0.0001379",
   "amount": "12.652994"
  },
  {
   "price": "0.00014247",
   "amount": "19.961649"
  },
  {
   "price": "0.00014994",
   "amount": "33.5761411"
  },
  {
   "price": "0.000175",
   "amount": "20"
  },
  {
   "price": "0.000234",
   "amount": "6"
  },
  {
   "price": "0.000235",
   "amount": "133.791"
  },
  {
   "price": "0.00024938",
   "amount": "45.96686465"
  },
  {
   "price": "0.00024969",
   "amount": "219.58"
  },
  {
   "price": "0.0003",
   "amount": "3304.92519109"
  },
  {
   "price": "0.0003024",
   "amount": "103.07143"
  },
  {
   "price": "0.0004",
   "amount": "6"
  },
  {
   "price": "0.00044",
   "amount": "345.654"
  },
  {
   "price": "0.000459",
   "amount": "40"
  },
  {
   "price": "0.00046",
   "amount": "1000"
  },
  {
   "price": "0.0005198",
   "amount": "49.95"
  },
  {
   "price": "0.0005408",
   "amount": "25"
  },
  {
   "price": "0.00071",
   "amount": "10.1319513"
  }
 ]
}