{
 "pair": "anteth",
 "bids": [
  {
   "price": "0.0033506",
   "amount": "129.73883536"
  },
  {
   "price": "0.0033397",
   "amount": "211"
  },
  {
   "price": "0.0033071",
   "amount": "302.3786"
  },
  {
   "price": "0.0033053",
   "amount": "345"
  },
  {
   "price": "0.0032709",
   "amount": "266"
  },
  {
   "price": "0.0032702",
   "amount": "55.04233673"
  },
  {
   "price": "0.0032383",
   "amount": "521.10675354"
  },
  {
   "price": "0.0032364",
   "amount": "541"
  },
  {
   "price": "0.003202",
   "amount": "950"
  },
  {
   "price": "0.00307",
   "amount": "100"
  },
  {
   "price": "0.00306",
   "amount": "200"
  },
  {
   "price": "0.0030503",
   "amount": "223.36671901"
  },
  {
   "price": "0.0029266",
   "amount": "2877"
  },
  {
   "price": "0.0025",
   "amount": "40"
  },
  {
   "price": "0.0024161",
   "amount": "2000"
  },
  {
   "price": "0.00191",
   "amount": "140"
  },
  {
   "price": "0.0014",
   "amount": "8"
  },
  {
   "price": "0.0012237",
   "amount": "4000"
  },
  {
   "price": "0.0011925",
   "amount": "419.3"
  },
  {
   "price": "0.00026977",
   "amount": "924.5"
  },
  {
   "price": "0.000269",
   "amount": "20"
  },
  {
   "price": "0.00022115",
   "amount": "100"
  },
  {
   "price": "0.00022104",
   "amount": "30"
  },
  {
   "price": "0.0001401",
   "amount": "100"
  },
  {
   "price": "0.00014002",
   "amount": "10000"
  }
 ],
 "asks": [
  {
   "price": "0.0036316",
   "amount": "36.49999999"
  },
  {
   "price": "0.0036416",
   "amount": "13.2"
  },
  {
   "price": "0.0036496",
   "amount": "560"
  },
  {
   "price": "0.003684",
   "amount": "856"
  },
  {
   "price": "0.0039595",
   "amount": "2839"
  },
  {
   "price": "0.0044144",
   "amount": "13.1407175"
  },
  {
   "price": "0.005",
   "amount": "24.731646"
  },
  {
   "price": "0.0058144",
   "amount": "18"
  },
  {
   "price": "0.0065",
   "amount": "2909.46782274"
  },
  {
   "price": "0.00749",
   "amount": "207.77450588"
  },
  {
   "price": "0.00998",
   "amount": "193.734472"
  },
  {
   "price": "0.00999",
   "amount": "40"
  },
  {
   "price": "0.01",
   "amount": "4253.19812747"
  },
  {
   "price": "0.010021",
   "amount": "2303.72749274"
  },
  {
   "price": "0.010055",
   "amount": "2283.7945567"
  },
  {
   "price": "0.01007",
   "amount": "2268.15984466"
  },
  {
   "price": "0.010087",
   "amount": "4355.43142289"
  },
  {
   "price": "0.010099",
   "amount": "2188.69778048"
  },
  {
   "price": "0.010131",
   "amount": "2212.7535613"
  },
  {
   "price": "0.010134",
   "amount": "2241.89622981"
  },
  {
   "price": "0.010141",
   "amount": "2214.71943518"
  },
  {
   "price": "0.01019",
   "amount": "2321.11346125"
  },
  {
   "price": "0.010264",
   "amount": "2286.08964648"
  },
  {
   "price": "0.010276",
   "amount": "2285.83238011"
  },
  {
   "price": "0.010277",
   "amount": "2089.40559474"
  }
 ]
}