{
 "pair": "antusd",
 "bids": [
  {
   "price": "0.41092",
   "amount": "1216.80010717"
  },
  {
   "price": "0.41091",
   "amount": "730.08688034"
  },
  {
   "price": "0.4109",
   "amount": "542"
  },
  {
   "price": "0.40653",
   "amount": "805"
  },
  {
   "price": "0.394",
   "amount": "40"
  },
  {
   "price": "0.38791",
   "amount": "36"
  },
  {
   "price": "0.37156",
   "amount": "2608"
  },
  {
   "price": "0.36251",
   "amount": "25"
  },
  {
   "price": "0.36",
   "amount": "7.5"
  },
  {
   "price": "0.3168",
   "amount": "50"
  },
  {
   "price": "0.3",
   "amount": "10.45482268"
  },
  {
   "price": "0.15859",
   "amount": "200"
  },
  {
   "price": "0.1291",
   "amount": "38.615"
  },
  {
   "price": "0.12601",
   "amount": "122.220458"
  },
  {
   "price": "0.07",
   "amount": "5000"
  },
  {
   "price": "0.060001",
   "amount": "156.766"
  },
  {
   "price": "0.056",
   "amount": "20"
  },
  {
   "price": "0.055",
   "amount": "1000"
  },
  {
   "price": "0.0121",
   "amount": "200"
  },
  {
   "price": "0.012",
   "amount": "2000"
  },
  {
   "price": "0.0090941",
   "amount": "100"
  },
  {
   "price": "0.0032",
   "amount": "8000"
  },
  {
   "price": "0.00245",
   "amount": "1000"
  },
  {
   "price": "0.002301",
   "amount": "20000"
  },
  {
   "price": "0.0023",
   "amount": "20000"
  }
 ],
 "asks": [
  {
   "price": "0.45005",
   "amount": "33.32963"
  },
  {
   "price": "0.45024",
   "amount": "221"
  },
  {
   "price": "0.45461",
   "amount": "395"
  },
  {
   "price": "0.45898",
   "amount": "288"
  },
  {
   "price": "0.46335",
   "amount": "560"
  },
  {
   "price": "0.46773",
   "amount": "809"
  },
  {
   "price": "0.5027",
   "amount": "2955"
  },
  {
   "price": "0.73398",
   "amount": "139"
  },
  {
   "price": "0.85499",
   "amount": "144.099792"
  },
  {
   "price": "0.885",
   "amount": "36.358764"
  },
  {
   "price": "0.95",
   "amount": "14.9"
  },
  {
   "price": "1.0974",
   "amount": "13.034"
  },
  {
   "price": "1.1599",
   "amount": "59.25"
  },
  {
   "price": "1.16",
   "amount": "504"
  },
  {
   "price": "1.19",
   "amount": "500"
  },
  {
   "price": "1.2",
   "amount": "6.993"
  },
  {
   "price": "1.24",
   "amount": "500"
  },
  {
   "price": "1.38",
   "amount": "100"
  },
  {
   "price": "1.4",
   "amount": "150"
  },
  {
   "price": "1.49",
   "amount": "4"
  },
  {
   "price": "1.84",
   "amount": "34.062621"
  },
  {
   "price": "1.85",
   "amount": "59.5"
  },
  {
   "price": "1.9",
   "amount": "40"
  },
  {
   "price": "1.92",
   "amount": "797"
  },
  {
   "price": "2.597",
   "amount": "6"
  }
 ]
}