{
 "pair": "atmeth",
 "bids": [
  {
   "price": "0.00000133",
   "amount": "84689.4545"
  },
  {
   "price": "0.00000112",
   "amount": "100568.7272"
  },
  {
   "price": "0.00000111",
   "amount": "2232444.5396"
  },
  {
   "price": "0.0000011",
   "amount": "100000"
  },
  {
   "price": "8e-7",
   "amount": "374000"
  },
  {
   "price": "2e-7",
   "amount": "100000"
  },
  {
   "price": "1.2e-7",
   "amount": "100000"
  },
  {
   "price": "1e-7",
   "amount": "1000000"
  },
  {
   "price": "9e-8",
   "amount": "100000"
  },
  {
   "price": "3e-8",
   "amount": "256000"
  },
  {
   "price": "2e-8",
   "amount": "1010000"
  }
 ],
 "asks": [
  {
   "price": "0.00000361",
   "amount": "40074.7823"
  },
  {
   "price": "0.00000362",
   "amount": "44062.58188268"
  },
  {
   "price": "0.00000363",
   "amount": "40596.23401909"
  },
  {
   "price": "0.00000382",
   "amount": "119207.06205593"
  },
  {
   "price": "0.00000385",
   "amount": "37141.050277"
  },
  {
   "price": "0.00000398",
   "amount": "12808.949723"
  },
  {
   "price": "0.000004",
   "amount": "73186.24890502"
  },
  {
   "price": "0.0000069",
   "amount": "15301.38"
  },
  {
   "price": "0.00000948",
   "amount": "91279.3701"
  },
  {
   "price": "0.0000095",
   "amount": "71711.2181427"
  },
  {
   "price": "0.0000099",
   "amount": "26834.139"
  },
  {
   "price": "0.0000109",
   "amount": "29245.90703449"
  },
  {
   "price": "0.0000128",
   "amount": "157242.03765699"
  },
  {
   "price": "0.000015",
   "amount": "15301.39"
  },
  {
   "price": "0.0000188",
   "amount": "35100"
  },
  {
   "price": "0.00001998",
   "amount": "33907.53923692"
  },
  {
   "price": "0.00002388",
   "amount": "20000"
  },
  {
   "price": "0.00002688",
   "amount": "125742.46076308"
  },
  {
   "price": "0.000035",
   "amount": "15301.38"
  },
  {
   "price": "0.000039",
   "amount": "12365.99095"
  },
  {
   "price": "0.00004125",
   "amount": "8393.20048823"
  },
  {
   "price": "0.0000413",
   "amount": "19980"
  },
  {
   "price": "0.00004133",
   "amount": "4000"
  },
  {
   "price": "0.00004167",
   "amount": "95866.97584348"
  },
  {
   "price": "0.00004233",
   "amount": "3000"
  }
 ]
}