{
 "pair": "atmusd",
 "bids": [
  {
   "price": "0.00012019",
   "amount": "30000"
  },
  {
   "price": "0.00012",
   "amount": "100000"
  },
  {
   "price": "0.00010031",
   "amount": "5029.30165985"
  },
  {
   "price": "0.0001",
   "amount": "634456"
  },
  {
   "price": "0.00009",
   "amount": "10000"
  },
  {
   "price": "0.00005895",
   "amount": "16930"
  },
  {
   "price": "0.0000171",
   "amount": "500000"
  },
  {
   "price": "0.00001707",
   "amount": "500000"
  },
  {
   "price": "0.0000121",
   "amount": "200000"
  },
  {
   "price": "0.000011",
   "amount": "50000"
  },
  {
   "price": "0.00001",
   "amount": "650000"
  },
  {
   "price": "0.0000015",
   "amount": "500000"
  },
  {
   "price": "0.0000011",
   "amount": "800000"
  },
  {
   "price": "0.000001",
   "amount": "1000000"
  },
  {
   "price": "1.1e-7",
   "amount": "3500000"
  },
  {
   "price": "1e-7",
   "amount": "3500000"
  },
  {
   "price": "1e-8",
   "amount": "4000000"
  }
 ],
 "asks": [
  {
   "price": "0.00026971",
   "amount": "71695.145883"
  },
  {
   "price": "0.00026999",
   "amount": "61282.728717"
  },
  {
   "price": "0.00027",
   "amount": "52384.0207511"
  },
  {
   "price": "0.000313",
   "amount": "50000"
  },
  {
   "price": "0.00034123",
   "amount": "43472.960975"
  },
  {
   "price": "0.00044899",
   "amount": "75000"
  },
  {
   "price": "0.0004496",
   "amount": "37061.368622"
  },
  {
   "price": "0.000679",
   "amount": "25010"
  },
  {
   "price": "0.000712",
   "amount": "9630.35"
  },
  {
   "price": "0.00071883",
   "amount": "27142.565661"
  },
  {
   "price": "0.000788",
   "amount": "19000"
  },
  {
   "price": "0.0008",
   "amount": "153313.45007601"
  },
  {
   "price": "0.000837",
   "amount": "14985"
  },
  {
   "price": "0.00084",
   "amount": "200000"
  },
  {
   "price": "0.00088",
   "amount": "200000"
  },
  {
   "price": "0.00094",
   "amount": "200000"
  },
  {
   "price": "0.0009737",
   "amount": "20975"
  },
  {
   "price": "0.00099",
   "amount": "200000"
  },
  {
   "price": "0.001",
   "amount": "6365.23"
  },
  {
   "price": "0.0010781",
   "amount": "12153.84464586"
  },
  {
   "price": "0.001152",
   "amount": "7991"
  },
  {
   "price": "0.0012",
   "amount": "99900"
  },
  {
   "price": "0.00129",
   "amount": "5402"
  },
  {
   "price": "0.0013286",
   "amount": "19992.01119783"
  },
  {
   "price": "0.00134",
   "amount": "8320"
  }
 ]
}