{
 "pair": "atoeth",
 "bids": [
  {
   "price": "0.032535",
   "amount": "6.08828006"
  },
  {
   "price": "0.022779",
   "amount": "84.59803946"
  },
  {
   "price": "0.02192",
   "amount": "4.222128"
  },
  {
   "price": "0.0219",
   "amount": "1"
  },
  {
   "price": "0.01803",
   "amount": "5.9"
  },
  {
   "price": "0.0165",
   "amount": "10"
  },
  {
   "price": "0.01207",
   "amount": "7"
  },
  {
   "price": "0.01206",
   "amount": "550"
  },
  {
   "price": "0.0090215",
   "amount": "1.108"
  },
  {
   "price": "0.0045108",
   "amount": "2.217"
  },
  {
   "price": "0.0022554",
   "amount": "4.434"
  },
  {
   "price": "0.000107",
   "amount": "250"
  },
  {
   "price": "0.000105",
   "amount": "500"
  },
  {
   "price": "0.0000521",
   "amount": "350"
  },
  {
   "price": "0.00005",
   "amount": "1000"
  },
  {
   "price": "0.000025",
   "amount": "1000"
  },
  {
   "price": "0.000021",
   "amount": "350"
  },
  {
   "price": "0.00002",
   "amount": "1004"
  },
  {
   "price": "0.0000101",
   "amount": "5000"
  },
  {
   "price": "0.00001",
   "amount": "5000"
  },
  {
   "price": "0.0000021",
   "amount": "5000"
  },
  {
   "price": "0.000002",
   "amount": "10000"
  },
  {
   "price": "0.000001",
   "amount": "50000"
  },
  {
   "price": "3e-7",
   "amount": "9500"
  },
  {
   "price": "2e-7",
   "amount": "100000"
  }
 ],
 "asks": [
  {
   "price": "0.033587",
   "amount": "6.06777707"
  },
  {
   "price": "0.036",
   "amount": "100"
  },
  {
   "price": "0.039",
   "amount": "100"
  },
  {
   "price": "0.04676",
   "amount": "20"
  },
  {
   "price": "0.09176",
   "amount": "10"
  },
  {
   "price": "0.22",
   "amount": "2"
  },
  {
   "price": "0.22311",
   "amount": "15"
  },
  {
   "price": "0.5",
   "amount": "5.28295244"
  },
  {
   "price": "0.89",
   "amount": "2"
  },
  {
   "price": "8.9",
   "amount": "3"
  },
  {
   "price": "9.08",
   "amount": "3.5928"
  }
 ]
}