{
 "pair": "atousd",
 "bids": [
  {
   "price": "4.2",
   "amount": "0.00001244"
  },
  {
   "price": "4.1229",
   "amount": "2.43740211"
  },
  {
   "price": "4.0898",
   "amount": "2.43740211"
  },
  {
   "price": "4.0668",
   "amount": "2.3511228"
  },
  {
   "price": "3.6818",
   "amount": "10"
  },
  {
   "price": "3.681",
   "amount": "99"
  },
  {
   "price": "3.68",
   "amount": "99"
  },
  {
   "price": "3.638",
   "amount": "90"
  },
  {
   "price": "3.6371",
   "amount": "5.49888646"
  },
  {
   "price": "3.5",
   "amount": "31.911818"
  },
  {
   "price": "3.39",
   "amount": "2.358992"
  },
  {
   "price": "3.38",
   "amount": "10"
  },
  {
   "price": "3.36",
   "amount": "2.97619048"
  },
  {
   "price": "3.27",
   "amount": "4.363922"
  },
  {
   "price": "3.21",
   "amount": "35.44"
  },
  {
   "price": "3.2",
   "amount": "88.811999"
  },
  {
   "price": "3.119",
   "amount": "5.77"
  },
  {
   "price": "3.11",
   "amount": "10"
  },
  {
   "price": "3.1",
   "amount": "525"
  },
  {
   "price": "3.0577",
   "amount": "3.5"
  },
  {
   "price": "2.8952",
   "amount": "103"
  },
  {
   "price": "2.8",
   "amount": "20"
  },
  {
   "price": "2.7204",
   "amount": "110"
  },
  {
   "price": "2.68",
   "amount": "20"
  },
  {
   "price": "2.6",
   "amount": "200"
  }
 ],
 "asks": [
  {
   "price": "4.495",
   "amount": "217.45686235"
  },
  {
   "price": "4.5",
   "amount": "2369.8493719"
  },
  {
   "price": "4.53",
   "amount": "118.02819862"
  },
  {
   "price": "4.65",
   "amount": "29"
  },
  {
   "price": "4.7",
   "amount": "230.9"
  },
  {
   "price": "4.7489",
   "amount": "200"
  },
  {
   "price": "4.75",
   "amount": "791.849831"
  },
  {
   "price": "4.8",
   "amount": "80.61783067"
  },
  {
   "price": "4.807",
   "amount": "10.191715"
  },
  {
   "price": "4.81",
   "amount": "10"
  },
  {
   "price": "4.85",
   "amount": "100"
  },
  {
   "price": "4.9848",
   "amount": "2.0909"
  },
  {
   "price": "5",
   "amount": "25"
  },
  {
   "price": "5.02",
   "amount": "10"
  },
  {
   "price": "5.079",
   "amount": "300"
  },
  {
   "price": "5.2",
   "amount": "60"
  },
  {
   "price": "5.3394",
   "amount": "2.5"
  },
  {
   "price": "5.3395",
   "amount": "27"
  },
  {
   "price": "5.3994",
   "amount": "19.96"
  },
  {
   "price": "5.46",
   "amount": "100"
  },
  {
   "price": "5.4618",
   "amount": "500"
  },
  {
   "price": "5.5",
   "amount": "20"
  },
  {
   "price": "5.85",
   "amount": "100"
  },
  {
   "price": "5.9",
   "amount": "2"
  },
  {
   "price": "5.97",
   "amount": "100"
  }
 ]
}