{
 "pair": "aucbtc",
 "bids": [
  {
   "price": "1.3e-7",
   "amount": "112777"
  },
  {
   "price": "6e-8",
   "amount": "10000"
  },
  {
   "price": "5e-8",
   "amount": "348.4"
  },
  {
   "price": "2e-8",
   "amount": "300000"
  },
  {
   "price": "1e-8",
   "amount": "300000"
  }
 ],
 "asks": [
  {
   "price": "0.00000174",
   "amount": "10764.73241434"
  },
  {
   "price": "0.00000181",
   "amount": "6646.301221"
  },
  {
   "price": "0.0000024",
   "amount": "369"
  },
  {
   "price": "0.0000025",
   "amount": "14596.96307977"
  },
  {
   "price": "0.0000121",
   "amount": "1998"
  },
  {
   "price": "0.0000155",
   "amount": "398"
  },
  {
   "price": "0.00001643",
   "amount": "1498.5"
  },
  {
   "price": "0.00001645",
   "amount": "500"
  },
  {
   "price": "0.000017",
   "amount": "582.66250407"
  },
  {
   "price": "0.0000175",
   "amount": "2000"
  },
  {
   "price": "0.0000221",
   "amount": "17424.38570367"
  },
  {
   "price": "0.00002336",
   "amount": "780"
  },
  {
   "price": "0.0000235",
   "amount": "2000"
  },
  {
   "price": "0.0000245",
   "amount": "2800"
  },
  {
   "price": "0.00002512",
   "amount": "550.55151111"
  },
  {
   "price": "0.00002683",
   "amount": "3000"
  },
  {
   "price": "0.00003232",
   "amount": "1809.82725"
  },
  {
   "price": "0.0000355",
   "amount": "2612.95280999"
  },
  {
   "price": "0.000038",
   "amount": "500"
  },
  {
   "price": "0.000043",
   "amount": "2000"
  },
  {
   "price": "0.000159",
   "amount": "4000"
  },
  {
   "price": "0.00016",
   "amount": "1000"
  },
  {
   "price": "0.000195",
   "amount": "200"
  },
  {
   "price": "0.000196",
   "amount": "195"
  },
  {
   "price": "0.000197",
   "amount": "500.93617356"
  }
 ]
}