{
 "pair": "auceth",
 "bids": [
  {
   "price": "0.00000829",
   "amount": "132823.90711701"
  },
  {
   "price": "0.00000827",
   "amount": "4232.16444981"
  },
  {
   "price": "0.00000511",
   "amount": "97847.3576"
  },
  {
   "price": "0.0000051",
   "amount": "3000"
  },
  {
   "price": "0.0000031",
   "amount": "5000"
  },
  {
   "price": "0.00000217",
   "amount": "100000"
  },
  {
   "price": "0.0000016",
   "amount": "7500"
  },
  {
   "price": "0.00000159",
   "amount": "50000"
  },
  {
   "price": "0.00000156",
   "amount": "7159"
  },
  {
   "price": "0.00000128",
   "amount": "8500"
  },
  {
   "price": "0.00000101",
   "amount": "1000"
  },
  {
   "price": "0.000001",
   "amount": "300000"
  },
  {
   "price": "2.5e-7",
   "amount": "80000"
  },
  {
   "price": "1.6e-7",
   "amount": "130000"
  },
  {
   "price": "1.5e-7",
   "amount": "10000"
  },
  {
   "price": "4e-8",
   "amount": "300000"
  },
  {
   "price": "3e-8",
   "amount": "153500"
  },
  {
   "price": "2e-8",
   "amount": "305000"
  }
 ],
 "asks": [
  {
   "price": "0.00003498",
   "amount": "33333"
  },
  {
   "price": "0.000035",
   "amount": "9896.080333"
  },
  {
   "price": "0.000037",
   "amount": "1000"
  },
  {
   "price": "0.000042",
   "amount": "29969.99999999"
  },
  {
   "price": "0.000055",
   "amount": "1700"
  },
  {
   "price": "0.000065",
   "amount": "5249.79853653"
  },
  {
   "price": "0.000079",
   "amount": "4000"
  },
  {
   "price": "0.000089",
   "amount": "4995"
  },
  {
   "price": "0.000102",
   "amount": "5990"
  },
  {
   "price": "0.000103",
   "amount": "4995"
  },
  {
   "price": "0.0001114",
   "amount": "4995"
  },
  {
   "price": "0.0002469",
   "amount": "5493"
  },
  {
   "price": "0.00026955",
   "amount": "1248.08717492"
  },
  {
   "price": "0.0004387",
   "amount": "500"
  },
  {
   "price": "0.0004388",
   "amount": "1568.57306667"
  },
  {
   "price": "0.0004389",
   "amount": "2997"
  },
  {
   "price": "0.000439",
   "amount": "638.00129844"
  },
  {
   "price": "0.0004395",
   "amount": "691.78376068"
  },
  {
   "price": "0.0005",
   "amount": "456.55667208"
  },
  {
   "price": "0.000545",
   "amount": "3000"
  },
  {
   "price": "0.000555",
   "amount": "15410"
  },
  {
   "price": "0.00299",
   "amount": "1980"
  },
  {
   "price": "0.003082",
   "amount": "715.4"
  },
  {
   "price": "0.039",
   "amount": "5000"
  },
  {
   "price": "0.0495",
   "amount": "554.99445"
  }
 ]
}