{
 "pair": "avtusd",
 "bids": [
  {
   "price": "0.0659",
   "amount": "1500"
  },
  {
   "price": "0.064019",
   "amount": "100"
  },
  {
   "price": "0.060007",
   "amount": "100"
  },
  {
   "price": "0.060006",
   "amount": "200"
  },
  {
   "price": "0.06",
   "amount": "1000"
  },
  {
   "price": "0.0519",
   "amount": "96.34"
  },
  {
   "price": "0.05",
   "amount": "1132"
  },
  {
   "price": "0.03",
   "amount": "2167"
  },
  {
   "price": "0.02612",
   "amount": "10000"
  },
  {
   "price": "0.025",
   "amount": "530"
  },
  {
   "price": "0.023124",
   "amount": "100"
  },
  {
   "price": "0.021",
   "amount": "1000"
  },
  {
   "price": "0.0201",
   "amount": "100"
  },
  {
   "price": "0.015555",
   "amount": "230"
  },
  {
   "price": "0.0134",
   "amount": "10331.20260194"
  },
  {
   "price": "0.013",
   "amount": "1300"
  },
  {
   "price": "0.0123",
   "amount": "30000"
  },
  {
   "price": "0.0121",
   "amount": "2000"
  },
  {
   "price": "0.0111",
   "amount": "2000"
  },
  {
   "price": "0.011",
   "amount": "1100"
  },
  {
   "price": "0.01",
   "amount": "4040"
  },
  {
   "price": "0.009",
   "amount": "100"
  },
  {
   "price": "0.0087309",
   "amount": "1000"
  },
  {
   "price": "0.008",
   "amount": "2000"
  },
  {
   "price": "0.0057551",
   "amount": "1000"
  }
 ],
 "asks": [
  {
   "price": "0.102",
   "amount": "145.006834"
  },
  {
   "price": "0.105",
   "amount": "100"
  },
  {
   "price": "0.107",
   "amount": "100"
  },
  {
   "price": "0.11",
   "amount": "100"
  },
  {
   "price": "0.11299",
   "amount": "214.13654535"
  },
  {
   "price": "0.113",
   "amount": "100"
  },
  {
   "price": "0.12",
   "amount": "500"
  },
  {
   "price": "0.131",
   "amount": "99.9"
  },
  {
   "price": "0.13199",
   "amount": "262.222363"
  },
  {
   "price": "0.1325",
   "amount": "88.2665994"
  },
  {
   "price": "0.13289",
   "amount": "521"
  },
  {
   "price": "0.133",
   "amount": "1341.66"
  },
  {
   "price": "0.139",
   "amount": "819.089263"
  },
  {
   "price": "0.14355",
   "amount": "229.76999999"
  },
  {
   "price": "0.145",
   "amount": "623.871937"
  },
  {
   "price": "0.14551",
   "amount": "59.94"
  },
  {
   "price": "0.14648",
   "amount": "111"
  },
  {
   "price": "0.149",
   "amount": "238"
  },
  {
   "price": "0.1498",
   "amount": "129.88"
  },
  {
   "price": "0.15",
   "amount": "1068.93"
  },
  {
   "price": "0.1515",
   "amount": "407.592"
  },
  {
   "price": "0.15199",
   "amount": "5000"
  },
  {
   "price": "0.154",
   "amount": "9738.95582041"
  },
  {
   "price": "0.156",
   "amount": "997.99"
  },
  {
   "price": "0.1582",
   "amount": "1500"
  }
 ]
}