{
 "pair": "babbtc",
 "bids": [
  {
   "price": "0.026334",
   "amount": "4.99046165"
  },
  {
   "price": "0.02633",
   "amount": "1.25"
  },
  {
   "price": "0.026329",
   "amount": "3.228"
  },
  {
   "price": "0.026325",
   "amount": "4.2604883"
  },
  {
   "price": "0.026321",
   "amount": "1.615"
  },
  {
   "price": "0.026319",
   "amount": "2.75808174"
  },
  {
   "price": "0.026316",
   "amount": "13.52366642"
  },
  {
   "price": "0.026315",
   "amount": "7.58793772"
  },
  {
   "price": "0.026314",
   "amount": "1.473"
  },
  {
   "price": "0.02631",
   "amount": "16.775282"
  },
  {
   "price": "0.026308",
   "amount": "0.800717"
  },
  {
   "price": "0.026301",
   "amount": "26.501"
  },
  {
   "price": "0.0263",
   "amount": "10.64063"
  },
  {
   "price": "0.02629",
   "amount": "10.64304"
  },
  {
   "price": "0.02628",
   "amount": "21.29596"
  },
  {
   "price": "0.02627",
   "amount": "10.64798"
  },
  {
   "price": "0.026269",
   "amount": "20"
  },
  {
   "price": "0.026262",
   "amount": "6.6"
  },
  {
   "price": "0.02626",
   "amount": "10.64798"
  },
  {
   "price": "0.026257",
   "amount": "7.58930079"
  },
  {
   "price": "0.02625",
   "amount": "21.29596"
  },
  {
   "price": "0.026233",
   "amount": "23.77"
  },
  {
   "price": "0.026225",
   "amount": "7"
  },
  {
   "price": "0.026219",
   "amount": "45.04435678"
  },
  {
   "price": "0.026179",
   "amount": "3.27227889"
  }
 ],
 "asks": [
  {
   "price": "0.026356",
   "amount": "1.25"
  },
  {
   "price": "0.026357",
   "amount": "1.05783975"
  },
  {
   "price": "0.026361",
   "amount": "2"
  },
  {
   "price": "0.026362",
   "amount": "74.999"
  },
  {
   "price": "0.026372",
   "amount": "1.25"
  },
  {
   "price": "0.026373",
   "amount": "26.229"
  },
  {
   "price": "0.026396",
   "amount": "1.616493"
  },
  {
   "price": "0.026397",
   "amount": "5.94197587"
  },
  {
   "price": "0.0264",
   "amount": "10.60318"
  },
  {
   "price": "0.026402",
   "amount": "6.73"
  },
  {
   "price": "0.026403",
   "amount": "17.12875942"
  },
  {
   "price": "0.026404",
   "amount": "45.13778271"
  },
  {
   "price": "0.026407",
   "amount": "2.75808174"
  },
  {
   "price": "0.02641",
   "amount": "16.11577348"
  },
  {
   "price": "0.026414",
   "amount": "8.27424522"
  },
  {
   "price": "0.026431",
   "amount": "20"
  },
  {
   "price": "0.026432",
   "amount": "2.87119068"
  },
  {
   "price": "0.026437",
   "amount": "13"
  },
  {
   "price": "0.026457",
   "amount": "23.76"
  },
  {
   "price": "0.026458",
   "amount": "13"
  },
  {
   "price": "0.026505",
   "amount": "42.29450314"
  },
  {
   "price": "0.026506",
   "amount": "237.25"
  },
  {
   "price": "0.02652",
   "amount": "3.34803016"
  },
  {
   "price": "0.026521",
   "amount": "148.999"
  },
  {
   "price": "0.02653",
   "amount": "8.77"
  }
 ]
}