{
 "pair": "babust",
 "bids": [
  {
   "price": "188.09",
   "amount": "3.92299622"
  },
  {
   "price": "187.84",
   "amount": "18.51511482"
  },
  {
   "price": "187.78",
   "amount": "13"
  },
  {
   "price": "187.77",
   "amount": "7.58699547"
  },
  {
   "price": "186.98",
   "amount": "1.29285678"
  },
  {
   "price": "186.97",
   "amount": "1.25376754"
  },
  {
   "price": "186.68",
   "amount": "0.13264711"
  },
  {
   "price": "186.32",
   "amount": "186.30107423"
  },
  {
   "price": "186.31",
   "amount": "1.56286013"
  },
  {
   "price": "186.26",
   "amount": "1.69222957"
  },
  {
   "price": "186.19",
   "amount": "1.12942081"
  },
  {
   "price": "185.41",
   "amount": "2.04914199"
  },
  {
   "price": "179.11",
   "amount": "0.02"
  },
  {
   "price": "1.0021",
   "amount": "302.4"
  },
  {
   "price": "1.0002",
   "amount": "2"
  },
  {
   "price": "1.0001",
   "amount": "32.9"
  },
  {
   "price": "0.04",
   "amount": "26"
  },
  {
   "price": "0.0301",
   "amount": "2045"
  },
  {
   "price": "0.03005",
   "amount": "100"
  },
  {
   "price": "0.000021",
   "amount": "245"
  },
  {
   "price": "0.0000021",
   "amount": "2695"
  },
  {
   "price": "0.000002",
   "amount": "10000"
  },
  {
   "price": "0.0000019",
   "amount": "352.27272727"
  },
  {
   "price": "0.00000188",
   "amount": "365.35812672"
  },
  {
   "price": "0.00000186",
   "amount": "378.44352617"
  }
 ],
 "asks": [
  {
   "price": "188.69",
   "amount": "10.25019803"
  },
  {
   "price": "188.7",
   "amount": "2.83413289"
  },
  {
   "price": "188.76",
   "amount": "13.1508878"
  },
  {
   "price": "188.77",
   "amount": "2.75743653"
  },
  {
   "price": "188.79",
   "amount": "2.276314"
  },
  {
   "price": "188.8",
   "amount": "7.79124941"
  },
  {
   "price": "188.85",
   "amount": "8.27259988"
  },
  {
   "price": "189.14",
   "amount": "3.05735876"
  },
  {
   "price": "189.17",
   "amount": "13"
  },
  {
   "price": "189.23",
   "amount": "13"
  },
  {
   "price": "189.33",
   "amount": "4.12833921"
  },
  {
   "price": "189.97",
   "amount": "4.53202592"
  },
  {
   "price": "190.26",
   "amount": "0.13267526"
  },
  {
   "price": "190.82",
   "amount": "2.95176751"
  },
  {
   "price": "190.83",
   "amount": "5.91448695"
  },
  {
   "price": "190.86",
   "amount": "7.30666322"
  },
  {
   "price": "304",
   "amount": "0.999"
  },
  {
   "price": "339.87",
   "amount": "0.6"
  },
  {
   "price": "354",
   "amount": "0.147319"
  },
  {
   "price": "358.99",
   "amount": "83.85437922"
  },
  {
   "price": "359",
   "amount": "0.09583879"
  },
  {
   "price": "359.87",
   "amount": "0.6"
  },
  {
   "price": "379.87",
   "amount": "0.6"
  },
  {
   "price": "399.87",
   "amount": "0.3"
  },
  {
   "price": "430.89",
   "amount": "0.02"
  }
 ]
}