{
 "pair": "babusd",
 "bids": [
  {
   "price": "189.05",
   "amount": "3.64751045"
  },
  {
   "price": "189",
   "amount": "6.23911618"
  },
  {
   "price": "188.98",
   "amount": "5.85511005"
  },
  {
   "price": "188.97",
   "amount": "3.43455191"
  },
  {
   "price": "188.89",
   "amount": "0.7"
  },
  {
   "price": "188.88",
   "amount": "71.083"
  },
  {
   "price": "188.87",
   "amount": "10.5881"
  },
  {
   "price": "188.82",
   "amount": "10.5909"
  },
  {
   "price": "188.79",
   "amount": "80"
  },
  {
   "price": "188.78",
   "amount": "80"
  },
  {
   "price": "188.77",
   "amount": "25"
  },
  {
   "price": "188.76",
   "amount": "10.5943"
  },
  {
   "price": "188.73",
   "amount": "15"
  },
  {
   "price": "188.7",
   "amount": "10.5977"
  },
  {
   "price": "188.66",
   "amount": "55.5496"
  },
  {
   "price": "188.65",
   "amount": "20.5993"
  },
  {
   "price": "188.64",
   "amount": "86.13992249"
  },
  {
   "price": "188.62",
   "amount": "2.75899323"
  },
  {
   "price": "188.59",
   "amount": "10.5892"
  },
  {
   "price": "188.57",
   "amount": "21.1522699"
  },
  {
   "price": "188.56",
   "amount": "35.5892"
  },
  {
   "price": "188.55",
   "amount": "15"
  },
  {
   "price": "188.52",
   "amount": "42.55946416"
  },
  {
   "price": "188.46",
   "amount": "2.55539748"
  },
  {
   "price": "188.31",
   "amount": "20"
  }
 ],
 "asks": [
  {
   "price": "189.16",
   "amount": "4"
  },
  {
   "price": "189.24",
   "amount": "11.76840094"
  },
  {
   "price": "189.25",
   "amount": "5.99440257"
  },
  {
   "price": "189.27",
   "amount": "6.21062738"
  },
  {
   "price": "189.28",
   "amount": "67.999"
  },
  {
   "price": "189.39",
   "amount": "10.5607"
  },
  {
   "price": "189.41",
   "amount": "2.68816195"
  },
  {
   "price": "189.42",
   "amount": "3.44506561"
  },
  {
   "price": "189.44",
   "amount": "60"
  },
  {
   "price": "189.45",
   "amount": "10.5591"
  },
  {
   "price": "189.47",
   "amount": "21.15226991"
  },
  {
   "price": "189.51",
   "amount": "30"
  },
  {
   "price": "189.53",
   "amount": "1.2"
  },
  {
   "price": "189.54",
   "amount": "69.25"
  },
  {
   "price": "189.55",
   "amount": "30"
  },
  {
   "price": "189.56",
   "amount": "10.5513"
  },
  {
   "price": "189.58",
   "amount": "10.89480539"
  },
  {
   "price": "189.62",
   "amount": "9.353"
  },
  {
   "price": "189.64",
   "amount": "39.0786"
  },
  {
   "price": "189.75",
   "amount": "50.41748296"
  },
  {
   "price": "189.76",
   "amount": "25"
  },
  {
   "price": "189.77",
   "amount": "4.52150911"
  },
  {
   "price": "189.87",
   "amount": "42.3448839"
  },
  {
   "price": "189.98",
   "amount": "14.6735"
  },
  {
   "price": "190",
   "amount": "50.0224"
  }
 ]
}