{
 "pair": "batbtc",
 "bids": [
  {
   "price": "0.00002319",
   "amount": "1189.49135"
  },
  {
   "price": "0.00002318",
   "amount": "1277.77"
  },
  {
   "price": "0.00002317",
   "amount": "3012.60595111"
  },
  {
   "price": "0.00002313",
   "amount": "2849.77"
  },
  {
   "price": "0.0000231",
   "amount": "858.000858"
  },
  {
   "price": "0.00002309",
   "amount": "2103.77"
  },
  {
   "price": "0.000023",
   "amount": "1516.77"
  },
  {
   "price": "0.00002278",
   "amount": "1823.80493336"
  },
  {
   "price": "0.00002266",
   "amount": "11000"
  },
  {
   "price": "0.0000212",
   "amount": "5355.922169"
  },
  {
   "price": "0.00002064",
   "amount": "20"
  },
  {
   "price": "0.00002032",
   "amount": "100"
  },
  {
   "price": "0.00002002",
   "amount": "32"
  },
  {
   "price": "0.00002",
   "amount": "220"
  },
  {
   "price": "0.00001924",
   "amount": "100"
  },
  {
   "price": "0.00001816",
   "amount": "14661.05831177"
  },
  {
   "price": "0.00001799",
   "amount": "19"
  },
  {
   "price": "0.000017",
   "amount": "100"
  },
  {
   "price": "0.00001641",
   "amount": "8000"
  },
  {
   "price": "0.00001608",
   "amount": "100"
  },
  {
   "price": "0.00001493",
   "amount": "1554"
  },
  {
   "price": "0.00001468",
   "amount": "777"
  },
  {
   "price": "0.00001425",
   "amount": "777"
  },
  {
   "price": "0.00001415",
   "amount": "1432.40989399"
  },
  {
   "price": "0.000014",
   "amount": "130"
  }
 ],
 "asks": [
  {
   "price": "0.00002343",
   "amount": "3008.51903162"
  },
  {
   "price": "0.00002344",
   "amount": "361.75202544"
  },
  {
   "price": "0.0000235",
   "amount": "1108.77"
  },
  {
   "price": "0.00002354",
   "amount": "606.77"
  },
  {
   "price": "0.00002356",
   "amount": "858.000858"
  },
  {
   "price": "0.00002369",
   "amount": "560.77"
  },
  {
   "price": "0.00002383",
   "amount": "748.77"
  },
  {
   "price": "0.00002397",
   "amount": "121.2049597"
  },
  {
   "price": "0.00002429",
   "amount": "176.6443"
  },
  {
   "price": "0.00002431",
   "amount": "175.1443"
  },
  {
   "price": "0.00002439",
   "amount": "179.2764"
  },
  {
   "price": "0.00002459",
   "amount": "121.2049597"
  },
  {
   "price": "0.00002479",
   "amount": "175.0735"
  },
  {
   "price": "0.00002522",
   "amount": "121.2049597"
  },
  {
   "price": "0.00002531",
   "amount": "174.8614"
  },
  {
   "price": "0.00002587",
   "amount": "121.2049597"
  },
  {
   "price": "0.0000265",
   "amount": "3100.24978658"
  },
  {
   "price": "0.00002654",
   "amount": "121.2049597"
  },
  {
   "price": "0.00002655",
   "amount": "1500"
  },
  {
   "price": "0.00002723",
   "amount": "121.2049597"
  },
  {
   "price": "0.0000275",
   "amount": "32.548008"
  },
  {
   "price": "0.00002775",
   "amount": "75"
  },
  {
   "price": "0.00002793",
   "amount": "121.2049597"
  },
  {
   "price": "0.000028",
   "amount": "682.8286424"
  },
  {
   "price": "0.00002823",
   "amount": "998.99"
  }
 ]
}