{
 "pair": "bateth",
 "bids": [
  {
   "price": "0.0012993",
   "amount": "1189.42093"
  },
  {
   "price": "0.0012987",
   "amount": "1211.77"
  },
  {
   "price": "0.0012961",
   "amount": "1754.77"
  },
  {
   "price": "0.0012942",
   "amount": "152.39720808"
  },
  {
   "price": "0.0012909",
   "amount": "1263.77"
  },
  {
   "price": "0.0012001",
   "amount": "1455.76103658"
  },
  {
   "price": "0.0012",
   "amount": "5416.6631"
  },
  {
   "price": "0.00115",
   "amount": "309.99826088"
  },
  {
   "price": "0.0010802",
   "amount": "50"
  },
  {
   "price": "0.00102",
   "amount": "976"
  },
  {
   "price": "0.001",
   "amount": "10000"
  },
  {
   "price": "0.00093128",
   "amount": "70"
  },
  {
   "price": "0.00091",
   "amount": "1000"
  },
  {
   "price": "0.000854",
   "amount": "500"
  },
  {
   "price": "0.00081",
   "amount": "12.25"
  },
  {
   "price": "0.00078312",
   "amount": "600"
  },
  {
   "price": "0.00078",
   "amount": "1000"
  },
  {
   "price": "0.0007133",
   "amount": "90.29530352"
  },
  {
   "price": "0.00070331",
   "amount": "57"
  },
  {
   "price": "0.00067",
   "amount": "58"
  },
  {
   "price": "0.000631",
   "amount": "203.3866878"
  },
  {
   "price": "0.00055",
   "amount": "58"
  },
  {
   "price": "0.00048944",
   "amount": "10000"
  },
  {
   "price": "0.000458",
   "amount": "58"
  },
  {
   "price": "0.000399",
   "amount": "54.8"
  }
 ],
 "asks": [
  {
   "price": "0.0013167",
   "amount": "3008.51903162"
  },
  {
   "price": "0.0013168",
   "amount": "1175.82253"
  },
  {
   "price": "0.0013169",
   "amount": "350.22894194"
  },
  {
   "price": "0.0013241",
   "amount": "190.70506675"
  },
  {
   "price": "0.0014597",
   "amount": "1603.24978658"
  },
  {
   "price": "0.0014598",
   "amount": "688"
  },
  {
   "price": "0.0014599",
   "amount": "2000"
  },
  {
   "price": "0.00146",
   "amount": "764.191844"
  },
  {
   "price": "0.0015026",
   "amount": "430"
  },
  {
   "price": "0.0015779",
   "amount": "29.97"
  },
  {
   "price": "0.0016173",
   "amount": "1852.22776235"
  },
  {
   "price": "0.001669",
   "amount": "49.95"
  },
  {
   "price": "0.0017737",
   "amount": "333.33333333"
  },
  {
   "price": "0.00179",
   "amount": "5000"
  },
  {
   "price": "0.0018242",
   "amount": "300.317183"
  },
  {
   "price": "0.0018704",
   "amount": "199"
  },
  {
   "price": "0.00189",
   "amount": "25"
  },
  {
   "price": "0.00195",
   "amount": "222.66211173"
  },
  {
   "price": "0.002",
   "amount": "111.9"
  },
  {
   "price": "0.0023039",
   "amount": "300"
  },
  {
   "price": "0.0025",
   "amount": "1111.9"
  },
  {
   "price": "0.0026",
   "amount": "79.84"
  },
  {
   "price": "0.00265",
   "amount": "14.985"
  },
  {
   "price": "0.002812",
   "amount": "250"
  },
  {
   "price": "0.0032",
   "amount": "6000"
  }
 ]
}