{
 "pair": "batusd",
 "bids": [
  {
   "price": "0.16694",
   "amount": "798.69014"
  },
  {
   "price": "0.16693",
   "amount": "1129.18907989"
  },
  {
   "price": "0.16651",
   "amount": "3300"
  },
  {
   "price": "0.16614",
   "amount": "3012.60599875"
  },
  {
   "price": "0.16224",
   "amount": "12849.11242604"
  },
  {
   "price": "0.15993",
   "amount": "16179.41"
  },
  {
   "price": "0.14917",
   "amount": "1000"
  },
  {
   "price": "0.14586",
   "amount": "555"
  },
  {
   "price": "0.143",
   "amount": "150"
  },
  {
   "price": "0.14257",
   "amount": "555"
  },
  {
   "price": "0.14251",
   "amount": "1665"
  },
  {
   "price": "0.14244",
   "amount": "555"
  },
  {
   "price": "0.142",
   "amount": "1000"
  },
  {
   "price": "0.14103",
   "amount": "555"
  },
  {
   "price": "0.14",
   "amount": "100"
  },
  {
   "price": "0.13939",
   "amount": "555"
  },
  {
   "price": "0.13871",
   "amount": "1441.85711196"
  },
  {
   "price": "0.13773",
   "amount": "555"
  },
  {
   "price": "0.13495",
   "amount": "140"
  },
  {
   "price": "0.134",
   "amount": "12.25"
  },
  {
   "price": "0.13391",
   "amount": "74.67155716"
  },
  {
   "price": "0.132",
   "amount": "600"
  },
  {
   "price": "0.13152",
   "amount": "555"
  },
  {
   "price": "0.131",
   "amount": "100"
  },
  {
   "price": "0.12785",
   "amount": "555"
  }
 ],
 "asks": [
  {
   "price": "0.16824",
   "amount": "791.85968"
  },
  {
   "price": "0.16825",
   "amount": "445.93909436"
  },
  {
   "price": "0.16829",
   "amount": "3008.51903162"
  },
  {
   "price": "0.18093",
   "amount": "1603.24978658"
  },
  {
   "price": "0.18094",
   "amount": "179.06433774"
  },
  {
   "price": "0.181",
   "amount": "3000"
  },
  {
   "price": "0.19",
   "amount": "338.66397"
  },
  {
   "price": "0.19468",
   "amount": "55.72868298"
  },
  {
   "price": "0.2",
   "amount": "50349.65"
  },
  {
   "price": "0.20749",
   "amount": "30"
  },
  {
   "price": "0.21",
   "amount": "249.75"
  },
  {
   "price": "0.21291",
   "amount": "25.24526142"
  },
  {
   "price": "0.21369",
   "amount": "25.42719285"
  },
  {
   "price": "0.2153",
   "amount": "47.15259017"
  },
  {
   "price": "0.22049",
   "amount": "249.75"
  },
  {
   "price": "0.22379",
   "amount": "1105.151091"
  },
  {
   "price": "0.225",
   "amount": "14"
  },
  {
   "price": "0.23",
   "amount": "1411.518961"
  },
  {
   "price": "0.23151",
   "amount": "249.75"
  },
  {
   "price": "0.233",
   "amount": "1197.6"
  },
  {
   "price": "0.24",
   "amount": "1142.17126124"
  },
  {
   "price": "0.24308",
   "amount": "249.75"
  },
  {
   "price": "0.244",
   "amount": "248.4003509"
  },
  {
   "price": "0.25",
   "amount": "1536.768334"
  },
  {
   "price": "0.25523",
   "amount": "249.75"
  }
 ]
}