{
 "pair": "bbneth",
 "bids": [
  {
   "price": "8.3e-7",
   "amount": "42168.67469879"
  },
  {
   "price": "8.2e-7",
   "amount": "180000"
  },
  {
   "price": "8e-7",
   "amount": "25000"
  },
  {
   "price": "5e-7",
   "amount": "40000"
  },
  {
   "price": "2.5e-7",
   "amount": "80000"
  },
  {
   "price": "2e-7",
   "amount": "100000"
  },
  {
   "price": "1.4e-7",
   "amount": "170000"
  },
  {
   "price": "1.3e-7",
   "amount": "10000"
  },
  {
   "price": "1e-7",
   "amount": "200000"
  },
  {
   "price": "6e-8",
   "amount": "200000"
  },
  {
   "price": "4e-8",
   "amount": "400000"
  },
  {
   "price": "3e-8",
   "amount": "400000"
  },
  {
   "price": "2e-8",
   "amount": "1000000"
  }
 ],
 "asks": [
  {
   "price": "0.00000372",
   "amount": "28140.8450704"
  },
  {
   "price": "0.00000373",
   "amount": "120000"
  },
  {
   "price": "0.000004",
   "amount": "19980"
  },
  {
   "price": "0.0000046",
   "amount": "62027.1632"
  },
  {
   "price": "0.0000047",
   "amount": "67694.730465"
  },
  {
   "price": "0.00000475",
   "amount": "70078.1063349"
  },
  {
   "price": "0.00000999",
   "amount": "24450"
  },
  {
   "price": "0.00001",
   "amount": "136708.8238695"
  },
  {
   "price": "0.00001103",
   "amount": "11753.89215718"
  },
  {
   "price": "0.0000246",
   "amount": "199800"
  },
  {
   "price": "0.0000289",
   "amount": "11900"
  },
  {
   "price": "0.0000399",
   "amount": "223181.59367286"
  },
  {
   "price": "0.00004003",
   "amount": "21478.0177389"
  },
  {
   "price": "0.0000499",
   "amount": "99900"
  },
  {
   "price": "0.00005",
   "amount": "6316.94"
  },
  {
   "price": "0.0000529",
   "amount": "109801.79076638"
  },
  {
   "price": "0.0000599",
   "amount": "101998"
  },
  {
   "price": "0.00005995",
   "amount": "2497.5"
  },
  {
   "price": "0.0000899",
   "amount": "57835.71"
  },
  {
   "price": "0.00062",
   "amount": "20782.71"
  },
  {
   "price": "0.0047802",
   "amount": "5426.6679"
  },
  {
   "price": "0.5",
   "amount": "4284.2623413"
  },
  {
   "price": "1000",
   "amount": "1.998"
  }
 ]
}