{
 "pair": "bbnusd",
 "bids": [
  {
   "price": "0.000235",
   "amount": "60000"
  },
  {
   "price": "0.000224",
   "amount": "20000"
  },
  {
   "price": "0.0002203",
   "amount": "22182.56709459"
  },
  {
   "price": "0.00022",
   "amount": "70000"
  },
  {
   "price": "0.000213",
   "amount": "19000"
  },
  {
   "price": "0.00021119",
   "amount": "72000"
  },
  {
   "price": "0.000211",
   "amount": "5000"
  },
  {
   "price": "0.00013",
   "amount": "6100"
  },
  {
   "price": "0.000125",
   "amount": "10000"
  },
  {
   "price": "0.00005245",
   "amount": "122532.938592"
  },
  {
   "price": "0.00005244",
   "amount": "100000"
  },
  {
   "price": "0.000051",
   "amount": "100000"
  },
  {
   "price": "0.00005",
   "amount": "1000000"
  },
  {
   "price": "0.0000211",
   "amount": "50000"
  },
  {
   "price": "0.000021",
   "amount": "100000"
  },
  {
   "price": "0.0000151",
   "amount": "200000"
  },
  {
   "price": "0.0000125",
   "amount": "200000"
  },
  {
   "price": "0.0000121",
   "amount": "200000"
  },
  {
   "price": "0.000011",
   "amount": "10000"
  },
  {
   "price": "0.00001",
   "amount": "220000"
  },
  {
   "price": "0.000009",
   "amount": "100000"
  },
  {
   "price": "0.0000056",
   "amount": "200000"
  },
  {
   "price": "0.0000016",
   "amount": "200000"
  },
  {
   "price": "0.0000011",
   "amount": "600000"
  },
  {
   "price": "0.000001",
   "amount": "200000"
  }
 ],
 "asks": [
  {
   "price": "0.00033329",
   "amount": "159662.75042744"
  },
  {
   "price": "0.0003333",
   "amount": "98579.76469712"
  },
  {
   "price": "0.0004001",
   "amount": "29970"
  },
  {
   "price": "0.0004003",
   "amount": "83334.288469"
  },
  {
   "price": "0.00041615",
   "amount": "200000"
  },
  {
   "price": "0.000479",
   "amount": "49950"
  },
  {
   "price": "0.00048",
   "amount": "104895"
  },
  {
   "price": "0.00059",
   "amount": "200000"
  },
  {
   "price": "0.00059309",
   "amount": "28000"
  },
  {
   "price": "0.0006",
   "amount": "129899.999999"
  },
  {
   "price": "0.0008",
   "amount": "200000"
  },
  {
   "price": "0.000833",
   "amount": "99900"
  },
  {
   "price": "0.0009",
   "amount": "170251.78018095"
  },
  {
   "price": "0.00095",
   "amount": "9989.90000022"
  },
  {
   "price": "0.001",
   "amount": "200000"
  },
  {
   "price": "0.0010226",
   "amount": "63000"
  },
  {
   "price": "0.0010987",
   "amount": "12000"
  },
  {
   "price": "0.0011199",
   "amount": "11554"
  },
  {
   "price": "0.0015",
   "amount": "196563.1"
  },
  {
   "price": "0.0018",
   "amount": "20000"
  },
  {
   "price": "0.0019",
   "amount": "104510.95265252"
  },
  {
   "price": "0.00196",
   "amount": "5994"
  },
  {
   "price": "0.001999",
   "amount": "7154.5722082"
  },
  {
   "price": "0.002",
   "amount": "187780.3"
  },
  {
   "price": "0.0022",
   "amount": "10906.97609493"
  }
 ]
}