{
 "pair": "bciusd",
 "bids": [
  {
   "price": "0.032939",
   "amount": "200"
  },
  {
   "price": "0.03201",
   "amount": "3963.3164636"
  },
  {
   "price": "0.032",
   "amount": "920.3125"
  },
  {
   "price": "0.02801",
   "amount": "1714.0304484"
  },
  {
   "price": "0.028",
   "amount": "850"
  },
  {
   "price": "0.02727",
   "amount": "366.67644471"
  },
  {
   "price": "0.02625",
   "amount": "350"
  },
  {
   "price": "0.02571",
   "amount": "4081.26476914"
  },
  {
   "price": "0.025645",
   "amount": "98"
  },
  {
   "price": "0.025051",
   "amount": "98"
  },
  {
   "price": "0.025",
   "amount": "2030.386229"
  },
  {
   "price": "0.021002",
   "amount": "5000"
  },
  {
   "price": "0.020569",
   "amount": "5000"
  },
  {
   "price": "0.0202",
   "amount": "1002"
  },
  {
   "price": "0.018754",
   "amount": "4543.68237425"
  },
  {
   "price": "0.018",
   "amount": "600"
  },
  {
   "price": "0.017",
   "amount": "100"
  },
  {
   "price": "0.015",
   "amount": "100"
  },
  {
   "price": "0.014473",
   "amount": "5000"
  },
  {
   "price": "0.013",
   "amount": "100"
  },
  {
   "price": "0.0121",
   "amount": "100"
  },
  {
   "price": "0.01101",
   "amount": "100"
  },
  {
   "price": "0.011",
   "amount": "1361.10428"
  },
  {
   "price": "0.0101",
   "amount": "100"
  },
  {
   "price": "0.01001",
   "amount": "100"
  }
 ],
 "asks": [
  {
   "price": "0.0429",
   "amount": "2000"
  },
  {
   "price": "0.043",
   "amount": "313.047026"
  },
  {
   "price": "0.043873",
   "amount": "2000"
  },
  {
   "price": "0.044466",
   "amount": "699.41802617"
  },
  {
   "price": "0.044878",
   "amount": "212.147907"
  },
  {
   "price": "0.047873",
   "amount": "2000"
  },
  {
   "price": "0.04897",
   "amount": "206"
  },
  {
   "price": "0.05",
   "amount": "4745.24999999"
  },
  {
   "price": "0.051873",
   "amount": "2000"
  },
  {
   "price": "0.0545",
   "amount": "1770.02259125"
  },
  {
   "price": "0.055873",
   "amount": "2000"
  },
  {
   "price": "0.05767",
   "amount": "999"
  },
  {
   "price": "0.057959",
   "amount": "59.94"
  },
  {
   "price": "0.05931",
   "amount": "75"
  },
  {
   "price": "0.059873",
   "amount": "2000"
  },
  {
   "price": "0.062",
   "amount": "248.433861"
  },
  {
   "price": "0.06888",
   "amount": "75"
  },
  {
   "price": "0.07",
   "amount": "268.26191954"
  },
  {
   "price": "0.083",
   "amount": "103.79000015"
  },
  {
   "price": "0.083096",
   "amount": "523"
  },
  {
   "price": "0.089",
   "amount": "1268.73"
  },
  {
   "price": "0.09",
   "amount": "787.83"
  },
  {
   "price": "0.093631",
   "amount": "324.94349634"
  },
  {
   "price": "0.09555",
   "amount": "1125.01181486"
  },
  {
   "price": "0.097",
   "amount": "180"
  }
 ]
}