{
 "pair": "bftbtc",
 "bids": [
  {
   "price": "0.00000144",
   "amount": "382.79166666"
  },
  {
   "price": "0.00000143",
   "amount": "56558.04894755"
  },
  {
   "price": "0.00000137",
   "amount": "200000"
  },
  {
   "price": "0.00000101",
   "amount": "94504.70991446"
  },
  {
   "price": "7.7e-7",
   "amount": "57582.33192249"
  },
  {
   "price": "7.2e-7",
   "amount": "10000"
  },
  {
   "price": "7.1e-7",
   "amount": "200000"
  },
  {
   "price": "7e-7",
   "amount": "200000"
  },
  {
   "price": "6.3e-7",
   "amount": "800"
  },
  {
   "price": "5.1e-7",
   "amount": "200000"
  },
  {
   "price": "3.6e-7",
   "amount": "200000"
  },
  {
   "price": "3.5e-7",
   "amount": "20000"
  },
  {
   "price": "3.4e-7",
   "amount": "7330.88235294"
  },
  {
   "price": "2.3e-7",
   "amount": "200000"
  },
  {
   "price": "2e-7",
   "amount": "25000"
  },
  {
   "price": "9e-8",
   "amount": "10000"
  },
  {
   "price": "6e-8",
   "amount": "200000"
  },
  {
   "price": "5e-8",
   "amount": "100000"
  },
  {
   "price": "4e-8",
   "amount": "100000"
  },
  {
   "price": "2e-8",
   "amount": "100000"
  },
  {
   "price": "1e-8",
   "amount": "200000"
  }
 ],
 "asks": [
  {
   "price": "0.00000235",
   "amount": "699.3"
  },
  {
   "price": "0.00000289",
   "amount": "4994.99999998"
  },
  {
   "price": "0.000004",
   "amount": "2955"
  },
  {
   "price": "0.00000437",
   "amount": "9182"
  },
  {
   "price": "0.00000439",
   "amount": "250"
  },
  {
   "price": "0.00000475",
   "amount": "1498.3"
  },
  {
   "price": "0.00000482",
   "amount": "5000"
  },
  {
   "price": "0.00000486",
   "amount": "1498.3"
  },
  {
   "price": "0.00000509",
   "amount": "10696.52934236"
  },
  {
   "price": "0.00000748",
   "amount": "1000"
  },
  {
   "price": "0.00000774",
   "amount": "1087.21"
  },
  {
   "price": "0.000009",
   "amount": "51169.3350515"
  },
  {
   "price": "0.0000095",
   "amount": "552"
  },
  {
   "price": "0.00000974",
   "amount": "2512.770275"
  },
  {
   "price": "0.00000981",
   "amount": "2000"
  },
  {
   "price": "0.00001",
   "amount": "437.83315404"
  },
  {
   "price": "0.0000102",
   "amount": "552"
  },
  {
   "price": "0.00001105",
   "amount": "552"
  },
  {
   "price": "0.00001175",
   "amount": "750"
  },
  {
   "price": "0.00001196",
   "amount": "1605"
  },
  {
   "price": "0.000012",
   "amount": "292.40221637"
  },
  {
   "price": "0.00001298",
   "amount": "950"
  },
  {
   "price": "0.000013",
   "amount": "60000"
  },
  {
   "price": "0.00001359",
   "amount": "552"
  },
  {
   "price": "0.0000136",
   "amount": "4121.88173935"
  }
 ]
}