{
 "pair": "bfteth",
 "bids": [
  {
   "price": "0.00007977",
   "amount": "2256.48740128"
  },
  {
   "price": "0.00007976",
   "amount": "11111"
  },
  {
   "price": "0.00007975",
   "amount": "438.87147335"
  },
  {
   "price": "0.000073",
   "amount": "3000"
  },
  {
   "price": "0.00005",
   "amount": "39940.47759045"
  },
  {
   "price": "0.000034",
   "amount": "50000"
  },
  {
   "price": "0.0000311",
   "amount": "3477.4919614"
  },
  {
   "price": "0.000031",
   "amount": "1000"
  },
  {
   "price": "0.00002752",
   "amount": "800"
  },
  {
   "price": "0.000025",
   "amount": "10000"
  },
  {
   "price": "0.0000218",
   "amount": "50000"
  },
  {
   "price": "0.0000196",
   "amount": "25000"
  },
  {
   "price": "0.00001102",
   "amount": "2000"
  },
  {
   "price": "0.000011",
   "amount": "1000"
  },
  {
   "price": "0.000004",
   "amount": "5000"
  },
  {
   "price": "0.00000225",
   "amount": "10000"
  },
  {
   "price": "0.00000212",
   "amount": "5000"
  },
  {
   "price": "0.00000211",
   "amount": "4000"
  },
  {
   "price": "0.00000203",
   "amount": "4926.11"
  },
  {
   "price": "0.000001",
   "amount": "20000"
  },
  {
   "price": "5.5e-7",
   "amount": "40000"
  },
  {
   "price": "3.7e-7",
   "amount": "750"
  },
  {
   "price": "2.1e-7",
   "amount": "40000"
  },
  {
   "price": "2e-7",
   "amount": "100000"
  },
  {
   "price": "1e-7",
   "amount": "200000"
  }
 ],
 "asks": [
  {
   "price": "0.00012919",
   "amount": "6919.338"
  },
  {
   "price": "0.0001292",
   "amount": "1998"
  },
  {
   "price": "0.00013",
   "amount": "59493.442104"
  },
  {
   "price": "0.00014",
   "amount": "25128.07534351"
  },
  {
   "price": "0.000226",
   "amount": "2998"
  },
  {
   "price": "0.0002269",
   "amount": "194.20821771"
  },
  {
   "price": "0.00026998",
   "amount": "7008"
  },
  {
   "price": "0.00027",
   "amount": "1075.60774601"
  },
  {
   "price": "0.0002799",
   "amount": "3996"
  },
  {
   "price": "0.00028",
   "amount": "634.13413206"
  },
  {
   "price": "0.00029875",
   "amount": "2600"
  },
  {
   "price": "0.0003",
   "amount": "190.85000002"
  },
  {
   "price": "0.00031",
   "amount": "2600"
  },
  {
   "price": "0.000321",
   "amount": "1501"
  },
  {
   "price": "0.00032125",
   "amount": "2600"
  },
  {
   "price": "0.00033",
   "amount": "150"
  },
  {
   "price": "0.0003325",
   "amount": "2600"
  },
  {
   "price": "0.00034",
   "amount": "5000"
  },
  {
   "price": "0.00034375",
   "amount": "2600"
  },
  {
   "price": "0.00034573",
   "amount": "2290.19320571"
  },
  {
   "price": "0.00034716",
   "amount": "476.7347"
  },
  {
   "price": "0.000355",
   "amount": "2600"
  },
  {
   "price": "0.00036",
   "amount": "150"
  },
  {
   "price": "0.00036625",
   "amount": "2600"
  },
  {
   "price": "0.0003775",
   "amount": "2600"
  }
 ]
}