{
 "pair": "bftusd",
 "bids": [
  {
   "price": "0.010014",
   "amount": "1111"
  },
  {
   "price": "0.010009",
   "amount": "165000"
  },
  {
   "price": "0.009",
   "amount": "20000"
  },
  {
   "price": "0.0077261",
   "amount": "81974.08783863"
  },
  {
   "price": "0.007726",
   "amount": "1500"
  },
  {
   "price": "0.004012",
   "amount": "500"
  },
  {
   "price": "0.0022",
   "amount": "5000"
  },
  {
   "price": "0.0021",
   "amount": "1000"
  },
  {
   "price": "0.0013797",
   "amount": "3624"
  },
  {
   "price": "0.001",
   "amount": "1000"
  },
  {
   "price": "0.000221",
   "amount": "50000"
  },
  {
   "price": "0.00021",
   "amount": "20000"
  },
  {
   "price": "0.0001458",
   "amount": "3000"
  },
  {
   "price": "0.000121",
   "amount": "9000"
  },
  {
   "price": "0.0001",
   "amount": "1000"
  },
  {
   "price": "0.000021",
   "amount": "200000"
  },
  {
   "price": "0.00001458",
   "amount": "30000"
  },
  {
   "price": "0.000011",
   "amount": "200000"
  },
  {
   "price": "0.00001",
   "amount": "200000"
  },
  {
   "price": "0.0000069",
   "amount": "200000"
  },
  {
   "price": "0.000001",
   "amount": "400000"
  },
  {
   "price": "1.1e-7",
   "amount": "3400000"
  },
  {
   "price": "1e-7",
   "amount": "400000"
  }
 ],
 "asks": [
  {
   "price": "0.017836",
   "amount": "7500"
  },
  {
   "price": "0.017839",
   "amount": "7394.36532754"
  },
  {
   "price": "0.017847",
   "amount": "1545.44347365"
  },
  {
   "price": "0.0231",
   "amount": "2297.7"
  },
  {
   "price": "0.023999",
   "amount": "50000"
  },
  {
   "price": "0.02445",
   "amount": "4000"
  },
  {
   "price": "0.0266",
   "amount": "3900"
  },
  {
   "price": "0.029649",
   "amount": "689.8070337"
  },
  {
   "price": "0.030722",
   "amount": "552"
  },
  {
   "price": "0.031722",
   "amount": "552"
  },
  {
   "price": "0.032",
   "amount": "499"
  },
  {
   "price": "0.032722",
   "amount": "552"
  },
  {
   "price": "0.033722",
   "amount": "552"
  },
  {
   "price": "0.03476",
   "amount": "4500"
  },
  {
   "price": "0.03576",
   "amount": "8526.6751932"
  },
  {
   "price": "0.036",
   "amount": "800"
  },
  {
   "price": "0.0375",
   "amount": "678.65"
  },
  {
   "price": "0.039324",
   "amount": "220"
  },
  {
   "price": "0.04234",
   "amount": "250"
  },
  {
   "price": "0.042886",
   "amount": "1200"
  },
  {
   "price": "0.043",
   "amount": "8000"
  },
  {
   "price": "0.04399",
   "amount": "500"
  },
  {
   "price": "0.04499",
   "amount": "272"
  },
  {
   "price": "0.04599",
   "amount": "272"
  },
  {
   "price": "0.04699",
   "amount": "272"
  }
 ]
}