{
 "pair": "bntusd",
 "bids": [
  {
   "price": "0.19102",
   "amount": "774.41771345"
  },
  {
   "price": "0.191",
   "amount": "460.865885"
  },
  {
   "price": "0.19083",
   "amount": "104.80531862"
  },
  {
   "price": "0.1355",
   "amount": "50"
  },
  {
   "price": "0.13",
   "amount": "100"
  },
  {
   "price": "0.1102",
   "amount": "16"
  },
  {
   "price": "0.047247",
   "amount": "105.828"
  },
  {
   "price": "0.013",
   "amount": "1000"
  },
  {
   "price": "0.0121",
   "amount": "120"
  },
  {
   "price": "0.00056301",
   "amount": "2166.036141"
  },
  {
   "price": "0.000563",
   "amount": "20000"
  },
  {
   "price": "0.0005",
   "amount": "2000"
  },
  {
   "price": "0.00047032",
   "amount": "10000"
  },
  {
   "price": "0.0002",
   "amount": "20000"
  },
  {
   "price": "0.0001",
   "amount": "3000"
  },
  {
   "price": "0.000069",
   "amount": "20000"
  },
  {
   "price": "0.000011",
   "amount": "20000"
  },
  {
   "price": "0.00001",
   "amount": "20000"
  },
  {
   "price": "0.0000011",
   "amount": "100000"
  },
  {
   "price": "0.000001",
   "amount": "40000"
  },
  {
   "price": "1.1e-7",
   "amount": "200000"
  },
  {
   "price": "1e-7",
   "amount": "40000"
  }
 ],
 "asks": [
  {
   "price": "0.36627",
   "amount": "96.86305116"
  },
  {
   "price": "0.36628",
   "amount": "96.86305116"
  },
  {
   "price": "0.3677",
   "amount": "16.785198"
  },
  {
   "price": "0.415",
   "amount": "4400"
  },
  {
   "price": "0.43295",
   "amount": "84.55485628"
  },
  {
   "price": "0.51",
   "amount": "4000"
  },
  {
   "price": "0.555",
   "amount": "4000"
  },
  {
   "price": "0.6",
   "amount": "15.56"
  },
  {
   "price": "0.617",
   "amount": "11.96"
  },
  {
   "price": "0.9",
   "amount": "139.86"
  },
  {
   "price": "0.98783",
   "amount": "1954"
  },
  {
   "price": "1",
   "amount": "80.919"
  },
  {
   "price": "1.94",
   "amount": "18"
  },
  {
   "price": "1.9578",
   "amount": "27.965042"
  },
  {
   "price": "1.9756",
   "amount": "54.78201681"
  },
  {
   "price": "1.9933",
   "amount": "80.30268908"
  },
  {
   "price": "2.0921",
   "amount": "105.82336134"
  },
  {
   "price": "2.2",
   "amount": "1164"
  },
  {
   "price": "2.2559",
   "amount": "131.34403361"
  },
  {
   "price": "2.4354",
   "amount": "156.86470588"
  },
  {
   "price": "2.6226",
   "amount": "182.38537815"
  },
  {
   "price": "2.7943",
   "amount": "207.90605042"
  },
  {
   "price": "2.9503",
   "amount": "233.42672269"
  },
  {
   "price": "9.5",
   "amount": "8"
  },
  {
   "price": "9.75",
   "amount": "8.13822665"
  }
 ]
}