{
 "pair": "boxusd",
 "bids": [
  {
   "price": "0.0023308",
   "amount": "3253.73339738"
  },
  {
   "price": "0.0019342",
   "amount": "11373.9"
  },
  {
   "price": "0.0016109",
   "amount": "6000"
  },
  {
   "price": "0.0010724",
   "amount": "3000"
  },
  {
   "price": "0.0009",
   "amount": "7500"
  },
  {
   "price": "0.0008",
   "amount": "5000"
  },
  {
   "price": "0.00079",
   "amount": "10000"
  },
  {
   "price": "0.0007",
   "amount": "5000"
  },
  {
   "price": "0.0006",
   "amount": "5000"
  },
  {
   "price": "0.0004",
   "amount": "3000"
  },
  {
   "price": "0.0003241",
   "amount": "1138109.15222953"
  },
  {
   "price": "0.0003",
   "amount": "3000"
  },
  {
   "price": "0.00023516",
   "amount": "1500000"
  },
  {
   "price": "0.0002",
   "amount": "3000"
  },
  {
   "price": "0.000124",
   "amount": "10000"
  },
  {
   "price": "0.0001",
   "amount": "100000"
  },
  {
   "price": "0.00009",
   "amount": "3000"
  },
  {
   "price": "0.00007147",
   "amount": "1500000"
  },
  {
   "price": "0.00007",
   "amount": "3000"
  },
  {
   "price": "0.00006",
   "amount": "3000"
  },
  {
   "price": "0.00005",
   "amount": "3000"
  },
  {
   "price": "0.00004",
   "amount": "28000"
  },
  {
   "price": "0.00003",
   "amount": "3000"
  },
  {
   "price": "0.00002",
   "amount": "3000"
  },
  {
   "price": "0.0000124",
   "amount": "100000"
  }
 ],
 "asks": [
  {
   "price": "0.0031366",
   "amount": "124.94886047"
  },
  {
   "price": "0.0045",
   "amount": "9989.86702768"
  },
  {
   "price": "0.006",
   "amount": "5214.7"
  },
  {
   "price": "0.0084393",
   "amount": "3424.53767436"
  },
  {
   "price": "0.0112",
   "amount": "3500.095"
  },
  {
   "price": "0.012288",
   "amount": "3500"
  },
  {
   "price": "0.013906",
   "amount": "3816.68084506"
  },
  {
   "price": "0.015752",
   "amount": "3707.06953776"
  },
  {
   "price": "0.016",
   "amount": "9990"
  },
  {
   "price": "0.017555",
   "amount": "3076.15255686"
  },
  {
   "price": "0.01799",
   "amount": "1584.709074"
  },
  {
   "price": "0.018439",
   "amount": "6495.260435"
  },
  {
   "price": "0.019596",
   "amount": "5613.05035001"
  },
  {
   "price": "0.01999",
   "amount": "5340.4912839"
  },
  {
   "price": "0.02128",
   "amount": "648.04234043"
  },
  {
   "price": "0.024565",
   "amount": "5376.57553957"
  },
  {
   "price": "0.026899",
   "amount": "999.999004"
  },
  {
   "price": "0.028138",
   "amount": "7107.68425961"
  },
  {
   "price": "0.030742",
   "amount": "6505.75124675"
  },
  {
   "price": "0.031",
   "amount": "3389.157481"
  },
  {
   "price": "0.038",
   "amount": "54897.698954"
  },
  {
   "price": "0.04721",
   "amount": "15980"
  },
  {
   "price": "0.057",
   "amount": "98700.52"
  },
  {
   "price": "0.074183",
   "amount": "300"
  },
  {
   "price": "0.074273",
   "amount": "10421.870311"
  }
 ]
}