{
 "pair": "bsvbtc",
 "bids": [
  {
   "price": "0.01224",
   "amount": "1.1201684"
  },
  {
   "price": "0.012235",
   "amount": "4.49339845"
  },
  {
   "price": "0.012232",
   "amount": "6.7602971"
  },
  {
   "price": "0.012231",
   "amount": "5"
  },
  {
   "price": "0.012223",
   "amount": "5.93867094"
  },
  {
   "price": "0.012221",
   "amount": "11.87734188"
  },
  {
   "price": "0.012209",
   "amount": "52.42"
  },
  {
   "price": "0.012207",
   "amount": "6"
  },
  {
   "price": "0.012203",
   "amount": "3.95"
  },
  {
   "price": "0.012202",
   "amount": "16.32386549"
  },
  {
   "price": "0.012198",
   "amount": "3.61"
  },
  {
   "price": "0.012195",
   "amount": "4.11"
  },
  {
   "price": "0.012163",
   "amount": "72.37875484"
  },
  {
   "price": "0.012162",
   "amount": "123.95"
  },
  {
   "price": "0.012144",
   "amount": "0.41174072"
  },
  {
   "price": "0.012137",
   "amount": "63.44"
  },
  {
   "price": "0.012135",
   "amount": "1.63099145"
  },
  {
   "price": "0.012103",
   "amount": "25.01141452"
  },
  {
   "price": "0.012102",
   "amount": "48.43824154"
  },
  {
   "price": "0.012073",
   "amount": "124.93"
  },
  {
   "price": "0.012056",
   "amount": "1750"
  },
  {
   "price": "0.012044",
   "amount": "10"
  },
  {
   "price": "0.012024",
   "amount": "0.41584321"
  },
  {
   "price": "0.011974",
   "amount": "62.74"
  },
  {
   "price": "0.01192",
   "amount": "6.1651126"
  }
 ],
 "asks": [
  {
   "price": "0.012255",
   "amount": "46.75320124"
  },
  {
   "price": "0.012258",
   "amount": "6.46015183"
  },
  {
   "price": "0.012262",
   "amount": "8.0998056"
  },
  {
   "price": "0.01227",
   "amount": "5.93666794"
  },
  {
   "price": "0.012279",
   "amount": "23.90755744"
  },
  {
   "price": "0.01228",
   "amount": "73.93076399"
  },
  {
   "price": "0.012282",
   "amount": "11.87676273"
  },
  {
   "price": "0.012285",
   "amount": "17.80959367"
  },
  {
   "price": "0.012303",
   "amount": "40"
  },
  {
   "price": "0.012304",
   "amount": "11.44"
  },
  {
   "price": "0.012307",
   "amount": "3.55"
  },
  {
   "price": "0.012323",
   "amount": "12.41"
  },
  {
   "price": "0.012365",
   "amount": "1.49532712"
  },
  {
   "price": "0.012375",
   "amount": "3.96"
  },
  {
   "price": "0.012376",
   "amount": "128.35644429"
  },
  {
   "price": "0.012378",
   "amount": "123.94"
  },
  {
   "price": "0.012379",
   "amount": "63.43"
  },
  {
   "price": "0.012388",
   "amount": "0.40766409"
  },
  {
   "price": "0.01243",
   "amount": "62.28"
  },
  {
   "price": "0.012454",
   "amount": "10"
  },
  {
   "price": "0.012486",
   "amount": "62.63"
  },
  {
   "price": "0.012487",
   "amount": "1750"
  },
  {
   "price": "0.0125",
   "amount": "0.06"
  },
  {
   "price": "0.012636",
   "amount": "62.73"
  },
  {
   "price": "0.012836",
   "amount": "63.26"
  }
 ]
}