{
 "pair": "bsvusd",
 "bids": [
  {
   "price": "87.86",
   "amount": "7.52275944"
  },
  {
   "price": "87.859",
   "amount": "1.51758"
  },
  {
   "price": "87.854",
   "amount": "52.81"
  },
  {
   "price": "87.821",
   "amount": "11.09"
  },
  {
   "price": "87.805",
   "amount": "8.48600206"
  },
  {
   "price": "87.803",
   "amount": "5.61001446"
  },
  {
   "price": "87.785",
   "amount": "13.74"
  },
  {
   "price": "87.773",
   "amount": "16.02994934"
  },
  {
   "price": "87.708",
   "amount": "10.05208083"
  },
  {
   "price": "87.707",
   "amount": "15"
  },
  {
   "price": "87.659",
   "amount": "40"
  },
  {
   "price": "87.656",
   "amount": "6"
  },
  {
   "price": "87.642",
   "amount": "5.93567088"
  },
  {
   "price": "87.621",
   "amount": "11.87755916"
  },
  {
   "price": "87.62",
   "amount": "120.60738325"
  },
  {
   "price": "87.619",
   "amount": "25"
  },
  {
   "price": "87.612",
   "amount": "26.52823386"
  },
  {
   "price": "87.598",
   "amount": "16.00598544"
  },
  {
   "price": "87.594",
   "amount": "21.05115"
  },
  {
   "price": "87.585",
   "amount": "527.24"
  },
  {
   "price": "87.554",
   "amount": "53.04895576"
  },
  {
   "price": "87.54",
   "amount": "17.81633873"
  },
  {
   "price": "87.525",
   "amount": "25"
  },
  {
   "price": "87.477",
   "amount": "25"
  },
  {
   "price": "87.427",
   "amount": "79.55971289"
  }
 ],
 "asks": [
  {
   "price": "87.961",
   "amount": "10.16038769"
  },
  {
   "price": "87.962",
   "amount": "8.06845619"
  },
  {
   "price": "87.975",
   "amount": "20"
  },
  {
   "price": "88.053",
   "amount": "15.50765147"
  },
  {
   "price": "88.054",
   "amount": "120"
  },
  {
   "price": "88.066",
   "amount": "11.76"
  },
  {
   "price": "88.083",
   "amount": "5.93823553"
  },
  {
   "price": "88.084",
   "amount": "47.69484673"
  },
  {
   "price": "88.086",
   "amount": "8.66"
  },
  {
   "price": "88.1",
   "amount": "41.662293"
  },
  {
   "price": "88.152",
   "amount": "11.87651577"
  },
  {
   "price": "88.181",
   "amount": "17.81478299"
  },
  {
   "price": "88.227",
   "amount": "40.14628145"
  },
  {
   "price": "88.372",
   "amount": "1.11066426"
  },
  {
   "price": "88.402",
   "amount": "7"
  },
  {
   "price": "88.41",
   "amount": "10.47541046"
  },
  {
   "price": "88.422",
   "amount": "1.16607556"
  },
  {
   "price": "88.427",
   "amount": "1.07456505"
  },
  {
   "price": "88.433",
   "amount": "1.18323103"
  },
  {
   "price": "88.434",
   "amount": "3.2579"
  },
  {
   "price": "88.435",
   "amount": "1.12845827"
  },
  {
   "price": "88.453",
   "amount": "5.23880766"
  },
  {
   "price": "88.464",
   "amount": "5.23922026"
  },
  {
   "price": "88.466",
   "amount": "1.15299029"
  },
  {
   "price": "88.517",
   "amount": "2.72674587"
  }
 ]
}