{
 "pair": "btceur",
 "bids": [
  {
   "price": "6468.6",
   "amount": "0.28029258"
  },
  {
   "price": "6468.5",
   "amount": "14.86613608"
  },
  {
   "price": "6468.4",
   "amount": "0.31520272"
  },
  {
   "price": "6468.2",
   "amount": "0.10757621"
  },
  {
   "price": "6468.1",
   "amount": "0.125"
  },
  {
   "price": "6467.9",
   "amount": "0.024"
  },
  {
   "price": "6467.6",
   "amount": "0.024"
  },
  {
   "price": "6467.5",
   "amount": "0.096"
  },
  {
   "price": "6467.3",
   "amount": "0.048"
  },
  {
   "price": "6467.2",
   "amount": "0.144"
  },
  {
   "price": "6467.1",
   "amount": "0.024"
  },
  {
   "price": "6466.9",
   "amount": "0.3"
  },
  {
   "price": "6466.8",
   "amount": "0.3"
  },
  {
   "price": "6466.7",
   "amount": "0.46550898"
  },
  {
   "price": "6466.6",
   "amount": "8"
  },
  {
   "price": "6466.5",
   "amount": "0.024"
  },
  {
   "price": "6465.9",
   "amount": "0.85"
  },
  {
   "price": "6465.8",
   "amount": "0.32116254"
  },
  {
   "price": "6465.5",
   "amount": "0.55767"
  },
  {
   "price": "6465.3",
   "amount": "2.27"
  },
  {
   "price": "6465",
   "amount": "1.42"
  },
  {
   "price": "6464.9",
   "amount": "1.0067"
  },
  {
   "price": "6464.7",
   "amount": "0.7734"
  },
  {
   "price": "6464.6",
   "amount": "0.024"
  },
  {
   "price": "6464.5",
   "amount": "0.048"
  }
 ],
 "asks": [
  {
   "price": "6468.7",
   "amount": "1.88832237"
  },
  {
   "price": "6469",
   "amount": "0.024"
  },
  {
   "price": "6469.1",
   "amount": "0.072"
  },
  {
   "price": "6469.4",
   "amount": "1.5"
  },
  {
   "price": "6470",
   "amount": "0.024"
  },
  {
   "price": "6470.1",
   "amount": "0.024"
  },
  {
   "price": "6470.7",
   "amount": "0.7056491"
  },
  {
   "price": "6470.8",
   "amount": "1.59"
  },
  {
   "price": "6471",
   "amount": "1.108"
  },
  {
   "price": "6471.4",
   "amount": "0.4"
  },
  {
   "price": "6471.8",
   "amount": "0.024"
  },
  {
   "price": "6471.9",
   "amount": "0.002"
  },
  {
   "price": "6472.2",
   "amount": "0.3"
  },
  {
   "price": "6472.3",
   "amount": "0.248"
  },
  {
   "price": "6472.4",
   "amount": "9.66260094"
  },
  {
   "price": "6472.6",
   "amount": "0.10449514"
  },
  {
   "price": "6472.7",
   "amount": "0.072"
  },
  {
   "price": "6472.9",
   "amount": "0.024"
  },
  {
   "price": "6473.1",
   "amount": "0.85"
  },
  {
   "price": "6473.2",
   "amount": "6.74517499"
  },
  {
   "price": "6473.3",
   "amount": "0.02787109"
  },
  {
   "price": "6473.4",
   "amount": "0.12"
  },
  {
   "price": "6473.6",
   "amount": "0.024"
  },
  {
   "price": "6473.7",
   "amount": "3.048"
  },
  {
   "price": "6473.8",
   "amount": "0.024"
  }
 ]
}