{
 "pair": "btcgbp",
 "bids": [
  {
   "price": "5509.8",
   "amount": "0.25029258"
  },
  {
   "price": "5509.7",
   "amount": "25.94203538"
  },
  {
   "price": "5509.6",
   "amount": "0.47721593"
  },
  {
   "price": "5509.4",
   "amount": "1.024"
  },
  {
   "price": "5509.2",
   "amount": "0.15990484"
  },
  {
   "price": "5509.1",
   "amount": "0.29240698"
  },
  {
   "price": "5508.9",
   "amount": "0.024"
  },
  {
   "price": "5508.7",
   "amount": "1.7"
  },
  {
   "price": "5508.6",
   "amount": "0.874"
  },
  {
   "price": "5508.5",
   "amount": "0.096"
  },
  {
   "price": "5508.4",
   "amount": "1.468"
  },
  {
   "price": "5508.3",
   "amount": "0.024"
  },
  {
   "price": "5508.2",
   "amount": "0.144"
  },
  {
   "price": "5507.9",
   "amount": "0.54288933"
  },
  {
   "price": "5507.8",
   "amount": "8"
  },
  {
   "price": "5507.7",
   "amount": "0.024"
  },
  {
   "price": "5507.6",
   "amount": "2.1"
  },
  {
   "price": "5507.4",
   "amount": "0.7042"
  },
  {
   "price": "5507.3",
   "amount": "3"
  },
  {
   "price": "5507.2",
   "amount": "5.55701788"
  },
  {
   "price": "5507",
   "amount": "0.32447345"
  },
  {
   "price": "5506.9",
   "amount": "1.40767"
  },
  {
   "price": "5506.8",
   "amount": "0.62046207"
  },
  {
   "price": "5506.5",
   "amount": "0.75"
  },
  {
   "price": "5506.4",
   "amount": "0.75"
  }
 ],
 "asks": [
  {
   "price": "5509.9",
   "amount": "0.09483077"
  },
  {
   "price": "5510",
   "amount": "0.024"
  },
  {
   "price": "5510.6",
   "amount": "0.024"
  },
  {
   "price": "5510.8",
   "amount": "1.69621789"
  },
  {
   "price": "5511.3",
   "amount": "1.82"
  },
  {
   "price": "5511.4",
   "amount": "1.5"
  },
  {
   "price": "5512.2",
   "amount": "0.024"
  },
  {
   "price": "5512.3",
   "amount": "0.002"
  },
  {
   "price": "5512.6",
   "amount": "0.7347815"
  },
  {
   "price": "5512.9",
   "amount": "0.024"
  },
  {
   "price": "5513",
   "amount": "0.048"
  },
  {
   "price": "5513.2",
   "amount": "0.324"
  },
  {
   "price": "5513.4",
   "amount": "0.24"
  },
  {
   "price": "5513.5",
   "amount": "0.02787109"
  },
  {
   "price": "5513.6",
   "amount": "0.22"
  },
  {
   "price": "5513.7",
   "amount": "0.024"
  },
  {
   "price": "5513.8",
   "amount": "0.548"
  },
  {
   "price": "5513.9",
   "amount": "0.072"
  },
  {
   "price": "5514.3",
   "amount": "1.958"
  },
  {
   "price": "5514.4",
   "amount": "10.30157161"
  },
  {
   "price": "5514.5",
   "amount": "0.0419"
  },
  {
   "price": "5514.6",
   "amount": "0.072"
  },
  {
   "price": "5514.7",
   "amount": "0.048"
  },
  {
   "price": "5515",
   "amount": "0.024"
  },
  {
   "price": "5515.2",
   "amount": "0.024"
  }
 ]
}