{
 "pair": "btcjpy",
 "bids": [
  {
   "price": "784720",
   "amount": "0.00515592"
  },
  {
   "price": "784710",
   "amount": "15.15127274"
  },
  {
   "price": "784700",
   "amount": "0.20755401"
  },
  {
   "price": "784670",
   "amount": "0.10757621"
  },
  {
   "price": "784660",
   "amount": "0.125"
  },
  {
   "price": "784630",
   "amount": "0.024"
  },
  {
   "price": "784600",
   "amount": "0.024"
  },
  {
   "price": "784590",
   "amount": "0.096"
  },
  {
   "price": "784570",
   "amount": "0.048"
  },
  {
   "price": "784550",
   "amount": "0.024"
  },
  {
   "price": "784540",
   "amount": "0.12"
  },
  {
   "price": "784530",
   "amount": "0.024"
  },
  {
   "price": "784510",
   "amount": "0.3"
  },
  {
   "price": "784500",
   "amount": "0.3"
  },
  {
   "price": "784490",
   "amount": "0.46550898"
  },
  {
   "price": "784480",
   "amount": "8"
  },
  {
   "price": "784470",
   "amount": "0.024"
  },
  {
   "price": "784390",
   "amount": "0.85"
  },
  {
   "price": "784380",
   "amount": "0.32116254"
  },
  {
   "price": "784350",
   "amount": "0.55767"
  },
  {
   "price": "784310",
   "amount": "2.27"
  },
  {
   "price": "784280",
   "amount": "1.5767"
  },
  {
   "price": "784270",
   "amount": "0.85"
  },
  {
   "price": "784240",
   "amount": "0.7974"
  },
  {
   "price": "784230",
   "amount": "0.048"
  }
 ],
 "asks": [
  {
   "price": "784730",
   "amount": "1.87832237"
  },
  {
   "price": "784760",
   "amount": "0.024"
  },
  {
   "price": "784770",
   "amount": "0.048"
  },
  {
   "price": "784780",
   "amount": "0.024"
  },
  {
   "price": "784820",
   "amount": "1.5"
  },
  {
   "price": "784880",
   "amount": "0.024"
  },
  {
   "price": "784900",
   "amount": "0.024"
  },
  {
   "price": "784970",
   "amount": "0.7056491"
  },
  {
   "price": "784980",
   "amount": "1.59"
  },
  {
   "price": "785010",
   "amount": "1.108"
  },
  {
   "price": "785060",
   "amount": "0.1"
  },
  {
   "price": "785100",
   "amount": "0.024"
  },
  {
   "price": "785120",
   "amount": "0.002"
  },
  {
   "price": "785140",
   "amount": "0.3"
  },
  {
   "price": "785160",
   "amount": "0.3"
  },
  {
   "price": "785170",
   "amount": "0.248"
  },
  {
   "price": "785200",
   "amount": "0.10449514"
  },
  {
   "price": "785210",
   "amount": "0.024"
  },
  {
   "price": "785220",
   "amount": "0.048"
  },
  {
   "price": "785240",
   "amount": "0.024"
  },
  {
   "price": "785260",
   "amount": "0.85"
  },
  {
   "price": "785280",
   "amount": "6.74517499"
  },
  {
   "price": "785290",
   "amount": "0.02787109"
  },
  {
   "price": "785300",
   "amount": "8.64851641"
  },
  {
   "price": "785320",
   "amount": "0.024"
  }
 ]
}