{
 "pair": "btcust",
 "bids": [
  {
   "price": "7150",
   "amount": "0.23782677"
  },
  {
   "price": "7146.8",
   "amount": "0.60738246"
  },
  {
   "price": "7146.4",
   "amount": "0.0008"
  },
  {
   "price": "7146.2",
   "amount": "1.1054"
  },
  {
   "price": "7144.9",
   "amount": "0.00975023"
  },
  {
   "price": "7144.8",
   "amount": "0.23613251"
  },
  {
   "price": "7144.7",
   "amount": "1.1157"
  },
  {
   "price": "7143.3",
   "amount": "0.2"
  },
  {
   "price": "7143.2",
   "amount": "0.7078"
  },
  {
   "price": "7142.4",
   "amount": "0.31045296"
  },
  {
   "price": "7142.3",
   "amount": "0.41997"
  },
  {
   "price": "7140.1",
   "amount": "0.49284689"
  },
  {
   "price": "7139.7",
   "amount": "0.04372645"
  },
  {
   "price": "7139.6",
   "amount": "0.10141273"
  },
  {
   "price": "7139.5",
   "amount": "0.14545857"
  },
  {
   "price": "7138.3",
   "amount": "0.21818893"
  },
  {
   "price": "7138",
   "amount": "0.42026"
  },
  {
   "price": "7137.6",
   "amount": "0.3956"
  },
  {
   "price": "7137.5",
   "amount": "0.0008"
  },
  {
   "price": "7135.8",
   "amount": "0.4204"
  },
  {
   "price": "7133.9",
   "amount": "0.5934"
  },
  {
   "price": "7133.8",
   "amount": "0.38804824"
  },
  {
   "price": "7133.7",
   "amount": "1.1105"
  },
  {
   "price": "7133.6",
   "amount": "0.5"
  },
  {
   "price": "7132.7",
   "amount": "1.9962"
  }
 ],
 "asks": [
  {
   "price": "7150.1",
   "amount": "3.27790392"
  },
  {
   "price": "7150.4",
   "amount": "0.00696757"
  },
  {
   "price": "7155.2",
   "amount": "0.41935"
  },
  {
   "price": "7155.6",
   "amount": "0.182743"
  },
  {
   "price": "7156.4",
   "amount": "0.1014164"
  },
  {
   "price": "7157.3",
   "amount": "4.65552995"
  },
  {
   "price": "7157.4",
   "amount": "0.41915"
  },
  {
   "price": "7158",
   "amount": "0.30075116"
  },
  {
   "price": "7159.5",
   "amount": "0.41907"
  },
  {
   "price": "7160.1",
   "amount": "0.4"
  },
  {
   "price": "7161.6",
   "amount": "0.20284042"
  },
  {
   "price": "7161.8",
   "amount": "1.0551"
  },
  {
   "price": "7162.4",
   "amount": "0.49"
  },
  {
   "price": "7162.7",
   "amount": "0.71021361"
  },
  {
   "price": "7163.5",
   "amount": "0.6952"
  },
  {
   "price": "7166",
   "amount": "0.19375478"
  },
  {
   "price": "7167.4",
   "amount": "0.2"
  },
  {
   "price": "7169",
   "amount": "0.35"
  },
  {
   "price": "7170",
   "amount": "0.00975614"
  },
  {
   "price": "7170.1",
   "amount": "0.1956"
  },
  {
   "price": "7170.7",
   "amount": "0.5934"
  },
  {
   "price": "7171",
   "amount": "0.5"
  },
  {
   "price": "7172.1",
   "amount": "3.1036631"
  },
  {
   "price": "7172.2",
   "amount": "3.9796929"
  },
  {
   "price": "7172.5",
   "amount": "0.35"
  }
 ]
}