{
 "pair": "btcusd",
 "bids": [
  {
   "price": "7175.4",
   "amount": "4.92800928"
  },
  {
   "price": "7175.3",
   "amount": "4.18615592"
  },
  {
   "price": "7175.2",
   "amount": "0.109"
  },
  {
   "price": "7174.9",
   "amount": "0.024"
  },
  {
   "price": "7174.6",
   "amount": "0.024"
  },
  {
   "price": "7174.5",
   "amount": "0.096"
  },
  {
   "price": "7174.3",
   "amount": "0.048"
  },
  {
   "price": "7174.2",
   "amount": "0.024"
  },
  {
   "price": "7174.1",
   "amount": "0.12"
  },
  {
   "price": "7174",
   "amount": "0.024"
  },
  {
   "price": "7173.6",
   "amount": "0.68795752"
  },
  {
   "price": "7173.5",
   "amount": "8.3"
  },
  {
   "price": "7173.4",
   "amount": "0.024"
  },
  {
   "price": "7172.5",
   "amount": "0.85"
  },
  {
   "price": "7172.4",
   "amount": "1.6723617"
  },
  {
   "price": "7172",
   "amount": "1.42"
  },
  {
   "price": "7171.3",
   "amount": "0.1807"
  },
  {
   "price": "7171.2",
   "amount": "0.8214"
  },
  {
   "price": "7171",
   "amount": "0.05182829"
  },
  {
   "price": "7170.6",
   "amount": "0.024"
  },
  {
   "price": "7170.4",
   "amount": "0.46558734"
  },
  {
   "price": "7170.3",
   "amount": "1.1561484"
  },
  {
   "price": "7170.2",
   "amount": "1.721"
  },
  {
   "price": "7170.1",
   "amount": "4.60486"
  },
  {
   "price": "7169.9",
   "amount": "1.492"
  }
 ],
 "asks": [
  {
   "price": "7175.5",
   "amount": "0.1643"
  },
  {
   "price": "7175.6",
   "amount": "1.5"
  },
  {
   "price": "7175.7",
   "amount": "0.216"
  },
  {
   "price": "7176",
   "amount": "0.024"
  },
  {
   "price": "7176.1",
   "amount": "0.048"
  },
  {
   "price": "7176.2",
   "amount": "0.024"
  },
  {
   "price": "7176.8",
   "amount": "1.67236171"
  },
  {
   "price": "7177.1",
   "amount": "0.024"
  },
  {
   "price": "7177.3",
   "amount": "0.024"
  },
  {
   "price": "7177.5",
   "amount": "0.70734435"
  },
  {
   "price": "7177.6",
   "amount": "1.108"
  },
  {
   "price": "7178",
   "amount": "1.56"
  },
  {
   "price": "7178.7",
   "amount": "0.1"
  },
  {
   "price": "7179",
   "amount": "0.3"
  },
  {
   "price": "7179.1",
   "amount": "0.024"
  },
  {
   "price": "7179.3",
   "amount": "0.002"
  },
  {
   "price": "7179.6",
   "amount": "0.3"
  },
  {
   "price": "7179.7",
   "amount": "0.048"
  },
  {
   "price": "7179.8",
   "amount": "9.66260094"
  },
  {
   "price": "7179.9",
   "amount": "0.2"
  },
  {
   "price": "7180",
   "amount": "0.10449514"
  },
  {
   "price": "7180.1",
   "amount": "0.024"
  },
  {
   "price": "7180.2",
   "amount": "0.048"
  },
  {
   "price": "7180.4",
   "amount": "3.874"
  },
  {
   "price": "7180.7",
   "amount": "6.72117499"
  }
 ]
}