{
 "pair": "btgbtc",
 "bids": [
  {
   "price": "0.00074035",
   "amount": "2.81626675"
  },
  {
   "price": "0.00074013",
   "amount": "12.77635518"
  },
  {
   "price": "0.0007401",
   "amount": "36.63306157"
  },
  {
   "price": "0.00073704",
   "amount": "95.76717831"
  },
  {
   "price": "0.00073703",
   "amount": "95.83443998"
  },
  {
   "price": "0.00073535",
   "amount": "37.90740959"
  },
  {
   "price": "0.00073177",
   "amount": "53.00426363"
  },
  {
   "price": "0.00073176",
   "amount": "27.02702703"
  },
  {
   "price": "0.00072856",
   "amount": "9.63926888"
  },
  {
   "price": "0.0007269",
   "amount": "113.8728391"
  },
  {
   "price": "0.00072121",
   "amount": "256.2"
  },
  {
   "price": "0.0007205",
   "amount": "71.237307"
  },
  {
   "price": "0.00072036",
   "amount": "4.47067937"
  },
  {
   "price": "0.0007201",
   "amount": "3"
  },
  {
   "price": "0.00071872",
   "amount": "0.99792687"
  },
  {
   "price": "0.00071802",
   "amount": "262.3"
  },
  {
   "price": "0.00070974",
   "amount": "257.5"
  },
  {
   "price": "0.0007001",
   "amount": "3"
  },
  {
   "price": "0.00070001",
   "amount": "40"
  },
  {
   "price": "0.00069939",
   "amount": "8"
  },
  {
   "price": "0.00069876",
   "amount": "129.5"
  },
  {
   "price": "0.00068777",
   "amount": "129.7"
  },
  {
   "price": "0.00068068",
   "amount": "2"
  },
  {
   "price": "0.0006801",
   "amount": "3"
  },
  {
   "price": "0.00067257",
   "amount": "2"
  }
 ],
 "asks": [
  {
   "price": "0.00074467",
   "amount": "31.36886057"
  },
  {
   "price": "0.00074468",
   "amount": "35.59311621"
  },
  {
   "price": "0.00074472",
   "amount": "37.32689946"
  },
  {
   "price": "0.00074474",
   "amount": "37.03883"
  },
  {
   "price": "0.0007459",
   "amount": "98.02167702"
  },
  {
   "price": "0.00074621",
   "amount": "55.0119"
  },
  {
   "price": "0.00074829",
   "amount": "80.19503082"
  },
  {
   "price": "0.0007483",
   "amount": "62.72331733"
  },
  {
   "price": "0.00074831",
   "amount": "123.3254"
  },
  {
   "price": "0.00074983",
   "amount": "196.04188005"
  },
  {
   "price": "0.00074988",
   "amount": "4.81481481"
  },
  {
   "price": "0.00075029",
   "amount": "27.02702703"
  },
  {
   "price": "0.00075037",
   "amount": "256.1"
  },
  {
   "price": "0.00075039",
   "amount": "62.73498354"
  },
  {
   "price": "0.0007504",
   "amount": "198.0746"
  },
  {
   "price": "0.0007547",
   "amount": "4.81481481"
  },
  {
   "price": "0.00075952",
   "amount": "4.81481481"
  },
  {
   "price": "0.00076398",
   "amount": "262.2"
  },
  {
   "price": "0.00076433",
   "amount": "4.81481481"
  },
  {
   "price": "0.00076914",
   "amount": "8.37822436"
  },
  {
   "price": "0.00076915",
   "amount": "4.81481481"
  },
  {
   "price": "0.00077096",
   "amount": "1"
  },
  {
   "price": "0.00077147",
   "amount": "257.4"
  },
  {
   "price": "0.00077397",
   "amount": "4.81481481"
  },
  {
   "price": "0.00077878",
   "amount": "4.81481481"
  }
 ]
}