{
 "pair": "btgusd",
 "bids": [
  {
   "price": "5.3056",
   "amount": "6.0780687"
  },
  {
   "price": "5.3044",
   "amount": "30.91608829"
  },
  {
   "price": "5.3043",
   "amount": "200"
  },
  {
   "price": "5.2893",
   "amount": "19.24944411"
  },
  {
   "price": "5.2892",
   "amount": "37.73225115"
  },
  {
   "price": "5.2746",
   "amount": "290.06569198"
  },
  {
   "price": "5.2745",
   "amount": "170"
  },
  {
   "price": "5.2738",
   "amount": "98.0210328"
  },
  {
   "price": "5.2711",
   "amount": "100"
  },
  {
   "price": "5.2517",
   "amount": "57.12435973"
  },
  {
   "price": "5.206",
   "amount": "196.04335403"
  },
  {
   "price": "5.1561",
   "amount": "327.2822482"
  },
  {
   "price": "5.156",
   "amount": "847.8"
  },
  {
   "price": "5.155",
   "amount": "3"
  },
  {
   "price": "5.1466",
   "amount": "19.43042194"
  },
  {
   "price": "5.1354",
   "amount": "867.8"
  },
  {
   "price": "5.0834",
   "amount": "852"
  },
  {
   "price": "5.0457",
   "amount": "19.81890957"
  },
  {
   "price": "5.0339",
   "amount": "428.5"
  },
  {
   "price": "5.01",
   "amount": "30"
  },
  {
   "price": "5",
   "amount": "3"
  },
  {
   "price": "4.9534",
   "amount": "429.2"
  },
  {
   "price": "4.9468",
   "amount": "20.21523277"
  },
  {
   "price": "4.9353",
   "amount": "14.63"
  },
  {
   "price": "4.9012",
   "amount": "432.7"
  }
 ],
 "asks": [
  {
   "price": "5.3392",
   "amount": "31.36744079"
  },
  {
   "price": "5.3393",
   "amount": "36.20088925"
  },
  {
   "price": "5.3397",
   "amount": "24.97019"
  },
  {
   "price": "5.3421",
   "amount": "37.46686148"
  },
  {
   "price": "5.3544",
   "amount": "41.82325438"
  },
  {
   "price": "5.3545",
   "amount": "8.68190397"
  },
  {
   "price": "5.3579",
   "amount": "98.02167702"
  },
  {
   "price": "5.3638",
   "amount": "62.747207"
  },
  {
   "price": "5.3639",
   "amount": "280.61352634"
  },
  {
   "price": "5.364",
   "amount": "170"
  },
  {
   "price": "5.3785",
   "amount": "62.72355643"
  },
  {
   "price": "5.3786",
   "amount": "847.7"
  },
  {
   "price": "5.4616",
   "amount": "18.67588011"
  },
  {
   "price": "5.465",
   "amount": "867.7"
  },
  {
   "price": "5.5184",
   "amount": "8.37822436"
  },
  {
   "price": "5.5185",
   "amount": "851.9"
  },
  {
   "price": "5.5708",
   "amount": "18.30965285"
  },
  {
   "price": "5.5719",
   "amount": "62.6077425"
  },
  {
   "price": "5.572",
   "amount": "428.4"
  },
  {
   "price": "5.6255",
   "amount": "429.1"
  },
  {
   "price": "5.6428",
   "amount": "1.0978"
  },
  {
   "price": "5.679",
   "amount": "432.6"
  },
  {
   "price": "5.7191",
   "amount": "430.1"
  },
  {
   "price": "5.7592",
   "amount": "429.8"
  },
  {
   "price": "5.7678",
   "amount": "300"
  }
 ]
}