{
 "pair": "bttusd",
 "bids": [
  {
   "price": "0.00027501",
   "amount": "111063.29435991"
  },
  {
   "price": "0.00027251",
   "amount": "105105"
  },
  {
   "price": "0.00027004",
   "amount": "105105"
  },
  {
   "price": "0.00026751",
   "amount": "105105"
  },
  {
   "price": "0.000249",
   "amount": "140562.24899598"
  },
  {
   "price": "0.00022323",
   "amount": "666666"
  },
  {
   "price": "0.00022295",
   "amount": "200000"
  },
  {
   "price": "0.00022268",
   "amount": "333333"
  },
  {
   "price": "0.000222",
   "amount": "50000"
  },
  {
   "price": "0.00022",
   "amount": "45448.34795255"
  },
  {
   "price": "0.00021796",
   "amount": "28713.887639"
  },
  {
   "price": "0.0002125",
   "amount": "333333"
  },
  {
   "price": "0.00020773",
   "amount": "2000000"
  },
  {
   "price": "0.0002",
   "amount": "70000"
  },
  {
   "price": "0.00017918",
   "amount": "333333"
  },
  {
   "price": "0.0001714",
   "amount": "2000000"
  },
  {
   "price": "0.00017",
   "amount": "10000"
  },
  {
   "price": "0.00015521",
   "amount": "333333"
  },
  {
   "price": "0.0001339",
   "amount": "333333"
  },
  {
   "price": "0.00013243",
   "amount": "333333"
  },
  {
   "price": "0.00012296",
   "amount": "2000000"
  },
  {
   "price": "0.00012",
   "amount": "100000"
  },
  {
   "price": "0.000113",
   "amount": "2740741.98148691"
  },
  {
   "price": "0.00011",
   "amount": "20000"
  },
  {
   "price": "0.00010768",
   "amount": "15000"
  }
 ],
 "asks": [
  {
   "price": "0.00029443",
   "amount": "262727.28014379"
  },
  {
   "price": "0.00029444",
   "amount": "79920"
  },
  {
   "price": "0.00030502",
   "amount": "105105"
  },
  {
   "price": "0.00030751",
   "amount": "105105"
  },
  {
   "price": "0.00030752",
   "amount": "105105"
  },
  {
   "price": "0.00031",
   "amount": "17949.72"
  },
  {
   "price": "0.00031001",
   "amount": "105105"
  },
  {
   "price": "0.00031002",
   "amount": "105105"
  },
  {
   "price": "0.00031251",
   "amount": "96366.202466"
  },
  {
   "price": "0.00031362",
   "amount": "80135.22714509"
  },
  {
   "price": "0.00032",
   "amount": "17949.72"
  },
  {
   "price": "0.00033",
   "amount": "268376.20917731"
  },
  {
   "price": "0.00034",
   "amount": "826788.82705952"
  },
  {
   "price": "0.00034835",
   "amount": "20960"
  },
  {
   "price": "0.00035",
   "amount": "979668.94034525"
  },
  {
   "price": "0.00036",
   "amount": "813906.25106131"
  },
  {
   "price": "0.0003975",
   "amount": "100280.19929"
  },
  {
   "price": "0.000398",
   "amount": "31968"
  },
  {
   "price": "0.00039842",
   "amount": "44444"
  },
  {
   "price": "0.0004",
   "amount": "75976.687681"
  },
  {
   "price": "0.00040413",
   "amount": "33333"
  },
  {
   "price": "0.0004149",
   "amount": "323082.482756"
  },
  {
   "price": "0.00041556",
   "amount": "33333"
  },
  {
   "price": "0.000419",
   "amount": "100000"
  },
  {
   "price": "0.00042",
   "amount": "2907690.189594"
  }
 ]
}