{
 "pair": "cbtbtc",
 "bids": [
  {
   "price": "0.00000316",
   "amount": "174.44620253"
  },
  {
   "price": "0.0000012",
   "amount": "120"
  },
  {
   "price": "2.5e-7",
   "amount": "20000"
  },
  {
   "price": "1.6e-7",
   "amount": "35000"
  },
  {
   "price": "1.2e-7",
   "amount": "50000"
  },
  {
   "price": "9e-8",
   "amount": "10000"
  },
  {
   "price": "5e-8",
   "amount": "100000"
  },
  {
   "price": "2e-8",
   "amount": "510000"
  }
 ],
 "asks": [
  {
   "price": "0.00000531",
   "amount": "3000"
  },
  {
   "price": "0.00000532",
   "amount": "6000"
  },
  {
   "price": "0.00000541",
   "amount": "3000"
  },
  {
   "price": "0.00000542",
   "amount": "260"
  },
  {
   "price": "0.00000555",
   "amount": "140"
  },
  {
   "price": "0.00000738",
   "amount": "1000"
  },
  {
   "price": "0.0000075",
   "amount": "4645"
  },
  {
   "price": "0.00000806",
   "amount": "868.46678952"
  },
  {
   "price": "0.0000084",
   "amount": "8900"
  },
  {
   "price": "0.00000993",
   "amount": "7996"
  },
  {
   "price": "0.0000122",
   "amount": "2599.859087"
  },
  {
   "price": "0.00001223",
   "amount": "1565.02586"
  },
  {
   "price": "0.00001399",
   "amount": "176508"
  },
  {
   "price": "0.00001732",
   "amount": "2990.65"
  },
  {
   "price": "0.00002165",
   "amount": "1000"
  },
  {
   "price": "0.00002598",
   "amount": "1000"
  },
  {
   "price": "0.00003464",
   "amount": "1000"
  },
  {
   "price": "0.0000433",
   "amount": "1000"
  },
  {
   "price": "0.00005196",
   "amount": "1000"
  },
  {
   "price": "0.00006062",
   "amount": "1000"
  },
  {
   "price": "0.00006928",
   "amount": "1000"
  },
  {
   "price": "0.00007794",
   "amount": "1000"
  },
  {
   "price": "0.0000866",
   "amount": "1000"
  },
  {
   "price": "0.00009999",
   "amount": "500"
  },
  {
   "price": "0.0001",
   "amount": "17990.65"
  }
 ]
}