{
 "pair": "chzusd",
 "bids": [
  {
   "price": "0.008",
   "amount": "3500"
  },
  {
   "price": "0.001",
   "amount": "21212.6271"
  },
  {
   "price": "0.0005",
   "amount": "250000"
  },
  {
   "price": "0.00010001",
   "amount": "199980.0019998"
  },
  {
   "price": "0.000069",
   "amount": "13500"
  },
  {
   "price": "0.0000015",
   "amount": "189133.3333333"
  }
 ],
 "asks": [
  {
   "price": "0.01445",
   "amount": "2792.443304"
  },
  {
   "price": "0.11999",
   "amount": "1664"
  },
  {
   "price": "0.12",
   "amount": "2046"
  },
  {
   "price": "0.14",
   "amount": "5000"
  }
 ]
}