{
 "pair": "clobtc",
 "bids": [
  {
   "price": "9e-8",
   "amount": "22125.05175889"
  },
  {
   "price": "8e-8",
   "amount": "158725"
  },
  {
   "price": "7e-8",
   "amount": "66610.28571429"
  },
  {
   "price": "6e-8",
   "amount": "50000"
  },
  {
   "price": "4e-8",
   "amount": "50000"
  },
  {
   "price": "3e-8",
   "amount": "194670.666666"
  },
  {
   "price": "2e-8",
   "amount": "553774"
  },
  {
   "price": "1e-8",
   "amount": "50000"
  }
 ],
 "asks": [
  {
   "price": "1e-7",
   "amount": "663784.17345606"
  },
  {
   "price": "1.1e-7",
   "amount": "257813.63753949"
  },
  {
   "price": "1.2e-7",
   "amount": "573167.5374768"
  },
  {
   "price": "1.3e-7",
   "amount": "367000.17221964"
  },
  {
   "price": "1.4e-7",
   "amount": "65615.406152"
  },
  {
   "price": "1.5e-7",
   "amount": "145724.32404967"
  },
  {
   "price": "1.9e-7",
   "amount": "77234.28217332"
  },
  {
   "price": "2.4e-7",
   "amount": "59990"
  },
  {
   "price": "2.5e-7",
   "amount": "2258.82224998"
  },
  {
   "price": "2.6e-7",
   "amount": "8692.45802812"
  },
  {
   "price": "2.7e-7",
   "amount": "41042.006"
  },
  {
   "price": "2.8e-7",
   "amount": "39960"
  },
  {
   "price": "2.9e-7",
   "amount": "80000"
  },
  {
   "price": "3e-7",
   "amount": "25105.461"
  },
  {
   "price": "3.2e-7",
   "amount": "19837.53227268"
  },
  {
   "price": "3.4e-7",
   "amount": "50000"
  },
  {
   "price": "3.8e-7",
   "amount": "14500"
  },
  {
   "price": "3.9e-7",
   "amount": "50000"
  },
  {
   "price": "4e-7",
   "amount": "15864.675"
  },
  {
   "price": "4.9e-7",
   "amount": "100000"
  },
  {
   "price": "5e-7",
   "amount": "68751.95"
  },
  {
   "price": "5.9e-7",
   "amount": "50000"
  },
  {
   "price": "6e-7",
   "amount": "2490"
  },
  {
   "price": "6.2e-7",
   "amount": "3746.25"
  },
  {
   "price": "6.6e-7",
   "amount": "5865.90599999"
  }
 ]
}