{
 "pair": "clousd",
 "bids": [
  {
   "price": "0.00052",
   "amount": "14004.09292308"
  },
  {
   "price": "0.00051009",
   "amount": "8000"
  },
  {
   "price": "0.00051",
   "amount": "4000"
  },
  {
   "price": "0.0005",
   "amount": "30000"
  },
  {
   "price": "0.0004008",
   "amount": "40000"
  },
  {
   "price": "0.00040006",
   "amount": "5628.319952"
  },
  {
   "price": "0.0004",
   "amount": "125000"
  },
  {
   "price": "0.0003",
   "amount": "100000"
  },
  {
   "price": "0.00019",
   "amount": "10000"
  },
  {
   "price": "0.00012",
   "amount": "5810"
  },
  {
   "price": "0.00011",
   "amount": "50000"
  },
  {
   "price": "0.0001",
   "amount": "5000"
  },
  {
   "price": "0.0000401",
   "amount": "50000"
  },
  {
   "price": "0.00004001",
   "amount": "50000"
  },
  {
   "price": "0.0000325",
   "amount": "50000"
  },
  {
   "price": "0.00003001",
   "amount": "350000"
  },
  {
   "price": "0.00003",
   "amount": "50000"
  },
  {
   "price": "0.00001212",
   "amount": "50000"
  },
  {
   "price": "0.0000112",
   "amount": "1450000"
  },
  {
   "price": "0.000011",
   "amount": "100000"
  },
  {
   "price": "0.00001",
   "amount": "50000"
  },
  {
   "price": "0.0000069",
   "amount": "50000"
  },
  {
   "price": "0.00000212",
   "amount": "50000"
  },
  {
   "price": "0.0000011",
   "amount": "250000"
  },
  {
   "price": "0.000001",
   "amount": "100000"
  }
 ],
 "asks": [
  {
   "price": "0.00072",
   "amount": "550000"
  },
  {
   "price": "0.001",
   "amount": "8248.466818"
  },
  {
   "price": "0.00135",
   "amount": "12489.32042561"
  },
  {
   "price": "0.00136",
   "amount": "10000"
  },
  {
   "price": "0.00137",
   "amount": "10000"
  },
  {
   "price": "0.00138",
   "amount": "12000"
  },
  {
   "price": "0.0014",
   "amount": "34839.126"
  },
  {
   "price": "0.001445",
   "amount": "20000"
  },
  {
   "price": "0.00145",
   "amount": "21925.03123916"
  },
  {
   "price": "0.001455",
   "amount": "17000"
  },
  {
   "price": "0.001745",
   "amount": "8064.36854"
  },
  {
   "price": "0.001755",
   "amount": "3599"
  },
  {
   "price": "0.0019",
   "amount": "7408"
  },
  {
   "price": "0.0026",
   "amount": "50000"
  },
  {
   "price": "0.00265",
   "amount": "50000"
  },
  {
   "price": "0.00267",
   "amount": "50000"
  },
  {
   "price": "0.00268",
   "amount": "50000"
  },
  {
   "price": "0.00269",
   "amount": "50000"
  },
  {
   "price": "0.002695",
   "amount": "50000"
  },
  {
   "price": "0.00271",
   "amount": "29723.99"
  },
  {
   "price": "0.0027999",
   "amount": "15440"
  },
  {
   "price": "0.0028",
   "amount": "47550.006553"
  },
  {
   "price": "0.0032",
   "amount": "30000"
  },
  {
   "price": "0.0033",
   "amount": "30000"
  },
  {
   "price": "0.0034865",
   "amount": "10000"
  }
 ]
}