{
 "pair": "cndbtc",
 "bids": [
  {
   "price": "8.1e-7",
   "amount": "2946"
  },
  {
   "price": "7.8e-7",
   "amount": "8974.35897436"
  },
  {
   "price": "7.5e-7",
   "amount": "1000"
  },
  {
   "price": "7.1e-7",
   "amount": "1000"
  },
  {
   "price": "6.9e-7",
   "amount": "1000"
  },
  {
   "price": "4.9e-7",
   "amount": "1000"
  },
  {
   "price": "4.8e-7",
   "amount": "60000"
  },
  {
   "price": "3.9e-7",
   "amount": "6000"
  },
  {
   "price": "2.7e-7",
   "amount": "20000"
  },
  {
   "price": "1.4e-7",
   "amount": "50000"
  },
  {
   "price": "1e-7",
   "amount": "20000"
  },
  {
   "price": "9e-8",
   "amount": "10000"
  },
  {
   "price": "5e-8",
   "amount": "80000"
  },
  {
   "price": "1e-8",
   "amount": "480000"
  }
 ],
 "asks": [
  {
   "price": "0.00000258",
   "amount": "11811.94933284"
  },
  {
   "price": "0.0000026",
   "amount": "25000"
  },
  {
   "price": "0.00000498",
   "amount": "10000"
  },
  {
   "price": "0.00000499",
   "amount": "10000"
  },
  {
   "price": "0.000005",
   "amount": "1000"
  },
  {
   "price": "0.00000506",
   "amount": "4940.5"
  },
  {
   "price": "0.0000052",
   "amount": "12500"
  },
  {
   "price": "0.00000999",
   "amount": "10000"
  },
  {
   "price": "0.00001",
   "amount": "1000"
  },
  {
   "price": "0.00001012",
   "amount": "4761.9616"
  },
  {
   "price": "0.0000104",
   "amount": "6500"
  },
  {
   "price": "0.00002079",
   "amount": "10000"
  },
  {
   "price": "0.0000208",
   "amount": "3000"
  },
  {
   "price": "0.00004159",
   "amount": "10000"
  },
  {
   "price": "0.0000416",
   "amount": "3000"
  },
  {
   "price": "0.00008249",
   "amount": "10000"
  },
  {
   "price": "0.0000825",
   "amount": "320"
  },
  {
   "price": "0.00064128",
   "amount": "10000"
  },
  {
   "price": "0.00064129",
   "amount": "1500"
  },
  {
   "price": "0.00065",
   "amount": "1000"
  },
  {
   "price": "0.00083499",
   "amount": "10000"
  },
  {
   "price": "0.000835",
   "amount": "320"
  },
  {
   "price": "0.0010999",
   "amount": "10000"
  },
  {
   "price": "0.0011",
   "amount": "998.11078"
  },
  {
   "price": "0.0065",
   "amount": "1000"
  }
 ]
}