{
 "pair": "cndeth",
 "bids": [
  {
   "price": "0.0000382",
   "amount": "22222"
  },
  {
   "price": "0.00003819",
   "amount": "4713.27572663"
  },
  {
   "price": "0.00003816",
   "amount": "5000"
  },
  {
   "price": "0.000035",
   "amount": "2000"
  },
  {
   "price": "0.00003102",
   "amount": "450"
  },
  {
   "price": "0.00003001",
   "amount": "1166.27790736"
  },
  {
   "price": "0.00003",
   "amount": "3214.1129125"
  },
  {
   "price": "0.0000152",
   "amount": "5500"
  },
  {
   "price": "0.00001",
   "amount": "2000"
  },
  {
   "price": "0.00000916",
   "amount": "1000"
  },
  {
   "price": "0.000002",
   "amount": "10000"
  },
  {
   "price": "0.000001",
   "amount": "20000"
  },
  {
   "price": "6.9e-7",
   "amount": "10000"
  },
  {
   "price": "2e-7",
   "amount": "100000"
  },
  {
   "price": "1e-7",
   "amount": "100000"
  },
  {
   "price": "2e-8",
   "amount": "200000"
  }
 ],
 "asks": [
  {
   "price": "0.0002092",
   "amount": "16667.6987"
  },
  {
   "price": "0.00020921",
   "amount": "917.8664859"
  },
  {
   "price": "0.00020925",
   "amount": "1553.91444854"
  },
  {
   "price": "0.00020936",
   "amount": "1161.06911258"
  },
  {
   "price": "0.000369",
   "amount": "2038.99999972"
  },
  {
   "price": "0.00037",
   "amount": "12000"
  },
  {
   "price": "0.00047",
   "amount": "10318.831511"
  },
  {
   "price": "0.000498",
   "amount": "310"
  },
  {
   "price": "0.00053",
   "amount": "6000"
  },
  {
   "price": "0.000859",
   "amount": "1000"
  },
  {
   "price": "0.009859",
   "amount": "310"
  },
  {
   "price": "0.059",
   "amount": "360"
  },
  {
   "price": "0.0596",
   "amount": "509.49"
  },
  {
   "price": "0.098",
   "amount": "360"
  },
  {
   "price": "0.0988",
   "amount": "310"
  },
  {
   "price": "0.099999",
   "amount": "1000"
  },
  {
   "price": "0.3",
   "amount": "360"
  },
  {
   "price": "0.4",
   "amount": "360"
  }
 ]
}