{
 "pair": "cndusd",
 "bids": [
  {
   "price": "0.0055007",
   "amount": "455"
  },
  {
   "price": "0.0054151",
   "amount": "319.89363"
  },
  {
   "price": "0.0054127",
   "amount": "3210.95984971"
  },
  {
   "price": "0.00541",
   "amount": "2000"
  },
  {
   "price": "0.0051",
   "amount": "5000"
  },
  {
   "price": "0.0050108",
   "amount": "1800"
  },
  {
   "price": "0.0025",
   "amount": "5000"
  },
  {
   "price": "0.0023986",
   "amount": "600"
  },
  {
   "price": "0.0015",
   "amount": "10000"
  },
  {
   "price": "0.0001",
   "amount": "26000"
  },
  {
   "price": "0.00001122",
   "amount": "100000"
  },
  {
   "price": "0.00001",
   "amount": "10000"
  },
  {
   "price": "0.0000069",
   "amount": "100000"
  },
  {
   "price": "0.0000016",
   "amount": "100000"
  },
  {
   "price": "0.000001",
   "amount": "100000"
  },
  {
   "price": "1.1e-7",
   "amount": "500000"
  },
  {
   "price": "1e-7",
   "amount": "1100000"
  },
  {
   "price": "1e-8",
   "amount": "1600000"
  }
 ],
 "asks": [
  {
   "price": "0.010695",
   "amount": "21111"
  },
  {
   "price": "0.0107",
   "amount": "4481.501583"
  },
  {
   "price": "0.029619",
   "amount": "4211.22621382"
  },
  {
   "price": "0.03",
   "amount": "700"
  },
  {
   "price": "0.039",
   "amount": "2500"
  },
  {
   "price": "0.0441",
   "amount": "1033.43"
  },
  {
   "price": "0.045",
   "amount": "5000"
  },
  {
   "price": "0.047",
   "amount": "9671.618"
  },
  {
   "price": "0.056",
   "amount": "4203"
  },
  {
   "price": "0.06",
   "amount": "310"
  },
  {
   "price": "0.061",
   "amount": "600.796"
  },
  {
   "price": "0.06135",
   "amount": "12000"
  },
  {
   "price": "0.06335",
   "amount": "12187.23977368"
  },
  {
   "price": "0.09",
   "amount": "2000"
  },
  {
   "price": "0.145",
   "amount": "1000"
  },
  {
   "price": "0.195",
   "amount": "1000"
  },
  {
   "price": "0.25",
   "amount": "500"
  },
  {
   "price": "0.5",
   "amount": "980"
  },
  {
   "price": "0.589",
   "amount": "310"
  },
  {
   "price": "0.59",
   "amount": "690"
  },
  {
   "price": "0.98",
   "amount": "300"
  },
  {
   "price": "1",
   "amount": "500"
  },
  {
   "price": "1.48",
   "amount": "500"
  },
  {
   "price": "3",
   "amount": "401.825956"
  },
  {
   "price": "4.8",
   "amount": "300"
  }
 ]
}