{
 "pair": "cnneth",
 "bids": [
  {
   "price": "3.2e-7",
   "amount": "3333333"
  },
  {
   "price": "2.4e-7",
   "amount": "4538060.433386"
  },
  {
   "price": "1.8e-7",
   "amount": "4166708.3334375"
  },
  {
   "price": "1.5e-7",
   "amount": "165000"
  },
  {
   "price": "8e-8",
   "amount": "250000"
  },
  {
   "price": "7e-8",
   "amount": "30000"
  },
  {
   "price": "6e-8",
   "amount": "322224"
  },
  {
   "price": "5e-8",
   "amount": "400000"
  },
  {
   "price": "4e-8",
   "amount": "750000"
  },
  {
   "price": "3e-8",
   "amount": "666667"
  },
  {
   "price": "2e-8",
   "amount": "4100000"
  }
 ],
 "asks": [
  {
   "price": "3.8e-7",
   "amount": "2608005.476"
  },
  {
   "price": "3.9e-7",
   "amount": "4354188.66265405"
  },
  {
   "price": "4e-7",
   "amount": "115000"
  },
  {
   "price": "4.1e-7",
   "amount": "115000"
  },
  {
   "price": "5e-7",
   "amount": "125000"
  },
  {
   "price": "5.2e-7",
   "amount": "389955.041445"
  },
  {
   "price": "7e-7",
   "amount": "115000"
  },
  {
   "price": "7.9e-7",
   "amount": "299700.009"
  },
  {
   "price": "8e-7",
   "amount": "2238997.901356"
  },
  {
   "price": "8.3e-7",
   "amount": "299699.99"
  },
  {
   "price": "8.5e-7",
   "amount": "99899.99999999"
  },
  {
   "price": "8.6e-7",
   "amount": "89910"
  },
  {
   "price": "0.000001",
   "amount": "38000"
  },
  {
   "price": "0.00000128",
   "amount": "99900"
  },
  {
   "price": "0.00000137",
   "amount": "100000"
  },
  {
   "price": "0.0000014",
   "amount": "1227443.56826582"
  },
  {
   "price": "0.0000015",
   "amount": "111000"
  },
  {
   "price": "0.00000154",
   "amount": "101796"
  },
  {
   "price": "0.00000162",
   "amount": "100000"
  },
  {
   "price": "0.00000164",
   "amount": "100000"
  },
  {
   "price": "0.00000167",
   "amount": "100000"
  },
  {
   "price": "0.0000017",
   "amount": "100000"
  },
  {
   "price": "0.00000173",
   "amount": "100000"
  },
  {
   "price": "0.00000175",
   "amount": "100000"
  },
  {
   "price": "0.00000178",
   "amount": "100000"
  }
 ]
}