{
 "pair": "csxusd",
 "bids": [
  {
   "price": "0.06214",
   "amount": "1378.11871393"
  },
  {
   "price": "0.06011",
   "amount": "500"
  },
  {
   "price": "0.035773",
   "amount": "920"
  },
  {
   "price": "0.035772",
   "amount": "1010"
  },
  {
   "price": "0.035771",
   "amount": "2230"
  },
  {
   "price": "0.03577",
   "amount": "1200"
  },
  {
   "price": "0.0326",
   "amount": "900"
  },
  {
   "price": "0.022",
   "amount": "300"
  },
  {
   "price": "0.02146",
   "amount": "1100"
  },
  {
   "price": "0.0214",
   "amount": "1130"
  },
  {
   "price": "0.0213",
   "amount": "1200"
  },
  {
   "price": "0.02121",
   "amount": "130"
  },
  {
   "price": "0.009",
   "amount": "100"
  },
  {
   "price": "0.0057",
   "amount": "510"
  },
  {
   "price": "0.002121",
   "amount": "800"
  },
  {
   "price": "0.001",
   "amount": "10000"
  },
  {
   "price": "0.000113",
   "amount": "150000"
  },
  {
   "price": "0.000011",
   "amount": "100000"
  },
  {
   "price": "0.00001",
   "amount": "10000"
  },
  {
   "price": "0.0000069",
   "amount": "100000"
  },
  {
   "price": "0.0000011",
   "amount": "300000"
  },
  {
   "price": "0.000001",
   "amount": "100000"
  },
  {
   "price": "1.1e-7",
   "amount": "1810000"
  },
  {
   "price": "1e-7",
   "amount": "100000"
  }
 ],
 "asks": [
  {
   "price": "0.0982",
   "amount": "6513.52327366"
  },
  {
   "price": "0.0984",
   "amount": "7000"
  },
  {
   "price": "0.098439",
   "amount": "7285.18163545"
  },
  {
   "price": "0.09844",
   "amount": "548.34616474"
  },
  {
   "price": "0.1155",
   "amount": "191.467"
  },
  {
   "price": "0.1397",
   "amount": "61.876"
  },
  {
   "price": "0.153",
   "amount": "299.7"
  },
  {
   "price": "0.16",
   "amount": "9935.34694719"
  },
  {
   "price": "0.17",
   "amount": "15000"
  },
  {
   "price": "0.18",
   "amount": "20000"
  },
  {
   "price": "0.2",
   "amount": "29990"
  },
  {
   "price": "0.59393",
   "amount": "133.8773638"
  },
  {
   "price": "0.99",
   "amount": "51"
  },
  {
   "price": "1.7",
   "amount": "74.706"
  },
  {
   "price": "4.99",
   "amount": "52.896"
  },
  {
   "price": "5",
   "amount": "950"
  },
  {
   "price": "100000",
   "amount": "115.131854"
  }
 ]
}