{
 "pair": "ctxbtc",
 "bids": [
  {
   "price": "0.00000903",
   "amount": "548.84742042"
  },
  {
   "price": "0.00000191",
   "amount": "2500"
  },
  {
   "price": "0.0000011",
   "amount": "4200"
  },
  {
   "price": "0.00000101",
   "amount": "1500"
  },
  {
   "price": "1.5e-7",
   "amount": "10000"
  },
  {
   "price": "1.2e-7",
   "amount": "10000"
  },
  {
   "price": "1e-7",
   "amount": "11295.2"
  },
  {
   "price": "3e-8",
   "amount": "50000"
  }
 ],
 "asks": [
  {
   "price": "0.00002816",
   "amount": "1000.30465755"
  },
  {
   "price": "0.0000404",
   "amount": "2500"
  },
  {
   "price": "0.0000808",
   "amount": "1250"
  },
  {
   "price": "0.000105",
   "amount": "19"
  },
  {
   "price": "0.00012",
   "amount": "20.96"
  },
  {
   "price": "0.0001616",
   "amount": "1250"
  },
  {
   "price": "0.00038",
   "amount": "1000"
  },
  {
   "price": "0.00088",
   "amount": "100"
  },
  {
   "price": "0.00094",
   "amount": "56.44797101"
  },
  {
   "price": "0.00096",
   "amount": "200"
  },
  {
   "price": "0.001",
   "amount": "500"
  },
  {
   "price": "0.0038",
   "amount": "100"
  },
  {
   "price": "0.0095",
   "amount": "51.52493606"
  },
  {
   "price": "0.0099",
   "amount": "400"
  },
  {
   "price": "0.01",
   "amount": "122.877"
  },
  {
   "price": "0.038",
   "amount": "100"
  },
  {
   "price": "0.38",
   "amount": "100"
  },
  {
   "price": "0.88",
   "amount": "200"
  },
  {
   "price": "100",
   "amount": "0.01"
  }
 ]
}