{
 "pair": "ctxusd",
 "bids": [
  {
   "price": "0.052021",
   "amount": "110.95039555"
  },
  {
   "price": "0.052",
   "amount": "242"
  },
  {
   "price": "0.041",
   "amount": "600"
  },
  {
   "price": "0.037008",
   "amount": "100"
  },
  {
   "price": "0.02101",
   "amount": "86"
  },
  {
   "price": "0.0201",
   "amount": "565"
  },
  {
   "price": "0.013",
   "amount": "82"
  },
  {
   "price": "0.0102",
   "amount": "600"
  },
  {
   "price": "0.001213",
   "amount": "900"
  },
  {
   "price": "0.00068",
   "amount": "50000"
  },
  {
   "price": "0.00067",
   "amount": "47.91585075"
  },
  {
   "price": "0.00063",
   "amount": "10000"
  },
  {
   "price": "0.0001",
   "amount": "1000"
  },
  {
   "price": "0.0000233",
   "amount": "150000"
  },
  {
   "price": "0.00001",
   "amount": "50000"
  },
  {
   "price": "0.0000069",
   "amount": "50000"
  },
  {
   "price": "0.000002",
   "amount": "50000"
  },
  {
   "price": "0.000001",
   "amount": "50000"
  },
  {
   "price": "1.1e-7",
   "amount": "600000"
  },
  {
   "price": "1e-7",
   "amount": "200000"
  },
  {
   "price": "1e-8",
   "amount": "50000"
  }
 ],
 "asks": [
  {
   "price": "0.14625",
   "amount": "361.93971365"
  },
  {
   "price": "0.14626",
   "amount": "338.305717"
  },
  {
   "price": "0.1532",
   "amount": "499.5"
  },
  {
   "price": "0.1644",
   "amount": "16"
  },
  {
   "price": "0.2003",
   "amount": "172"
  },
  {
   "price": "0.208",
   "amount": "128.3715"
  },
  {
   "price": "0.20981",
   "amount": "49"
  },
  {
   "price": "0.22322",
   "amount": "16"
  },
  {
   "price": "0.23365",
   "amount": "3889.79891"
  },
  {
   "price": "0.26543",
   "amount": "574.760663"
  },
  {
   "price": "0.29381",
   "amount": "16"
  },
  {
   "price": "0.3",
   "amount": "172.211372"
  },
  {
   "price": "0.3644",
   "amount": "16"
  },
  {
   "price": "0.40027",
   "amount": "999"
  },
  {
   "price": "0.4291",
   "amount": "16"
  },
  {
   "price": "0.5",
   "amount": "1319.3922171"
  },
  {
   "price": "0.51145",
   "amount": "16"
  },
  {
   "price": "0.57028",
   "amount": "16"
  },
  {
   "price": "0.63019",
   "amount": "16"
  },
  {
   "price": "0.69969",
   "amount": "16"
  },
  {
   "price": "0.7789",
   "amount": "16"
  },
  {
   "price": "0.84028",
   "amount": "59.94"
  },
  {
   "price": "0.85",
   "amount": "64.55809772"
  },
  {
   "price": "0.87177",
   "amount": "16"
  },
  {
   "price": "0.92",
   "amount": "50"
  }
 ]
}