{
 "pair": "dadeth",
 "bids": [
  {
   "price": "0.00021059",
   "amount": "166.19972458"
  },
  {
   "price": "0.00021058",
   "amount": "5530.97019437"
  },
  {
   "price": "0.00021",
   "amount": "3000"
  },
  {
   "price": "0.00020128",
   "amount": "894.27662957"
  },
  {
   "price": "0.0002",
   "amount": "1219.72773988"
  },
  {
   "price": "0.000153",
   "amount": "900"
  },
  {
   "price": "0.00002852",
   "amount": "800"
  },
  {
   "price": "0.00002851",
   "amount": "81"
  },
  {
   "price": "0.00001115",
   "amount": "20000"
  },
  {
   "price": "0.00001",
   "amount": "2000"
  },
  {
   "price": "0.000005",
   "amount": "4000"
  },
  {
   "price": "0.000001",
   "amount": "20000"
  },
  {
   "price": "5.5e-7",
   "amount": "10000"
  },
  {
   "price": "5.2e-7",
   "amount": "40000"
  },
  {
   "price": "1e-7",
   "amount": "200000"
  },
  {
   "price": "3e-8",
   "amount": "3500"
  },
  {
   "price": "2e-8",
   "amount": "5000"
  }
 ],
 "asks": [
  {
   "price": "0.0002854",
   "amount": "391.18871298"
  },
  {
   "price": "0.00028541",
   "amount": "801.71502865"
  },
  {
   "price": "0.00034981",
   "amount": "2178.01089"
  },
  {
   "price": "0.00035",
   "amount": "523.84825"
  },
  {
   "price": "0.00037877",
   "amount": "559.98164235"
  },
  {
   "price": "0.00042173",
   "amount": "998.978479"
  },
  {
   "price": "0.00042687",
   "amount": "888"
  },
  {
   "price": "0.00042787",
   "amount": "1020.02002001"
  },
  {
   "price": "0.000533",
   "amount": "9999.76548798"
  },
  {
   "price": "0.00285",
   "amount": "100"
  },
  {
   "price": "0.0108",
   "amount": "107.892"
  },
  {
   "price": "0.01285",
   "amount": "100"
  },
  {
   "price": "0.09",
   "amount": "1880.943797"
  },
  {
   "price": "0.21285",
   "amount": "99"
  },
  {
   "price": "0.36794",
   "amount": "85.914"
  }
 ]
}