{
 "pair": "daibtc",
 "bids": [
  {
   "price": "0.00013885",
   "amount": "3491.79865189"
  },
  {
   "price": "0.00013884",
   "amount": "510.44896328"
  },
  {
   "price": "0.0001382",
   "amount": "1020.89782373"
  },
  {
   "price": "0.00013745",
   "amount": "286.05500181"
  },
  {
   "price": "0.00013744",
   "amount": "1924.06417346"
  },
  {
   "price": "0.00013713",
   "amount": "3750"
  },
  {
   "price": "0.00013693",
   "amount": "201.8"
  },
  {
   "price": "0.00013013",
   "amount": "4"
  },
  {
   "price": "0.000121",
   "amount": "100"
  },
  {
   "price": "0.00012",
   "amount": "24.93972"
  },
  {
   "price": "0.00010031",
   "amount": "28.26638951"
  },
  {
   "price": "0.0001",
   "amount": "40"
  },
  {
   "price": "0.00001318",
   "amount": "7200"
  },
  {
   "price": "0.0000127",
   "amount": "16000"
  },
  {
   "price": "0.00001269",
   "amount": "9000"
  },
  {
   "price": "0.00001044",
   "amount": "9900"
  },
  {
   "price": "0.00001",
   "amount": "20000"
  },
  {
   "price": "0.00000727",
   "amount": "68.776"
  },
  {
   "price": "0.000005",
   "amount": "1000"
  },
  {
   "price": "0.00000203",
   "amount": "20000"
  },
  {
   "price": "0.000002",
   "amount": "2500"
  },
  {
   "price": "0.00000173",
   "amount": "20000"
  },
  {
   "price": "0.00000111",
   "amount": "20000"
  },
  {
   "price": "0.000001",
   "amount": "5000"
  },
  {
   "price": "6.4e-7",
   "amount": "20000"
  }
 ],
 "asks": [
  {
   "price": "0.00014214",
   "amount": "1531.39519974"
  },
  {
   "price": "0.00014215",
   "amount": "186.59975056"
  },
  {
   "price": "0.00014477",
   "amount": "196.35"
  },
  {
   "price": "0.00015284",
   "amount": "40.82550061"
  },
  {
   "price": "0.000156",
   "amount": "1765.34539743"
  },
  {
   "price": "0.00016825",
   "amount": "70"
  },
  {
   "price": "0.00019927",
   "amount": "66.31492006"
  },
  {
   "price": "0.00022",
   "amount": "5.5944"
  },
  {
   "price": "0.0002856",
   "amount": "19.98"
  },
  {
   "price": "0.094",
   "amount": "19.96"
  },
  {
   "price": "0.0949",
   "amount": "10.978"
  }
 ]
}