{
 "pair": "daieth",
 "bids": [
  {
   "price": "0.0071004",
   "amount": "140.8371359"
  },
  {
   "price": "0.0071001",
   "amount": "246.06115689"
  },
  {
   "price": "0.0071",
   "amount": "7300"
  },
  {
   "price": "0.0068829",
   "amount": "326.96272557"
  },
  {
   "price": "0.0068824",
   "amount": "354.56071591"
  },
  {
   "price": "0.0068573",
   "amount": "174.34558083"
  },
  {
   "price": "0.006857",
   "amount": "364.61264462"
  },
  {
   "price": "0.00685",
   "amount": "0.11392683"
  },
  {
   "price": "0.0068268",
   "amount": "440.29680047"
  },
  {
   "price": "0.0068174",
   "amount": "385.07032173"
  },
  {
   "price": "0.0068062",
   "amount": "164.83500869"
  },
  {
   "price": "0.0067988",
   "amount": "174.69750929"
  },
  {
   "price": "0.0067787",
   "amount": "422.54867632"
  },
  {
   "price": "0.006752",
   "amount": "275.13945826"
  },
  {
   "price": "0.0067313",
   "amount": "258.76612821"
  },
  {
   "price": "0.0067238",
   "amount": "190.74560977"
  },
  {
   "price": "0.0067",
   "amount": "244.3287506"
  },
  {
   "price": "0.00642",
   "amount": "100"
  },
  {
   "price": "0.006055",
   "amount": "194.89408954"
  },
  {
   "price": "0.0055531",
   "amount": "158.758559"
  },
  {
   "price": "0.00555",
   "amount": "1937.19302023"
  },
  {
   "price": "0.0052631",
   "amount": "3800"
  },
  {
   "price": "0.0052083",
   "amount": "3840"
  },
  {
   "price": "0.0051813",
   "amount": "3860"
  },
  {
   "price": "0.0051546",
   "amount": "3880"
  }
 ],
 "asks": [
  {
   "price": "0.0093757",
   "amount": "196.98509092"
  },
  {
   "price": "0.009376",
   "amount": "41.43275233"
  },
  {
   "price": "0.0093764",
   "amount": "32.86449608"
  },
  {
   "price": "0.009379",
   "amount": "6.57235977"
  },
  {
   "price": "0.0093835",
   "amount": "196.35"
  },
  {
   "price": "0.0094288",
   "amount": "24.74300341"
  },
  {
   "price": "0.010969",
   "amount": "37.114"
  },
  {
   "price": "0.0111",
   "amount": "1665.07654783"
  },
  {
   "price": "3.3",
   "amount": "5"
  },
  {
   "price": "4.47",
   "amount": "6.993"
  },
  {
   "price": "4.48",
   "amount": "10"
  },
  {
   "price": "4.49",
   "amount": "10"
  },
  {
   "price": "4.5",
   "amount": "10"
  }
 ]
}