{
 "pair": "daiusd",
 "bids": [
  {
   "price": "0.99901",
   "amount": "15.63062933"
  },
  {
   "price": "0.999",
   "amount": "10.00999"
  },
  {
   "price": "0.9985",
   "amount": "89.82881372"
  },
  {
   "price": "0.99849",
   "amount": "518.11276321"
  },
  {
   "price": "0.998",
   "amount": "20"
  },
  {
   "price": "0.99785",
   "amount": "47.16"
  },
  {
   "price": "0.9968",
   "amount": "38.294238"
  },
  {
   "price": "0.9966",
   "amount": "1322.8831395"
  },
  {
   "price": "0.996",
   "amount": "10"
  },
  {
   "price": "0.99588",
   "amount": "221.43112032"
  },
  {
   "price": "0.995",
   "amount": "442.77861192"
  },
  {
   "price": "0.994",
   "amount": "10"
  },
  {
   "price": "0.99302",
   "amount": "98.6630398"
  },
  {
   "price": "0.992",
   "amount": "3010"
  },
  {
   "price": "0.99082",
   "amount": "567.34093056"
  },
  {
   "price": "0.99",
   "amount": "10"
  },
  {
   "price": "0.988",
   "amount": "10"
  },
  {
   "price": "0.98669",
   "amount": "304.04686376"
  },
  {
   "price": "0.986",
   "amount": "10"
  },
  {
   "price": "0.984",
   "amount": "10"
  },
  {
   "price": "0.98363",
   "amount": "1531.22275602"
  },
  {
   "price": "0.982",
   "amount": "10"
  },
  {
   "price": "0.98117",
   "amount": "3015.640101"
  },
  {
   "price": "0.98",
   "amount": "24.549554"
  },
  {
   "price": "0.97893",
   "amount": "1000"
  }
 ],
 "asks": [
  {
   "price": "1",
   "amount": "36.39469898"
  },
  {
   "price": "1.001",
   "amount": "44.3"
  },
  {
   "price": "1.0022",
   "amount": "469.62219731"
  },
  {
   "price": "1.0025",
   "amount": "1000"
  },
  {
   "price": "1.0027",
   "amount": "287.84555146"
  },
  {
   "price": "1.003",
   "amount": "250"
  },
  {
   "price": "1.0031",
   "amount": "500"
  },
  {
   "price": "1.0034",
   "amount": "2000"
  },
  {
   "price": "1.0035",
   "amount": "3555.24225675"
  },
  {
   "price": "1.0036",
   "amount": "1666.70790241"
  },
  {
   "price": "1.0039",
   "amount": "1302.53279829"
  },
  {
   "price": "1.004",
   "amount": "193.46580909"
  },
  {
   "price": "1.0045",
   "amount": "447.52"
  },
  {
   "price": "1.005",
   "amount": "2000"
  },
  {
   "price": "1.0051",
   "amount": "299.7"
  },
  {
   "price": "1.0055",
   "amount": "759.24"
  },
  {
   "price": "1.0059",
   "amount": "281.831071"
  },
  {
   "price": "1.006",
   "amount": "5360.55"
  },
  {
   "price": "1.0065",
   "amount": "799.19"
  },
  {
   "price": "1.0069",
   "amount": "299.7"
  },
  {
   "price": "1.007",
   "amount": "873.094898"
  },
  {
   "price": "1.0072",
   "amount": "393.30946506"
  },
  {
   "price": "1.008",
   "amount": "10"
  },
  {
   "price": "1.0085",
   "amount": "510.30314172"
  },
  {
   "price": "1.009",
   "amount": "2236.3696063"
  }
 ]
}