{
 "pair": "datbtc",
 "bids": [
  {
   "price": "0.00000216",
   "amount": "10148.14434311"
  },
  {
   "price": "0.00000215",
   "amount": "9000"
  },
  {
   "price": "0.00000214",
   "amount": "753.83778327"
  },
  {
   "price": "0.00000211",
   "amount": "753.83778327"
  },
  {
   "price": "0.00000209",
   "amount": "20753.83778327"
  },
  {
   "price": "0.00000206",
   "amount": "0.83778327"
  },
  {
   "price": "0.00000204",
   "amount": "753.83778327"
  },
  {
   "price": "0.00000201",
   "amount": "753.83778327"
  },
  {
   "price": "0.00000199",
   "amount": "753.83778327"
  },
  {
   "price": "0.00000196",
   "amount": "753.83778327"
  },
  {
   "price": "0.00000194",
   "amount": "753.83778327"
  },
  {
   "price": "0.00000192",
   "amount": "118.09204981"
  },
  {
   "price": "0.0000019",
   "amount": "753.83778327"
  },
  {
   "price": "0.0000018",
   "amount": "96468.05876264"
  },
  {
   "price": "0.00000171",
   "amount": "575"
  },
  {
   "price": "0.00000155",
   "amount": "228915.15186436"
  },
  {
   "price": "0.0000015",
   "amount": "3000"
  },
  {
   "price": "0.00000141",
   "amount": "66863.33786948"
  },
  {
   "price": "0.0000014",
   "amount": "7378.57"
  },
  {
   "price": "0.00000138",
   "amount": "6699"
  },
  {
   "price": "0.00000133",
   "amount": "19850.586466"
  },
  {
   "price": "0.00000132",
   "amount": "25274"
  },
  {
   "price": "0.0000013",
   "amount": "70314.10101501"
  },
  {
   "price": "0.00000129",
   "amount": "5000"
  },
  {
   "price": "0.00000125",
   "amount": "20750.632"
  }
 ],
 "asks": [
  {
   "price": "0.00000222",
   "amount": "2190.19118777"
  },
  {
   "price": "0.00000224",
   "amount": "753.83778327"
  },
  {
   "price": "0.00000227",
   "amount": "753.83778327"
  },
  {
   "price": "0.0000023",
   "amount": "753.83778327"
  },
  {
   "price": "0.00000233",
   "amount": "8147.82475737"
  },
  {
   "price": "0.00000235",
   "amount": "753.83778327"
  },
  {
   "price": "0.00000238",
   "amount": "753.83778327"
  },
  {
   "price": "0.00000241",
   "amount": "753.83778327"
  },
  {
   "price": "0.00000244",
   "amount": "753.83778327"
  },
  {
   "price": "0.00000247",
   "amount": "753.83778327"
  },
  {
   "price": "0.0000025",
   "amount": "753.83778327"
  },
  {
   "price": "0.00000253",
   "amount": "753.83778327"
  },
  {
   "price": "0.00000256",
   "amount": "753.83778327"
  },
  {
   "price": "0.00000259",
   "amount": "753.83778327"
  },
  {
   "price": "0.00000262",
   "amount": "753.83778327"
  },
  {
   "price": "0.00000266",
   "amount": "753.83778327"
  },
  {
   "price": "0.0000027",
   "amount": "2997.16"
  },
  {
   "price": "0.00000313",
   "amount": "1875.864065"
  },
  {
   "price": "0.00000321",
   "amount": "554.445"
  },
  {
   "price": "0.00000368",
   "amount": "4060.9"
  },
  {
   "price": "0.0000038",
   "amount": "8486.1054"
  },
  {
   "price": "0.00000435",
   "amount": "11988"
  },
  {
   "price": "0.0000045",
   "amount": "1000"
  },
  {
   "price": "0.00000459",
   "amount": "998"
  },
  {
   "price": "0.000005",
   "amount": "1000"
  }
 ]
}