{
 "pair": "dateth",
 "bids": [
  {
   "price": "0.00012051",
   "amount": "16908.09261972"
  },
  {
   "price": "0.00012039",
   "amount": "8000"
  },
  {
   "price": "0.00012027",
   "amount": "15000"
  },
  {
   "price": "0.00010535",
   "amount": "1708.59041291"
  },
  {
   "price": "0.00010534",
   "amount": "16019.55572432"
  },
  {
   "price": "0.0000975",
   "amount": "10000"
  },
  {
   "price": "0.00009711",
   "amount": "750"
  },
  {
   "price": "0.00008146",
   "amount": "13519"
  },
  {
   "price": "0.00008",
   "amount": "5378.8854865"
  },
  {
   "price": "0.0000799",
   "amount": "274"
  },
  {
   "price": "0.0000755",
   "amount": "13000"
  },
  {
   "price": "0.000072",
   "amount": "40000"
  },
  {
   "price": "0.0000712",
   "amount": "1000"
  },
  {
   "price": "0.0000711",
   "amount": "500"
  },
  {
   "price": "0.0000706",
   "amount": "600"
  },
  {
   "price": "0.0000705",
   "amount": "7500"
  },
  {
   "price": "0.00007046",
   "amount": "135000"
  },
  {
   "price": "0.00007045",
   "amount": "346936.377431"
  },
  {
   "price": "0.00007",
   "amount": "2090.950922"
  },
  {
   "price": "0.00006996",
   "amount": "340"
  },
  {
   "price": "0.00006995",
   "amount": "6200"
  },
  {
   "price": "0.00006994",
   "amount": "432721.954675"
  },
  {
   "price": "0.000068",
   "amount": "1834.96632"
  },
  {
   "price": "0.000065",
   "amount": "5000"
  },
  {
   "price": "0.00006453",
   "amount": "23000"
  }
 ],
 "asks": [
  {
   "price": "0.00012337",
   "amount": "922.70488562"
  },
  {
   "price": "0.00012359",
   "amount": "786.88252017"
  },
  {
   "price": "0.0001279",
   "amount": "7393.9869741"
  },
  {
   "price": "0.00016122",
   "amount": "1497.98709481"
  },
  {
   "price": "0.00016125",
   "amount": "4526.27300425"
  },
  {
   "price": "0.00016491",
   "amount": "335.00000001"
  },
  {
   "price": "0.00018",
   "amount": "21000"
  },
  {
   "price": "0.000188",
   "amount": "9990.0000007"
  },
  {
   "price": "0.00019",
   "amount": "19959.9999999"
  },
  {
   "price": "0.000198",
   "amount": "5000"
  },
  {
   "price": "0.00021",
   "amount": "5000"
  },
  {
   "price": "0.00023",
   "amount": "2000"
  },
  {
   "price": "0.00024",
   "amount": "5000"
  },
  {
   "price": "0.00027",
   "amount": "5000"
  },
  {
   "price": "0.000289",
   "amount": "4994.99999999"
  },
  {
   "price": "0.0003",
   "amount": "5663.942344"
  },
  {
   "price": "0.00032",
   "amount": "997"
  },
  {
   "price": "0.00033",
   "amount": "308.296"
  },
  {
   "price": "0.00033117",
   "amount": "500"
  },
  {
   "price": "0.000347",
   "amount": "302.6382"
  },
  {
   "price": "0.000349",
   "amount": "1500"
  },
  {
   "price": "0.00034925",
   "amount": "1000"
  },
  {
   "price": "0.000359",
   "amount": "12831.797857"
  },
  {
   "price": "0.00036",
   "amount": "1000"
  },
  {
   "price": "0.0003699",
   "amount": "16959.767441"
  }
 ]
}