{
 "pair": "datusd",
 "bids": [
  {
   "price": "0.01542",
   "amount": "1941.4"
  },
  {
   "price": "0.015411",
   "amount": "833.48423774"
  },
  {
   "price": "0.015401",
   "amount": "3895.13553582"
  },
  {
   "price": "0.01535",
   "amount": "4125.68637954"
  },
  {
   "price": "0.015256",
   "amount": "13321.29197989"
  },
  {
   "price": "0.014628",
   "amount": "20000"
  },
  {
   "price": "0.014508",
   "amount": "31585.240812"
  },
  {
   "price": "0.014141",
   "amount": "21214.90700799"
  },
  {
   "price": "0.01414",
   "amount": "815"
  },
  {
   "price": "0.013678",
   "amount": "5317.22969"
  },
  {
   "price": "0.013668",
   "amount": "3500"
  },
  {
   "price": "0.01358",
   "amount": "904.974626"
  },
  {
   "price": "0.013555",
   "amount": "3600"
  },
  {
   "price": "0.0132",
   "amount": "6337.9444598"
  },
  {
   "price": "0.01303",
   "amount": "898"
  },
  {
   "price": "0.013",
   "amount": "12466.62259"
  },
  {
   "price": "0.01251",
   "amount": "931"
  },
  {
   "price": "0.012508",
   "amount": "2870.77842"
  },
  {
   "price": "0.0125",
   "amount": "4442.4877224"
  },
  {
   "price": "0.01244",
   "amount": "803.71380073"
  },
  {
   "price": "0.0124",
   "amount": "3776.9809484"
  },
  {
   "price": "0.0123",
   "amount": "1773"
  },
  {
   "price": "0.012292",
   "amount": "821.13073889"
  },
  {
   "price": "0.012021",
   "amount": "4844.633698"
  },
  {
   "price": "0.01201",
   "amount": "36252"
  }
 ],
 "asks": [
  {
   "price": "0.0157",
   "amount": "1.262245"
  },
  {
   "price": "0.01597",
   "amount": "7292.7"
  },
  {
   "price": "0.015998",
   "amount": "7500"
  },
  {
   "price": "0.016",
   "amount": "98959.761237"
  },
  {
   "price": "0.016235",
   "amount": "6048.1484453"
  },
  {
   "price": "0.01635",
   "amount": "706"
  },
  {
   "price": "0.0165",
   "amount": "500"
  },
  {
   "price": "0.0168",
   "amount": "22097.227311"
  },
  {
   "price": "0.01694",
   "amount": "19957.0373"
  },
  {
   "price": "0.016943",
   "amount": "7110.249333"
  },
  {
   "price": "0.01703",
   "amount": "733"
  },
  {
   "price": "0.01774",
   "amount": "651"
  },
  {
   "price": "0.017899",
   "amount": "7393.9869741"
  },
  {
   "price": "0.0179",
   "amount": "500"
  },
  {
   "price": "0.018371",
   "amount": "2957.083906"
  },
  {
   "price": "0.01848",
   "amount": "625"
  },
  {
   "price": "0.018705",
   "amount": "1996.404488"
  },
  {
   "price": "0.018998",
   "amount": "7624.507962"
  },
  {
   "price": "0.019",
   "amount": "3029"
  },
  {
   "price": "0.01925",
   "amount": "600"
  },
  {
   "price": "0.0198",
   "amount": "15000"
  },
  {
   "price": "0.01999",
   "amount": "2500"
  },
  {
   "price": "0.02",
   "amount": "6375.174664"
  },
  {
   "price": "0.02006",
   "amount": "552"
  },
  {
   "price": "0.02086",
   "amount": "532"
  }
 ]
}