{
 "pair": "dgbbtc",
 "bids": [
  {
   "price": "8.7e-7",
   "amount": "10000"
  },
  {
   "price": "8.6e-7",
   "amount": "12666.03128221"
  },
  {
   "price": "8.4e-7",
   "amount": "10000"
  },
  {
   "price": "8.3e-7",
   "amount": "20000"
  },
  {
   "price": "8.2e-7",
   "amount": "20000"
  },
  {
   "price": "8e-7",
   "amount": "101335"
  },
  {
   "price": "7.8e-7",
   "amount": "9740"
  },
  {
   "price": "7.5e-7",
   "amount": "2000"
  },
  {
   "price": "4.5e-7",
   "amount": "46791.777777"
  },
  {
   "price": "2.7e-7",
   "amount": "3000"
  },
  {
   "price": "2.6e-7",
   "amount": "500000"
  },
  {
   "price": "2.5e-7",
   "amount": "1000000"
  },
  {
   "price": "2.1e-7",
   "amount": "7190.00666666"
  },
  {
   "price": "1.1e-7",
   "amount": "904.02181818"
  },
  {
   "price": "9e-8",
   "amount": "10000"
  },
  {
   "price": "3e-8",
   "amount": "200000"
  },
  {
   "price": "2e-8",
   "amount": "1010000"
  }
 ],
 "asks": [
  {
   "price": "9.3e-7",
   "amount": "7983.33063535"
  },
  {
   "price": "9.5e-7",
   "amount": "10000"
  },
  {
   "price": "9.6e-7",
   "amount": "16126.88697"
  },
  {
   "price": "9.7e-7",
   "amount": "20000"
  },
  {
   "price": "9.8e-7",
   "amount": "6770"
  },
  {
   "price": "9.9e-7",
   "amount": "10937.00782153"
  },
  {
   "price": "0.000001",
   "amount": "13966.8"
  },
  {
   "price": "0.00000101",
   "amount": "10770"
  },
  {
   "price": "0.00000102",
   "amount": "10770"
  },
  {
   "price": "0.00000103",
   "amount": "34206.254412"
  },
  {
   "price": "0.00000104",
   "amount": "20770"
  },
  {
   "price": "0.00000105",
   "amount": "30770"
  },
  {
   "price": "0.00000106",
   "amount": "40770"
  },
  {
   "price": "0.00000107",
   "amount": "50770"
  },
  {
   "price": "0.00000108",
   "amount": "60770"
  },
  {
   "price": "0.00000109",
   "amount": "70770"
  },
  {
   "price": "0.0000011",
   "amount": "93727.14"
  },
  {
   "price": "0.00000111",
   "amount": "53405.79663827"
  },
  {
   "price": "0.00000133",
   "amount": "50000"
  },
  {
   "price": "0.00000134",
   "amount": "21293.526068"
  },
  {
   "price": "0.00000141",
   "amount": "20000"
  },
  {
   "price": "0.00000144",
   "amount": "49900"
  },
  {
   "price": "0.0000015",
   "amount": "19900"
  },
  {
   "price": "0.0000016",
   "amount": "44514.542857"
  },
  {
   "price": "0.00000167",
   "amount": "12743.46893984"
  }
 ]
}