{
 "pair": "dgbusd",
 "bids": [
  {
   "price": "0.00603",
   "amount": "14875.6217784"
  },
  {
   "price": "0.00602",
   "amount": "3000"
  },
  {
   "price": "0.00521",
   "amount": "980"
  },
  {
   "price": "0.00511",
   "amount": "530"
  },
  {
   "price": "0.0051051",
   "amount": "660.818452"
  },
  {
   "price": "0.005",
   "amount": "5000"
  },
  {
   "price": "0.0049402",
   "amount": "60726.28638517"
  },
  {
   "price": "0.0049401",
   "amount": "1012.11501675"
  },
  {
   "price": "0.0048801",
   "amount": "69091.103523"
  },
  {
   "price": "0.00488",
   "amount": "2049.18032787"
  },
  {
   "price": "0.004",
   "amount": "2874.862365"
  },
  {
   "price": "0.0036617",
   "amount": "2730.91228856"
  },
  {
   "price": "0.0032",
   "amount": "2000"
  },
  {
   "price": "0.00212",
   "amount": "1000"
  },
  {
   "price": "0.0016",
   "amount": "6250"
  },
  {
   "price": "0.0015931",
   "amount": "3138.614"
  },
  {
   "price": "0.00143",
   "amount": "800"
  },
  {
   "price": "0.001",
   "amount": "20000"
  },
  {
   "price": "0.00073",
   "amount": "137700"
  },
  {
   "price": "0.00052",
   "amount": "8000"
  },
  {
   "price": "0.000112",
   "amount": "110000"
  },
  {
   "price": "0.0001",
   "amount": "615000"
  },
  {
   "price": "0.000069",
   "amount": "10000"
  },
  {
   "price": "0.00002",
   "amount": "1010000"
  },
  {
   "price": "0.000012",
   "amount": "39000"
  }
 ],
 "asks": [
  {
   "price": "0.0069",
   "amount": "173060.44453655"
  },
  {
   "price": "0.007",
   "amount": "50000"
  },
  {
   "price": "0.007377",
   "amount": "3400"
  },
  {
   "price": "0.0075",
   "amount": "9446.992012"
  },
  {
   "price": "0.007581",
   "amount": "2253.48374"
  },
  {
   "price": "0.0077156",
   "amount": "968.14052089"
  },
  {
   "price": "0.008",
   "amount": "7000"
  },
  {
   "price": "0.0085",
   "amount": "1370.7696"
  },
  {
   "price": "0.0086217",
   "amount": "3456"
  },
  {
   "price": "0.0086517",
   "amount": "10000"
  },
  {
   "price": "0.0095",
   "amount": "420"
  },
  {
   "price": "0.0097222",
   "amount": "442.61064425"
  },
  {
   "price": "0.0099444",
   "amount": "901.97759104"
  },
  {
   "price": "0.01",
   "amount": "131973.348524"
  },
  {
   "price": "0.010167",
   "amount": "1327.74789917"
  },
  {
   "price": "0.010389",
   "amount": "1753.51820729"
  },
  {
   "price": "0.0105",
   "amount": "2500"
  },
  {
   "price": "0.010611",
   "amount": "2179.2885154"
  },
  {
   "price": "0.0107",
   "amount": "10000"
  },
  {
   "price": "0.0108",
   "amount": "37455.464794"
  },
  {
   "price": "0.010833",
   "amount": "2605.05882353"
  },
  {
   "price": "0.010998",
   "amount": "899.1"
  },
  {
   "price": "0.011",
   "amount": "4065.42374963"
  },
  {
   "price": "0.011056",
   "amount": "3030.82913165"
  },
  {
   "price": "0.0112",
   "amount": "29603.4"
  }
 ]
}