{
 "pair": "dgxeth",
 "bids": [
  {
   "price": "0.36968",
   "amount": "5"
  },
  {
   "price": "0.36945",
   "amount": "1.45668088"
  },
  {
   "price": "0.36476",
   "amount": "5"
  },
  {
   "price": "0.36264",
   "amount": "10"
  },
  {
   "price": "0.36175",
   "amount": "10"
  },
  {
   "price": "0.36117",
   "amount": "10"
  },
  {
   "price": "0.36076",
   "amount": "10"
  },
  {
   "price": "0.36013",
   "amount": "10"
  },
  {
   "price": "0.35406",
   "amount": "4.93435807"
  },
  {
   "price": "0.35405",
   "amount": "10"
  },
  {
   "price": "0.3521",
   "amount": "9.42794953"
  },
  {
   "price": "0.35152",
   "amount": "5"
  },
  {
   "price": "0.34952",
   "amount": "5"
  },
  {
   "price": "0.3489",
   "amount": "10"
  },
  {
   "price": "0.34809",
   "amount": "4.66196"
  },
  {
   "price": "0.34751",
   "amount": "5"
  },
  {
   "price": "0.34553",
   "amount": "5"
  },
  {
   "price": "0.34537",
   "amount": "5"
  },
  {
   "price": "0.34151",
   "amount": "5"
  },
  {
   "price": "0.34088",
   "amount": "10"
  },
  {
   "price": "0.34053",
   "amount": "5"
  },
  {
   "price": "0.33703",
   "amount": "10"
  },
  {
   "price": "0.33608",
   "amount": "10"
  },
  {
   "price": "0.33104",
   "amount": "10.54374092"
  },
  {
   "price": "0.33013",
   "amount": "10"
  }
 ],
 "asks": [
  {
   "price": "0.37064",
   "amount": "9.90563889"
  },
  {
   "price": "0.37074",
   "amount": "5"
  },
  {
   "price": "0.3742",
   "amount": "5"
  },
  {
   "price": "0.37651",
   "amount": "5"
  },
  {
   "price": "0.37655",
   "amount": "5"
  },
  {
   "price": "0.37956",
   "amount": "7"
  },
  {
   "price": "0.38145",
   "amount": "10"
  },
  {
   "price": "0.38562",
   "amount": "11"
  },
  {
   "price": "0.39319",
   "amount": "0.33320945"
  },
  {
   "price": "0.39752",
   "amount": "9.33008802"
  },
  {
   "price": "0.4",
   "amount": "1"
  },
  {
   "price": "0.404",
   "amount": "0.6046603"
  },
  {
   "price": "0.408",
   "amount": "1.8810182"
  },
  {
   "price": "0.41",
   "amount": "1"
  },
  {
   "price": "0.412",
   "amount": "1.9936801"
  },
  {
   "price": "0.4141",
   "amount": "0.6046603"
  },
  {
   "price": "0.416",
   "amount": "1.7508568"
  },
  {
   "price": "0.4182",
   "amount": "1.8810182"
  },
  {
   "price": "0.42",
   "amount": "2.1231875"
  },
  {
   "price": "0.4223",
   "amount": "1.9936801"
  },
  {
   "price": "0.424",
   "amount": "4.1209383"
  },
  {
   "price": "0.4264",
   "amount": "1.7508568"
  },
  {
   "price": "0.428",
   "amount": "0.45945913"
  },
  {
   "price": "0.4305",
   "amount": "2.1231875"
  },
  {
   "price": "0.432",
   "amount": "1.252154"
  }
 ]
}