{
 "pair": "dgxusd",
 "bids": [
  {
   "price": "47.099",
   "amount": "2"
  },
  {
   "price": "47.016",
   "amount": "2.678304"
  },
  {
   "price": "46.726",
   "amount": "2"
  },
  {
   "price": "46.724",
   "amount": "2"
  },
  {
   "price": "46.7",
   "amount": "2"
  },
  {
   "price": "46.687",
   "amount": "10.104051"
  },
  {
   "price": "46.485",
   "amount": "20.090407"
  },
  {
   "price": "46.458",
   "amount": "10.162463"
  },
  {
   "price": "46.425",
   "amount": "2"
  },
  {
   "price": "46.392",
   "amount": "10.162986"
  },
  {
   "price": "46.298",
   "amount": "3"
  },
  {
   "price": "46.297",
   "amount": "6.47990151"
  },
  {
   "price": "46.295",
   "amount": "35.77629766"
  },
  {
   "price": "46.292",
   "amount": "10.020754"
  },
  {
   "price": "46.226",
   "amount": "2"
  },
  {
   "price": "46.213",
   "amount": "20.320934"
  },
  {
   "price": "46.202",
   "amount": "2"
  },
  {
   "price": "46.122",
   "amount": "10.16795"
  },
  {
   "price": "46.074",
   "amount": "2"
  },
  {
   "price": "46.057",
   "amount": "2"
  },
  {
   "price": "46.013",
   "amount": "40.479394"
  },
  {
   "price": "45.939",
   "amount": "12"
  },
  {
   "price": "45.899",
   "amount": "20.170376"
  },
  {
   "price": "45.882",
   "amount": "12"
  },
  {
   "price": "45.861",
   "amount": "2"
  }
 ],
 "asks": [
  {
   "price": "47.193",
   "amount": "0.30587712"
  },
  {
   "price": "47.562",
   "amount": "2.07129013"
  },
  {
   "price": "47.563",
   "amount": "0.32830578"
  },
  {
   "price": "47.62",
   "amount": "39.455908"
  },
  {
   "price": "47.637",
   "amount": "7"
  },
  {
   "price": "47.677",
   "amount": "12"
  },
  {
   "price": "47.686",
   "amount": "2"
  },
  {
   "price": "47.731",
   "amount": "0.8"
  },
  {
   "price": "47.815",
   "amount": "3"
  },
  {
   "price": "47.816",
   "amount": "2"
  },
  {
   "price": "47.819",
   "amount": "2"
  },
  {
   "price": "47.826",
   "amount": "2"
  },
  {
   "price": "47.832",
   "amount": "2"
  },
  {
   "price": "47.841",
   "amount": "2"
  },
  {
   "price": "47.847",
   "amount": "2"
  },
  {
   "price": "47.95",
   "amount": "0.7969196"
  },
  {
   "price": "47.97",
   "amount": "8"
  },
  {
   "price": "48",
   "amount": "0.544092"
  },
  {
   "price": "48.037",
   "amount": "2"
  },
  {
   "price": "48.046",
   "amount": "12"
  },
  {
   "price": "48.306",
   "amount": "9"
  },
  {
   "price": "48.442",
   "amount": "12"
  },
  {
   "price": "48.5",
   "amount": "40"
  },
  {
   "price": "48.644",
   "amount": "10"
  },
  {
   "price": "48.676",
   "amount": "12"
  }
 ]
}