{
 "pair": "drneth",
 "bids": [
  {
   "price": "0.000112",
   "amount": "80"
  },
  {
   "price": "0.00008101",
   "amount": "432.04542649"
  },
  {
   "price": "0.000081",
   "amount": "1355.309986"
  },
  {
   "price": "0.000076",
   "amount": "800"
  },
  {
   "price": "0.0000752",
   "amount": "200"
  },
  {
   "price": "0.000013",
   "amount": "75"
  },
  {
   "price": "0.0000125",
   "amount": "3800"
  },
  {
   "price": "0.0000122",
   "amount": "2000"
  },
  {
   "price": "0.0000121",
   "amount": "3000"
  },
  {
   "price": "0.0000089",
   "amount": "1000"
  },
  {
   "price": "0.00000781",
   "amount": "1280.41"
  },
  {
   "price": "1.7e-7",
   "amount": "75"
  },
  {
   "price": "1.6e-7",
   "amount": "20075"
  }
 ],
 "asks": [
  {
   "price": "0.000244",
   "amount": "1320"
  },
  {
   "price": "0.00034",
   "amount": "72.451778"
  },
  {
   "price": "0.00053296",
   "amount": "827.6"
  },
  {
   "price": "0.000533",
   "amount": "499"
  },
  {
   "price": "0.0006",
   "amount": "500"
  },
  {
   "price": "0.0007",
   "amount": "799.2"
  },
  {
   "price": "0.00111",
   "amount": "3708.44877703"
  },
  {
   "price": "0.001111",
   "amount": "226.56045484"
  },
  {
   "price": "0.00135",
   "amount": "80"
  },
  {
   "price": "0.001418",
   "amount": "4995"
  },
  {
   "price": "0.00195",
   "amount": "1771.43954516"
  },
  {
   "price": "0.002435",
   "amount": "499.5"
  },
  {
   "price": "0.0024359",
   "amount": "21888"
  },
  {
   "price": "0.00393",
   "amount": "9888"
  },
  {
   "price": "0.00493",
   "amount": "9888"
  },
  {
   "price": "0.301",
   "amount": "101.898"
  }
 ]
}