{
 "pair": "dshbtc",
 "bids": [
  {
   "price": "0.00596",
   "amount": "3"
  },
  {
   "price": "0.0059511",
   "amount": "4.49"
  },
  {
   "price": "0.0059444",
   "amount": "5.03456093"
  },
  {
   "price": "0.0059443",
   "amount": "12.22020512"
  },
  {
   "price": "0.0059382",
   "amount": "90.27376283"
  },
  {
   "price": "0.0059379",
   "amount": "30"
  },
  {
   "price": "0.0059378",
   "amount": "9"
  },
  {
   "price": "0.0059366",
   "amount": "19.78"
  },
  {
   "price": "0.0059333",
   "amount": "15"
  },
  {
   "price": "0.0059318",
   "amount": "0.541865"
  },
  {
   "price": "0.0059316",
   "amount": "33.57131146"
  },
  {
   "price": "0.0059301",
   "amount": "28"
  },
  {
   "price": "0.0059293",
   "amount": "0.84326887"
  },
  {
   "price": "0.005927",
   "amount": "1"
  },
  {
   "price": "0.0059235",
   "amount": "4.45008291"
  },
  {
   "price": "0.0059201",
   "amount": "72.06349031"
  },
  {
   "price": "0.00592",
   "amount": "195.28"
  },
  {
   "price": "0.0059123",
   "amount": "2.4916147"
  },
  {
   "price": "0.0059093",
   "amount": "199.87"
  },
  {
   "price": "0.0059087",
   "amount": "3.11702698"
  },
  {
   "price": "0.0059073",
   "amount": "1"
  },
  {
   "price": "0.0059027",
   "amount": "3.35626783"
  },
  {
   "price": "0.0059016",
   "amount": "200.445"
  },
  {
   "price": "0.0058969",
   "amount": "3.82072684"
  },
  {
   "price": "0.0058952",
   "amount": "6.57940867"
  }
 ],
 "asks": [
  {
   "price": "0.0059623",
   "amount": "2.8"
  },
  {
   "price": "0.0059624",
   "amount": "10.47375365"
  },
  {
   "price": "0.0059625",
   "amount": "33.59113039"
  },
  {
   "price": "0.0059626",
   "amount": "4.31032364"
  },
  {
   "price": "0.0059674",
   "amount": "12.21904076"
  },
  {
   "price": "0.0059683",
   "amount": "3.877082"
  },
  {
   "price": "0.0059693",
   "amount": "3.67"
  },
  {
   "price": "0.0059706",
   "amount": "3.83"
  },
  {
   "price": "0.0059721",
   "amount": "3.94"
  },
  {
   "price": "0.0059744",
   "amount": "77.79836292"
  },
  {
   "price": "0.0059745",
   "amount": "83.34988107"
  },
  {
   "price": "0.0059814",
   "amount": "9"
  },
  {
   "price": "0.0059845",
   "amount": "50"
  },
  {
   "price": "0.0059852",
   "amount": "15"
  },
  {
   "price": "0.006",
   "amount": "2.8"
  },
  {
   "price": "0.0060056",
   "amount": "0.25750622"
  },
  {
   "price": "0.0060084",
   "amount": "3.35626783"
  },
  {
   "price": "0.0060133",
   "amount": "195.27"
  },
  {
   "price": "0.0060207",
   "amount": "0.25066124"
  },
  {
   "price": "0.0060243",
   "amount": "6.07981597"
  },
  {
   "price": "0.0060244",
   "amount": "200.445"
  },
  {
   "price": "0.0060308",
   "amount": "258.916"
  },
  {
   "price": "0.0060319",
   "amount": "636"
  },
  {
   "price": "0.0060322",
   "amount": "0.30770568"
  },
  {
   "price": "0.0060325",
   "amount": "1.75225142"
  }
 ]
}