{
 "pair": "dshusd",
 "bids": [
  {
   "price": "42.733",
   "amount": "4.83933473"
  },
  {
   "price": "42.72",
   "amount": "2.8"
  },
  {
   "price": "42.71",
   "amount": "7.51"
  },
  {
   "price": "42.689",
   "amount": "11.38853827"
  },
  {
   "price": "42.682",
   "amount": "4.41501469"
  },
  {
   "price": "42.669",
   "amount": "5"
  },
  {
   "price": "42.633",
   "amount": "30"
  },
  {
   "price": "42.623",
   "amount": "12.98606386"
  },
  {
   "price": "42.622",
   "amount": "8"
  },
  {
   "price": "42.618",
   "amount": "1.98"
  },
  {
   "price": "42.617",
   "amount": "5.99"
  },
  {
   "price": "42.607",
   "amount": "12.21904076"
  },
  {
   "price": "42.601",
   "amount": "11"
  },
  {
   "price": "42.581",
   "amount": "9"
  },
  {
   "price": "42.557",
   "amount": "4.10459732"
  },
  {
   "price": "42.554",
   "amount": "123.16004479"
  },
  {
   "price": "42.553",
   "amount": "19.78"
  },
  {
   "price": "42.552",
   "amount": "11"
  },
  {
   "price": "42.545",
   "amount": "15"
  },
  {
   "price": "42.526",
   "amount": "6.15534771"
  },
  {
   "price": "42.5",
   "amount": "2.63"
  },
  {
   "price": "42.487",
   "amount": "195.28"
  },
  {
   "price": "42.442",
   "amount": "7.50063165"
  },
  {
   "price": "42.386",
   "amount": "6.06372644"
  },
  {
   "price": "42.38",
   "amount": "4"
  }
 ],
 "asks": [
  {
   "price": "42.797",
   "amount": "2.37560026"
  },
  {
   "price": "42.798",
   "amount": "15.01381843"
  },
  {
   "price": "42.81",
   "amount": "2.8"
  },
  {
   "price": "42.819",
   "amount": "7.9"
  },
  {
   "price": "42.829",
   "amount": "7.95"
  },
  {
   "price": "42.839",
   "amount": "1.97"
  },
  {
   "price": "42.841",
   "amount": "7.48"
  },
  {
   "price": "42.864",
   "amount": "5"
  },
  {
   "price": "42.865",
   "amount": "5"
  },
  {
   "price": "42.869",
   "amount": "30"
  },
  {
   "price": "42.889",
   "amount": "104.5656591"
  },
  {
   "price": "42.89",
   "amount": "25.75"
  },
  {
   "price": "42.915",
   "amount": "9"
  },
  {
   "price": "42.916",
   "amount": "15"
  },
  {
   "price": "43.049",
   "amount": "4.34394697"
  },
  {
   "price": "43.148",
   "amount": "4"
  },
  {
   "price": "43.149",
   "amount": "0.23625316"
  },
  {
   "price": "43.16",
   "amount": "12.98644578"
  },
  {
   "price": "43.171",
   "amount": "195.27"
  },
  {
   "price": "43.172",
   "amount": "2.36266982"
  },
  {
   "price": "43.191",
   "amount": "7"
  },
  {
   "price": "43.199",
   "amount": "6.07981597"
  },
  {
   "price": "43.2",
   "amount": "468.13390752"
  },
  {
   "price": "43.22",
   "amount": "201.457"
  },
  {
   "price": "43.255",
   "amount": "0.28159716"
  }
 ]
}