{
 "pair": "dtabtc",
 "bids": [
  {
   "price": "3e-8",
   "amount": "4190241"
  },
  {
   "price": "2e-8",
   "amount": "360000"
  },
  {
   "price": "1e-8",
   "amount": "600000"
  }
 ],
 "asks": [
  {
   "price": "4e-8",
   "amount": "2266271.27318607"
  },
  {
   "price": "7e-8",
   "amount": "10335"
  },
  {
   "price": "1.7e-7",
   "amount": "40678.044906"
  },
  {
   "price": "1.8e-7",
   "amount": "8559.9"
  },
  {
   "price": "2e-7",
   "amount": "1000000"
  },
  {
   "price": "2.4e-7",
   "amount": "6103.9"
  },
  {
   "price": "2.5e-7",
   "amount": "100000"
  },
  {
   "price": "2.7e-7",
   "amount": "27777.777778"
  },
  {
   "price": "3e-7",
   "amount": "39000"
  },
  {
   "price": "4e-7",
   "amount": "524131.864"
  },
  {
   "price": "5.2e-7",
   "amount": "43059.64283636"
  },
  {
   "price": "5.7e-7",
   "amount": "5540.82660027"
  },
  {
   "price": "8e-7",
   "amount": "270000"
  },
  {
   "price": "9.9e-7",
   "amount": "10000"
  },
  {
   "price": "0.000001",
   "amount": "133801.74"
  },
  {
   "price": "0.00000115",
   "amount": "41591.63"
  },
  {
   "price": "0.00000138",
   "amount": "1700"
  },
  {
   "price": "0.0000016",
   "amount": "125000"
  },
  {
   "price": "0.00000181",
   "amount": "1730"
  },
  {
   "price": "0.000002",
   "amount": "8000"
  },
  {
   "price": "0.000003",
   "amount": "8000"
  },
  {
   "price": "0.0000032",
   "amount": "62500"
  },
  {
   "price": "0.000004",
   "amount": "4000"
  },
  {
   "price": "0.0000064",
   "amount": "31250"
  },
  {
   "price": "0.0000069",
   "amount": "3200.696"
  }
 ]
}