{
 "pair": "dtaeth",
 "bids": [
  {
   "price": "0.00000187",
   "amount": "12000"
  },
  {
   "price": "6.5e-7",
   "amount": "53846.15384615"
  },
  {
   "price": "6.4e-7",
   "amount": "200000"
  },
  {
   "price": "1.3e-7",
   "amount": "80000"
  },
  {
   "price": "1.2e-7",
   "amount": "45248.86877828"
  },
  {
   "price": "7e-8",
   "amount": "166667"
  },
  {
   "price": "6e-8",
   "amount": "50000"
  },
  {
   "price": "4e-8",
   "amount": "250000"
  },
  {
   "price": "3e-8",
   "amount": "11000"
  },
  {
   "price": "2e-8",
   "amount": "505000"
  }
 ],
 "asks": [
  {
   "price": "0.00000203",
   "amount": "576577.928427"
  },
  {
   "price": "0.00000205",
   "amount": "9635"
  },
  {
   "price": "0.0000065",
   "amount": "4251.341067"
  },
  {
   "price": "0.00000836",
   "amount": "44597.41636886"
  },
  {
   "price": "0.00000999",
   "amount": "6000"
  },
  {
   "price": "0.000012",
   "amount": "140345.00000001"
  },
  {
   "price": "0.0000125",
   "amount": "5481.9233087"
  },
  {
   "price": "0.000014",
   "amount": "24.87002254"
  },
  {
   "price": "0.00001567",
   "amount": "19980"
  },
  {
   "price": "0.0000216",
   "amount": "141878"
  },
  {
   "price": "0.0000292",
   "amount": "5994"
  },
  {
   "price": "0.0000994",
   "amount": "8000"
  },
  {
   "price": "0.00010911",
   "amount": "9000"
  },
  {
   "price": "0.00010921",
   "amount": "80000"
  },
  {
   "price": "0.00291",
   "amount": "11988"
  },
  {
   "price": "0.5",
   "amount": "10089.9"
  }
 ]
}