{
 "pair": "dtausd",
 "bids": [
  {
   "price": "0.00021335",
   "amount": "204169.664791"
  },
  {
   "price": "0.00021",
   "amount": "10300"
  },
  {
   "price": "0.00018502",
   "amount": "30000"
  },
  {
   "price": "0.000185",
   "amount": "226108.1"
  },
  {
   "price": "0.00018",
   "amount": "55484.65849193"
  },
  {
   "price": "0.00017066",
   "amount": "20000"
  },
  {
   "price": "0.00011",
   "amount": "50000"
  },
  {
   "price": "0.00010224",
   "amount": "50000"
  },
  {
   "price": "0.0001",
   "amount": "17106.8089"
  },
  {
   "price": "0.000076",
   "amount": "14833.68013158"
  },
  {
   "price": "0.00005354",
   "amount": "8334"
  },
  {
   "price": "0.00005353",
   "amount": "300000"
  },
  {
   "price": "0.00004201",
   "amount": "250000"
  },
  {
   "price": "0.000042",
   "amount": "240000"
  },
  {
   "price": "0.00002613",
   "amount": "55000"
  },
  {
   "price": "0.00002001",
   "amount": "30000"
  },
  {
   "price": "0.000012",
   "amount": "103000"
  },
  {
   "price": "0.000011",
   "amount": "50000"
  },
  {
   "price": "0.00001",
   "amount": "110000"
  },
  {
   "price": "0.0000069",
   "amount": "100000"
  },
  {
   "price": "0.00000501",
   "amount": "100000"
  },
  {
   "price": "0.0000021",
   "amount": "100000"
  },
  {
   "price": "0.0000011",
   "amount": "100000"
  },
  {
   "price": "0.00000101",
   "amount": "200000"
  },
  {
   "price": "0.000001",
   "amount": "2100000"
  }
 ],
 "asks": [
  {
   "price": "0.00057817",
   "amount": "555555"
  },
  {
   "price": "0.00057881",
   "amount": "62751.680017"
  },
  {
   "price": "0.00058925",
   "amount": "203680.66427"
  },
  {
   "price": "0.0006",
   "amount": "17706.903113"
  },
  {
   "price": "0.000633",
   "amount": "30000"
  },
  {
   "price": "0.0006482",
   "amount": "30000"
  },
  {
   "price": "0.00066252",
   "amount": "11229.481173"
  },
  {
   "price": "0.00068966",
   "amount": "5000"
  },
  {
   "price": "0.0006987",
   "amount": "32966.15"
  },
  {
   "price": "0.000885",
   "amount": "49950"
  },
  {
   "price": "0.00088954",
   "amount": "10339.152344"
  },
  {
   "price": "0.00125",
   "amount": "25000"
  },
  {
   "price": "0.001275",
   "amount": "85556.47295975"
  },
  {
   "price": "0.0014",
   "amount": "21161.390352"
  },
  {
   "price": "0.0015892",
   "amount": "10000"
  },
  {
   "price": "0.001609",
   "amount": "6223.45612847"
  },
  {
   "price": "0.001788",
   "amount": "10000"
  },
  {
   "price": "0.001795",
   "amount": "39912.944"
  },
  {
   "price": "0.001825",
   "amount": "207460.32841424"
  },
  {
   "price": "0.00185",
   "amount": "14985"
  },
  {
   "price": "0.001889",
   "amount": "1425012.4310652"
  },
  {
   "price": "0.0019498",
   "amount": "7424.415057"
  },
  {
   "price": "0.001988",
   "amount": "19980"
  },
  {
   "price": "0.002",
   "amount": "106451.539293"
  },
  {
   "price": "0.00248",
   "amount": "10000"
  }
 ]
}