{
 "pair": "dthusd",
 "bids": [
  {
   "price": "0.0019009",
   "amount": "3000"
  },
  {
   "price": "0.0018182",
   "amount": "8337.41139"
  },
  {
   "price": "0.0013001",
   "amount": "100000"
  },
  {
   "price": "0.0013",
   "amount": "8300"
  },
  {
   "price": "0.00125",
   "amount": "4000"
  },
  {
   "price": "0.00123",
   "amount": "2000"
  },
  {
   "price": "0.00121",
   "amount": "5620"
  },
  {
   "price": "0.0011",
   "amount": "10000"
  },
  {
   "price": "0.00032711",
   "amount": "3543.55544"
  },
  {
   "price": "0.00022",
   "amount": "75000"
  },
  {
   "price": "0.0002",
   "amount": "517.56435"
  },
  {
   "price": "0.000113",
   "amount": "20000"
  },
  {
   "price": "0.0001",
   "amount": "421000"
  },
  {
   "price": "0.00004",
   "amount": "25000"
  },
  {
   "price": "0.00001",
   "amount": "10000"
  },
  {
   "price": "0.0000069",
   "amount": "100000"
  },
  {
   "price": "0.000001",
   "amount": "200000"
  },
  {
   "price": "6.9e-7",
   "amount": "200000"
  },
  {
   "price": "1.2e-7",
   "amount": "100000"
  },
  {
   "price": "1.1e-7",
   "amount": "1600000"
  },
  {
   "price": "1e-7",
   "amount": "900000"
  }
 ],
 "asks": [
  {
   "price": "0.00285",
   "amount": "12987"
  },
  {
   "price": "0.0034035",
   "amount": "4405.8147375"
  },
  {
   "price": "0.0034036",
   "amount": "14985"
  },
  {
   "price": "0.00377",
   "amount": "11000"
  },
  {
   "price": "0.005",
   "amount": "48030.250119"
  },
  {
   "price": "0.0055",
   "amount": "12469.3276018"
  },
  {
   "price": "0.006",
   "amount": "9990"
  },
  {
   "price": "0.0061",
   "amount": "3620"
  },
  {
   "price": "0.0069797",
   "amount": "1700"
  },
  {
   "price": "0.0071",
   "amount": "2620"
  },
  {
   "price": "0.0074995",
   "amount": "2000"
  },
  {
   "price": "0.0078",
   "amount": "1998"
  },
  {
   "price": "0.008",
   "amount": "1998"
  },
  {
   "price": "0.0081",
   "amount": "23925.335261"
  },
  {
   "price": "0.0083",
   "amount": "27644.664738"
  },
  {
   "price": "0.0088",
   "amount": "2448.196353"
  },
  {
   "price": "0.00895",
   "amount": "2000"
  },
  {
   "price": "0.009",
   "amount": "848"
  },
  {
   "price": "0.0091",
   "amount": "2617.90000013"
  },
  {
   "price": "0.009467",
   "amount": "3058.608031"
  },
  {
   "price": "0.009799",
   "amount": "2000"
  },
  {
   "price": "0.01",
   "amount": "3956.416724"
  },
  {
   "price": "0.0101",
   "amount": "1620"
  },
  {
   "price": "0.0105",
   "amount": "166000.249184"
  },
  {
   "price": "0.0106",
   "amount": "20969.69"
  }
 ]
}