{
 "pair": "dtxust",
 "bids": [
  {
   "price": "1.8397",
   "amount": "149.795206"
  },
  {
   "price": "1.8304",
   "amount": "299.590412"
  },
  {
   "price": "1.8291",
   "amount": "59.97351797"
  },
  {
   "price": "1.829",
   "amount": "135.2829"
  },
  {
   "price": "1.826",
   "amount": "60.606"
  },
  {
   "price": "1.8231",
   "amount": "119.89369835"
  },
  {
   "price": "1.823",
   "amount": "272.37"
  },
  {
   "price": "1.82",
   "amount": "34.1749"
  },
  {
   "price": "1.817",
   "amount": "75.662"
  },
  {
   "price": "1.814",
   "amount": "238.294"
  },
  {
   "price": "1.8119",
   "amount": "599.18082401"
  },
  {
   "price": "1.811",
   "amount": "254.1462"
  },
  {
   "price": "1.8081",
   "amount": "179.73624684"
  },
  {
   "price": "1.808",
   "amount": "253.7879"
  },
  {
   "price": "1.805",
   "amount": "158.84"
  },
  {
   "price": "1.802",
   "amount": "136.13"
  },
  {
   "price": "1.799",
   "amount": "148.0729"
  },
  {
   "price": "1.796",
   "amount": "189.891"
  },
  {
   "price": "1.7935",
   "amount": "898.77123601"
  },
  {
   "price": "1.793",
   "amount": "179.02"
  },
  {
   "price": "1.79",
   "amount": "135.338"
  },
  {
   "price": "1.787",
   "amount": "139.238"
  },
  {
   "price": "1.784",
   "amount": "213.4"
  },
  {
   "price": "1.781",
   "amount": "152.3535"
  },
  {
   "price": "1.778",
   "amount": "180.133"
  }
 ],
 "asks": [
  {
   "price": "1.8582",
   "amount": "149.795206"
  },
  {
   "price": "1.8674",
   "amount": "299.590412"
  },
  {
   "price": "1.8679",
   "amount": "239.7225615"
  },
  {
   "price": "1.868",
   "amount": "56.21"
  },
  {
   "price": "1.871",
   "amount": "38.4057"
  },
  {
   "price": "1.8739",
   "amount": "479.45118899"
  },
  {
   "price": "1.874",
   "amount": "279.133"
  },
  {
   "price": "1.877",
   "amount": "82.64"
  },
  {
   "price": "1.88",
   "amount": "202.3052"
  },
  {
   "price": "1.883",
   "amount": "245.9633"
  },
  {
   "price": "1.8859",
   "amount": "599.18082401"
  },
  {
   "price": "1.886",
   "amount": "176.78"
  },
  {
   "price": "1.889",
   "amount": "60.915"
  },
  {
   "price": "1.8919",
   "amount": "718.82702553"
  },
  {
   "price": "1.892",
   "amount": "152.1"
  },
  {
   "price": "1.895",
   "amount": "224.928"
  },
  {
   "price": "1.898",
   "amount": "102.468"
  },
  {
   "price": "1.901",
   "amount": "129.6"
  },
  {
   "price": "1.904",
   "amount": "250.54"
  },
  {
   "price": "1.9044",
   "amount": "898.77123601"
  },
  {
   "price": "1.907",
   "amount": "8.7241"
  },
  {
   "price": "1.91",
   "amount": "54.495"
  },
  {
   "price": "1.913",
   "amount": "244.48"
  },
  {
   "price": "1.916",
   "amount": "71.251"
  },
  {
   "price": "1.919",
   "amount": "268.9"
  }
 ]
}