{
 "pair": "dtxusd",
 "bids": [
  {
   "price": "1.8469",
   "amount": "599.19312512"
  },
  {
   "price": "1.8377",
   "amount": "1198.38625023"
  },
  {
   "price": "1.8192",
   "amount": "164.90765171"
  },
  {
   "price": "1.8191",
   "amount": "1797.57937535"
  },
  {
   "price": "1.8008",
   "amount": "937.08351844"
  },
  {
   "price": "1.8005",
   "amount": "2396.77250046"
  },
  {
   "price": "1.782",
   "amount": "2995.96562558"
  },
  {
   "price": "1.7634",
   "amount": "3595.1587507"
  },
  {
   "price": "1.7263",
   "amount": "4194.35187581"
  },
  {
   "price": "1.6706",
   "amount": "3595.1587507"
  },
  {
   "price": "1.5778",
   "amount": "2995.96562558"
  },
  {
   "price": "1.485",
   "amount": "2396.77250046"
  },
  {
   "price": "1.3922",
   "amount": "1797.57937535"
  },
  {
   "price": "0.637",
   "amount": "2.506"
  },
  {
   "price": "0.305",
   "amount": "6.8608"
  }
 ],
 "asks": [
  {
   "price": "1.8655",
   "amount": "599.19312512"
  },
  {
   "price": "1.8748",
   "amount": "1198.38625023"
  },
  {
   "price": "1.8934",
   "amount": "1797.57937535"
  },
  {
   "price": "1.9119",
   "amount": "2396.77250046"
  },
  {
   "price": "1.9305",
   "amount": "2995.96562558"
  },
  {
   "price": "1.949",
   "amount": "3595.1587507"
  },
  {
   "price": "1.9862",
   "amount": "4194.35187581"
  },
  {
   "price": "2.0419",
   "amount": "3595.1587507"
  },
  {
   "price": "2.1347",
   "amount": "2995.96562558"
  },
  {
   "price": "2.2275",
   "amount": "2396.77250046"
  },
  {
   "price": "2.3203",
   "amount": "1797.57937535"
  },
  {
   "price": "4.6459",
   "amount": "239.60152525"
  },
  {
   "price": "4.646",
   "amount": "2.38"
  },
  {
   "price": "5.051",
   "amount": "8.9261"
  }
 ]
}