{
 "pair": "edobtc",
 "bids": [
  {
   "price": "0.00002826",
   "amount": "3515"
  },
  {
   "price": "0.00002825",
   "amount": "250"
  },
  {
   "price": "0.00002819",
   "amount": "2538.06949449"
  },
  {
   "price": "0.00002816",
   "amount": "420"
  },
  {
   "price": "0.00002815",
   "amount": "403"
  },
  {
   "price": "0.0000281",
   "amount": "644.66572571"
  },
  {
   "price": "0.00002806",
   "amount": "256.7566"
  },
  {
   "price": "0.000028",
   "amount": "317.1881"
  },
  {
   "price": "0.00002795",
   "amount": "513.5234"
  },
  {
   "price": "0.00002781",
   "amount": "702.98769772"
  },
  {
   "price": "0.00002779",
   "amount": "1495.66514339"
  },
  {
   "price": "0.00002768",
   "amount": "10567.24518623"
  },
  {
   "price": "0.00002759",
   "amount": "3533"
  },
  {
   "price": "0.00002757",
   "amount": "3598"
  },
  {
   "price": "0.00002721",
   "amount": "1780"
  },
  {
   "price": "0.0000272",
   "amount": "1777"
  },
  {
   "price": "0.00002636",
   "amount": "1794"
  },
  {
   "price": "0.00002635",
   "amount": "1784"
  },
  {
   "price": "0.0000254",
   "amount": "100"
  },
  {
   "price": "0.00002502",
   "amount": "100"
  },
  {
   "price": "0.00002501",
   "amount": "135"
  },
  {
   "price": "0.00002485",
   "amount": "100"
  },
  {
   "price": "0.00002423",
   "amount": "100"
  },
  {
   "price": "0.00002398",
   "amount": "10.525741"
  },
  {
   "price": "0.00002375",
   "amount": "100"
  }
 ],
 "asks": [
  {
   "price": "0.00002857",
   "amount": "306.46315026"
  },
  {
   "price": "0.00002862",
   "amount": "326.12"
  },
  {
   "price": "0.00002865",
   "amount": "250"
  },
  {
   "price": "0.00002869",
   "amount": "509.1127"
  },
  {
   "price": "0.00002872",
   "amount": "420"
  },
  {
   "price": "0.00002875",
   "amount": "472.12120429"
  },
  {
   "price": "0.00002876",
   "amount": "702.98769772"
  },
  {
   "price": "0.00002927",
   "amount": "3597"
  },
  {
   "price": "0.00002941",
   "amount": "3532"
  },
  {
   "price": "0.00002943",
   "amount": "3514"
  },
  {
   "price": "0.00002944",
   "amount": "2538.06949449"
  },
  {
   "price": "0.00002984",
   "amount": "1776"
  },
  {
   "price": "0.00003027",
   "amount": "5941.88818355"
  },
  {
   "price": "0.0000307",
   "amount": "1793"
  },
  {
   "price": "0.00003141",
   "amount": "1783"
  },
  {
   "price": "0.00003149",
   "amount": "60"
  },
  {
   "price": "0.00003274",
   "amount": "60"
  },
  {
   "price": "0.00003397",
   "amount": "60"
  },
  {
   "price": "0.00003426",
   "amount": "1782"
  },
  {
   "price": "0.00003549",
   "amount": "55"
  },
  {
   "price": "0.00003605",
   "amount": "25.933974"
  },
  {
   "price": "0.00003697",
   "amount": "55"
  },
  {
   "price": "0.00003711",
   "amount": "1776"
  },
  {
   "price": "0.00003897",
   "amount": "55"
  },
  {
   "price": "0.00003996",
   "amount": "357"
  }
 ]
}