{
 "pair": "edoeth",
 "bids": [
  {
   "price": "0.0012016",
   "amount": "832.2237017"
  },
  {
   "price": "0.0012015",
   "amount": "29.1300114"
  },
  {
   "price": "0.0012011",
   "amount": "149.86137823"
  },
  {
   "price": "0.0012005",
   "amount": "401.33620119"
  },
  {
   "price": "0.0012004",
   "amount": "1455.39721759"
  },
  {
   "price": "0.0012",
   "amount": "2000"
  },
  {
   "price": "0.00101",
   "amount": "3000"
  },
  {
   "price": "0.001002",
   "amount": "2000"
  },
  {
   "price": "0.001001",
   "amount": "1000"
  },
  {
   "price": "0.001",
   "amount": "1308.56307"
  },
  {
   "price": "0.0008689",
   "amount": "10000"
  },
  {
   "price": "0.00086",
   "amount": "20"
  },
  {
   "price": "0.000501",
   "amount": "200"
  },
  {
   "price": "0.0003872",
   "amount": "41435.01729663"
  },
  {
   "price": "0.0003012",
   "amount": "200"
  },
  {
   "price": "0.00019307",
   "amount": "30"
  },
  {
   "price": "0.00012",
   "amount": "80"
  },
  {
   "price": "0.00011",
   "amount": "1000"
  },
  {
   "price": "0.000102",
   "amount": "100"
  },
  {
   "price": "0.000051",
   "amount": "750"
  },
  {
   "price": "0.00005",
   "amount": "100000"
  },
  {
   "price": "0.00004268",
   "amount": "23733.9076851"
  },
  {
   "price": "0.0000306",
   "amount": "326.8"
  },
  {
   "price": "0.00002107",
   "amount": "1000"
  },
  {
   "price": "0.00000456",
   "amount": "20000"
  }
 ],
 "asks": [
  {
   "price": "0.0018616",
   "amount": "177.00356545"
  },
  {
   "price": "0.0018617",
   "amount": "903.2393072"
  },
  {
   "price": "0.001862",
   "amount": "30.73070794"
  },
  {
   "price": "0.0018634",
   "amount": "112.32215436"
  },
  {
   "price": "0.0018645",
   "amount": "166.15"
  },
  {
   "price": "0.0018794",
   "amount": "472.12120429"
  },
  {
   "price": "0.0018795",
   "amount": "4162.88818355"
  },
  {
   "price": "0.002",
   "amount": "10000"
  },
  {
   "price": "0.0022495",
   "amount": "95.34691367"
  },
  {
   "price": "0.0022496",
   "amount": "10.2727"
  },
  {
   "price": "0.0022748",
   "amount": "7052.76890155"
  },
  {
   "price": "0.0024996",
   "amount": "164"
  },
  {
   "price": "0.0025",
   "amount": "2000"
  },
  {
   "price": "0.0026",
   "amount": "2000"
  },
  {
   "price": "0.0027",
   "amount": "2000"
  },
  {
   "price": "0.0027921",
   "amount": "732"
  },
  {
   "price": "0.0028",
   "amount": "2000"
  },
  {
   "price": "0.003",
   "amount": "2066.850847"
  },
  {
   "price": "0.003194",
   "amount": "11"
  },
  {
   "price": "0.0032669",
   "amount": "30.68352"
  },
  {
   "price": "0.00339",
   "amount": "2326.466878"
  },
  {
   "price": "0.0035",
   "amount": "99.9"
  },
  {
   "price": "0.0035999",
   "amount": "150.68290297"
  },
  {
   "price": "0.0036",
   "amount": "1500.42"
  },
  {
   "price": "0.003823",
   "amount": "423"
  }
 ]
}