{
 "pair": "edousd",
 "bids": [
  {
   "price": "0.20301",
   "amount": "5512.82836079"
  },
  {
   "price": "0.19859",
   "amount": "1510.65008309"
  },
  {
   "price": "0.19849",
   "amount": "5000"
  },
  {
   "price": "0.19848",
   "amount": "5081"
  },
  {
   "price": "0.1974",
   "amount": "364.08432452"
  },
  {
   "price": "0.19733",
   "amount": "5175"
  },
  {
   "price": "0.19501",
   "amount": "8653.40238962"
  },
  {
   "price": "0.195",
   "amount": "30"
  },
  {
   "price": "0.19265",
   "amount": "2555"
  },
  {
   "price": "0.19169",
   "amount": "5140"
  },
  {
   "price": "0.19123",
   "amount": "4000"
  },
  {
   "price": "0.18972",
   "amount": "2565"
  },
  {
   "price": "0.18971",
   "amount": "15000"
  },
  {
   "price": "0.187",
   "amount": "216.462822"
  },
  {
   "price": "0.186",
   "amount": "30"
  },
  {
   "price": "0.18426",
   "amount": "100"
  },
  {
   "price": "0.183",
   "amount": "250"
  },
  {
   "price": "0.1827",
   "amount": "8000"
  },
  {
   "price": "0.1815",
   "amount": "10"
  },
  {
   "price": "0.181",
   "amount": "650"
  },
  {
   "price": "0.1789",
   "amount": "1000"
  },
  {
   "price": "0.175",
   "amount": "600"
  },
  {
   "price": "0.172",
   "amount": "150"
  },
  {
   "price": "0.17111",
   "amount": "3175.647961"
  },
  {
   "price": "0.1703",
   "amount": "10"
  }
 ],
 "asks": [
  {
   "price": "0.20876",
   "amount": "71.85284537"
  },
  {
   "price": "0.20877",
   "amount": "645.45147745"
  },
  {
   "price": "0.2104",
   "amount": "472.12120429"
  },
  {
   "price": "0.21059",
   "amount": "4162.88818355"
  },
  {
   "price": "0.2106",
   "amount": "5055"
  },
  {
   "price": "0.21061",
   "amount": "2538.06949449"
  },
  {
   "price": "0.21612",
   "amount": "5174"
  },
  {
   "price": "0.21642",
   "amount": "5000"
  },
  {
   "price": "0.21717",
   "amount": "5080"
  },
  {
   "price": "0.218",
   "amount": "2554"
  },
  {
   "price": "0.22091",
   "amount": "4000"
  },
  {
   "price": "0.22236",
   "amount": "7702"
  },
  {
   "price": "0.22237",
   "amount": "15000"
  },
  {
   "price": "0.22968",
   "amount": "8000"
  },
  {
   "price": "0.24",
   "amount": "497.17674417"
  },
  {
   "price": "0.24635",
   "amount": "5000"
  },
  {
   "price": "0.2529",
   "amount": "2563"
  },
  {
   "price": "0.255",
   "amount": "4812.198827"
  },
  {
   "price": "0.2597",
   "amount": "50"
  },
  {
   "price": "0.2697",
   "amount": "50"
  },
  {
   "price": "0.27395",
   "amount": "2555"
  },
  {
   "price": "0.274",
   "amount": "100"
  },
  {
   "price": "0.2797",
   "amount": "50"
  },
  {
   "price": "0.2799",
   "amount": "99.9"
  },
  {
   "price": "0.28",
   "amount": "22"
  }
 ]
}