{
 "pair": "elfbtc",
 "bids": [
  {
   "price": "0.00000689",
   "amount": "2739.7260274"
  },
  {
   "price": "0.00000615",
   "amount": "3000"
  },
  {
   "price": "0.00000611",
   "amount": "8"
  },
  {
   "price": "0.00000511",
   "amount": "136.39085386"
  },
  {
   "price": "0.00000411",
   "amount": "8"
  },
  {
   "price": "0.0000036",
   "amount": "29031.24749454"
  },
  {
   "price": "0.0000033",
   "amount": "1250"
  },
  {
   "price": "0.00000311",
   "amount": "8"
  },
  {
   "price": "0.0000026",
   "amount": "192.31"
  },
  {
   "price": "0.00000255",
   "amount": "168"
  },
  {
   "price": "0.0000022",
   "amount": "2200"
  },
  {
   "price": "0.00000211",
   "amount": "2000"
  },
  {
   "price": "0.0000016",
   "amount": "2800"
  },
  {
   "price": "0.00000156",
   "amount": "300"
  },
  {
   "price": "0.00000155",
   "amount": "51677.0474652"
  },
  {
   "price": "0.00000133",
   "amount": "25000"
  },
  {
   "price": "0.00000111",
   "amount": "706.5261607"
  },
  {
   "price": "0.000001",
   "amount": "5000"
  },
  {
   "price": "5e-7",
   "amount": "10000"
  },
  {
   "price": "3.3e-7",
   "amount": "25000"
  },
  {
   "price": "2.1e-7",
   "amount": "20000"
  },
  {
   "price": "2e-7",
   "amount": "25000"
  },
  {
   "price": "1.1e-7",
   "amount": "10121.30213267"
  },
  {
   "price": "1e-7",
   "amount": "21000"
  },
  {
   "price": "9e-8",
   "amount": "10000"
  }
 ],
 "asks": [
  {
   "price": "0.00000742",
   "amount": "2739.7260274"
  },
  {
   "price": "0.00000989",
   "amount": "1347.04286019"
  },
  {
   "price": "0.0000099",
   "amount": "5.42286"
  },
  {
   "price": "0.0000125",
   "amount": "357.132275"
  },
  {
   "price": "0.00001278",
   "amount": "339.02005491"
  },
  {
   "price": "0.000016",
   "amount": "26"
  },
  {
   "price": "0.00001698",
   "amount": "1678.90410898"
  },
  {
   "price": "0.00001797",
   "amount": "1883.35494177"
  },
  {
   "price": "0.00001824",
   "amount": "12500"
  },
  {
   "price": "0.000022",
   "amount": "1590.92660108"
  },
  {
   "price": "0.00002244",
   "amount": "223.7684431"
  },
  {
   "price": "0.00002642",
   "amount": "1408.58459236"
  },
  {
   "price": "0.00002698",
   "amount": "397.542701"
  },
  {
   "price": "0.00002955",
   "amount": "1507.55926827"
  },
  {
   "price": "0.00003",
   "amount": "99.8"
  },
  {
   "price": "0.0000336",
   "amount": "1542.94057344"
  },
  {
   "price": "0.00003471",
   "amount": "1166.64142256"
  },
  {
   "price": "0.00003648",
   "amount": "6250"
  },
  {
   "price": "0.0000369",
   "amount": "112.1118"
  },
  {
   "price": "0.00003718",
   "amount": "28"
  },
  {
   "price": "0.000038",
   "amount": "25.87455409"
  },
  {
   "price": "0.00003898",
   "amount": "958.57115218"
  },
  {
   "price": "0.00003902",
   "amount": "140.45867234"
  },
  {
   "price": "0.00003904",
   "amount": "126.37888688"
  },
  {
   "price": "0.00003906",
   "amount": "136.71477757"
  }
 ]
}