{
 "pair": "elfeth",
 "bids": [
  {
   "price": "0.00039755",
   "amount": "494.58430189"
  },
  {
   "price": "0.00037045",
   "amount": "94.47968686"
  },
  {
   "price": "0.00037044",
   "amount": "485.90864917"
  },
  {
   "price": "0.00037",
   "amount": "1000"
  },
  {
   "price": "0.000355",
   "amount": "20"
  },
  {
   "price": "0.000351",
   "amount": "10"
  },
  {
   "price": "0.0003448",
   "amount": "92"
  },
  {
   "price": "0.00026627",
   "amount": "6484.93705637"
  },
  {
   "price": "0.00026626",
   "amount": "75.03943514"
  },
  {
   "price": "0.00025203",
   "amount": "6000"
  },
  {
   "price": "0.00003303",
   "amount": "302.79"
  },
  {
   "price": "0.0000234",
   "amount": "90"
  },
  {
   "price": "0.0000233",
   "amount": "45000"
  },
  {
   "price": "0.00002183",
   "amount": "200"
  },
  {
   "price": "0.000011",
   "amount": "1859.37640855"
  },
  {
   "price": "0.0000024",
   "amount": "250"
  },
  {
   "price": "0.0000023",
   "amount": "7938.94609895"
  },
  {
   "price": "0.00000218",
   "amount": "2000"
  },
  {
   "price": "0.0000021",
   "amount": "7136.57778227"
  },
  {
   "price": "0.00000156",
   "amount": "10000"
  },
  {
   "price": "0.0000011",
   "amount": "23570.32645233"
  },
  {
   "price": "7e-7",
   "amount": "2000"
  },
  {
   "price": "6.9e-7",
   "amount": "10000"
  },
  {
   "price": "2.2e-7",
   "amount": "20000"
  },
  {
   "price": "1.8e-7",
   "amount": "5000"
  }
 ],
 "asks": [
  {
   "price": "0.00041552",
   "amount": "490.67713445"
  },
  {
   "price": "0.00043796",
   "amount": "120.78053969"
  },
  {
   "price": "0.00043797",
   "amount": "824.00621098"
  },
  {
   "price": "0.00105",
   "amount": "2000"
  },
  {
   "price": "0.0010995",
   "amount": "142.895387"
  },
  {
   "price": "0.0011",
   "amount": "139.61379044"
  },
  {
   "price": "0.0011005",
   "amount": "129.76031119"
  },
  {
   "price": "0.001101",
   "amount": "113.58017472"
  },
  {
   "price": "0.0011015",
   "amount": "108.4216323"
  },
  {
   "price": "0.001102",
   "amount": "128.71456124"
  },
  {
   "price": "0.0011025",
   "amount": "100.6716609"
  },
  {
   "price": "0.001103",
   "amount": "107.28937148"
  },
  {
   "price": "0.0011035",
   "amount": "110.28802648"
  },
  {
   "price": "0.001104",
   "amount": "142.54368916"
  },
  {
   "price": "0.0011045",
   "amount": "121.02596535"
  },
  {
   "price": "0.001105",
   "amount": "144.19178562"
  },
  {
   "price": "0.0011055",
   "amount": "126.59945713"
  },
  {
   "price": "0.001106",
   "amount": "122.9961058"
  },
  {
   "price": "0.0011065",
   "amount": "146.70025504"
  },
  {
   "price": "0.001107",
   "amount": "127.69368304"
  },
  {
   "price": "0.0011075",
   "amount": "148.75916644"
  },
  {
   "price": "0.001108",
   "amount": "106.14986535"
  },
  {
   "price": "0.0011085",
   "amount": "122.27355576"
  },
  {
   "price": "0.001109",
   "amount": "118.08019372"
  },
  {
   "price": "0.0011095",
   "amount": "123.49382449"
  }
 ]
}