{
 "pair": "elfusd",
 "bids": [
  {
   "price": "0.045999",
   "amount": "200"
  },
  {
   "price": "0.04419",
   "amount": "4916.6038012"
  },
  {
   "price": "0.043998",
   "amount": "1111"
  },
  {
   "price": "0.04326",
   "amount": "1111"
  },
  {
   "price": "0.04",
   "amount": "1000"
  },
  {
   "price": "0.038705",
   "amount": "3000"
  },
  {
   "price": "0.03812",
   "amount": "6.12434785"
  },
  {
   "price": "0.038",
   "amount": "822.570277"
  },
  {
   "price": "0.036736",
   "amount": "12084.04671612"
  },
  {
   "price": "0.03548",
   "amount": "1111"
  },
  {
   "price": "0.035019",
   "amount": "600"
  },
  {
   "price": "0.03275",
   "amount": "1111"
  },
  {
   "price": "0.03061",
   "amount": "6156.92131351"
  },
  {
   "price": "0.03",
   "amount": "1000"
  },
  {
   "price": "0.023963",
   "amount": "25000"
  },
  {
   "price": "0.02288",
   "amount": "1111"
  },
  {
   "price": "0.021972",
   "amount": "1111"
  },
  {
   "price": "0.021",
   "amount": "200"
  },
  {
   "price": "0.015003",
   "amount": "13342.80205525"
  },
  {
   "price": "0.014",
   "amount": "100"
  },
  {
   "price": "0.013856",
   "amount": "20000"
  },
  {
   "price": "0.0138",
   "amount": "1111"
  },
  {
   "price": "0.013",
   "amount": "1000"
  },
  {
   "price": "0.012",
   "amount": "900"
  },
  {
   "price": "0.011538",
   "amount": "1004.975827"
  }
 ],
 "asks": [
  {
   "price": "0.05299",
   "amount": "432.05182154"
  },
  {
   "price": "0.053",
   "amount": "903.28807186"
  },
  {
   "price": "0.054",
   "amount": "4174.531833"
  },
  {
   "price": "0.057",
   "amount": "2000"
  },
  {
   "price": "0.079811",
   "amount": "952.617349"
  },
  {
   "price": "0.082889",
   "amount": "699.3"
  },
  {
   "price": "0.083",
   "amount": "1338.26"
  },
  {
   "price": "0.0842",
   "amount": "244.755"
  },
  {
   "price": "0.098212",
   "amount": "1998"
  },
  {
   "price": "0.1042",
   "amount": "1490.508"
  },
  {
   "price": "0.10455",
   "amount": "2222"
  },
  {
   "price": "0.11078",
   "amount": "4444"
  },
  {
   "price": "0.11851",
   "amount": "1824.62170411"
  },
  {
   "price": "0.11889",
   "amount": "1111"
  },
  {
   "price": "0.12144",
   "amount": "1892.20028575"
  },
  {
   "price": "0.12237",
   "amount": "2222"
  },
  {
   "price": "0.123",
   "amount": "399.2"
  },
  {
   "price": "0.1242",
   "amount": "1503.26961941"
  },
  {
   "price": "0.125",
   "amount": "498"
  },
  {
   "price": "0.12794",
   "amount": "2784.69147579"
  },
  {
   "price": "0.12847",
   "amount": "2222"
  },
  {
   "price": "0.13325",
   "amount": "2222"
  },
  {
   "price": "0.134",
   "amount": "2743.27886865"
  },
  {
   "price": "0.1373",
   "amount": "2000"
  },
  {
   "price": "0.1379",
   "amount": "2759.33952589"
  }
 ]
}