{
 "pair": "enjeth",
 "bids": [
  {
   "price": "0.00042738",
   "amount": "2339.8380832"
  },
  {
   "price": "0.00042736",
   "amount": "2222"
  },
  {
   "price": "0.00042728",
   "amount": "421.2694252"
  },
  {
   "price": "0.0004221",
   "amount": "1.48590401"
  },
  {
   "price": "0.00030338",
   "amount": "99.907036"
  },
  {
   "price": "0.00026",
   "amount": "2000"
  },
  {
   "price": "0.0002",
   "amount": "250"
  },
  {
   "price": "0.00004406",
   "amount": "150"
  },
  {
   "price": "0.00004405",
   "amount": "228"
  },
  {
   "price": "6.9e-7",
   "amount": "10000"
  }
 ],
 "asks": [
  {
   "price": "0.0014988",
   "amount": "2200"
  },
  {
   "price": "0.0015",
   "amount": "670"
  },
  {
   "price": "0.001664",
   "amount": "2467"
  },
  {
   "price": "0.001665",
   "amount": "2600"
  },
  {
   "price": "0.001666",
   "amount": "2700"
  },
  {
   "price": "0.001667",
   "amount": "2800"
  },
  {
   "price": "0.001668",
   "amount": "2900"
  },
  {
   "price": "0.00167",
   "amount": "2998.7836"
  },
  {
   "price": "0.0032499",
   "amount": "3109"
  },
  {
   "price": "0.00325",
   "amount": "246.985"
  },
  {
   "price": "0.0033",
   "amount": "302"
  },
  {
   "price": "0.005",
   "amount": "365.57881888"
  },
  {
   "price": "0.007",
   "amount": "146.62632882"
  },
  {
   "price": "0.0092",
   "amount": "232.965"
  },
  {
   "price": "0.0114",
   "amount": "265.985"
  },
  {
   "price": "0.01365",
   "amount": "232.5412"
  },
  {
   "price": "0.01452",
   "amount": "265.985"
  },
  {
   "price": "0.01754",
   "amount": "211.985"
  },
  {
   "price": "0.01854",
   "amount": "236.985"
  },
  {
   "price": "0.019652",
   "amount": "278.95238"
  },
  {
   "price": "0.01985",
   "amount": "236.8541"
  },
  {
   "price": "0.0214",
   "amount": "145.956"
  },
  {
   "price": "0.0254",
   "amount": "145.965"
  },
  {
   "price": "0.0365",
   "amount": "136.985"
  },
  {
   "price": "0.04129",
   "amount": "254.4529"
  }
 ]
}