{
 "pair": "enjusd",
 "bids": [
  {
   "price": "0.072636",
   "amount": "171.31508217"
  },
  {
   "price": "0.0726",
   "amount": "3030.30303"
  },
  {
   "price": "0.07",
   "amount": "100"
  },
  {
   "price": "0.06912",
   "amount": "86.41975383"
  },
  {
   "price": "0.06466",
   "amount": "154.65387535"
  },
  {
   "price": "0.060071",
   "amount": "453.19929979"
  },
  {
   "price": "0.06",
   "amount": "200"
  },
  {
   "price": "0.05",
   "amount": "316.36142556"
  },
  {
   "price": "0.041",
   "amount": "500"
  },
  {
   "price": "0.035",
   "amount": "2000"
  },
  {
   "price": "0.026552",
   "amount": "100"
  },
  {
   "price": "0.02612",
   "amount": "500"
  },
  {
   "price": "0.013",
   "amount": "1000"
  },
  {
   "price": "0.0082629",
   "amount": "4000"
  },
  {
   "price": "0.006",
   "amount": "100"
  },
  {
   "price": "0.0055275",
   "amount": "905.568"
  },
  {
   "price": "0.0051755",
   "amount": "100"
  },
  {
   "price": "0.0014",
   "amount": "2500"
  },
  {
   "price": "0.001221",
   "amount": "900"
  },
  {
   "price": "0.0011",
   "amount": "200"
  },
  {
   "price": "0.001",
   "amount": "10000"
  },
  {
   "price": "0.00028565",
   "amount": "5000"
  },
  {
   "price": "0.00021",
   "amount": "1200"
  },
  {
   "price": "0.0002",
   "amount": "600000"
  },
  {
   "price": "0.000121",
   "amount": "9000"
  }
 ],
 "asks": [
  {
   "price": "0.090961",
   "amount": "435.55777177"
  },
  {
   "price": "0.090988",
   "amount": "4000"
  },
  {
   "price": "0.1",
   "amount": "1318.55420191"
  },
  {
   "price": "0.1022",
   "amount": "892.14883521"
  },
  {
   "price": "0.11",
   "amount": "1746.5"
  },
  {
   "price": "0.11875",
   "amount": "36"
  },
  {
   "price": "0.13625",
   "amount": "1868"
  },
  {
   "price": "0.13626",
   "amount": "4132"
  },
  {
   "price": "0.13627",
   "amount": "1066"
  },
  {
   "price": "0.13628",
   "amount": "2872.418247"
  },
  {
   "price": "0.14",
   "amount": "160"
  },
  {
   "price": "0.14009",
   "amount": "53"
  },
  {
   "price": "0.143",
   "amount": "200"
  },
  {
   "price": "0.14902",
   "amount": "200"
  },
  {
   "price": "0.15",
   "amount": "99"
  },
  {
   "price": "0.15983",
   "amount": "1519.04855834"
  },
  {
   "price": "0.1625",
   "amount": "442.4637106"
  },
  {
   "price": "0.169",
   "amount": "799.2"
  },
  {
   "price": "0.17",
   "amount": "30.91117433"
  },
  {
   "price": "0.17127",
   "amount": "40"
  },
  {
   "price": "0.17426",
   "amount": "1300"
  },
  {
   "price": "0.1775",
   "amount": "358.26090458"
  },
  {
   "price": "0.18",
   "amount": "500"
  },
  {
   "price": "0.182",
   "amount": "100"
  },
  {
   "price": "0.183",
   "amount": "260"
  }
 ]
}