{
 "pair": "eosbtc",
 "bids": [
  {
   "price": "0.00034513",
   "amount": "277.78106145"
  },
  {
   "price": "0.00034512",
   "amount": "24"
  },
  {
   "price": "0.00034499",
   "amount": "12.5"
  },
  {
   "price": "0.00034498",
   "amount": "571.17606181"
  },
  {
   "price": "0.00034494",
   "amount": "32"
  },
  {
   "price": "0.0003449",
   "amount": "176.7"
  },
  {
   "price": "0.00034485",
   "amount": "400"
  },
  {
   "price": "0.00034483",
   "amount": "811.44649"
  },
  {
   "price": "0.0003448",
   "amount": "100"
  },
  {
   "price": "0.00034479",
   "amount": "590.5890364"
  },
  {
   "price": "0.00034477",
   "amount": "102"
  },
  {
   "price": "0.00034476",
   "amount": "438"
  },
  {
   "price": "0.00034472",
   "amount": "811.83607"
  },
  {
   "price": "0.0003447",
   "amount": "578.95149789"
  },
  {
   "price": "0.00034468",
   "amount": "30"
  },
  {
   "price": "0.00034467",
   "amount": "702.3"
  },
  {
   "price": "0.00034464",
   "amount": "579.13270485"
  },
  {
   "price": "0.00034463",
   "amount": "579.1093899"
  },
  {
   "price": "0.00034462",
   "amount": "835.97738"
  },
  {
   "price": "0.00034461",
   "amount": "1300"
  },
  {
   "price": "0.0003446",
   "amount": "594.6"
  },
  {
   "price": "0.00034458",
   "amount": "159"
  },
  {
   "price": "0.00034454",
   "amount": "8"
  },
  {
   "price": "0.00034452",
   "amount": "871.97738"
  },
  {
   "price": "0.0003445",
   "amount": "1030"
  }
 ],
 "asks": [
  {
   "price": "0.00034525",
   "amount": "51.64970783"
  },
  {
   "price": "0.00034534",
   "amount": "12.5"
  },
  {
   "price": "0.00034535",
   "amount": "459"
  },
  {
   "price": "0.00034536",
   "amount": "198"
  },
  {
   "price": "0.00034544",
   "amount": "81"
  },
  {
   "price": "0.00034545",
   "amount": "153"
  },
  {
   "price": "0.00034552",
   "amount": "611"
  },
  {
   "price": "0.00034556",
   "amount": "81"
  },
  {
   "price": "0.00034558",
   "amount": "231.70960176"
  },
  {
   "price": "0.00034559",
   "amount": "528.5"
  },
  {
   "price": "0.00034562",
   "amount": "7046.95302916"
  },
  {
   "price": "0.00034563",
   "amount": "314.8457325"
  },
  {
   "price": "0.00034568",
   "amount": "808.6"
  },
  {
   "price": "0.00034579",
   "amount": "234"
  },
  {
   "price": "0.0003458",
   "amount": "194.7"
  },
  {
   "price": "0.00034584",
   "amount": "12"
  },
  {
   "price": "0.00034586",
   "amount": "1133.28877"
  },
  {
   "price": "0.00034588",
   "amount": "198"
  },
  {
   "price": "0.00034592",
   "amount": "135"
  },
  {
   "price": "0.00034594",
   "amount": "72"
  },
  {
   "price": "0.00034597",
   "amount": "809.21857"
  },
  {
   "price": "0.00034601",
   "amount": "36"
  },
  {
   "price": "0.00034604",
   "amount": "45"
  },
  {
   "price": "0.00034606",
   "amount": "36"
  },
  {
   "price": "0.00034607",
   "amount": "854.21857"
  }
 ]
}