{
 "pair": "eoseur",
 "bids": [
  {
   "price": "2.2399",
   "amount": "800"
  },
  {
   "price": "2.2397",
   "amount": "1743.53048714"
  },
  {
   "price": "2.2396",
   "amount": "1729.77321703"
  },
  {
   "price": "2.2393",
   "amount": "1713.5"
  },
  {
   "price": "2.2392",
   "amount": "67.6"
  },
  {
   "price": "2.2387",
   "amount": "112.5"
  },
  {
   "price": "2.2386",
   "amount": "175"
  },
  {
   "price": "2.2385",
   "amount": "6673"
  },
  {
   "price": "2.2383",
   "amount": "162.6"
  },
  {
   "price": "2.2382",
   "amount": "96.4"
  },
  {
   "price": "2.2379",
   "amount": "1053.7393644"
  },
  {
   "price": "2.2372",
   "amount": "1250"
  },
  {
   "price": "2.2369",
   "amount": "2200"
  },
  {
   "price": "2.2367",
   "amount": "330.50838655"
  },
  {
   "price": "2.2362",
   "amount": "2500"
  },
  {
   "price": "2.2359",
   "amount": "747.4747"
  },
  {
   "price": "2.2354",
   "amount": "2000"
  },
  {
   "price": "2.2341",
   "amount": "210.18154105"
  },
  {
   "price": "2.2339",
   "amount": "8792.82716597"
  },
  {
   "price": "2.2338",
   "amount": "807.11227"
  },
  {
   "price": "2.2334",
   "amount": "6937.05529814"
  },
  {
   "price": "2.2333",
   "amount": "1000"
  },
  {
   "price": "2.2331",
   "amount": "807.311"
  },
  {
   "price": "2.2325",
   "amount": "1500"
  },
  {
   "price": "2.2324",
   "amount": "807.40552"
  }
 ],
 "asks": [
  {
   "price": "2.24",
   "amount": "29.92406092"
  },
  {
   "price": "2.2403",
   "amount": "536.93267829"
  },
  {
   "price": "2.2411",
   "amount": "400"
  },
  {
   "price": "2.2412",
   "amount": "120"
  },
  {
   "price": "2.2418",
   "amount": "804.25612"
  },
  {
   "price": "2.2423",
   "amount": "75"
  },
  {
   "price": "2.2424",
   "amount": "813.20595"
  },
  {
   "price": "2.2432",
   "amount": "906.91239445"
  },
  {
   "price": "2.2433",
   "amount": "350"
  },
  {
   "price": "2.2438",
   "amount": "804.04595"
  },
  {
   "price": "2.2443",
   "amount": "445"
  },
  {
   "price": "2.2444",
   "amount": "7792.35792006"
  },
  {
   "price": "2.2445",
   "amount": "1347"
  },
  {
   "price": "2.2447",
   "amount": "113.8"
  },
  {
   "price": "2.2448",
   "amount": "137.9"
  },
  {
   "price": "2.2449",
   "amount": "1500"
  },
  {
   "price": "2.245",
   "amount": "6.05274852"
  },
  {
   "price": "2.2451",
   "amount": "3440.34595"
  },
  {
   "price": "2.2452",
   "amount": "4449"
  },
  {
   "price": "2.2454",
   "amount": "3011.44435"
  },
  {
   "price": "2.2463",
   "amount": "1000"
  },
  {
   "price": "2.2466",
   "amount": "5615.14184824"
  },
  {
   "price": "2.2467",
   "amount": "4900"
  },
  {
   "price": "2.2472",
   "amount": "2261.6407"
  },
  {
   "price": "2.2473",
   "amount": "6600"
  }
 ]
}