{
 "pair": "eoseth",
 "bids": [
  {
   "price": "0.019363",
   "amount": "210.56450162"
  },
  {
   "price": "0.019361",
   "amount": "139.31436657"
  },
  {
   "price": "0.01936",
   "amount": "1624.48792"
  },
  {
   "price": "0.01935",
   "amount": "6910.999"
  },
  {
   "price": "0.019349",
   "amount": "6830.82731301"
  },
  {
   "price": "0.01934",
   "amount": "1626.16696"
  },
  {
   "price": "0.019336",
   "amount": "500"
  },
  {
   "price": "0.019335",
   "amount": "510"
  },
  {
   "price": "0.01933",
   "amount": "3440.5117"
  },
  {
   "price": "0.019326",
   "amount": "1000"
  },
  {
   "price": "0.01932",
   "amount": "500"
  },
  {
   "price": "0.019311",
   "amount": "71"
  },
  {
   "price": "0.019307",
   "amount": "64.6"
  },
  {
   "price": "0.019305",
   "amount": "579.40784518"
  },
  {
   "price": "0.019303",
   "amount": "101.9"
  },
  {
   "price": "0.019301",
   "amount": "268"
  },
  {
   "price": "0.0193",
   "amount": "814.76776"
  },
  {
   "price": "0.019298",
   "amount": "1000"
  },
  {
   "price": "0.019296",
   "amount": "520"
  },
  {
   "price": "0.019234",
   "amount": "13821.999"
  },
  {
   "price": "0.019233",
   "amount": "74.77"
  },
  {
   "price": "0.019219",
   "amount": "4077"
  },
  {
   "price": "0.019217",
   "amount": "10.31894838"
  },
  {
   "price": "0.019202",
   "amount": "2672"
  },
  {
   "price": "0.019156",
   "amount": "118.77"
  }
 ],
 "asks": [
  {
   "price": "0.019418",
   "amount": "157.8467021"
  },
  {
   "price": "0.019419",
   "amount": "7113.02839559"
  },
  {
   "price": "0.01942",
   "amount": "231.73128276"
  },
  {
   "price": "0.019432",
   "amount": "6910.999"
  },
  {
   "price": "0.019439",
   "amount": "267"
  },
  {
   "price": "0.01944",
   "amount": "810.1527"
  },
  {
   "price": "0.019441",
   "amount": "500"
  },
  {
   "price": "0.01945",
   "amount": "1620.3054"
  },
  {
   "price": "0.019458",
   "amount": "1000"
  },
  {
   "price": "0.01947",
   "amount": "1500"
  },
  {
   "price": "0.019475",
   "amount": "1000"
  },
  {
   "price": "0.019478",
   "amount": "77.7"
  },
  {
   "price": "0.019479",
   "amount": "1000"
  },
  {
   "price": "0.019483",
   "amount": "82.8"
  },
  {
   "price": "0.019492",
   "amount": "579.35749254"
  },
  {
   "price": "0.01953",
   "amount": "2733"
  },
  {
   "price": "0.019531",
   "amount": "16492.999"
  },
  {
   "price": "0.019571",
   "amount": "10.31309526"
  },
  {
   "price": "0.019586",
   "amount": "1342"
  },
  {
   "price": "0.0197",
   "amount": "100"
  },
  {
   "price": "0.01975",
   "amount": "600"
  },
  {
   "price": "0.019751",
   "amount": "1349"
  },
  {
   "price": "0.019906",
   "amount": "500"
  },
  {
   "price": "0.019999",
   "amount": "30800"
  },
  {
   "price": "0.02",
   "amount": "630"
  }
 ]
}