{
 "pair": "eosgbp",
 "bids": [
  {
   "price": "1.9075",
   "amount": "110"
  },
  {
   "price": "1.9074",
   "amount": "420"
  },
  {
   "price": "1.9073",
   "amount": "301.23048714"
  },
  {
   "price": "1.9072",
   "amount": "3160.03519394"
  },
  {
   "price": "1.9069",
   "amount": "112.5"
  },
  {
   "price": "1.9068",
   "amount": "101.7"
  },
  {
   "price": "1.9066",
   "amount": "6848"
  },
  {
   "price": "1.9064",
   "amount": "259"
  },
  {
   "price": "1.9062",
   "amount": "50"
  },
  {
   "price": "1.9061",
   "amount": "1053.7393644"
  },
  {
   "price": "1.9049",
   "amount": "2530.50838655"
  },
  {
   "price": "1.9048",
   "amount": "2000"
  },
  {
   "price": "1.9047",
   "amount": "1200"
  },
  {
   "price": "1.9041",
   "amount": "2500"
  },
  {
   "price": "1.9039",
   "amount": "2000"
  },
  {
   "price": "1.9029",
   "amount": "8792.97328922"
  },
  {
   "price": "1.9028",
   "amount": "210.18154105"
  },
  {
   "price": "1.9027",
   "amount": "6936.775375"
  },
  {
   "price": "1.9026",
   "amount": "807.11227"
  },
  {
   "price": "1.9022",
   "amount": "1000"
  },
  {
   "price": "1.9019",
   "amount": "807.311"
  },
  {
   "price": "1.9015",
   "amount": "1500"
  },
  {
   "price": "1.9014",
   "amount": "807.40552"
  },
  {
   "price": "1.9009",
   "amount": "807.82622"
  },
  {
   "price": "1.9008",
   "amount": "332.43550971"
  }
 ],
 "asks": [
  {
   "price": "1.9079",
   "amount": "29.92406092"
  },
  {
   "price": "1.9081",
   "amount": "120"
  },
  {
   "price": "1.9087",
   "amount": "536.93267829"
  },
  {
   "price": "1.9089",
   "amount": "400"
  },
  {
   "price": "1.9092",
   "amount": "75"
  },
  {
   "price": "1.9093",
   "amount": "9.16"
  },
  {
   "price": "1.9094",
   "amount": "804.25612"
  },
  {
   "price": "1.91",
   "amount": "804.04595"
  },
  {
   "price": "1.9106",
   "amount": "1256.91239445"
  },
  {
   "price": "1.9111",
   "amount": "883.34595"
  },
  {
   "price": "1.9115",
   "amount": "1414.2"
  },
  {
   "price": "1.9116",
   "amount": "21420.35592006"
  },
  {
   "price": "1.9117",
   "amount": "1347"
  },
  {
   "price": "1.9119",
   "amount": "113.8"
  },
  {
   "price": "1.912",
   "amount": "1637.9"
  },
  {
   "price": "1.9121",
   "amount": "1300"
  },
  {
   "price": "1.9122",
   "amount": "6.05274852"
  },
  {
   "price": "1.9123",
   "amount": "6589.34595"
  },
  {
   "price": "1.9125",
   "amount": "804.04595"
  },
  {
   "price": "1.9126",
   "amount": "2207.3984"
  },
  {
   "price": "1.9133",
   "amount": "3262.5529"
  },
  {
   "price": "1.9135",
   "amount": "5615.14184824"
  },
  {
   "price": "1.9136",
   "amount": "4900"
  },
  {
   "price": "1.9138",
   "amount": "8600"
  },
  {
   "price": "1.9144",
   "amount": "1609.93519395"
  }
 ]
}