{
 "pair": "eosjpy",
 "bids": [
  {
   "price": "271.69",
   "amount": "110"
  },
  {
   "price": "271.67",
   "amount": "420"
  },
  {
   "price": "271.66",
   "amount": "301.23048714"
  },
  {
   "price": "271.65",
   "amount": "1662.6"
  },
  {
   "price": "271.64",
   "amount": "1609.93519394"
  },
  {
   "price": "271.59",
   "amount": "101.7"
  },
  {
   "price": "271.58",
   "amount": "75"
  },
  {
   "price": "271.56",
   "amount": "100"
  },
  {
   "price": "271.55",
   "amount": "6673"
  },
  {
   "price": "271.53",
   "amount": "259"
  },
  {
   "price": "271.51",
   "amount": "50"
  },
  {
   "price": "271.49",
   "amount": "100.999"
  },
  {
   "price": "271.34",
   "amount": "952.7403644"
  },
  {
   "price": "271.32",
   "amount": "4700"
  },
  {
   "price": "271.31",
   "amount": "330.50838655"
  },
  {
   "price": "271.3",
   "amount": "2000"
  },
  {
   "price": "271.29",
   "amount": "1200"
  },
  {
   "price": "271.18",
   "amount": "2000"
  },
  {
   "price": "271.03",
   "amount": "8792.97328922"
  },
  {
   "price": "271.02",
   "amount": "210.18154105"
  },
  {
   "price": "271.01",
   "amount": "6936.775375"
  },
  {
   "price": "270.99",
   "amount": "807.11227"
  },
  {
   "price": "270.93",
   "amount": "1000"
  },
  {
   "price": "270.9",
   "amount": "807.311"
  },
  {
   "price": "270.83",
   "amount": "1500"
  }
 ],
 "asks": [
  {
   "price": "271.74",
   "amount": "29.92406092"
  },
  {
   "price": "271.76",
   "amount": "120"
  },
  {
   "price": "271.84",
   "amount": "120"
  },
  {
   "price": "271.85",
   "amount": "536.93267829"
  },
  {
   "price": "271.88",
   "amount": "400"
  },
  {
   "price": "271.95",
   "amount": "84.16"
  },
  {
   "price": "271.96",
   "amount": "804.25612"
  },
  {
   "price": "272.03",
   "amount": "804.04595"
  },
  {
   "price": "272.12",
   "amount": "906.91239445"
  },
  {
   "price": "272.13",
   "amount": "350"
  },
  {
   "price": "272.19",
   "amount": "79.3"
  },
  {
   "price": "272.2",
   "amount": "804.04595"
  },
  {
   "price": "272.25",
   "amount": "1414.2"
  },
  {
   "price": "272.26",
   "amount": "6700.999"
  },
  {
   "price": "272.27",
   "amount": "14719.35692006"
  },
  {
   "price": "272.29",
   "amount": "1347"
  },
  {
   "price": "272.3",
   "amount": "66.4"
  },
  {
   "price": "272.31",
   "amount": "47.4"
  },
  {
   "price": "272.33",
   "amount": "1637.9"
  },
  {
   "price": "272.34",
   "amount": "1300"
  },
  {
   "price": "272.35",
   "amount": "6.05274852"
  },
  {
   "price": "272.36",
   "amount": "2140.34595"
  },
  {
   "price": "272.37",
   "amount": "4449"
  },
  {
   "price": "272.4",
   "amount": "804.04595"
  },
  {
   "price": "272.42",
   "amount": "2207.3984"
  }
 ]
}