{
 "pair": "eosust",
 "bids": [
  {
   "price": "2.4653",
   "amount": "503.98197132"
  },
  {
   "price": "2.4652",
   "amount": "210.42247525"
  },
  {
   "price": "2.465",
   "amount": "578.9496271"
  },
  {
   "price": "2.4649",
   "amount": "578.9496271"
  },
  {
   "price": "2.4619",
   "amount": "320"
  },
  {
   "price": "2.4618",
   "amount": "46.18914642"
  },
  {
   "price": "2.4608",
   "amount": "579.17294104"
  },
  {
   "price": "2.4604",
   "amount": "1000"
  },
  {
   "price": "2.4599",
   "amount": "1000"
  },
  {
   "price": "2.4478",
   "amount": "50"
  },
  {
   "price": "2.4477",
   "amount": "141.14546096"
  },
  {
   "price": "2.4466",
   "amount": "10.12186728"
  },
  {
   "price": "2.4415",
   "amount": "119.26130272"
  },
  {
   "price": "2.4414",
   "amount": "483"
  },
  {
   "price": "2.4406",
   "amount": "494"
  },
  {
   "price": "2.4395",
   "amount": "115.62859426"
  },
  {
   "price": "2.4345",
   "amount": "205.36455759"
  },
  {
   "price": "2.4088",
   "amount": "244"
  },
  {
   "price": "2.4087",
   "amount": "2000"
  },
  {
   "price": "2.3972",
   "amount": "485"
  },
  {
   "price": "2.3603",
   "amount": "247"
  },
  {
   "price": "2.3493",
   "amount": "244"
  },
  {
   "price": "2.3307",
   "amount": "245"
  },
  {
   "price": "2.2629",
   "amount": "245"
  },
  {
   "price": "2.2",
   "amount": "3950"
  }
 ],
 "asks": [
  {
   "price": "2.4745",
   "amount": "461.12567529"
  },
  {
   "price": "2.4746",
   "amount": "210.47636652"
  },
  {
   "price": "2.4757",
   "amount": "49"
  },
  {
   "price": "2.478",
   "amount": "1320"
  },
  {
   "price": "2.4797",
   "amount": "1000"
  },
  {
   "price": "2.4813",
   "amount": "579.18971359"
  },
  {
   "price": "2.4935",
   "amount": "482"
  },
  {
   "price": "2.4936",
   "amount": "10.12186728"
  },
  {
   "price": "2.54",
   "amount": "843.9062"
  },
  {
   "price": "2.7811",
   "amount": "44.88"
  },
  {
   "price": "2.7812",
   "amount": "200"
  },
  {
   "price": "2.79",
   "amount": "800"
  },
  {
   "price": "3.2541",
   "amount": "27.28405945"
  },
  {
   "price": "3.274",
   "amount": "27.28405945"
  },
  {
   "price": "3.2939",
   "amount": "27.28405945"
  },
  {
   "price": "3.3139",
   "amount": "27.28405945"
  },
  {
   "price": "3.3341",
   "amount": "27.28405945"
  },
  {
   "price": "3.3544",
   "amount": "27.28405945"
  },
  {
   "price": "3.3748",
   "amount": "27.28405945"
  },
  {
   "price": "3.3899",
   "amount": "374.94042101"
  },
  {
   "price": "3.39",
   "amount": "4868.46087"
  },
  {
   "price": "3.3954",
   "amount": "27.28405945"
  },
  {
   "price": "3.416",
   "amount": "27.28405945"
  },
  {
   "price": "3.4368",
   "amount": "27.28405945"
  },
  {
   "price": "3.4577",
   "amount": "27.28405945"
  }
 ]
}