{
 "pair": "eosusd",
 "bids": [
  {
   "price": "2.4819",
   "amount": "100.569"
  },
  {
   "price": "2.4802",
   "amount": "500"
  },
  {
   "price": "2.4798",
   "amount": "301.23048714"
  },
  {
   "price": "2.4797",
   "amount": "112.5"
  },
  {
   "price": "2.4796",
   "amount": "235.5"
  },
  {
   "price": "2.4794",
   "amount": "1636.4"
  },
  {
   "price": "2.4788",
   "amount": "1018.8403644"
  },
  {
   "price": "2.4787",
   "amount": "1820.2"
  },
  {
   "price": "2.4785",
   "amount": "128"
  },
  {
   "price": "2.478",
   "amount": "6511.65886243"
  },
  {
   "price": "2.4779",
   "amount": "95.3"
  },
  {
   "price": "2.4772",
   "amount": "330.50838655"
  },
  {
   "price": "2.4771",
   "amount": "50"
  },
  {
   "price": "2.4767",
   "amount": "2200"
  },
  {
   "price": "2.4766",
   "amount": "1200"
  },
  {
   "price": "2.476",
   "amount": "2000"
  },
  {
   "price": "2.4757",
   "amount": "2500"
  },
  {
   "price": "2.4753",
   "amount": "1000"
  },
  {
   "price": "2.475",
   "amount": "807.93717"
  },
  {
   "price": "2.4745",
   "amount": "8792.6874116"
  },
  {
   "price": "2.4743",
   "amount": "2808.25715"
  },
  {
   "price": "2.4738",
   "amount": "210.58518989"
  },
  {
   "price": "2.4737",
   "amount": "6496.80997237"
  },
  {
   "price": "2.4736",
   "amount": "1500"
  },
  {
   "price": "2.4735",
   "amount": "808.25715"
  }
 ],
 "asks": [
  {
   "price": "2.4821",
   "amount": "520"
  },
  {
   "price": "2.4824",
   "amount": "805.77255"
  },
  {
   "price": "2.4827",
   "amount": "293.39523337"
  },
  {
   "price": "2.4829",
   "amount": "84.16"
  },
  {
   "price": "2.4831",
   "amount": "805.77255"
  },
  {
   "price": "2.4839",
   "amount": "1016.34644985"
  },
  {
   "price": "2.4844",
   "amount": "350"
  },
  {
   "price": "2.4846",
   "amount": "805.77255"
  },
  {
   "price": "2.485",
   "amount": "50"
  },
  {
   "price": "2.4851",
   "amount": "1250.1"
  },
  {
   "price": "2.4852",
   "amount": "131.8"
  },
  {
   "price": "2.4853",
   "amount": "805.57133"
  },
  {
   "price": "2.4855",
   "amount": "6700.999"
  },
  {
   "price": "2.4856",
   "amount": "11484.999"
  },
  {
   "price": "2.4858",
   "amount": "2324.2695"
  },
  {
   "price": "2.4861",
   "amount": "805.57133"
  },
  {
   "price": "2.4864",
   "amount": "805.57133"
  },
  {
   "price": "2.4866",
   "amount": "1347"
  },
  {
   "price": "2.4875",
   "amount": "5615.07336683"
  },
  {
   "price": "2.4876",
   "amount": "9349"
  },
  {
   "price": "2.4877",
   "amount": "10866.2088"
  },
  {
   "price": "2.4883",
   "amount": "102.86644445"
  },
  {
   "price": "2.489",
   "amount": "1000"
  },
  {
   "price": "2.4897",
   "amount": "6988.31197006"
  },
  {
   "price": "2.49",
   "amount": "47.4"
  }
 ]
}