{
 "pair": "esseth",
 "bids": [
  {
   "price": "0.0000018",
   "amount": "20000"
  },
  {
   "price": "0.00000156",
   "amount": "857446.86"
  },
  {
   "price": "0.00000151",
   "amount": "119205.29801325"
  },
  {
   "price": "0.00000127",
   "amount": "1000000"
  },
  {
   "price": "0.00000126",
   "amount": "200000"
  },
  {
   "price": "0.000001",
   "amount": "200000"
  },
  {
   "price": "9.9e-7",
   "amount": "10000"
  },
  {
   "price": "8.5e-7",
   "amount": "200000"
  },
  {
   "price": "7.1e-7",
   "amount": "46478.873239"
  },
  {
   "price": "6.2e-7",
   "amount": "200000"
  },
  {
   "price": "5.4e-7",
   "amount": "200000"
  },
  {
   "price": "4.7e-7",
   "amount": "200000"
  },
  {
   "price": "3.9e-7",
   "amount": "200000"
  },
  {
   "price": "3.3e-7",
   "amount": "180303.03030303"
  },
  {
   "price": "2.9e-7",
   "amount": "200000"
  },
  {
   "price": "2.6e-7",
   "amount": "200000"
  },
  {
   "price": "2.3e-7",
   "amount": "200000"
  },
  {
   "price": "2.1e-7",
   "amount": "200000"
  },
  {
   "price": "1.8e-7",
   "amount": "200000"
  },
  {
   "price": "1.5e-7",
   "amount": "200000"
  },
  {
   "price": "1.2e-7",
   "amount": "200000"
  },
  {
   "price": "1.1e-7",
   "amount": "200000"
  },
  {
   "price": "1e-7",
   "amount": "200000"
  },
  {
   "price": "9e-8",
   "amount": "200000"
  },
  {
   "price": "7e-8",
   "amount": "200000"
  }
 ],
 "asks": [
  {
   "price": "0.00000477",
   "amount": "21049.79583176"
  },
  {
   "price": "0.00000478",
   "amount": "263018.149452"
  },
  {
   "price": "0.0000048",
   "amount": "29969.999999"
  },
  {
   "price": "0.00000526",
   "amount": "12835.34"
  },
  {
   "price": "0.00000527",
   "amount": "99899.99999999"
  },
  {
   "price": "0.0000075",
   "amount": "21627.8999"
  },
  {
   "price": "0.0000078",
   "amount": "200000"
  },
  {
   "price": "0.0000079",
   "amount": "200000"
  },
  {
   "price": "0.000008",
   "amount": "1219678"
  },
  {
   "price": "0.000009",
   "amount": "125070.40192311"
  },
  {
   "price": "0.0000092",
   "amount": "60000"
  },
  {
   "price": "0.0000093",
   "amount": "80000"
  },
  {
   "price": "0.00000933",
   "amount": "100000"
  },
  {
   "price": "0.0000109",
   "amount": "4201.68067227"
  },
  {
   "price": "0.0000116",
   "amount": "100000"
  },
  {
   "price": "0.00001172",
   "amount": "147899.15966387"
  },
  {
   "price": "0.000012",
   "amount": "195798.31932773"
  },
  {
   "price": "0.0000128",
   "amount": "50000"
  },
  {
   "price": "0.00001296",
   "amount": "100000"
  },
  {
   "price": "0.000013",
   "amount": "473862.82727273"
  },
  {
   "price": "0.00001323",
   "amount": "52100.84033613"
  },
  {
   "price": "0.00001357",
   "amount": "2440"
  },
  {
   "price": "0.0000147",
   "amount": "20000"
  },
  {
   "price": "0.0000159",
   "amount": "6743.25"
  },
  {
   "price": "0.00001688",
   "amount": "100000"
  }
 ]
}