{
 "pair": "etcbtc",
 "bids": [
  {
   "price": "0.00054055",
   "amount": "51.48935765"
  },
  {
   "price": "0.00054031",
   "amount": "25"
  },
  {
   "price": "0.0005403",
   "amount": "62.94410167"
  },
  {
   "price": "0.00054003",
   "amount": "56"
  },
  {
   "price": "0.00054",
   "amount": "217.2"
  },
  {
   "price": "0.00053986",
   "amount": "45.2"
  },
  {
   "price": "0.00053974",
   "amount": "852.9"
  },
  {
   "price": "0.00053969",
   "amount": "100"
  },
  {
   "price": "0.00053853",
   "amount": "574.4"
  },
  {
   "price": "0.0005385",
   "amount": "300"
  },
  {
   "price": "0.00053717",
   "amount": "38.39026347"
  },
  {
   "price": "0.00053681",
   "amount": "825.30544141"
  },
  {
   "price": "0.0005368",
   "amount": "5734.6"
  },
  {
   "price": "0.00053643",
   "amount": "18.48428835"
  },
  {
   "price": "0.00053615",
   "amount": "74.94444801"
  },
  {
   "price": "0.00053516",
   "amount": "494.13891173"
  },
  {
   "price": "0.00053515",
   "amount": "72.47861347"
  },
  {
   "price": "0.00053513",
   "amount": "9310"
  },
  {
   "price": "0.00053512",
   "amount": "73.74777543"
  },
  {
   "price": "0.00053508",
   "amount": "4420.3"
  },
  {
   "price": "0.00053478",
   "amount": "5869.5"
  },
  {
   "price": "0.00053457",
   "amount": "2881.5"
  },
  {
   "price": "0.00053444",
   "amount": "5709.7"
  },
  {
   "price": "0.00053407",
   "amount": "86.42774576"
  },
  {
   "price": "0.0005333",
   "amount": "7375.3"
  }
 ],
 "asks": [
  {
   "price": "0.00054099",
   "amount": "12.5"
  },
  {
   "price": "0.000541",
   "amount": "672.10298851"
  },
  {
   "price": "0.00054103",
   "amount": "170"
  },
  {
   "price": "0.00054117",
   "amount": "9.33149192"
  },
  {
   "price": "0.00054137",
   "amount": "870.79030885"
  },
  {
   "price": "0.0005414",
   "amount": "45.5"
  },
  {
   "price": "0.00054149",
   "amount": "51.33606789"
  },
  {
   "price": "0.000542",
   "amount": "37.668"
  },
  {
   "price": "0.00054209",
   "amount": "786.03803635"
  },
  {
   "price": "0.0005421",
   "amount": "300"
  },
  {
   "price": "0.00054346",
   "amount": "294.90708786"
  },
  {
   "price": "0.00054349",
   "amount": "100"
  },
  {
   "price": "0.0005436",
   "amount": "800"
  },
  {
   "price": "0.00054373",
   "amount": "574.3"
  },
  {
   "price": "0.00054375",
   "amount": "4994.99999984"
  },
  {
   "price": "0.000544",
   "amount": "9.98"
  },
  {
   "price": "0.00054483",
   "amount": "5734.5"
  },
  {
   "price": "0.00054491",
   "amount": "55"
  },
  {
   "price": "0.000545",
   "amount": "19.43911923"
  },
  {
   "price": "0.00054513",
   "amount": "18.50481125"
  },
  {
   "price": "0.000546",
   "amount": "5.944122"
  },
  {
   "price": "0.00054603",
   "amount": "2881.4"
  },
  {
   "price": "0.0005462",
   "amount": "10291.2"
  },
  {
   "price": "0.00054692",
   "amount": "5709.7"
  },
  {
   "price": "0.00054713",
   "amount": "9310"
  }
 ]
}