{
 "pair": "etcusd",
 "bids": [
  {
   "price": "3.8838",
   "amount": "51.18180064"
  },
  {
   "price": "3.8824",
   "amount": "51.47658121"
  },
  {
   "price": "3.8818",
   "amount": "12.5"
  },
  {
   "price": "3.8817",
   "amount": "69.4"
  },
  {
   "price": "3.8808",
   "amount": "12.5"
  },
  {
   "price": "3.8807",
   "amount": "68.6"
  },
  {
   "price": "3.873",
   "amount": "180"
  },
  {
   "price": "3.8718",
   "amount": "800"
  },
  {
   "price": "3.8707",
   "amount": "2100"
  },
  {
   "price": "3.8678",
   "amount": "407.61279049"
  },
  {
   "price": "3.8657",
   "amount": "100"
  },
  {
   "price": "3.8649",
   "amount": "294.83427773"
  },
  {
   "price": "3.8648",
   "amount": "1707.74413405"
  },
  {
   "price": "3.8647",
   "amount": "815.10111553"
  },
  {
   "price": "3.863",
   "amount": "429.32759254"
  },
  {
   "price": "3.8609",
   "amount": "1167.1"
  },
  {
   "price": "3.8608",
   "amount": "60.30101299"
  },
  {
   "price": "3.8493",
   "amount": "300"
  },
  {
   "price": "3.8468",
   "amount": "11523.1"
  },
  {
   "price": "3.8467",
   "amount": "60.63280414"
  },
  {
   "price": "3.8461",
   "amount": "847.65874764"
  },
  {
   "price": "3.843",
   "amount": "5897.2"
  },
  {
   "price": "3.8428",
   "amount": "4431.9"
  },
  {
   "price": "3.8414",
   "amount": "85.45262865"
  },
  {
   "price": "3.8404",
   "amount": "78.11686283"
  }
 ],
 "asks": [
  {
   "price": "3.8888",
   "amount": "131.95963713"
  },
  {
   "price": "3.8889",
   "amount": "51.48870624"
  },
  {
   "price": "3.889",
   "amount": "101.48106398"
  },
  {
   "price": "3.8897",
   "amount": "160.66035018"
  },
  {
   "price": "3.8914",
   "amount": "33.41577642"
  },
  {
   "price": "3.8915",
   "amount": "100"
  },
  {
   "price": "3.8928",
   "amount": "855.12733406"
  },
  {
   "price": "3.8947",
   "amount": "1629.14897095"
  },
  {
   "price": "3.8948",
   "amount": "800"
  },
  {
   "price": "3.8951",
   "amount": "52.37384451"
  },
  {
   "price": "3.8965",
   "amount": "407.48090661"
  },
  {
   "price": "3.8967",
   "amount": "1239.4"
  },
  {
   "price": "3.8968",
   "amount": "2"
  },
  {
   "price": "3.8977",
   "amount": "73.4"
  },
  {
   "price": "3.8983",
   "amount": "43.11674716"
  },
  {
   "price": "3.8986",
   "amount": "57.3"
  },
  {
   "price": "3.8988",
   "amount": "10"
  },
  {
   "price": "3.9",
   "amount": "40.12556077"
  },
  {
   "price": "3.9001",
   "amount": "659.03721301"
  },
  {
   "price": "3.9034",
   "amount": "35.03663994"
  },
  {
   "price": "3.9065",
   "amount": "2"
  },
  {
   "price": "3.9099",
   "amount": "294.76329318"
  },
  {
   "price": "3.91",
   "amount": "11523"
  },
  {
   "price": "3.9121",
   "amount": "45.43132265"
  },
  {
   "price": "3.9155",
   "amount": "36.65750346"
  }
 ]
}