{
 "pair": "ethbtc",
 "bids": [
  {
   "price": "0.017815",
   "amount": "2.09920679"
  },
  {
   "price": "0.017813",
   "amount": "0.81"
  },
  {
   "price": "0.017812",
   "amount": "4.05"
  },
  {
   "price": "0.017811",
   "amount": "0.27"
  },
  {
   "price": "0.01781",
   "amount": "0.27"
  },
  {
   "price": "0.017809",
   "amount": "7.77417372"
  },
  {
   "price": "0.017808",
   "amount": "1.35"
  },
  {
   "price": "0.017807",
   "amount": "0.54"
  },
  {
   "price": "0.017804",
   "amount": "3.06417325"
  },
  {
   "price": "0.017802",
   "amount": "5.86568567"
  },
  {
   "price": "0.017801",
   "amount": "14.409"
  },
  {
   "price": "0.0178",
   "amount": "1.35"
  },
  {
   "price": "0.017799",
   "amount": "10.09162302"
  },
  {
   "price": "0.017797",
   "amount": "0.81"
  },
  {
   "price": "0.017791",
   "amount": "3"
  },
  {
   "price": "0.01779",
   "amount": "59.85198197"
  },
  {
   "price": "0.017789",
   "amount": "5.27"
  },
  {
   "price": "0.017786",
   "amount": "0.27"
  },
  {
   "price": "0.017784",
   "amount": "51.33622129"
  },
  {
   "price": "0.017783",
   "amount": "23.18721379"
  },
  {
   "price": "0.017782",
   "amount": "1.89"
  },
  {
   "price": "0.017781",
   "amount": "2.7"
  },
  {
   "price": "0.01778",
   "amount": "21.82834"
  },
  {
   "price": "0.017779",
   "amount": "1.35"
  },
  {
   "price": "0.017778",
   "amount": "3.51"
  }
 ],
 "asks": [
  {
   "price": "0.017816",
   "amount": "0.60000001"
  },
  {
   "price": "0.017817",
   "amount": "11.68671497"
  },
  {
   "price": "0.01782",
   "amount": "2.43"
  },
  {
   "price": "0.017823",
   "amount": "1.35"
  },
  {
   "price": "0.017824",
   "amount": "1"
  },
  {
   "price": "0.017825",
   "amount": "0.27"
  },
  {
   "price": "0.017826",
   "amount": "11.62917883"
  },
  {
   "price": "0.017827",
   "amount": "1.08"
  },
  {
   "price": "0.017828",
   "amount": "2.37160087"
  },
  {
   "price": "0.017829",
   "amount": "22.5054631"
  },
  {
   "price": "0.01783",
   "amount": "4.05"
  },
  {
   "price": "0.017831",
   "amount": "10.34223387"
  },
  {
   "price": "0.017832",
   "amount": "3"
  },
  {
   "price": "0.017833",
   "amount": "1.39642399"
  },
  {
   "price": "0.017835",
   "amount": "2.16"
  },
  {
   "price": "0.017837",
   "amount": "1.08"
  },
  {
   "price": "0.017838",
   "amount": "1.35"
  },
  {
   "price": "0.017839",
   "amount": "14.187"
  },
  {
   "price": "0.01784",
   "amount": "21.77873"
  },
  {
   "price": "0.017841",
   "amount": "4.59"
  },
  {
   "price": "0.017842",
   "amount": "5.4"
  },
  {
   "price": "0.017843",
   "amount": "16.816"
  },
  {
   "price": "0.017844",
   "amount": "43.95055744"
  },
  {
   "price": "0.017845",
   "amount": "4.77"
  },
  {
   "price": "0.017846",
   "amount": "26.70686985"
  }
 ]
}