{
 "pair": "etheur",
 "bids": [
  {
   "price": "115.27",
   "amount": "6.67231936"
  },
  {
   "price": "115.26",
   "amount": "2.5"
  },
  {
   "price": "115.25",
   "amount": "5"
  },
  {
   "price": "115.24",
   "amount": "200"
  },
  {
   "price": "115.23",
   "amount": "0.31901007"
  },
  {
   "price": "115.22",
   "amount": "1.56388425"
  },
  {
   "price": "115.21",
   "amount": "8.61660661"
  },
  {
   "price": "115.2",
   "amount": "40.04315"
  },
  {
   "price": "115.19",
   "amount": "18.58859159"
  },
  {
   "price": "115.18",
   "amount": "50.343"
  },
  {
   "price": "115.16",
   "amount": "60.249"
  },
  {
   "price": "115.15",
   "amount": "13.159"
  },
  {
   "price": "115.14",
   "amount": "47.26778918"
  },
  {
   "price": "115.12",
   "amount": "1.789"
  },
  {
   "price": "115.11",
   "amount": "42.832"
  },
  {
   "price": "115.1",
   "amount": "1.335"
  },
  {
   "price": "115.09",
   "amount": "288.75241696"
  },
  {
   "price": "115.08",
   "amount": "24.5091"
  },
  {
   "price": "115.06",
   "amount": "19.58504"
  },
  {
   "price": "115.05",
   "amount": "46.91164972"
  },
  {
   "price": "115.03",
   "amount": "114.24"
  },
  {
   "price": "115.02",
   "amount": "39.592"
  },
  {
   "price": "115.01",
   "amount": "237.93820049"
  },
  {
   "price": "114.99",
   "amount": "19.99771"
  },
  {
   "price": "114.98",
   "amount": "19.58910199"
  }
 ],
 "asks": [
  {
   "price": "115.32",
   "amount": "3.07044168"
  },
  {
   "price": "115.33",
   "amount": "10"
  },
  {
   "price": "115.35",
   "amount": "27.60372152"
  },
  {
   "price": "115.36",
   "amount": "5.86230017"
  },
  {
   "price": "115.37",
   "amount": "23.60909022"
  },
  {
   "price": "115.38",
   "amount": "12.80288796"
  },
  {
   "price": "115.39",
   "amount": "0.8"
  },
  {
   "price": "115.41",
   "amount": "149.54409"
  },
  {
   "price": "115.42",
   "amount": "97.76151366"
  },
  {
   "price": "115.43",
   "amount": "93.173"
  },
  {
   "price": "115.44",
   "amount": "56.746"
  },
  {
   "price": "115.45",
   "amount": "266.53218179"
  },
  {
   "price": "115.46",
   "amount": "152.86715407"
  },
  {
   "price": "115.47",
   "amount": "11.97"
  },
  {
   "price": "115.48",
   "amount": "24.80389601"
  },
  {
   "price": "115.5",
   "amount": "19.62409"
  },
  {
   "price": "115.51",
   "amount": "161.229"
  },
  {
   "price": "115.52",
   "amount": "13.37131566"
  },
  {
   "price": "115.55",
   "amount": "685.08234589"
  },
  {
   "price": "115.56",
   "amount": "80.59"
  },
  {
   "price": "115.57",
   "amount": "54"
  },
  {
   "price": "115.58",
   "amount": "179.578"
  },
  {
   "price": "115.59",
   "amount": "85"
  },
  {
   "price": "115.6",
   "amount": "43.12372589"
  },
  {
   "price": "115.61",
   "amount": "1.5"
  }
 ]
}