{
 "pair": "ethgbp",
 "bids": [
  {
   "price": "98.186",
   "amount": "6.67231936"
  },
  {
   "price": "98.178",
   "amount": "2.5"
  },
  {
   "price": "98.163",
   "amount": "5"
  },
  {
   "price": "98.155",
   "amount": "200"
  },
  {
   "price": "98.148",
   "amount": "0.31901007"
  },
  {
   "price": "98.14",
   "amount": "1.56388425"
  },
  {
   "price": "98.132",
   "amount": "24.2051982"
  },
  {
   "price": "98.127",
   "amount": "3"
  },
  {
   "price": "98.125",
   "amount": "31.74615"
  },
  {
   "price": "98.118",
   "amount": "8.297"
  },
  {
   "price": "98.109",
   "amount": "47.701"
  },
  {
   "price": "98.103",
   "amount": "1.351"
  },
  {
   "price": "98.102",
   "amount": "1.291"
  },
  {
   "price": "98.086",
   "amount": "60.249"
  },
  {
   "price": "98.082",
   "amount": "1.841"
  },
  {
   "price": "98.079",
   "amount": "1.867"
  },
  {
   "price": "98.076",
   "amount": "9.451"
  },
  {
   "price": "98.071",
   "amount": "47.26778918"
  },
  {
   "price": "98.052",
   "amount": "1.789"
  },
  {
   "price": "98.048",
   "amount": "42.832"
  },
  {
   "price": "98.04",
   "amount": "1.335"
  },
  {
   "price": "98.032",
   "amount": "198.75241696"
  },
  {
   "price": "98.025",
   "amount": "90"
  },
  {
   "price": "98.017",
   "amount": "24.5091"
  },
  {
   "price": "98.002",
   "amount": "19.58504"
  }
 ],
 "asks": [
  {
   "price": "98.218",
   "amount": "3.07044168"
  },
  {
   "price": "98.23",
   "amount": "10"
  },
  {
   "price": "98.241",
   "amount": "27.60372152"
  },
  {
   "price": "98.248",
   "amount": "5.86230017"
  },
  {
   "price": "98.256",
   "amount": "2.5"
  },
  {
   "price": "98.264",
   "amount": "21.10909022"
  },
  {
   "price": "98.271",
   "amount": "12.80288796"
  },
  {
   "price": "98.279",
   "amount": "0.8"
  },
  {
   "price": "98.295",
   "amount": "216.09809"
  },
  {
   "price": "98.302",
   "amount": "97.76151366"
  },
  {
   "price": "98.31",
   "amount": "90"
  },
  {
   "price": "98.313",
   "amount": "1.672"
  },
  {
   "price": "98.315",
   "amount": "1.501"
  },
  {
   "price": "98.318",
   "amount": "56.746"
  },
  {
   "price": "98.325",
   "amount": "82.20509"
  },
  {
   "price": "98.332",
   "amount": "184.32709179"
  },
  {
   "price": "98.333",
   "amount": "0.21006535"
  },
  {
   "price": "98.341",
   "amount": "152.65708872"
  },
  {
   "price": "98.348",
   "amount": "11.97"
  },
  {
   "price": "98.356",
   "amount": "24.80389601"
  },
  {
   "price": "98.371",
   "amount": "19.62409"
  },
  {
   "price": "98.383",
   "amount": "161.229"
  },
  {
   "price": "98.387",
   "amount": "13.37131566"
  },
  {
   "price": "98.417",
   "amount": "685.08234589"
  },
  {
   "price": "98.425",
   "amount": "80.59"
  }
 ]
}