{
 "pair": "ethjpy",
 "bids": [
  {
   "price": "13986",
   "amount": "1.84000001"
  },
  {
   "price": "13985",
   "amount": "0.81518285"
  },
  {
   "price": "13984",
   "amount": "8.35713651"
  },
  {
   "price": "13983",
   "amount": "5"
  },
  {
   "price": "13982",
   "amount": "18.58859159"
  },
  {
   "price": "13981",
   "amount": "6.6515703"
  },
  {
   "price": "13980",
   "amount": "200"
  },
  {
   "price": "13979",
   "amount": "0.31901007"
  },
  {
   "price": "13978",
   "amount": "7.32488425"
  },
  {
   "price": "13977",
   "amount": "8.61660661"
  },
  {
   "price": "13976",
   "amount": "17.29372"
  },
  {
   "price": "13975",
   "amount": "8.297"
  },
  {
   "price": "13973",
   "amount": "49.052"
  },
  {
   "price": "13972",
   "amount": "1.291"
  },
  {
   "price": "13970",
   "amount": "62.09"
  },
  {
   "price": "13969",
   "amount": "11.318"
  },
  {
   "price": "13968",
   "amount": "47.26778918"
  },
  {
   "price": "13965",
   "amount": "44.621"
  },
  {
   "price": "13964",
   "amount": "1.335"
  },
  {
   "price": "13962",
   "amount": "40"
  },
  {
   "price": "13961",
   "amount": "114.507"
  },
  {
   "price": "13959",
   "amount": "205.66223283"
  },
  {
   "price": "13958",
   "amount": "19.58504"
  },
  {
   "price": "13957",
   "amount": "6"
  },
  {
   "price": "13955",
   "amount": "90"
  }
 ],
 "asks": [
  {
   "price": "13990",
   "amount": "3.07044168"
  },
  {
   "price": "13993",
   "amount": "27.60372152"
  },
  {
   "price": "13994",
   "amount": "5.86230017"
  },
  {
   "price": "13996",
   "amount": "21.10909022"
  },
  {
   "price": "13997",
   "amount": "15.30288796"
  },
  {
   "price": "13998",
   "amount": "0.8"
  },
  {
   "price": "14001",
   "amount": "149.54409"
  },
  {
   "price": "14002",
   "amount": "97.76151366"
  },
  {
   "price": "14003",
   "amount": "93.173"
  },
  {
   "price": "14004",
   "amount": "56.746"
  },
  {
   "price": "14005",
   "amount": "19.54509"
  },
  {
   "price": "14006",
   "amount": "184.53715714"
  },
  {
   "price": "14007",
   "amount": "152.65708872"
  },
  {
   "price": "14008",
   "amount": "11.97"
  },
  {
   "price": "14009",
   "amount": "87.46389601"
  },
  {
   "price": "14012",
   "amount": "19.62409"
  },
  {
   "price": "14013",
   "amount": "161.229"
  },
  {
   "price": "14014",
   "amount": "13.37131566"
  },
  {
   "price": "14018",
   "amount": "663.08234589"
  },
  {
   "price": "14019",
   "amount": "80.59"
  },
  {
   "price": "14020",
   "amount": "76"
  },
  {
   "price": "14021",
   "amount": "179.578"
  },
  {
   "price": "14022",
   "amount": "40"
  },
  {
   "price": "14024",
   "amount": "88.12372589"
  },
  {
   "price": "14025",
   "amount": "1.5"
  }
 ]
}