{
 "pair": "ethust",
 "bids": [
  {
   "price": "127.39",
   "amount": "4.9404073"
  },
  {
   "price": "127.31",
   "amount": "11.22270064"
  },
  {
   "price": "127.29",
   "amount": "2.58"
  },
  {
   "price": "127.26",
   "amount": "16.46689941"
  },
  {
   "price": "127.25",
   "amount": "19.64482"
  },
  {
   "price": "127.22",
   "amount": "19.64945"
  },
  {
   "price": "127.21",
   "amount": "4.208"
  },
  {
   "price": "127.18",
   "amount": "92.9642196"
  },
  {
   "price": "127.17",
   "amount": "3.93"
  },
  {
   "price": "127.16",
   "amount": "8.16155537"
  },
  {
   "price": "127.14",
   "amount": "19.66181"
  },
  {
   "price": "127.1",
   "amount": "19.66181"
  },
  {
   "price": "127.09",
   "amount": "6"
  },
  {
   "price": "127.06",
   "amount": "19.67419"
  },
  {
   "price": "127.04",
   "amount": "5"
  },
  {
   "price": "127.03",
   "amount": "30.90197885"
  },
  {
   "price": "127.02",
   "amount": "36"
  },
  {
   "price": "126.99",
   "amount": "19.68039"
  },
  {
   "price": "126.96",
   "amount": "30.9"
  },
  {
   "price": "126.87",
   "amount": "19"
  },
  {
   "price": "126.86",
   "amount": "40.02"
  },
  {
   "price": "126.6",
   "amount": "31.08489887"
  },
  {
   "price": "126.59",
   "amount": "344.52160899"
  },
  {
   "price": "126.54",
   "amount": "2.56680424"
  },
  {
   "price": "126.53",
   "amount": "391.48"
  }
 ],
 "asks": [
  {
   "price": "127.43",
   "amount": "64.96034454"
  },
  {
   "price": "127.47",
   "amount": "8.95333039"
  },
  {
   "price": "127.49",
   "amount": "19.61245"
  },
  {
   "price": "127.52",
   "amount": "1.78685654"
  },
  {
   "price": "127.53",
   "amount": "19.60784"
  },
  {
   "price": "127.56",
   "amount": "50.71022662"
  },
  {
   "price": "127.57",
   "amount": "19.60323"
  },
  {
   "price": "127.59",
   "amount": "11.30087271"
  },
  {
   "price": "127.61",
   "amount": "19.60323"
  },
  {
   "price": "127.65",
   "amount": "19.60323"
  },
  {
   "price": "127.68",
   "amount": "19.60323"
  },
  {
   "price": "127.69",
   "amount": "28.955"
  },
  {
   "price": "127.72",
   "amount": "27.04123"
  },
  {
   "price": "127.74",
   "amount": "19.60323"
  },
  {
   "price": "127.8",
   "amount": "40.01"
  },
  {
   "price": "127.81",
   "amount": "25.63"
  },
  {
   "price": "127.83",
   "amount": "9.6"
  },
  {
   "price": "127.84",
   "amount": "17.89"
  },
  {
   "price": "127.88",
   "amount": "5"
  },
  {
   "price": "127.9",
   "amount": "28"
  },
  {
   "price": "127.91",
   "amount": "19"
  },
  {
   "price": "127.94",
   "amount": "0.96848643"
  },
  {
   "price": "128.5",
   "amount": "31.08615533"
  },
  {
   "price": "128.51",
   "amount": "391.47"
  },
  {
   "price": "128.52",
   "amount": "0.39255712"
  }
 ]
}