{
 "pair": "ethusd",
 "bids": [
  {
   "price": "127.83",
   "amount": "7.74601625"
  },
  {
   "price": "127.82",
   "amount": "5.61328282"
  },
  {
   "price": "127.81",
   "amount": "6.9342217"
  },
  {
   "price": "127.8",
   "amount": "16.79372"
  },
  {
   "price": "127.77",
   "amount": "5"
  },
  {
   "price": "127.76",
   "amount": "18.58859159"
  },
  {
   "price": "127.75",
   "amount": "17.45243"
  },
  {
   "price": "127.74",
   "amount": "3"
  },
  {
   "price": "127.73",
   "amount": "24.63089524"
  },
  {
   "price": "127.71",
   "amount": "1.828"
  },
  {
   "price": "127.7",
   "amount": "53.09309649"
  },
  {
   "price": "127.69",
   "amount": "40"
  },
  {
   "price": "127.64",
   "amount": "19.58504"
  },
  {
   "price": "127.63",
   "amount": "155.90666825"
  },
  {
   "price": "127.62",
   "amount": "90"
  },
  {
   "price": "127.61",
   "amount": "40"
  },
  {
   "price": "127.6",
   "amount": "37.832"
  },
  {
   "price": "127.59",
   "amount": "291.86269116"
  },
  {
   "price": "127.57",
   "amount": "92.03"
  },
  {
   "price": "127.56",
   "amount": "19.59771"
  },
  {
   "price": "127.55",
   "amount": "66.03699882"
  },
  {
   "price": "127.54",
   "amount": "129.999"
  },
  {
   "price": "127.53",
   "amount": "20.13346098"
  },
  {
   "price": "127.52",
   "amount": "161.619"
  },
  {
   "price": "127.51",
   "amount": "18.45"
  }
 ],
 "asks": [
  {
   "price": "127.85",
   "amount": "1.76"
  },
  {
   "price": "127.86",
   "amount": "0.7495535"
  },
  {
   "price": "127.87",
   "amount": "19.5511"
  },
  {
   "price": "127.91",
   "amount": "22.04652"
  },
  {
   "price": "127.93",
   "amount": "8.07900421"
  },
  {
   "price": "127.95",
   "amount": "19.54041"
  },
  {
   "price": "127.96",
   "amount": "4.08608405"
  },
  {
   "price": "127.97",
   "amount": "46.93366709"
  },
  {
   "price": "127.98",
   "amount": "19.54509"
  },
  {
   "price": "127.99",
   "amount": "129.999"
  },
  {
   "price": "128",
   "amount": "92.36361961"
  },
  {
   "price": "128.01",
   "amount": "51.21384213"
  },
  {
   "price": "128.02",
   "amount": "80.31709"
  },
  {
   "price": "128.03",
   "amount": "6.76465783"
  },
  {
   "price": "128.04",
   "amount": "150.16671487"
  },
  {
   "price": "128.05",
   "amount": "121.053"
  },
  {
   "price": "128.06",
   "amount": "19.54509"
  },
  {
   "price": "128.07",
   "amount": "184.53715714"
  },
  {
   "price": "128.08",
   "amount": "91.374"
  },
  {
   "price": "128.09",
   "amount": "11.97"
  },
  {
   "price": "128.1",
   "amount": "19.80389601"
  },
  {
   "price": "128.11",
   "amount": "6"
  },
  {
   "price": "128.12",
   "amount": "28.62209"
  },
  {
   "price": "128.13",
   "amount": "40"
  },
  {
   "price": "128.14",
   "amount": "219.60031566"
  }
 ]
}