{
 "pair": "etpbtc",
 "bids": [
  {
   "price": "0.00004492",
   "amount": "332.1277014"
  },
  {
   "price": "0.00004491",
   "amount": "619.60442915"
  },
  {
   "price": "0.00004488",
   "amount": "1061.0862873"
  },
  {
   "price": "0.00004486",
   "amount": "32.40003156"
  },
  {
   "price": "0.00004471",
   "amount": "61.0862873"
  },
  {
   "price": "0.00004467",
   "amount": "32.40003156"
  },
  {
   "price": "0.00004464",
   "amount": "121.71429784"
  },
  {
   "price": "0.00004458",
   "amount": "1577.69174007"
  },
  {
   "price": "0.00004449",
   "amount": "916.81634564"
  },
  {
   "price": "0.00004432",
   "amount": "2024.1490508"
  },
  {
   "price": "0.00004431",
   "amount": "32.40003156"
  },
  {
   "price": "0.00004423",
   "amount": "5991.31229445"
  },
  {
   "price": "0.00004413",
   "amount": "32.40003156"
  },
  {
   "price": "0.00004398",
   "amount": "12.62359196"
  },
  {
   "price": "0.00004395",
   "amount": "32.40003156"
  },
  {
   "price": "0.00004381",
   "amount": "100"
  },
  {
   "price": "0.00004377",
   "amount": "32.40003156"
  },
  {
   "price": "0.00004373",
   "amount": "12.62359196"
  },
  {
   "price": "0.00004359",
   "amount": "82.40003156"
  },
  {
   "price": "0.00004348",
   "amount": "12.62359196"
  },
  {
   "price": "0.00004342",
   "amount": "32.40003156"
  },
  {
   "price": "0.00004324",
   "amount": "45.02362352"
  },
  {
   "price": "0.00004306",
   "amount": "154.1143294"
  },
  {
   "price": "0.00004299",
   "amount": "12.62359196"
  },
  {
   "price": "0.00004289",
   "amount": "32.40003156"
  }
 ],
 "asks": [
  {
   "price": "0.00004522",
   "amount": "32.40003156"
  },
  {
   "price": "0.00004523",
   "amount": "53.85521618"
  },
  {
   "price": "0.00004524",
   "amount": "61.0862873"
  },
  {
   "price": "0.00004527",
   "amount": "134.17081561"
  },
  {
   "price": "0.00004531",
   "amount": "1000"
  },
  {
   "price": "0.00004535",
   "amount": "72.24583359"
  },
  {
   "price": "0.00004537",
   "amount": "1577.55761604"
  },
  {
   "price": "0.00004541",
   "amount": "32.40003156"
  },
  {
   "price": "0.00004543",
   "amount": "61.0862873"
  },
  {
   "price": "0.00004547",
   "amount": "3136.82370433"
  },
  {
   "price": "0.00004559",
   "amount": "32.40003156"
  },
  {
   "price": "0.00004561",
   "amount": "61.0862873"
  },
  {
   "price": "0.00004578",
   "amount": "32.40003156"
  },
  {
   "price": "0.00004579",
   "amount": "61.0862873"
  },
  {
   "price": "0.00004597",
   "amount": "93.48631886"
  },
  {
   "price": "0.00004615",
   "amount": "32.40003156"
  },
  {
   "price": "0.00004616",
   "amount": "61.0862873"
  },
  {
   "price": "0.00004634",
   "amount": "93.48631886"
  },
  {
   "price": "0.00004653",
   "amount": "93.48631886"
  },
  {
   "price": "0.00004671",
   "amount": "61.0862873"
  },
  {
   "price": "0.00004672",
   "amount": "32.40003156"
  },
  {
   "price": "0.0000469",
   "amount": "150.4337873"
  },
  {
   "price": "0.00004691",
   "amount": "32.40003156"
  },
  {
   "price": "0.000047",
   "amount": "313.53276596"
  },
  {
   "price": "0.00004709",
   "amount": "61.0862873"
  }
 ]
}