{
 "pair": "etpeth",
 "bids": [
  {
   "price": "0.0025261",
   "amount": "0.0020771"
  },
  {
   "price": "0.002526",
   "amount": "9.05050137"
  },
  {
   "price": "0.002516",
   "amount": "26.29611985"
  },
  {
   "price": "0.0025159",
   "amount": "38.15935788"
  },
  {
   "price": "0.0025059",
   "amount": "26.29611985"
  },
  {
   "price": "0.0025057",
   "amount": "38.15935788"
  },
  {
   "price": "0.0024958",
   "amount": "26.29611985"
  },
  {
   "price": "0.0024956",
   "amount": "38.15935788"
  },
  {
   "price": "0.0024857",
   "amount": "26.29611985"
  },
  {
   "price": "0.0024856",
   "amount": "38.15935788"
  },
  {
   "price": "0.0024772",
   "amount": "161.97823074"
  },
  {
   "price": "0.002477",
   "amount": "465.59179722"
  },
  {
   "price": "0.0024757",
   "amount": "26.29611985"
  },
  {
   "price": "0.0024756",
   "amount": "38.15935788"
  },
  {
   "price": "0.0024665",
   "amount": "11.03415529"
  },
  {
   "price": "0.0024658",
   "amount": "26.29611985"
  },
  {
   "price": "0.0024656",
   "amount": "38.15935788"
  },
  {
   "price": "0.0024558",
   "amount": "26.29611985"
  },
  {
   "price": "0.0024557",
   "amount": "38.15935788"
  },
  {
   "price": "0.0024494",
   "amount": "11.03415529"
  },
  {
   "price": "0.002446",
   "amount": "26.29611985"
  },
  {
   "price": "0.0024458",
   "amount": "38.15935788"
  },
  {
   "price": "0.0024362",
   "amount": "692.67712011"
  },
  {
   "price": "0.0024361",
   "amount": "26.29611985"
  },
  {
   "price": "0.002436",
   "amount": "38.15935788"
  }
 ],
 "asks": [
  {
   "price": "0.0025451",
   "amount": "129.13019764"
  },
  {
   "price": "0.0025453",
   "amount": "68.58444135"
  },
  {
   "price": "0.0025465",
   "amount": "38.15935788"
  },
  {
   "price": "0.0025466",
   "amount": "5.45276207"
  },
  {
   "price": "0.0025469",
   "amount": "1596.90062206"
  },
  {
   "price": "0.0025568",
   "amount": "38.15935788"
  },
  {
   "price": "0.0025569",
   "amount": "26.29611985"
  },
  {
   "price": "0.0025671",
   "amount": "38.15935788"
  },
  {
   "price": "0.0025672",
   "amount": "26.29611985"
  },
  {
   "price": "0.0025775",
   "amount": "38.15935788"
  },
  {
   "price": "0.0025776",
   "amount": "26.29611985"
  },
  {
   "price": "0.0025879",
   "amount": "38.15935788"
  },
  {
   "price": "0.002588",
   "amount": "26.29611985"
  },
  {
   "price": "0.0025984",
   "amount": "0.00000552"
  },
  {
   "price": "0.0025985",
   "amount": "0.0000225"
  },
  {
   "price": "0.0026089",
   "amount": "38.15935788"
  },
  {
   "price": "0.002609",
   "amount": "26.29611985"
  },
  {
   "price": "0.0026194",
   "amount": "38.15935788"
  },
  {
   "price": "0.0026195",
   "amount": "26.29611985"
  },
  {
   "price": "0.00263",
   "amount": "38.15935788"
  },
  {
   "price": "0.0026301",
   "amount": "0.00003375"
  },
  {
   "price": "0.0026405",
   "amount": "89.3475"
  },
  {
   "price": "0.0026406",
   "amount": "38.15935788"
  },
  {
   "price": "0.0026407",
   "amount": "11.07499515"
  },
  {
   "price": "0.0026513",
   "amount": "38.15935788"
  }
 ]
}