{
 "pair": "etpusd",
 "bids": [
  {
   "price": "0.32394",
   "amount": "331.79574899"
  },
  {
   "price": "0.32372",
   "amount": "2.14609178"
  },
  {
   "price": "0.32361",
   "amount": "134.42791015"
  },
  {
   "price": "0.3236",
   "amount": "20"
  },
  {
   "price": "0.3232",
   "amount": "597.18399016"
  },
  {
   "price": "0.32191",
   "amount": "48.16980521"
  },
  {
   "price": "0.3219",
   "amount": "620.07641076"
  },
  {
   "price": "0.3216",
   "amount": "210.76812827"
  },
  {
   "price": "0.32101",
   "amount": "1002.61912444"
  },
  {
   "price": "0.321",
   "amount": "717.694"
  },
  {
   "price": "0.32066",
   "amount": "1000"
  },
  {
   "price": "0.32009",
   "amount": "26"
  },
  {
   "price": "0.32001",
   "amount": "7235.37672656"
  },
  {
   "price": "0.32",
   "amount": "6542.77976721"
  },
  {
   "price": "0.31971",
   "amount": "2842"
  },
  {
   "price": "0.31958",
   "amount": "2009"
  },
  {
   "price": "0.31947",
   "amount": "2085"
  },
  {
   "price": "0.31919",
   "amount": "1000"
  },
  {
   "price": "0.31913",
   "amount": "940.05577664"
  },
  {
   "price": "0.31912",
   "amount": "1000"
  },
  {
   "price": "0.31903",
   "amount": "1000"
  },
  {
   "price": "0.31901",
   "amount": "199.19914321"
  },
  {
   "price": "0.31843",
   "amount": "296"
  },
  {
   "price": "0.31801",
   "amount": "200.42741314"
  },
  {
   "price": "0.31715",
   "amount": "1600.48016062"
  }
 ],
 "asks": [
  {
   "price": "0.324",
   "amount": "120"
  },
  {
   "price": "0.32408",
   "amount": "760"
  },
  {
   "price": "0.3244",
   "amount": "668.1818264"
  },
  {
   "price": "0.32441",
   "amount": "1000"
  },
  {
   "price": "0.32457",
   "amount": "1000"
  },
  {
   "price": "0.32471",
   "amount": "1000"
  },
  {
   "price": "0.32479",
   "amount": "4074.95515875"
  },
  {
   "price": "0.3248",
   "amount": "553"
  },
  {
   "price": "0.32518",
   "amount": "8051.8289467"
  },
  {
   "price": "0.3252",
   "amount": "633"
  },
  {
   "price": "0.32526",
   "amount": "800"
  },
  {
   "price": "0.32556",
   "amount": "300"
  },
  {
   "price": "0.3256",
   "amount": "2132"
  },
  {
   "price": "0.32562",
   "amount": "10000"
  },
  {
   "price": "0.32597",
   "amount": "750"
  },
  {
   "price": "0.326",
   "amount": "5360.584048"
  },
  {
   "price": "0.32625",
   "amount": "1000"
  },
  {
   "price": "0.32637",
   "amount": "1564.47741738"
  },
  {
   "price": "0.32657",
   "amount": "42.54699481"
  },
  {
   "price": "0.32709",
   "amount": "10000"
  },
  {
   "price": "0.32806",
   "amount": "2563"
  },
  {
   "price": "0.32813",
   "amount": "2896.54699481"
  },
  {
   "price": "0.32849",
   "amount": "10000"
  },
  {
   "price": "0.32899",
   "amount": "200.14663491"
  },
  {
   "price": "0.3292",
   "amount": "16.0839"
  }
 ]
}