{
 "pair": "euteur",
 "bids": [
  {
   "price": "0.95126",
   "amount": "10"
  },
  {
   "price": "0.95",
   "amount": "187.965123"
  },
  {
   "price": "0.94658",
   "amount": "100"
  },
  {
   "price": "0.94649",
   "amount": "15625.24834532"
  },
  {
   "price": "0.93206",
   "amount": "10"
  },
  {
   "price": "0.92395",
   "amount": "50000"
  },
  {
   "price": "0.91818",
   "amount": "29.63479266"
  },
  {
   "price": "0.90421",
   "amount": "10"
  },
  {
   "price": "0.90142",
   "amount": "50000"
  },
  {
   "price": "0.85634",
   "amount": "50000"
  },
  {
   "price": "0.0091717",
   "amount": "100"
  },
  {
   "price": "0.00091717",
   "amount": "1000"
  },
  {
   "price": "0.00027379",
   "amount": "5000"
  },
  {
   "price": "0.00027375",
   "amount": "10000"
  },
  {
   "price": "0.00000633",
   "amount": "100000"
  },
  {
   "price": "2e-7",
   "amount": "200000"
  },
  {
   "price": "1.9e-7",
   "amount": "7500000"
  },
  {
   "price": "1e-7",
   "amount": "1000000"
  },
  {
   "price": "9e-8",
   "amount": "1000000"
  }
 ],
 "asks": [
  {
   "price": "1.01",
   "amount": "3924.81082909"
  },
  {
   "price": "1.0187",
   "amount": "28671.79654996"
  },
  {
   "price": "1.02",
   "amount": "50000"
  },
  {
   "price": "1.03",
   "amount": "50000"
  },
  {
   "price": "1.04",
   "amount": "100000"
  },
  {
   "price": "1.05",
   "amount": "100000"
  }
 ]
}