{
 "pair": "foaeth",
 "bids": [
  {
   "price": "0.00005501",
   "amount": "636.24795491"
  },
  {
   "price": "0.000055",
   "amount": "1000"
  },
  {
   "price": "0.00001195",
   "amount": "2531.495397"
  },
  {
   "price": "4.5e-7",
   "amount": "30000"
  }
 ],
 "asks": [
  {
   "price": "0.0002182",
   "amount": "1656.27500289"
  },
  {
   "price": "0.00022371",
   "amount": "1000"
  },
  {
   "price": "0.0006",
   "amount": "761.2"
  },
  {
   "price": "0.001",
   "amount": "500"
  },
  {
   "price": "0.001371",
   "amount": "1000"
  },
  {
   "price": "0.0023303",
   "amount": "1182.080407"
  },
  {
   "price": "0.0045819",
   "amount": "1391.92371155"
  },
  {
   "price": "0.004582",
   "amount": "1000"
  },
  {
   "price": "0.0086233",
   "amount": "1000"
  },
  {
   "price": "0.01",
   "amount": "995.901132"
  },
  {
   "price": "0.089",
   "amount": "1000"
  },
  {
   "price": "0.09",
   "amount": "1000"
  },
  {
   "price": "0.154",
   "amount": "199"
  },
  {
   "price": "0.89",
   "amount": "1977.84626412"
  },
  {
   "price": "0.9789",
   "amount": "204.335"
  },
  {
   "price": "1.4979",
   "amount": "210.999762"
  }
 ]
}