{
 "pair": "foausd",
 "bids": [
  {
   "price": "0.014",
   "amount": "2000"
  },
  {
   "price": "0.01",
   "amount": "200"
  },
  {
   "price": "0.002011",
   "amount": "2000"
  },
  {
   "price": "0.001",
   "amount": "200"
  },
  {
   "price": "0.0000111",
   "amount": "100000"
  },
  {
   "price": "0.0000067",
   "amount": "100000"
  },
  {
   "price": "0.0000011",
   "amount": "500000"
  },
  {
   "price": "0.000001",
   "amount": "100000"
  },
  {
   "price": "1.1e-7",
   "amount": "2500000"
  },
  {
   "price": "1e-7",
   "amount": "300000"
  }
 ],
 "asks": [
  {
   "price": "0.04",
   "amount": "1267"
  },
  {
   "price": "0.06",
   "amount": "620.36392343"
  },
  {
   "price": "0.095",
   "amount": "200"
  },
  {
   "price": "0.098",
   "amount": "200"
  },
  {
   "price": "0.1",
   "amount": "871.644088"
  },
  {
   "price": "0.11",
   "amount": "200"
  },
  {
   "price": "0.1149",
   "amount": "1000"
  },
  {
   "price": "0.12",
   "amount": "200"
  },
  {
   "price": "0.13",
   "amount": "3165.335501"
  },
  {
   "price": "0.133",
   "amount": "1278.400117"
  },
  {
   "price": "0.14",
   "amount": "359.64"
  },
  {
   "price": "0.15978",
   "amount": "318.36949"
  },
  {
   "price": "0.2911",
   "amount": "1027.328615"
  },
  {
   "price": "50",
   "amount": "153.708654"
  }
 ]
}