{
 "pair": "fsneth",
 "bids": [
  {
   "price": "0.0015501",
   "amount": "49.44790929"
  },
  {
   "price": "0.00155",
   "amount": "424.93473464"
  },
  {
   "price": "0.0014",
   "amount": "200"
  },
  {
   "price": "9e-8",
   "amount": "10000"
  },
  {
   "price": "3e-8",
   "amount": "6000"
  },
  {
   "price": "2e-8",
   "amount": "10000"
  }
 ],
 "asks": [
  {
   "price": "0.0062164",
   "amount": "222"
  },
  {
   "price": "0.0065",
   "amount": "54.722698"
  },
  {
   "price": "0.0075126",
   "amount": "652.0399998"
  },
  {
   "price": "0.00794",
   "amount": "69.120186"
  },
  {
   "price": "0.008",
   "amount": "39.96"
  },
  {
   "price": "0.008484",
   "amount": "174.31248167"
  },
  {
   "price": "0.0094659",
   "amount": "1000"
  },
  {
   "price": "0.0131",
   "amount": "70"
  },
  {
   "price": "0.0245",
   "amount": "1083.7151"
  },
  {
   "price": "0.11",
   "amount": "10"
  },
  {
   "price": "0.1299",
   "amount": "10"
  },
  {
   "price": "0.3",
   "amount": "10"
  },
  {
   "price": "0.4",
   "amount": "10"
  },
  {
   "price": "0.5",
   "amount": "10"
  },
  {
   "price": "0.76",
   "amount": "10"
  },
  {
   "price": "1",
   "amount": "10"
  },
  {
   "price": "2",
   "amount": "10"
  },
  {
   "price": "3",
   "amount": "10"
  },
  {
   "price": "4",
   "amount": "10"
  },
  {
   "price": "4.98",
   "amount": "5"
  },
  {
   "price": "5",
   "amount": "10"
  },
  {
   "price": "10",
   "amount": "10"
  },
  {
   "price": "24.98",
   "amount": "5"
  },
  {
   "price": "34.98",
   "amount": "5.973"
  }
 ]
}