{
 "pair": "fsnusd",
 "bids": [
  {
   "price": "0.13002",
   "amount": "39.64130491"
  },
  {
   "price": "0.13001",
   "amount": "153.8343086"
  },
  {
   "price": "0.13",
   "amount": "111"
  },
  {
   "price": "0.112",
   "amount": "20"
  },
  {
   "price": "0.05",
   "amount": "10000"
  },
  {
   "price": "0.041",
   "amount": "12.4908168"
  },
  {
   "price": "0.03",
   "amount": "8099.259528"
  },
  {
   "price": "0.0123",
   "amount": "90"
  },
  {
   "price": "0.0023",
   "amount": "50000"
  },
  {
   "price": "0.00123",
   "amount": "900"
  },
  {
   "price": "0.00050001",
   "amount": "10000"
  },
  {
   "price": "0.0001",
   "amount": "11000"
  },
  {
   "price": "0.0000697",
   "amount": "10000"
  },
  {
   "price": "0.000011",
   "amount": "20000"
  },
  {
   "price": "0.00001",
   "amount": "20000"
  },
  {
   "price": "0.0000011",
   "amount": "40000"
  },
  {
   "price": "0.000001",
   "amount": "60000"
  },
  {
   "price": "1.1e-7",
   "amount": "100000"
  },
  {
   "price": "1e-7",
   "amount": "60000"
  },
  {
   "price": "1e-8",
   "amount": "40000"
  }
 ],
 "asks": [
  {
   "price": "0.30599",
   "amount": "82.51366068"
  },
  {
   "price": "0.40999",
   "amount": "97.94117326"
  },
  {
   "price": "0.41",
   "amount": "171.99356"
  },
  {
   "price": "0.48",
   "amount": "25.634659"
  },
  {
   "price": "0.499",
   "amount": "163.695139"
  },
  {
   "price": "0.5",
   "amount": "252.4009872"
  },
  {
   "price": "0.55",
   "amount": "100"
  },
  {
   "price": "0.6",
   "amount": "100.7"
  },
  {
   "price": "0.68",
   "amount": "70"
  },
  {
   "price": "0.73",
   "amount": "70"
  },
  {
   "price": "0.9",
   "amount": "145.00722"
  },
  {
   "price": "1",
   "amount": "332.224492"
  },
  {
   "price": "1.289",
   "amount": "200"
  },
  {
   "price": "1.32",
   "amount": "36.963"
  },
  {
   "price": "1.325",
   "amount": "200"
  },
  {
   "price": "1.3267",
   "amount": "1026.27993899"
  },
  {
   "price": "1.7",
   "amount": "23.957097"
  },
  {
   "price": "1.8",
   "amount": "220.04137453"
  },
  {
   "price": "1.8054",
   "amount": "13"
  },
  {
   "price": "1.98",
   "amount": "114.8540412"
  },
  {
   "price": "1.99",
   "amount": "20"
  },
  {
   "price": "2.2",
   "amount": "31.50473995"
  },
  {
   "price": "2.3",
   "amount": "332.05281638"
  },
  {
   "price": "2.83",
   "amount": "20"
  },
  {
   "price": "2.9855",
   "amount": "31.67430251"
  }
 ]
}