{
 "pair": "fttusd",
 "bids": [
  {
   "price": "2.1475",
   "amount": "2368.15870639"
  },
  {
   "price": "2.1421",
   "amount": "338.66682183"
  },
  {
   "price": "2.1313",
   "amount": "388.51889202"
  },
  {
   "price": "2.1239",
   "amount": "1957.22811301"
  },
  {
   "price": "2.121",
   "amount": "141.4427157"
  },
  {
   "price": "2.1209",
   "amount": "795.65278891"
  },
  {
   "price": "2.1207",
   "amount": "968.74558103"
  },
  {
   "price": "2.1089",
   "amount": "2428.67340339"
  },
  {
   "price": "2.0997",
   "amount": "842.50665857"
  },
  {
   "price": "2.0941",
   "amount": "2828.16909963"
  },
  {
   "price": "2.0895",
   "amount": "659.57748951"
  },
  {
   "price": "2.0794",
   "amount": "3863.92666528"
  },
  {
   "price": "2.0793",
   "amount": "1360.66482446"
  },
  {
   "price": "2.065",
   "amount": "3771.08973616"
  },
  {
   "price": "2.0592",
   "amount": "760.78690936"
  },
  {
   "price": "2.0508",
   "amount": "3666.80956399"
  },
  {
   "price": "2.0493",
   "amount": "803.08572597"
  },
  {
   "price": "2.0492",
   "amount": "871.78737877"
  },
  {
   "price": "2.0368",
   "amount": "3712.59990096"
  },
  {
   "price": "2.0297",
   "amount": "853.64923795"
  },
  {
   "price": "2.023",
   "amount": "3980.28858771"
  },
  {
   "price": "2.0201",
   "amount": "1901.46027733"
  },
  {
   "price": "2.0093",
   "amount": "3550.92737085"
  },
  {
   "price": "2.0011",
   "amount": "1173.24920065"
  },
  {
   "price": "1.9959",
   "amount": "4322.47450553"
  }
 ],
 "asks": [
  {
   "price": "2.1502",
   "amount": "479.70219728"
  },
  {
   "price": "2.1509",
   "amount": "13074.08238406"
  },
  {
   "price": "2.1533",
   "amount": "3100.72960241"
  },
  {
   "price": "2.1642",
   "amount": "885.16221907"
  },
  {
   "price": "2.1671",
   "amount": "4551.85891638"
  },
  {
   "price": "2.1751",
   "amount": "1436.06541211"
  },
  {
   "price": "2.1827",
   "amount": "6567.1809612"
  },
  {
   "price": "2.186",
   "amount": "1610.56423283"
  },
  {
   "price": "2.1875",
   "amount": "1329.95379176"
  },
  {
   "price": "2.1982",
   "amount": "5659.56081904"
  },
  {
   "price": "2.2077",
   "amount": "1881.53919111"
  },
  {
   "price": "2.2138",
   "amount": "7959.21001784"
  },
  {
   "price": "2.2186",
   "amount": "1485.70480363"
  },
  {
   "price": "2.2294",
   "amount": "10247.19397382"
  },
  {
   "price": "2.2295",
   "amount": "2337.76331411"
  },
  {
   "price": "2.2311",
   "amount": "1896.43473593"
  },
  {
   "price": "2.2449",
   "amount": "9592.9716792"
  },
  {
   "price": "2.2513",
   "amount": "2049.70021248"
  },
  {
   "price": "2.2605",
   "amount": "7726.73500429"
  },
  {
   "price": "2.2622",
   "amount": "1787.74815619"
  },
  {
   "price": "2.2638",
   "amount": "2102.96325064"
  },
  {
   "price": "2.276",
   "amount": "10636.47140929"
  },
  {
   "price": "2.284",
   "amount": "2262.2448095"
  },
  {
   "price": "2.2916",
   "amount": "11599.12639979"
  },
  {
   "price": "2.2948",
   "amount": "2158.35010291"
  }
 ]
}