{
 "pair": "fttust",
 "bids": [
  {
   "price": "2.1357",
   "amount": "810.33474571"
  },
  {
   "price": "2.1304",
   "amount": "286.14702423"
  },
  {
   "price": "2.1272",
   "amount": "1601.83537319"
  },
  {
   "price": "2.1194",
   "amount": "391.52079502"
  },
  {
   "price": "2.1124",
   "amount": "141.445702"
  },
  {
   "price": "2.1123",
   "amount": "1636.78533643"
  },
  {
   "price": "2.1004",
   "amount": "511.37862866"
  },
  {
   "price": "2.0971",
   "amount": "2232.1844025"
  },
  {
   "price": "2.0901",
   "amount": "337.05960778"
  },
  {
   "price": "2.0778",
   "amount": "528.31052767"
  },
  {
   "price": "2.0681",
   "amount": "2013.13074437"
  },
  {
   "price": "2.0679",
   "amount": "523.74519417"
  },
  {
   "price": "2.0612",
   "amount": "483.91404488"
  },
  {
   "price": "2.0535",
   "amount": "2884.24307209"
  },
  {
   "price": "2.0502",
   "amount": "328.60114689"
  },
  {
   "price": "2.038",
   "amount": "559.7280812"
  },
  {
   "price": "2.0215",
   "amount": "523.36229567"
  },
  {
   "price": "2.0186",
   "amount": "995.69245371"
  },
  {
   "price": "2.0021",
   "amount": "692.07900409"
  },
  {
   "price": "1.9956",
   "amount": "724.77831718"
  },
  {
   "price": "1.9899",
   "amount": "690.22589931"
  },
  {
   "price": "1.9858",
   "amount": "809.72777178"
  },
  {
   "price": "1.9653",
   "amount": "742.55609704"
  },
  {
   "price": "1.9553",
   "amount": "680.80548004"
  },
  {
   "price": "1.9476",
   "amount": "2671.61177887"
  }
 ],
 "asks": [
  {
   "price": "2.1392",
   "amount": "13884.26935427"
  },
  {
   "price": "2.1409",
   "amount": "2574.58070369"
  },
  {
   "price": "2.1517",
   "amount": "913.66312533"
  },
  {
   "price": "2.1546",
   "amount": "5870.96005723"
  },
  {
   "price": "2.1625",
   "amount": "877.73853619"
  },
  {
   "price": "2.1701",
   "amount": "5133.55995349"
  },
  {
   "price": "2.1734",
   "amount": "1239.86894503"
  },
  {
   "price": "2.1791",
   "amount": "1619.92457797"
  },
  {
   "price": "2.1856",
   "amount": "7092.04946653"
  },
  {
   "price": "2.195",
   "amount": "1736.37194825"
  },
  {
   "price": "2.201",
   "amount": "8400.1762077"
  },
  {
   "price": "2.2058",
   "amount": "2195.72867501"
  },
  {
   "price": "2.2165",
   "amount": "8741.82101166"
  },
  {
   "price": "2.2167",
   "amount": "2076.08104333"
  },
  {
   "price": "2.2229",
   "amount": "1642.20378332"
  },
  {
   "price": "2.232",
   "amount": "10068.85060614"
  },
  {
   "price": "2.2383",
   "amount": "2051.23877527"
  },
  {
   "price": "2.2474",
   "amount": "9653.35264408"
  },
  {
   "price": "2.2491",
   "amount": "2338.06051399"
  },
  {
   "price": "2.2553",
   "amount": "1737.59154189"
  },
  {
   "price": "2.2629",
   "amount": "9148.48827453"
  },
  {
   "price": "2.2708",
   "amount": "2006.2218006"
  },
  {
   "price": "2.2784",
   "amount": "9508.19446321"
  },
  {
   "price": "2.2816",
   "amount": "2175.76880578"
  },
  {
   "price": "2.2881",
   "amount": "2063.43448379"
  }
 ]
}