{
 "pair": "funeth",
 "bids": [
  {
   "price": "0.00002549",
   "amount": "10055.90408022"
  },
  {
   "price": "0.00002548",
   "amount": "86198.37935"
  },
  {
   "price": "0.00002541",
   "amount": "65298.77"
  },
  {
   "price": "0.00002526",
   "amount": "89076.77"
  },
  {
   "price": "0.0000251",
   "amount": "94811.3826"
  },
  {
   "price": "0.00002472",
   "amount": "104285.00325"
  },
  {
   "price": "0.00002434",
   "amount": "114705.2348"
  },
  {
   "price": "0.00002079",
   "amount": "8658.00865801"
  },
  {
   "price": "0.00002077",
   "amount": "83132.45342063"
  },
  {
   "price": "0.000019",
   "amount": "266528.516315"
  },
  {
   "price": "0.00001637",
   "amount": "3680.724061"
  },
  {
   "price": "0.00001548",
   "amount": "37213.16934237"
  },
  {
   "price": "0.00001031",
   "amount": "31000"
  },
  {
   "price": "0.0000103",
   "amount": "1800"
  },
  {
   "price": "0.00001003",
   "amount": "1400.265204"
  },
  {
   "price": "0.0000069",
   "amount": "2000"
  },
  {
   "price": "0.00000411",
   "amount": "5778.06859645"
  },
  {
   "price": "0.00000258",
   "amount": "764"
  },
  {
   "price": "0.00000256",
   "amount": "3902.44"
  },
  {
   "price": "0.0000022",
   "amount": "20000"
  },
  {
   "price": "0.00000211",
   "amount": "2500"
  },
  {
   "price": "0.00000102",
   "amount": "10000"
  },
  {
   "price": "0.000001",
   "amount": "1000"
  },
  {
   "price": "7e-7",
   "amount": "1800"
  },
  {
   "price": "6.9e-7",
   "amount": "10000"
  }
 ],
 "asks": [
  {
   "price": "0.00002575",
   "amount": "85535.28815"
  },
  {
   "price": "0.00002612",
   "amount": "83993.77"
  },
  {
   "price": "0.00002613",
   "amount": "94531.11293"
  },
  {
   "price": "0.00002623",
   "amount": "82879.77"
  },
  {
   "price": "0.00002633",
   "amount": "56897.77"
  },
  {
   "price": "0.00002652",
   "amount": "104473.03686"
  },
  {
   "price": "0.00002691",
   "amount": "115460.56206"
  },
  {
   "price": "0.00003123",
   "amount": "3758.42831147"
  },
  {
   "price": "0.00003124",
   "amount": "18278.82966915"
  },
  {
   "price": "0.00003125",
   "amount": "50000"
  },
  {
   "price": "0.0000345",
   "amount": "6303.6811297"
  },
  {
   "price": "0.0000349",
   "amount": "1118.88"
  },
  {
   "price": "0.000037",
   "amount": "1300"
  },
  {
   "price": "0.00003845",
   "amount": "1023"
  },
  {
   "price": "0.00003925",
   "amount": "85000"
  },
  {
   "price": "0.00004006",
   "amount": "5413.05770942"
  },
  {
   "price": "0.00004225",
   "amount": "28000"
  },
  {
   "price": "0.00004872",
   "amount": "4814.22517226"
  },
  {
   "price": "0.00005374",
   "amount": "3637.67896141"
  },
  {
   "price": "0.00005842",
   "amount": "3803.39749798"
  },
  {
   "price": "0.00006",
   "amount": "1000"
  },
  {
   "price": "0.00006221",
   "amount": "6887.57391108"
  },
  {
   "price": "0.00006325",
   "amount": "115000"
  },
  {
   "price": "0.00006995",
   "amount": "3696.3"
  },
  {
   "price": "0.000071",
   "amount": "24975"
  }
 ]
}