{
 "pair": "funusd",
 "bids": [
  {
   "price": "0.0032337",
   "amount": "20794.56617806"
  },
  {
   "price": "0.0032335",
   "amount": "11727.13731957"
  },
  {
   "price": "0.0032332",
   "amount": "11728.22544598"
  },
  {
   "price": "0.0032301",
   "amount": "4500"
  },
  {
   "price": "0.00323",
   "amount": "10000"
  },
  {
   "price": "0.0032002",
   "amount": "93744.14099119"
  },
  {
   "price": "0.0032",
   "amount": "9000"
  },
  {
   "price": "0.0031303",
   "amount": "200000"
  },
  {
   "price": "0.00313",
   "amount": "1748"
  },
  {
   "price": "0.00306",
   "amount": "2790.67373404"
  },
  {
   "price": "0.003",
   "amount": "693471"
  },
  {
   "price": "0.002777",
   "amount": "8222"
  },
  {
   "price": "0.00262",
   "amount": "2250.77899014"
  },
  {
   "price": "0.0026",
   "amount": "3834.35582822"
  },
  {
   "price": "0.0022754",
   "amount": "1525.22060594"
  },
  {
   "price": "0.00225",
   "amount": "2005"
  },
  {
   "price": "0.002238",
   "amount": "1500"
  },
  {
   "price": "0.0022237",
   "amount": "3300"
  },
  {
   "price": "0.00221",
   "amount": "10500"
  },
  {
   "price": "0.00211",
   "amount": "2500"
  },
  {
   "price": "0.00205",
   "amount": "5000"
  },
  {
   "price": "0.002007",
   "amount": "40000"
  },
  {
   "price": "0.002",
   "amount": "6796.05632"
  },
  {
   "price": "0.001849",
   "amount": "2704.16"
  },
  {
   "price": "0.0017484",
   "amount": "5000"
  }
 ],
 "asks": [
  {
   "price": "0.00334",
   "amount": "13350.57440864"
  },
  {
   "price": "0.0036598",
   "amount": "18278.82966915"
  },
  {
   "price": "0.0036599",
   "amount": "200000"
  },
  {
   "price": "0.00366",
   "amount": "5879.54506124"
  },
  {
   "price": "0.00367",
   "amount": "1954.99021526"
  },
  {
   "price": "0.00375",
   "amount": "3696.3"
  },
  {
   "price": "0.003799",
   "amount": "200000"
  },
  {
   "price": "0.00383",
   "amount": "1872.18890555"
  },
  {
   "price": "0.00394",
   "amount": "2226.48"
  },
  {
   "price": "0.004183",
   "amount": "178134.107948"
  },
  {
   "price": "0.0041831",
   "amount": "200000"
  },
  {
   "price": "0.0041832",
   "amount": "4444"
  },
  {
   "price": "0.0041995",
   "amount": "3333"
  },
  {
   "price": "0.0042922",
   "amount": "13332"
  },
  {
   "price": "0.0043349",
   "amount": "8888"
  },
  {
   "price": "0.004426",
   "amount": "200000"
  },
  {
   "price": "0.0045",
   "amount": "294586.797545"
  },
  {
   "price": "0.0045331",
   "amount": "2864.1767219"
  },
  {
   "price": "0.0045346",
   "amount": "3374.21094678"
  },
  {
   "price": "0.0045757",
   "amount": "3372.3163138"
  },
  {
   "price": "0.0046075",
   "amount": "7777"
  },
  {
   "price": "0.0046708",
   "amount": "7777"
  },
  {
   "price": "0.0046757",
   "amount": "4444"
  },
  {
   "price": "0.0047326",
   "amount": "3333"
  },
  {
   "price": "0.0048053",
   "amount": "4444"
  }
 ]
}