{
 "pair": "geneth",
 "bids": [
  {
   "price": "0.0002547",
   "amount": "1322.9865946"
  },
  {
   "price": "0.00025468",
   "amount": "137.42735982"
  },
  {
   "price": "0.00025463",
   "amount": "706.90806268"
  },
  {
   "price": "0.00025406",
   "amount": "402.48307298"
  },
  {
   "price": "0.00025",
   "amount": "200"
  },
  {
   "price": "0.000234",
   "amount": "200"
  },
  {
   "price": "0.00019777",
   "amount": "1048.327572"
  },
  {
   "price": "0.0000066",
   "amount": "10000"
  },
  {
   "price": "0.0000064",
   "amount": "100000"
  }
 ],
 "asks": [
  {
   "price": "0.00073",
   "amount": "598"
  },
  {
   "price": "0.00075",
   "amount": "565"
  },
  {
   "price": "0.00077",
   "amount": "554"
  },
  {
   "price": "0.00078",
   "amount": "500"
  },
  {
   "price": "0.0007825",
   "amount": "200"
  },
  {
   "price": "0.00079249",
   "amount": "500"
  },
  {
   "price": "0.0008125",
   "amount": "200"
  },
  {
   "price": "0.00083207",
   "amount": "1000"
  },
  {
   "price": "0.0008325",
   "amount": "200"
  },
  {
   "price": "0.0008525",
   "amount": "200"
  },
  {
   "price": "0.0008825",
   "amount": "200"
  },
  {
   "price": "0.00089207",
   "amount": "1000"
  },
  {
   "price": "0.0009125",
   "amount": "200"
  },
  {
   "price": "0.000928",
   "amount": "500"
  },
  {
   "price": "0.0009325",
   "amount": "50"
  },
  {
   "price": "0.00099249",
   "amount": "500"
  },
  {
   "price": "0.001",
   "amount": "800"
  },
  {
   "price": "0.00105",
   "amount": "1783.15251145"
  },
  {
   "price": "0.0010925",
   "amount": "500"
  },
  {
   "price": "0.00115",
   "amount": "998.17"
  },
  {
   "price": "0.0011925",
   "amount": "317.97"
  },
  {
   "price": "0.00125",
   "amount": "1500"
  },
  {
   "price": "0.00138",
   "amount": "2500"
  },
  {
   "price": "0.0013925",
   "amount": "100"
  },
  {
   "price": "0.0014",
   "amount": "6773.31057845"
  }
 ]
}