{
 "pair": "genusd",
 "bids": [
  {
   "price": "0.045377",
   "amount": "110.18764074"
  },
  {
   "price": "0.045",
   "amount": "300"
  },
  {
   "price": "0.0419",
   "amount": "901.85192"
  },
  {
   "price": "0.03923",
   "amount": "254.84524522"
  },
  {
   "price": "0.00091",
   "amount": "1000"
  },
  {
   "price": "0.0009",
   "amount": "100000"
  },
  {
   "price": "0.0001",
   "amount": "1000"
  },
  {
   "price": "0.0000693",
   "amount": "10000"
  },
  {
   "price": "0.0000155",
   "amount": "100000"
  },
  {
   "price": "0.000011",
   "amount": "10000"
  },
  {
   "price": "0.00001",
   "amount": "100000"
  },
  {
   "price": "0.0000011",
   "amount": "1000000"
  },
  {
   "price": "0.000001",
   "amount": "100000"
  }
 ],
 "asks": [
  {
   "price": "0.16935",
   "amount": "23944.29"
  },
  {
   "price": "0.3",
   "amount": "389.955655"
  },
  {
   "price": "0.6",
   "amount": "1532.58438384"
  },
  {
   "price": "1",
   "amount": "3499.46829"
  },
  {
   "price": "2",
   "amount": "4190.12"
  }
 ]
}