{
 "pair": "gnoeth",
 "bids": [
  {
   "price": "0.0908",
   "amount": "2.15517241"
  },
  {
   "price": "0.063159",
   "amount": "11.87491094"
  },
  {
   "price": "0.063157",
   "amount": "2.85003992"
  },
  {
   "price": "0.0631",
   "amount": "8"
  },
  {
   "price": "0.020875",
   "amount": "8"
  },
  {
   "price": "0.00071",
   "amount": "15"
  },
  {
   "price": "0.00062503",
   "amount": "15.999"
  },
  {
   "price": "0.00000771",
   "amount": "1000"
  }
 ],
 "asks": [
  {
   "price": "0.093291",
   "amount": "14.87641435"
  },
  {
   "price": "0.093758",
   "amount": "13.84251282"
  },
  {
   "price": "0.093994",
   "amount": "2.15517241"
  },
  {
   "price": "0.094224",
   "amount": "11.65197253"
  },
  {
   "price": "0.094691",
   "amount": "11.28582712"
  },
  {
   "price": "0.095157",
   "amount": "13.44057678"
  },
  {
   "price": "0.148",
   "amount": "9.28101651"
  },
  {
   "price": "0.14919",
   "amount": "0.83085445"
  },
  {
   "price": "0.15039",
   "amount": "1.21621622"
  },
  {
   "price": "0.1516",
   "amount": "1.21621622"
  },
  {
   "price": "0.15282",
   "amount": "1.2162162"
  },
  {
   "price": "0.178",
   "amount": "2"
  },
  {
   "price": "0.197",
   "amount": "1.1"
  },
  {
   "price": "0.2323",
   "amount": "1"
  },
  {
   "price": "0.234",
   "amount": "6.60591266"
  },
  {
   "price": "0.36",
   "amount": "4"
  },
  {
   "price": "8",
   "amount": "5.28"
  },
  {
   "price": "9",
   "amount": "0.3"
  },
  {
   "price": "13",
   "amount": "0.5"
  },
  {
   "price": "29",
   "amount": "0.399"
  },
  {
   "price": "98",
   "amount": "0.3"
  }
 ]
}