{
 "pair": "gnousd",
 "bids": [
  {
   "price": "11.772",
   "amount": "4.2087291"
  },
  {
   "price": "11.713",
   "amount": "4.71894697"
  },
  {
   "price": "11.654",
   "amount": "4.00723241"
  },
  {
   "price": "11.595",
   "amount": "3.81566534"
  },
  {
   "price": "11.537",
   "amount": "4.47047504"
  },
  {
   "price": "10",
   "amount": "3"
  },
  {
   "price": "4.8",
   "amount": "9"
  },
  {
   "price": "4.6",
   "amount": "100"
  },
  {
   "price": "1.8761",
   "amount": "2"
  },
  {
   "price": "1.8755",
   "amount": "1"
  },
  {
   "price": "1.861",
   "amount": "1"
  },
  {
   "price": "0.8873",
   "amount": "5.635"
  },
  {
   "price": "0.13",
   "amount": "100"
  },
  {
   "price": "0.09",
   "amount": "10"
  },
  {
   "price": "0.013",
   "amount": "1000"
  },
  {
   "price": "0.011",
   "amount": "100"
  },
  {
   "price": "0.001",
   "amount": "1000"
  },
  {
   "price": "0.000999",
   "amount": "1000"
  },
  {
   "price": "0.00011",
   "amount": "12000"
  },
  {
   "price": "0.0001",
   "amount": "1000"
  },
  {
   "price": "0.000089",
   "amount": "1000"
  },
  {
   "price": "0.000011",
   "amount": "10000"
  },
  {
   "price": "0.00001",
   "amount": "3000"
  },
  {
   "price": "0.000001",
   "amount": "1000"
  },
  {
   "price": "1e-7",
   "amount": "1000"
  }
 ],
 "asks": [
  {
   "price": "11.867",
   "amount": "12.61121504"
  },
  {
   "price": "11.926",
   "amount": "13.57576509"
  },
  {
   "price": "11.985",
   "amount": "10.57906775"
  },
  {
   "price": "12.045",
   "amount": "13.60003519"
  },
  {
   "price": "12.052",
   "amount": "14.95488514"
  },
  {
   "price": "12.104",
   "amount": "13.92441872"
  },
  {
   "price": "15.9",
   "amount": "6.28118872"
  },
  {
   "price": "25",
   "amount": "6.066269"
  },
  {
   "price": "30",
   "amount": "3.635472"
  },
  {
   "price": "38",
   "amount": "1"
  },
  {
   "price": "39.5",
   "amount": "1"
  },
  {
   "price": "40",
   "amount": "3"
  },
  {
   "price": "47.5",
   "amount": "1"
  },
  {
   "price": "52.5",
   "amount": "2"
  },
  {
   "price": "55",
   "amount": "3"
  },
  {
   "price": "62.5",
   "amount": "2"
  },
  {
   "price": "65",
   "amount": "81.478765"
  },
  {
   "price": "88.5",
   "amount": "2"
  },
  {
   "price": "90",
   "amount": "0.242997"
  },
  {
   "price": "100",
   "amount": "5"
  },
  {
   "price": "500",
   "amount": "1.64235"
  },
  {
   "price": "2021",
   "amount": "0.51"
  }
 ]
}