{
 "pair": "gntbtc",
 "bids": [
  {
   "price": "0.0000042",
   "amount": "4520.31519942"
  },
  {
   "price": "0.00000416",
   "amount": "217.2387518"
  },
  {
   "price": "0.00000411",
   "amount": "1262"
  },
  {
   "price": "0.00000401",
   "amount": "13500"
  },
  {
   "price": "0.00000323",
   "amount": "35942.64826679"
  },
  {
   "price": "0.00000311",
   "amount": "12"
  },
  {
   "price": "0.00000215",
   "amount": "92381.89722328"
  },
  {
   "price": "0.00000212",
   "amount": "50000"
  },
  {
   "price": "0.00000211",
   "amount": "12"
  },
  {
   "price": "0.000002",
   "amount": "2500"
  },
  {
   "price": "0.0000012",
   "amount": "500"
  },
  {
   "price": "0.00000119",
   "amount": "91477.12951026"
  },
  {
   "price": "0.00000111",
   "amount": "1270.26782872"
  },
  {
   "price": "0.000001",
   "amount": "5000"
  },
  {
   "price": "7.7e-7",
   "amount": "649.351"
  },
  {
   "price": "6.7e-7",
   "amount": "39"
  },
  {
   "price": "2.3e-7",
   "amount": "5000"
  },
  {
   "price": "2.2e-7",
   "amount": "11709.89763023"
  },
  {
   "price": "2e-7",
   "amount": "25000"
  },
  {
   "price": "1.2e-7",
   "amount": "10000"
  },
  {
   "price": "1.1e-7",
   "amount": "15806.68467823"
  },
  {
   "price": "1e-7",
   "amount": "50200"
  },
  {
   "price": "9e-8",
   "amount": "10000"
  },
  {
   "price": "2e-8",
   "amount": "900000"
  },
  {
   "price": "1e-8",
   "amount": "29432.25550561"
  }
 ],
 "asks": [
  {
   "price": "0.00000438",
   "amount": "4672.89719626"
  },
  {
   "price": "0.00000459",
   "amount": "532.621271"
  },
  {
   "price": "0.00000469",
   "amount": "500"
  },
  {
   "price": "0.00000489",
   "amount": "4684.423"
  },
  {
   "price": "0.00000499",
   "amount": "422.9094"
  },
  {
   "price": "0.00000514",
   "amount": "450"
  },
  {
   "price": "0.00000524",
   "amount": "2236.042312"
  },
  {
   "price": "0.00000549",
   "amount": "450"
  },
  {
   "price": "0.0000055",
   "amount": "972.0778"
  },
  {
   "price": "0.00000588",
   "amount": "18847.51196538"
  },
  {
   "price": "0.00000591",
   "amount": "11000"
  },
  {
   "price": "0.00000599",
   "amount": "400"
  },
  {
   "price": "0.000006",
   "amount": "1098.9"
  },
  {
   "price": "0.00000649",
   "amount": "400"
  },
  {
   "price": "0.00000658",
   "amount": "50"
  },
  {
   "price": "0.00000699",
   "amount": "400"
  },
  {
   "price": "0.00000711",
   "amount": "399.6995"
  },
  {
   "price": "0.00000725",
   "amount": "3000"
  },
  {
   "price": "0.00000727",
   "amount": "1727.663185"
  },
  {
   "price": "0.00000729",
   "amount": "400"
  },
  {
   "price": "0.00000748",
   "amount": "3014.6"
  },
  {
   "price": "0.00000749",
   "amount": "350"
  },
  {
   "price": "0.0000075",
   "amount": "500"
  },
  {
   "price": "0.00000799",
   "amount": "350"
  },
  {
   "price": "0.00000849",
   "amount": "350"
  }
 ]
}