{
 "pair": "gnteth",
 "bids": [
  {
   "price": "0.00023349",
   "amount": "828.36315441"
  },
  {
   "price": "0.00022815",
   "amount": "788.95463511"
  },
  {
   "price": "0.00022814",
   "amount": "950"
  },
  {
   "price": "0.0002109",
   "amount": "8283.82560455"
  },
  {
   "price": "0.00021089",
   "amount": "165.9632984"
  },
  {
   "price": "0.0002101",
   "amount": "250"
  },
  {
   "price": "0.00020704",
   "amount": "917.697063"
  },
  {
   "price": "0.0001111",
   "amount": "30"
  },
  {
   "price": "0.00011085",
   "amount": "18"
  },
  {
   "price": "0.00011",
   "amount": "613.14871875"
  },
  {
   "price": "0.00010111",
   "amount": "30"
  },
  {
   "price": "0.0001",
   "amount": "20"
  },
  {
   "price": "0.00008111",
   "amount": "30"
  },
  {
   "price": "0.00006111",
   "amount": "30"
  },
  {
   "price": "0.00006",
   "amount": "1000"
  },
  {
   "price": "0.00005111",
   "amount": "30"
  },
  {
   "price": "0.0000503",
   "amount": "500"
  },
  {
   "price": "0.0000435",
   "amount": "229.89"
  },
  {
   "price": "0.000035",
   "amount": "170"
  },
  {
   "price": "0.00002111",
   "amount": "30"
  },
  {
   "price": "0.000021",
   "amount": "5000"
  },
  {
   "price": "0.00001139",
   "amount": "1000"
  },
  {
   "price": "0.000011",
   "amount": "9328.10996466"
  },
  {
   "price": "0.00001",
   "amount": "150"
  },
  {
   "price": "0.00000206",
   "amount": "2500"
  }
 ],
 "asks": [
  {
   "price": "0.00025418",
   "amount": "828.36315441"
  },
  {
   "price": "0.00026492",
   "amount": "152.3731999"
  },
  {
   "price": "0.00026497",
   "amount": "133.44563259"
  },
  {
   "price": "0.00027966",
   "amount": "1881"
  },
  {
   "price": "0.00027967",
   "amount": "686.30968284"
  },
  {
   "price": "0.0002797",
   "amount": "350"
  },
  {
   "price": "0.00029497",
   "amount": "300"
  },
  {
   "price": "0.0003097",
   "amount": "300"
  },
  {
   "price": "0.0003249",
   "amount": "300"
  },
  {
   "price": "0.00034497",
   "amount": "300"
  },
  {
   "price": "0.000347",
   "amount": "219.68314532"
  },
  {
   "price": "0.00036",
   "amount": "105.894"
  },
  {
   "price": "0.00036497",
   "amount": "300"
  },
  {
   "price": "0.000379",
   "amount": "2295.309492"
  },
  {
   "price": "0.00038",
   "amount": "11000"
  },
  {
   "price": "0.0003849",
   "amount": "129.87"
  },
  {
   "price": "0.00038497",
   "amount": "300"
  },
  {
   "price": "0.000399",
   "amount": "2624.11955399"
  },
  {
   "price": "0.000404",
   "amount": "372.880446"
  },
  {
   "price": "0.00040497",
   "amount": "300"
  },
  {
   "price": "0.000415",
   "amount": "998.49135277"
  },
  {
   "price": "0.00042",
   "amount": "11000"
  },
  {
   "price": "0.00042536",
   "amount": "2997"
  },
  {
   "price": "0.00043132",
   "amount": "3379.8578764"
  },
  {
   "price": "0.0004331",
   "amount": "100"
  }
 ]
}