{
 "pair": "gntusd",
 "bids": [
  {
   "price": "0.03",
   "amount": "10000"
  },
  {
   "price": "0.029",
   "amount": "2000"
  },
  {
   "price": "0.028",
   "amount": "2000"
  },
  {
   "price": "0.027",
   "amount": "2000"
  },
  {
   "price": "0.02667",
   "amount": "1000"
  },
  {
   "price": "0.02651",
   "amount": "700"
  },
  {
   "price": "0.026",
   "amount": "1230.76923"
  },
  {
   "price": "0.025082",
   "amount": "38859.4583846"
  },
  {
   "price": "0.025",
   "amount": "500"
  },
  {
   "price": "0.023",
   "amount": "1800"
  },
  {
   "price": "0.02",
   "amount": "500"
  },
  {
   "price": "0.016669",
   "amount": "39965.23862601"
  },
  {
   "price": "0.015125",
   "amount": "13200"
  },
  {
   "price": "0.015",
   "amount": "500"
  },
  {
   "price": "0.01342",
   "amount": "5120"
  },
  {
   "price": "0.013419",
   "amount": "100000"
  },
  {
   "price": "0.013",
   "amount": "1000"
  },
  {
   "price": "0.0121",
   "amount": "1000"
  },
  {
   "price": "0.011438",
   "amount": "2000"
  },
  {
   "price": "0.011319",
   "amount": "100000"
  },
  {
   "price": "0.01111",
   "amount": "500"
  },
  {
   "price": "0.011",
   "amount": "11100"
  },
  {
   "price": "0.01",
   "amount": "2800"
  },
  {
   "price": "0.0099971",
   "amount": "500.14"
  },
  {
   "price": "0.00974",
   "amount": "9036"
  }
 ],
 "asks": [
  {
   "price": "0.037797",
   "amount": "1881"
  },
  {
   "price": "0.037799",
   "amount": "500"
  },
  {
   "price": "0.037951",
   "amount": "399.6"
  },
  {
   "price": "0.03797",
   "amount": "500"
  },
  {
   "price": "0.039768",
   "amount": "1322.974387"
  },
  {
   "price": "0.04",
   "amount": "1566.62111692"
  },
  {
   "price": "0.04049",
   "amount": "500"
  },
  {
   "price": "0.042",
   "amount": "6858.00716009"
  },
  {
   "price": "0.04297",
   "amount": "500"
  },
  {
   "price": "0.04549",
   "amount": "450"
  },
  {
   "price": "0.04597",
   "amount": "1139.11403127"
  },
  {
   "price": "0.046",
   "amount": "500"
  },
  {
   "price": "0.04797",
   "amount": "450"
  },
  {
   "price": "0.048797",
   "amount": "327.8967"
  },
  {
   "price": "0.0495",
   "amount": "1100"
  },
  {
   "price": "0.05",
   "amount": "10358"
  },
  {
   "price": "0.0503",
   "amount": "679.32"
  },
  {
   "price": "0.05097",
   "amount": "450"
  },
  {
   "price": "0.0515",
   "amount": "3000"
  },
  {
   "price": "0.052",
   "amount": "85.12067546"
  },
  {
   "price": "0.0526",
   "amount": "589.2102"
  },
  {
   "price": "0.053545",
   "amount": "599.4"
  },
  {
   "price": "0.053822",
   "amount": "430.43033006"
  },
  {
   "price": "0.05397",
   "amount": "450"
  },
  {
   "price": "0.055",
   "amount": "1800.44958243"
  }
 ]
}