{
 "pair": "goteth",
 "bids": [
  {
   "price": "0.00086001",
   "amount": "40.69720119"
  },
  {
   "price": "0.00086",
   "amount": "369"
  },
  {
   "price": "0.00064585",
   "amount": "278.7024851"
  },
  {
   "price": "0.00064582",
   "amount": "2705.17918305"
  },
  {
   "price": "0.000642",
   "amount": "3333"
  },
  {
   "price": "0.00063",
   "amount": "400"
  },
  {
   "price": "0.00062",
   "amount": "1778.4"
  },
  {
   "price": "0.000013",
   "amount": "500"
  },
  {
   "price": "0.00001082",
   "amount": "27000"
  },
  {
   "price": "0.00000801",
   "amount": "26807.23470662"
  },
  {
   "price": "8e-7",
   "amount": "10000"
  }
 ],
 "asks": [
  {
   "price": "0.0012149",
   "amount": "49.94950049"
  },
  {
   "price": "0.001215",
   "amount": "308.689154"
  },
  {
   "price": "0.00122",
   "amount": "56"
  },
  {
   "price": "0.00191",
   "amount": "159.38538205"
  },
  {
   "price": "0.0022",
   "amount": "299.7"
  },
  {
   "price": "0.00221",
   "amount": "133.45016077"
  },
  {
   "price": "0.0047",
   "amount": "125.040398"
  },
  {
   "price": "0.0048852",
   "amount": "300"
  },
  {
   "price": "0.0069",
   "amount": "43.6348985"
  },
  {
   "price": "0.0071658",
   "amount": "199.5"
  },
  {
   "price": "0.0077142",
   "amount": "1650"
  },
  {
   "price": "0.0097142",
   "amount": "1650"
  },
  {
   "price": "0.012714",
   "amount": "1650"
  },
  {
   "price": "0.015714",
   "amount": "1650"
  },
  {
   "price": "1.4571",
   "amount": "21.978"
  }
 ]
}