{
 "pair": "goteur",
 "bids": [
  {
   "price": "0.10014",
   "amount": "12500"
  },
  {
   "price": "0.10005",
   "amount": "11111"
  },
  {
   "price": "0.099165",
   "amount": "12000"
  },
  {
   "price": "0.099156",
   "amount": "11000"
  },
  {
   "price": "0.098254",
   "amount": "532.951422"
  },
  {
   "price": "0.062965",
   "amount": "55"
  },
  {
   "price": "0.023882",
   "amount": "50050"
  },
  {
   "price": "0.01916",
   "amount": "50"
  },
  {
   "price": "0.0010897",
   "amount": "100000"
  },
  {
   "price": "0.0010079",
   "amount": "900"
  },
  {
   "price": "0.00054485",
   "amount": "100000"
  },
  {
   "price": "0.00052669",
   "amount": "10000"
  },
  {
   "price": "0.00012767",
   "amount": "10000"
  },
  {
   "price": "0.00010016",
   "amount": "50000"
  },
  {
   "price": "0.00009108",
   "amount": "50000"
  },
  {
   "price": "0.0000112",
   "amount": "50000"
  },
  {
   "price": "0.00000908",
   "amount": "50000"
  },
  {
   "price": "0.00000111",
   "amount": "50000"
  },
  {
   "price": "9.9e-7",
   "amount": "200000"
  },
  {
   "price": "9e-7",
   "amount": "100000"
  },
  {
   "price": "1.8e-7",
   "amount": "50000"
  },
  {
   "price": "1.3e-7",
   "amount": "50000"
  },
  {
   "price": "1e-7",
   "amount": "50000"
  },
  {
   "price": "9e-8",
   "amount": "550000"
  }
 ],
 "asks": [
  {
   "price": "0.12439",
   "amount": "405.65814341"
  },
  {
   "price": "0.1244",
   "amount": "60"
  },
  {
   "price": "0.12981",
   "amount": "35"
  },
  {
   "price": "0.14153",
   "amount": "35"
  },
  {
   "price": "0.15154",
   "amount": "149.85"
  },
  {
   "price": "0.15631",
   "amount": "999.00000024"
  },
  {
   "price": "0.17127",
   "amount": "199.8071"
  },
  {
   "price": "0.18029",
   "amount": "99.69"
  },
  {
   "price": "0.19641",
   "amount": "100"
  },
  {
   "price": "0.1969",
   "amount": "1125"
  },
  {
   "price": "0.21436",
   "amount": "100"
  },
  {
   "price": "0.22252",
   "amount": "122.77"
  },
  {
   "price": "0.22333",
   "amount": "100"
  },
  {
   "price": "0.22432",
   "amount": "10000"
  },
  {
   "price": "0.24128",
   "amount": "100"
  },
  {
   "price": "0.25025",
   "amount": "300"
  },
  {
   "price": "0.26842",
   "amount": "200"
  },
  {
   "price": "0.3141",
   "amount": "40.63566"
  },
  {
   "price": "0.32307",
   "amount": "12000"
  },
  {
   "price": "0.32756",
   "amount": "14000"
  },
  {
   "price": "0.34102",
   "amount": "20000"
  },
  {
   "price": "0.36007",
   "amount": "10000"
  },
  {
   "price": "0.40334",
   "amount": "320"
  },
  {
   "price": "0.43359",
   "amount": "15"
  },
  {
   "price": "0.44963",
   "amount": "14000"
  }
 ]
}