{
 "pair": "gotusd",
 "bids": [
  {
   "price": "0.1111",
   "amount": "12500"
  },
  {
   "price": "0.111",
   "amount": "11111"
  },
  {
   "price": "0.11001",
   "amount": "12000"
  },
  {
   "price": "0.11",
   "amount": "11000"
  },
  {
   "price": "0.109",
   "amount": "532.951422"
  },
  {
   "price": "0.07",
   "amount": "55"
  },
  {
   "price": "0.0263",
   "amount": "50000"
  },
  {
   "price": "0.026299",
   "amount": "50"
  },
  {
   "price": "0.0211",
   "amount": "50"
  },
  {
   "price": "0.0012",
   "amount": "100000"
  },
  {
   "price": "0.00111",
   "amount": "900"
  },
  {
   "price": "0.0006",
   "amount": "100000"
  },
  {
   "price": "0.00058",
   "amount": "10000"
  },
  {
   "price": "0.0001406",
   "amount": "10000"
  },
  {
   "price": "0.0001103",
   "amount": "50000"
  },
  {
   "price": "0.0001003",
   "amount": "50000"
  },
  {
   "price": "0.00001234",
   "amount": "50000"
  },
  {
   "price": "0.00001",
   "amount": "50000"
  },
  {
   "price": "0.00000123",
   "amount": "50000"
  },
  {
   "price": "0.0000011",
   "amount": "200000"
  },
  {
   "price": "0.000001",
   "amount": "100000"
  },
  {
   "price": "2e-7",
   "amount": "50000"
  },
  {
   "price": "1.5e-7",
   "amount": "50000"
  },
  {
   "price": "1.2e-7",
   "amount": "50000"
  },
  {
   "price": "1.1e-7",
   "amount": "400000"
  }
 ],
 "asks": [
  {
   "price": "0.13799",
   "amount": "405.65814341"
  },
  {
   "price": "0.138",
   "amount": "60"
  },
  {
   "price": "0.144",
   "amount": "35"
  },
  {
   "price": "0.157",
   "amount": "35"
  },
  {
   "price": "0.16811",
   "amount": "149.85"
  },
  {
   "price": "0.1734",
   "amount": "999.00000024"
  },
  {
   "price": "0.19",
   "amount": "199.8071"
  },
  {
   "price": "0.2",
   "amount": "99.69"
  },
  {
   "price": "0.21889",
   "amount": "1125"
  },
  {
   "price": "0.2189",
   "amount": "100"
  },
  {
   "price": "0.2389",
   "amount": "100"
  },
  {
   "price": "0.248",
   "amount": "122.77"
  },
  {
   "price": "0.2489",
   "amount": "100"
  },
  {
   "price": "0.25",
   "amount": "10000"
  },
  {
   "price": "0.2689",
   "amount": "100"
  },
  {
   "price": "0.2789",
   "amount": "300"
  },
  {
   "price": "0.2989",
   "amount": "200"
  },
  {
   "price": "0.35",
   "amount": "40.63566"
  },
  {
   "price": "0.36",
   "amount": "12000"
  },
  {
   "price": "0.365",
   "amount": "14000"
  },
  {
   "price": "0.38",
   "amount": "20000"
  },
  {
   "price": "0.4",
   "amount": "10000"
  },
  {
   "price": "0.449",
   "amount": "320"
  },
  {
   "price": "0.4812",
   "amount": "15"
  },
  {
   "price": "0.499",
   "amount": "14000"
  }
 ]
}