{
 "pair": "hotbtc",
 "bids": [
  {
   "price": "3.5e-7",
   "amount": "1573.54285714"
  },
  {
   "price": "3e-7",
   "amount": "40000.00206433"
  },
  {
   "price": "2.3e-7",
   "amount": "900000"
  },
  {
   "price": "2.1e-7",
   "amount": "20000"
  },
  {
   "price": "1.8e-7",
   "amount": "3000"
  },
  {
   "price": "1.7e-7",
   "amount": "20000"
  },
  {
   "price": "1.5e-7",
   "amount": "200000"
  },
  {
   "price": "9e-8",
   "amount": "10000"
  },
  {
   "price": "7e-8",
   "amount": "71428.57142"
  },
  {
   "price": "6e-8",
   "amount": "4380.95238095"
  },
  {
   "price": "3e-8",
   "amount": "10000"
  },
  {
   "price": "2e-8",
   "amount": "500000"
  }
 ],
 "asks": [
  {
   "price": "6.3e-7",
   "amount": "40000"
  },
  {
   "price": "7e-7",
   "amount": "11253.78732"
  },
  {
   "price": "9e-7",
   "amount": "22818.159"
  },
  {
   "price": "0.00000123",
   "amount": "108872.0380765"
  },
  {
   "price": "0.00000134",
   "amount": "13077.24117323"
  },
  {
   "price": "0.00000135",
   "amount": "3440.556"
  },
  {
   "price": "0.0000014",
   "amount": "1012.1534982"
  },
  {
   "price": "0.000002",
   "amount": "5618.22456"
  },
  {
   "price": "0.0000022",
   "amount": "5500"
  },
  {
   "price": "0.00000381",
   "amount": "998"
  },
  {
   "price": "0.00000444",
   "amount": "1000"
  },
  {
   "price": "0.000007",
   "amount": "2000"
  },
  {
   "price": "0.000008",
   "amount": "2000"
  },
  {
   "price": "0.0000099",
   "amount": "1600"
  },
  {
   "price": "0.00001",
   "amount": "12000"
  },
  {
   "price": "0.0000153",
   "amount": "34104.14863126"
  },
  {
   "price": "0.0000163",
   "amount": "66161.79"
  },
  {
   "price": "0.00003",
   "amount": "14745.4498551"
  },
  {
   "price": "0.00004507",
   "amount": "13451.06231429"
  },
  {
   "price": "0.0000481",
   "amount": "2000"
  },
  {
   "price": "0.00015",
   "amount": "2000"
  },
  {
   "price": "0.00022",
   "amount": "2000"
  },
  {
   "price": "0.00023",
   "amount": "3892.70923357"
  },
  {
   "price": "0.00026121",
   "amount": "3988.008"
  },
  {
   "price": "0.000298",
   "amount": "2000"
  }
 ]
}