{
 "pair": "impusd",
 "bids": [
  {
   "price": "0.003",
   "amount": "3467.200142"
  },
  {
   "price": "0.0016",
   "amount": "1600"
  },
  {
   "price": "0.0013001",
   "amount": "2936.775167"
  },
  {
   "price": "0.0004601",
   "amount": "25000"
  },
  {
   "price": "0.0001",
   "amount": "5000"
  },
  {
   "price": "0.000029",
   "amount": "50000"
  },
  {
   "price": "0.000023",
   "amount": "50000"
  },
  {
   "price": "0.000011",
   "amount": "50000"
  },
  {
   "price": "0.00001",
   "amount": "100000"
  },
  {
   "price": "0.0000029",
   "amount": "50000"
  },
  {
   "price": "0.0000011",
   "amount": "450000"
  },
  {
   "price": "0.000001",
   "amount": "50000"
  },
  {
   "price": "1e-7",
   "amount": "400000"
  }
 ],
 "asks": [
  {
   "price": "0.008",
   "amount": "2491.77459238"
  },
  {
   "price": "0.009",
   "amount": "999"
  },
  {
   "price": "0.012219",
   "amount": "2402.92864234"
  },
  {
   "price": "0.014099",
   "amount": "21583.13083304"
  },
  {
   "price": "0.0142",
   "amount": "6074.68868723"
  },
  {
   "price": "0.014649",
   "amount": "550"
  },
  {
   "price": "0.016",
   "amount": "1998"
  },
  {
   "price": "0.01705",
   "amount": "1263.324062"
  },
  {
   "price": "0.018879",
   "amount": "550"
  },
  {
   "price": "0.022475",
   "amount": "550"
  },
  {
   "price": "0.025828",
   "amount": "550"
  },
  {
   "price": "0.030026",
   "amount": "550"
  },
  {
   "price": "0.034054",
   "amount": "550"
  },
  {
   "price": "0.036477",
   "amount": "2308.17183279"
  },
  {
   "price": "0.039521",
   "amount": "550"
  },
  {
   "price": "0.045",
   "amount": "15000"
  },
  {
   "price": "0.045248",
   "amount": "550"
  },
  {
   "price": "0.0455",
   "amount": "2169.69242256"
  },
  {
   "price": "0.0495",
   "amount": "2000"
  },
  {
   "price": "0.05",
   "amount": "24987.14"
  },
  {
   "price": "0.051497",
   "amount": "550"
  },
  {
   "price": "0.057375",
   "amount": "741"
  },
  {
   "price": "0.06",
   "amount": "3809.86519472"
  },
  {
   "price": "0.064999",
   "amount": "3529"
  },
  {
   "price": "0.065",
   "amount": "8416.064202"
  }
 ]
}