{
 "pair": "iotbtc",
 "bids": [
  {
   "price": "0.00002252",
   "amount": "6517.767421"
  },
  {
   "price": "0.00002251",
   "amount": "1507"
  },
  {
   "price": "0.0000225",
   "amount": "734.57587481"
  },
  {
   "price": "0.00002249",
   "amount": "10000"
  },
  {
   "price": "0.00002248",
   "amount": "5700"
  },
  {
   "price": "0.00002246",
   "amount": "15000"
  },
  {
   "price": "0.00002245",
   "amount": "6198.8922957"
  },
  {
   "price": "0.00002243",
   "amount": "4875.28108471"
  },
  {
   "price": "0.00002242",
   "amount": "1667.59248173"
  },
  {
   "price": "0.00002238",
   "amount": "23076.46522039"
  },
  {
   "price": "0.00002237",
   "amount": "45976"
  },
  {
   "price": "0.00002236",
   "amount": "1000"
  },
  {
   "price": "0.00002232",
   "amount": "1737.68782761"
  },
  {
   "price": "0.00002226",
   "amount": "12103.767098"
  },
  {
   "price": "0.00002225",
   "amount": "47360.42656426"
  },
  {
   "price": "0.00002205",
   "amount": "46431.66068222"
  },
  {
   "price": "0.00002183",
   "amount": "23234"
  },
  {
   "price": "0.00002181",
   "amount": "229.23286427"
  },
  {
   "price": "0.00002158",
   "amount": "231.65137614"
  },
  {
   "price": "0.00002149",
   "amount": "23272"
  },
  {
   "price": "0.00002139",
   "amount": "233.68810735"
  },
  {
   "price": "0.00002135",
   "amount": "500"
  },
  {
   "price": "0.00002123",
   "amount": "7835.653999"
  },
  {
   "price": "0.0000212",
   "amount": "3000"
  },
  {
   "price": "0.00002118",
   "amount": "235.98130841"
  }
 ],
 "asks": [
  {
   "price": "0.00002259",
   "amount": "1622.02612604"
  },
  {
   "price": "0.0000226",
   "amount": "16406.22795144"
  },
  {
   "price": "0.00002261",
   "amount": "6162"
  },
  {
   "price": "0.00002262",
   "amount": "2248"
  },
  {
   "price": "0.00002263",
   "amount": "2166"
  },
  {
   "price": "0.00002264",
   "amount": "10000"
  },
  {
   "price": "0.00002266",
   "amount": "23522.87316926"
  },
  {
   "price": "0.00002267",
   "amount": "45975"
  },
  {
   "price": "0.00002268",
   "amount": "8000"
  },
  {
   "price": "0.0000227",
   "amount": "222.41992883"
  },
  {
   "price": "0.00002271",
   "amount": "5201.45835259"
  },
  {
   "price": "0.00002276",
   "amount": "277"
  },
  {
   "price": "0.00002278",
   "amount": "1000"
  },
  {
   "price": "0.00002283",
   "amount": "49429.118992"
  },
  {
   "price": "0.00002293",
   "amount": "220.16732717"
  },
  {
   "price": "0.00002298",
   "amount": "292.90131815"
  },
  {
   "price": "0.00002299",
   "amount": "1000"
  },
  {
   "price": "0.0000231",
   "amount": "46204"
  },
  {
   "price": "0.00002315",
   "amount": "218.05494985"
  },
  {
   "price": "0.00002318",
   "amount": "1115.65863195"
  },
  {
   "price": "0.00002332",
   "amount": "23233"
  },
  {
   "price": "0.00002347",
   "amount": "232"
  },
  {
   "price": "0.00002349",
   "amount": "2000"
  },
  {
   "price": "0.00002355",
   "amount": "32"
  },
  {
   "price": "0.00002366",
   "amount": "23303"
  }
 ]
}