{
 "pair": "ioteur",
 "bids": [
  {
   "price": "0.146",
   "amount": "800"
  },
  {
   "price": "0.14594",
   "amount": "259.15701951"
  },
  {
   "price": "0.14592",
   "amount": "4345"
  },
  {
   "price": "0.14589",
   "amount": "5496"
  },
  {
   "price": "0.14584",
   "amount": "4974"
  },
  {
   "price": "0.14578",
   "amount": "676.19586"
  },
  {
   "price": "0.14559",
   "amount": "13169.71666038"
  },
  {
   "price": "0.14558",
   "amount": "1352.41805155"
  },
  {
   "price": "0.14546",
   "amount": "10000"
  },
  {
   "price": "0.14545",
   "amount": "1682.69470974"
  },
  {
   "price": "0.14534",
   "amount": "700"
  },
  {
   "price": "0.14529",
   "amount": "5000"
  },
  {
   "price": "0.14524",
   "amount": "4611"
  },
  {
   "price": "0.1452",
   "amount": "39177.83396921"
  },
  {
   "price": "0.14519",
   "amount": "3202.92102237"
  },
  {
   "price": "0.14512",
   "amount": "15000"
  },
  {
   "price": "0.14509",
   "amount": "1445.40191679"
  },
  {
   "price": "0.14495",
   "amount": "485.2087261"
  },
  {
   "price": "0.14465",
   "amount": "1000"
  },
  {
   "price": "0.14445",
   "amount": "53257.2"
  },
  {
   "price": "0.14439",
   "amount": "11096"
  },
  {
   "price": "0.14433",
   "amount": "68838.4"
  },
  {
   "price": "0.14427",
   "amount": "1874.5525899"
  },
  {
   "price": "0.14426",
   "amount": "1874.64850341"
  },
  {
   "price": "0.14425",
   "amount": "500"
  }
 ],
 "asks": [
  {
   "price": "0.14613",
   "amount": "35.2"
  },
  {
   "price": "0.14614",
   "amount": "500"
  },
  {
   "price": "0.14619",
   "amount": "700"
  },
  {
   "price": "0.14634",
   "amount": "3500"
  },
  {
   "price": "0.14636",
   "amount": "9397.4315251"
  },
  {
   "price": "0.14645",
   "amount": "18794.86304464"
  },
  {
   "price": "0.14646",
   "amount": "485.2087261"
  },
  {
   "price": "0.14649",
   "amount": "1110"
  },
  {
   "price": "0.14652",
   "amount": "800"
  },
  {
   "price": "0.14654",
   "amount": "700"
  },
  {
   "price": "0.14657",
   "amount": "5000"
  },
  {
   "price": "0.1466",
   "amount": "2000"
  },
  {
   "price": "0.14663",
   "amount": "34371.82383484"
  },
  {
   "price": "0.14664",
   "amount": "10000"
  },
  {
   "price": "0.14666",
   "amount": "3200.6543904"
  },
  {
   "price": "0.14676",
   "amount": "1601.50834341"
  },
  {
   "price": "0.14677",
   "amount": "1200"
  },
  {
   "price": "0.14681",
   "amount": "11095"
  },
  {
   "price": "0.14682",
   "amount": "1252.58345338"
  },
  {
   "price": "0.14684",
   "amount": "157459.986792"
  },
  {
   "price": "0.14691",
   "amount": "28192.26586442"
  },
  {
   "price": "0.14701",
   "amount": "6141.47681594"
  },
  {
   "price": "0.14702",
   "amount": "198.4"
  },
  {
   "price": "0.14703",
   "amount": "1000"
  },
  {
   "price": "0.14709",
   "amount": "1200"
  }
 ]
}