{
 "pair": "ioteth",
 "bids": [
  {
   "price": "0.0012629",
   "amount": "605.94784965"
  },
  {
   "price": "0.0012628",
   "amount": "1096"
  },
  {
   "price": "0.0012622",
   "amount": "1300"
  },
  {
   "price": "0.001262",
   "amount": "3547.90090028"
  },
  {
   "price": "0.0012607",
   "amount": "1635.03161643"
  },
  {
   "price": "0.0012605",
   "amount": "5000"
  },
  {
   "price": "0.00126",
   "amount": "500"
  },
  {
   "price": "0.0012599",
   "amount": "8000"
  },
  {
   "price": "0.0012596",
   "amount": "2000"
  },
  {
   "price": "0.0012574",
   "amount": "100"
  },
  {
   "price": "0.0012572",
   "amount": "10945"
  },
  {
   "price": "0.0012516",
   "amount": "500"
  },
  {
   "price": "0.0012515",
   "amount": "11203"
  },
  {
   "price": "0.00125",
   "amount": "8500"
  },
  {
   "price": "0.0012499",
   "amount": "302.42656426"
  },
  {
   "price": "0.0012401",
   "amount": "500"
  },
  {
   "price": "0.00124",
   "amount": "3991.479265"
  },
  {
   "price": "0.0012388",
   "amount": "11000"
  },
  {
   "price": "0.0012263",
   "amount": "1424.65858273"
  },
  {
   "price": "0.0012262",
   "amount": "5531"
  },
  {
   "price": "0.001222",
   "amount": "2000"
  },
  {
   "price": "0.0012101",
   "amount": "4116.544087"
  },
  {
   "price": "0.0012072",
   "amount": "5540"
  },
  {
   "price": "0.0012",
   "amount": "2599.9852833"
  },
  {
   "price": "0.0011911",
   "amount": "32"
  }
 ],
 "asks": [
  {
   "price": "0.0012717",
   "amount": "1551.78571454"
  },
  {
   "price": "0.0012719",
   "amount": "1095"
  },
  {
   "price": "0.001272",
   "amount": "5000"
  },
  {
   "price": "0.0012724",
   "amount": "85"
  },
  {
   "price": "0.0012727",
   "amount": "3204.22830001"
  },
  {
   "price": "0.0012738",
   "amount": "32"
  },
  {
   "price": "0.0012743",
   "amount": "6407.02247185"
  },
  {
   "price": "0.0012757",
   "amount": "1300"
  },
  {
   "price": "0.0012762",
   "amount": "10944"
  },
  {
   "price": "0.0012763",
   "amount": "100"
  },
  {
   "price": "0.0012777",
   "amount": "32"
  },
  {
   "price": "0.0012784",
   "amount": "2000"
  },
  {
   "price": "0.0012811",
   "amount": "2372.118992"
  },
  {
   "price": "0.0012815",
   "amount": "32"
  },
  {
   "price": "0.0012839",
   "amount": "11202"
  },
  {
   "price": "0.0012853",
   "amount": "32"
  },
  {
   "price": "0.0012891",
   "amount": "32"
  },
  {
   "price": "0.0012905",
   "amount": "292.90131815"
  },
  {
   "price": "0.001293",
   "amount": "32"
  },
  {
   "price": "0.0012968",
   "amount": "32"
  },
  {
   "price": "0.0013",
   "amount": "500"
  },
  {
   "price": "0.0013006",
   "amount": "32"
  },
  {
   "price": "0.0013008",
   "amount": "10999"
  },
  {
   "price": "0.0013045",
   "amount": "32"
  },
  {
   "price": "0.0013083",
   "amount": "32"
  }
 ]
}