{
 "pair": "iotgbp",
 "bids": [
  {
   "price": "0.12431",
   "amount": "675.43205"
  },
  {
   "price": "0.1243",
   "amount": "259.15701951"
  },
  {
   "price": "0.12429",
   "amount": "4761"
  },
  {
   "price": "0.12426",
   "amount": "5496"
  },
  {
   "price": "0.12422",
   "amount": "4974"
  },
  {
   "price": "0.12409",
   "amount": "2197.33932186"
  },
  {
   "price": "0.12408",
   "amount": "800"
  },
  {
   "price": "0.124",
   "amount": "14522.13471193"
  },
  {
   "price": "0.12389",
   "amount": "10000"
  },
  {
   "price": "0.12388",
   "amount": "1682.69470974"
  },
  {
   "price": "0.12383",
   "amount": "700"
  },
  {
   "price": "0.12379",
   "amount": "5000"
  },
  {
   "price": "0.12371",
   "amount": "3500"
  },
  {
   "price": "0.1237",
   "amount": "1111"
  },
  {
   "price": "0.12368",
   "amount": "36381.91376207"
  },
  {
   "price": "0.12365",
   "amount": "15000"
  },
  {
   "price": "0.12359",
   "amount": "1559.58554967"
  },
  {
   "price": "0.12346",
   "amount": "485.2087261"
  },
  {
   "price": "0.12333",
   "amount": "11096"
  },
  {
   "price": "0.12321",
   "amount": "154.80951048"
  },
  {
   "price": "0.12304",
   "amount": "53257.2"
  },
  {
   "price": "0.12294",
   "amount": "1873.5948039"
  },
  {
   "price": "0.12293",
   "amount": "70712.04349553"
  },
  {
   "price": "0.12286",
   "amount": "500"
  },
  {
   "price": "0.12283",
   "amount": "485.2087261"
  }
 ],
 "asks": [
  {
   "price": "0.12447",
   "amount": "2289.22713775"
  },
  {
   "price": "0.12451",
   "amount": "700"
  },
  {
   "price": "0.12464",
   "amount": "3500"
  },
  {
   "price": "0.12467",
   "amount": "4761"
  },
  {
   "price": "0.12471",
   "amount": "5774"
  },
  {
   "price": "0.12474",
   "amount": "485.2087261"
  },
  {
   "price": "0.12477",
   "amount": "10507.41989561"
  },
  {
   "price": "0.1248",
   "amount": "800"
  },
  {
   "price": "0.12486",
   "amount": "58613.06580379"
  },
  {
   "price": "0.12487",
   "amount": "5700"
  },
  {
   "price": "0.1249",
   "amount": "10000"
  },
  {
   "price": "0.12494",
   "amount": "3203.11147489"
  },
  {
   "price": "0.125",
   "amount": "1601.50834341"
  },
  {
   "price": "0.12501",
   "amount": "1200"
  },
  {
   "price": "0.12504",
   "amount": "11095"
  },
  {
   "price": "0.12505",
   "amount": "1252.58345338"
  },
  {
   "price": "0.12506",
   "amount": "157459.986792"
  },
  {
   "price": "0.12508",
   "amount": "28192.25968685"
  },
  {
   "price": "0.12516",
   "amount": "6141.48917108"
  },
  {
   "price": "0.12523",
   "amount": "1198.4"
  },
  {
   "price": "0.12528",
   "amount": "1200"
  },
  {
   "price": "0.12538",
   "amount": "485.2087261"
  },
  {
   "price": "0.12556",
   "amount": "53257.2"
  },
  {
   "price": "0.1256",
   "amount": "68838.4"
  },
  {
   "price": "0.12572",
   "amount": "2557.29375678"
  }
 ]
}