{
 "pair": "iotjpy",
 "bids": [
  {
   "price": "17.706",
   "amount": "675.43205"
  },
  {
   "price": "17.705",
   "amount": "259.15701951"
  },
  {
   "price": "17.702",
   "amount": "4761"
  },
  {
   "price": "17.698",
   "amount": "5496"
  },
  {
   "price": "17.693",
   "amount": "4974"
  },
  {
   "price": "17.686",
   "amount": "800"
  },
  {
   "price": "17.662",
   "amount": "13169.71666038"
  },
  {
   "price": "17.661",
   "amount": "1352.41805155"
  },
  {
   "price": "17.646",
   "amount": "10000"
  },
  {
   "price": "17.644",
   "amount": "1682.69470974"
  },
  {
   "price": "17.631",
   "amount": "700"
  },
  {
   "price": "17.626",
   "amount": "5000"
  },
  {
   "price": "17.62",
   "amount": "3500"
  },
  {
   "price": "17.619",
   "amount": "1111"
  },
  {
   "price": "17.616",
   "amount": "36381.91376207"
  },
  {
   "price": "17.615",
   "amount": "3203.25539679"
  },
  {
   "price": "17.606",
   "amount": "15000"
  },
  {
   "price": "17.603",
   "amount": "1559.58554967"
  },
  {
   "price": "17.584",
   "amount": "485.2087261"
  },
  {
   "price": "17.566",
   "amount": "11096"
  },
  {
   "price": "17.549",
   "amount": "154.80951048"
  },
  {
   "price": "17.524",
   "amount": "53257.2"
  },
  {
   "price": "17.51",
   "amount": "3747.23829943"
  },
  {
   "price": "17.509",
   "amount": "68838.4"
  },
  {
   "price": "17.499",
   "amount": "500"
  }
 ],
 "asks": [
  {
   "price": "17.728",
   "amount": "1789.22713775"
  },
  {
   "price": "17.729",
   "amount": "500"
  },
  {
   "price": "17.734",
   "amount": "700"
  },
  {
   "price": "17.753",
   "amount": "3500"
  },
  {
   "price": "17.755",
   "amount": "9397.4315251"
  },
  {
   "price": "17.756",
   "amount": "4761"
  },
  {
   "price": "17.763",
   "amount": "5774"
  },
  {
   "price": "17.766",
   "amount": "18794.86304464"
  },
  {
   "price": "17.767",
   "amount": "485.2087261"
  },
  {
   "price": "17.771",
   "amount": "1110"
  },
  {
   "price": "17.775",
   "amount": "800"
  },
  {
   "price": "17.784",
   "amount": "39818.22601256"
  },
  {
   "price": "17.785",
   "amount": "5700"
  },
  {
   "price": "17.789",
   "amount": "10000"
  },
  {
   "price": "17.795",
   "amount": "3203.11147489"
  },
  {
   "price": "17.804",
   "amount": "1601.50834341"
  },
  {
   "price": "17.805",
   "amount": "1200"
  },
  {
   "price": "17.81",
   "amount": "11095"
  },
  {
   "price": "17.811",
   "amount": "1252.58345338"
  },
  {
   "price": "17.813",
   "amount": "157459.986792"
  },
  {
   "price": "17.822",
   "amount": "28192.26586442"
  },
  {
   "price": "17.834",
   "amount": "6141.47681594"
  },
  {
   "price": "17.836",
   "amount": "198.4"
  },
  {
   "price": "17.837",
   "amount": "1000"
  },
  {
   "price": "17.843",
   "amount": "1200"
  }
 ]
}