{
 "pair": "iotusd",
 "bids": [
  {
   "price": "0.16177",
   "amount": "676.00474"
  },
  {
   "price": "0.16176",
   "amount": "4927"
  },
  {
   "price": "0.16172",
   "amount": "2197.33932186"
  },
  {
   "price": "0.16171",
   "amount": "5463"
  },
  {
   "price": "0.1616",
   "amount": "262.69915694"
  },
  {
   "price": "0.16157",
   "amount": "800"
  },
  {
   "price": "0.16151",
   "amount": "13169.71666038"
  },
  {
   "price": "0.1615",
   "amount": "1352.41805155"
  },
  {
   "price": "0.16136",
   "amount": "10000"
  },
  {
   "price": "0.16135",
   "amount": "1682.69470974"
  },
  {
   "price": "0.16115",
   "amount": "700"
  },
  {
   "price": "0.16112",
   "amount": "40199.74196299"
  },
  {
   "price": "0.16111",
   "amount": "5000"
  },
  {
   "price": "0.16107",
   "amount": "3203.68616252"
  },
  {
   "price": "0.16096",
   "amount": "1445.40191679"
  },
  {
   "price": "0.16086",
   "amount": "15000"
  },
  {
   "price": "0.16082",
   "amount": "1111"
  },
  {
   "price": "0.1608",
   "amount": "485.2087261"
  },
  {
   "price": "0.16037",
   "amount": "131.40017425"
  },
  {
   "price": "0.16024",
   "amount": "53292.5"
  },
  {
   "price": "0.16018",
   "amount": "11096"
  },
  {
   "price": "0.16011",
   "amount": "68838.4"
  },
  {
   "price": "0.16002",
   "amount": "500"
  },
  {
   "price": "0.15998",
   "amount": "485.2087261"
  },
  {
   "price": "0.15988",
   "amount": "1876.40730548"
  }
 ],
 "asks": [
  {
   "price": "0.1621",
   "amount": "35.2"
  },
  {
   "price": "0.16211",
   "amount": "500"
  },
  {
   "price": "0.16216",
   "amount": "700"
  },
  {
   "price": "0.16229",
   "amount": "5115"
  },
  {
   "price": "0.16233",
   "amount": "3500"
  },
  {
   "price": "0.16235",
   "amount": "9397.4315251"
  },
  {
   "price": "0.16239",
   "amount": "800"
  },
  {
   "price": "0.16245",
   "amount": "28794.86304464"
  },
  {
   "price": "0.16246",
   "amount": "485.2087261"
  },
  {
   "price": "0.1625",
   "amount": "1110"
  },
  {
   "price": "0.16253",
   "amount": "700"
  },
  {
   "price": "0.16258",
   "amount": "5000"
  },
  {
   "price": "0.16262",
   "amount": "2000"
  },
  {
   "price": "0.16267",
   "amount": "40043.28253468"
  },
  {
   "price": "0.16268",
   "amount": "3200.6543904"
  },
  {
   "price": "0.1628",
   "amount": "1601.50834341"
  },
  {
   "price": "0.16281",
   "amount": "1200"
  },
  {
   "price": "0.16285",
   "amount": "11095"
  },
  {
   "price": "0.16286",
   "amount": "1252.58345338"
  },
  {
   "price": "0.16288",
   "amount": "157459.986792"
  },
  {
   "price": "0.16296",
   "amount": "28192.26586442"
  },
  {
   "price": "0.16307",
   "amount": "6141.47681594"
  },
  {
   "price": "0.16309",
   "amount": "198.4"
  },
  {
   "price": "0.1631",
   "amount": "1000"
  },
  {
   "price": "0.16316",
   "amount": "1200"
  }
 ]
}