{
 "pair": "iqxbtc",
 "bids": [
  {
   "price": "1.7e-7",
   "amount": "6000"
  },
  {
   "price": "1.5e-7",
   "amount": "4000"
  },
  {
   "price": "1.3e-7",
   "amount": "1743"
  },
  {
   "price": "1e-7",
   "amount": "60000"
  },
  {
   "price": "9e-8",
   "amount": "11111.11111111"
  },
  {
   "price": "8e-8",
   "amount": "100000"
  },
  {
   "price": "7e-8",
   "amount": "4600"
  },
  {
   "price": "6e-8",
   "amount": "100000"
  },
  {
   "price": "5e-8",
   "amount": "100000"
  },
  {
   "price": "4e-8",
   "amount": "120000"
  },
  {
   "price": "3e-8",
   "amount": "100000"
  },
  {
   "price": "2e-8",
   "amount": "500000"
  },
  {
   "price": "1e-8",
   "amount": "109509"
  }
 ],
 "asks": [
  {
   "price": "2.1e-7",
   "amount": "34832.63598326"
  },
  {
   "price": "2.3e-7",
   "amount": "625000"
  },
  {
   "price": "2.8e-7",
   "amount": "102048.536637"
  },
  {
   "price": "3.1e-7",
   "amount": "28932.39782633"
  },
  {
   "price": "3.2e-7",
   "amount": "70854.81"
  },
  {
   "price": "3.3e-7",
   "amount": "11098.89"
  },
  {
   "price": "4.2e-7",
   "amount": "100000"
  },
  {
   "price": "4.8e-7",
   "amount": "20000"
  },
  {
   "price": "5e-7",
   "amount": "53330"
  },
  {
   "price": "5.2e-7",
   "amount": "1695.65898271"
  },
  {
   "price": "6e-7",
   "amount": "29233.70581488"
  },
  {
   "price": "6.4e-7",
   "amount": "407999.999999"
  },
  {
   "price": "7.2e-7",
   "amount": "3966.577"
  },
  {
   "price": "9e-7",
   "amount": "61889.64674181"
  },
  {
   "price": "9.1e-7",
   "amount": "100000"
  },
  {
   "price": "9.2e-7",
   "amount": "100000"
  },
  {
   "price": "9.3e-7",
   "amount": "100000"
  },
  {
   "price": "9.4e-7",
   "amount": "900000"
  },
  {
   "price": "9.5e-7",
   "amount": "100000"
  },
  {
   "price": "9.6e-7",
   "amount": "100000"
  },
  {
   "price": "9.7e-7",
   "amount": "110000"
  },
  {
   "price": "9.8e-7",
   "amount": "100000"
  },
  {
   "price": "9.9e-7",
   "amount": "210022.66"
  },
  {
   "price": "0.000001",
   "amount": "109681.76457042"
  },
  {
   "price": "0.00000101",
   "amount": "200000"
  }
 ]
}