{
 "pair": "iqxeos",
 "bids": [
  {
   "price": "0.0005",
   "amount": "2000"
  },
  {
   "price": "0.000418",
   "amount": "5354.066985"
  },
  {
   "price": "0.0004",
   "amount": "1006"
  },
  {
   "price": "0.00020095",
   "amount": "9952.725"
  },
  {
   "price": "0.00007111",
   "amount": "12500"
  },
  {
   "price": "0.00002999",
   "amount": "26162.24507484"
  },
  {
   "price": "0.0000297",
   "amount": "200000"
  },
  {
   "price": "0.0000069",
   "amount": "100000"
  },
  {
   "price": "0.00000202",
   "amount": "200000"
  },
  {
   "price": "0.000002",
   "amount": "100000"
  },
  {
   "price": "0.000001",
   "amount": "700000"
  },
  {
   "price": "8.9e-7",
   "amount": "100000"
  },
  {
   "price": "2e-8",
   "amount": "100000"
  }
 ],
 "asks": [
  {
   "price": "0.00069784",
   "amount": "4171.66272535"
  },
  {
   "price": "0.00075",
   "amount": "181927.2096603"
  },
  {
   "price": "0.00099642",
   "amount": "20000"
  },
  {
   "price": "0.001",
   "amount": "337878.87199455"
  },
  {
   "price": "0.001197",
   "amount": "90000"
  },
  {
   "price": "0.0012",
   "amount": "100000"
  },
  {
   "price": "0.00128",
   "amount": "4500"
  },
  {
   "price": "0.0013",
   "amount": "11467.94461666"
  },
  {
   "price": "0.0013918",
   "amount": "50000"
  },
  {
   "price": "0.001443",
   "amount": "13580.58904"
  },
  {
   "price": "0.00147",
   "amount": "9000"
  },
  {
   "price": "0.0015",
   "amount": "57073.2825"
  },
  {
   "price": "0.0018357",
   "amount": "100000"
  },
  {
   "price": "0.00186",
   "amount": "5402.21944582"
  },
  {
   "price": "0.0018616",
   "amount": "474.87057908"
  },
  {
   "price": "0.0019",
   "amount": "5835.90114652"
  },
  {
   "price": "0.00194",
   "amount": "5350"
  },
  {
   "price": "0.00195",
   "amount": "1689.22625266"
  },
  {
   "price": "0.0019776",
   "amount": "4526.19927"
  },
  {
   "price": "0.00199",
   "amount": "44664.64896176"
  },
  {
   "price": "0.002",
   "amount": "1718.557583"
  },
  {
   "price": "0.0020787",
   "amount": "48009.62117"
  },
  {
   "price": "0.00215",
   "amount": "4500"
  },
  {
   "price": "0.0024617",
   "amount": "13597.19521991"
  },
  {
   "price": "0.0025",
   "amount": "5683.18828298"
  }
 ]
}