{
 "pair": "kanust",
 "bids": [
  {
   "price": "0.001736",
   "amount": "5.71200189"
  },
  {
   "price": "0.001735",
   "amount": "242.95439734"
  },
  {
   "price": "0.001731",
   "amount": "6160"
  },
  {
   "price": "0.001718",
   "amount": "2688"
  },
  {
   "price": "0.001717",
   "amount": "4750"
  },
  {
   "price": "0.001713",
   "amount": "9840"
  },
  {
   "price": "0.001696",
   "amount": "3960"
  },
  {
   "price": "0.001691",
   "amount": "5810"
  },
  {
   "price": "0.001675",
   "amount": "5040"
  },
  {
   "price": "0.000001",
   "amount": "100000"
  }
 ],
 "asks": [
  {
   "price": "0.001737",
   "amount": "4960"
  },
  {
   "price": "0.001742",
   "amount": "3440"
  },
  {
   "price": "0.001743",
   "amount": "3400"
  },
  {
   "price": "0.001749",
   "amount": "9461.72005599"
  },
  {
   "price": "0.00175",
   "amount": "3160"
  },
  {
   "price": "0.001751",
   "amount": "4160"
  },
  {
   "price": "0.001752",
   "amount": "4040"
  },
  {
   "price": "0.001759",
   "amount": "3640"
  },
  {
   "price": "0.00176",
   "amount": "7320"
  },
  {
   "price": "0.001761",
   "amount": "2.9813651"
  },
  {
   "price": "0.001768",
   "amount": "5100"
  },
  {
   "price": "0.001771",
   "amount": "3880"
  },
  {
   "price": "0.001772",
   "amount": "4120"
  },
  {
   "price": "0.001779",
   "amount": "6720"
  },
  {
   "price": "0.001781",
   "amount": "4640"
  },
  {
   "price": "0.001783",
   "amount": "4040"
  },
  {
   "price": "0.00179",
   "amount": "15860"
  },
  {
   "price": "0.001795",
   "amount": "4320"
  },
  {
   "price": "0.001796",
   "amount": "4000"
  },
  {
   "price": "0.001799",
   "amount": "15374.28835701"
  },
  {
   "price": "0.001801",
   "amount": "6060"
  },
  {
   "price": "0.001808",
   "amount": "6200"
  },
  {
   "price": "0.001812",
   "amount": "7140"
  },
  {
   "price": "0.001818",
   "amount": "3560"
  },
  {
   "price": "0.001819",
   "amount": "4720"
  }
 ]
}