{
 "pair": "kanusd",
 "bids": [
  {
   "price": "0.001732",
   "amount": "1840"
  },
  {
   "price": "0.001731",
   "amount": "4839.99999589"
  },
  {
   "price": "0.001727",
   "amount": "4160"
  },
  {
   "price": "0.001721",
   "amount": "4340"
  },
  {
   "price": "0.001711",
   "amount": "3750"
  },
  {
   "price": "0.00169",
   "amount": "7660"
  },
  {
   "price": "0.001684",
   "amount": "1040"
  },
  {
   "price": "0.001669",
   "amount": "4410"
  },
  {
   "price": "0.001662",
   "amount": "1260"
  },
  {
   "price": "0.00029",
   "amount": "101000"
  },
  {
   "price": "0.0000845",
   "amount": "10000"
  }
 ],
 "asks": [
  {
   "price": "0.001733",
   "amount": "4400"
  },
  {
   "price": "0.001734",
   "amount": "4640.00000189"
  },
  {
   "price": "0.001743",
   "amount": "8155.12561969"
  },
  {
   "price": "0.001744",
   "amount": "920"
  },
  {
   "price": "0.001745",
   "amount": "2640"
  },
  {
   "price": "0.001746",
   "amount": "4880"
  },
  {
   "price": "0.001749",
   "amount": "3034.999037"
  },
  {
   "price": "0.00175",
   "amount": "3840"
  },
  {
   "price": "0.001752",
   "amount": "4440"
  },
  {
   "price": "0.001754",
   "amount": "6899.99999999"
  },
  {
   "price": "0.001761",
   "amount": "15060.23779473"
  },
  {
   "price": "0.001764",
   "amount": "241.24384484"
  },
  {
   "price": "0.001765",
   "amount": "7420"
  },
  {
   "price": "0.00177",
   "amount": "4920"
  },
  {
   "price": "0.001787",
   "amount": "17285.751553"
  },
  {
   "price": "0.001798",
   "amount": "6150"
  },
  {
   "price": "0.001801",
   "amount": "4880"
  },
  {
   "price": "0.001809",
   "amount": "6240"
  },
  {
   "price": "0.00181",
   "amount": "4400"
  },
  {
   "price": "0.001811",
   "amount": "13511.108345"
  },
  {
   "price": "0.00182",
   "amount": "14230"
  },
  {
   "price": "0.001821",
   "amount": "6050"
  },
  {
   "price": "0.001823",
   "amount": "14827.944797"
  },
  {
   "price": "0.001832",
   "amount": "10759.99999999"
  },
  {
   "price": "0.001834",
   "amount": "16210.182075"
  }
 ]
}