{
 "pair": "knceth",
 "bids": [
  {
   "price": "0.0015116",
   "amount": "528.77"
  },
  {
   "price": "0.0015086",
   "amount": "596.77"
  },
  {
   "price": "0.0015066",
   "amount": "131.37151865"
  },
  {
   "price": "0.0015056",
   "amount": "618.77"
  },
  {
   "price": "0.0015034",
   "amount": "1459.02495924"
  },
  {
   "price": "0.0015026",
   "amount": "591.77"
  },
  {
   "price": "0.0014996",
   "amount": "657.77"
  },
  {
   "price": "0.00092795",
   "amount": "1818.52470499"
  },
  {
   "price": "0.00092794",
   "amount": "193.97805893"
  },
  {
   "price": "0.00092788",
   "amount": "37.72039487"
  },
  {
   "price": "0.0009109",
   "amount": "5000"
  },
  {
   "price": "0.00079761",
   "amount": "10000"
  },
  {
   "price": "0.0003335",
   "amount": "11"
  },
  {
   "price": "0.00008001",
   "amount": "100"
  },
  {
   "price": "0.0000511",
   "amount": "126.85135759"
  },
  {
   "price": "0.00002024",
   "amount": "200"
  },
  {
   "price": "0.00002023",
   "amount": "4900"
  },
  {
   "price": "0.0000111",
   "amount": "670.14043475"
  },
  {
   "price": "8.9e-7",
   "amount": "10000"
  },
  {
   "price": "1.7e-7",
   "amount": "19000"
  },
  {
   "price": "1.4e-7",
   "amount": "100000"
  },
  {
   "price": "3e-8",
   "amount": "6000"
  },
  {
   "price": "2e-8",
   "amount": "10000"
  },
  {
   "price": "1e-8",
   "amount": "20000"
  }
 ],
 "asks": [
  {
   "price": "0.0015414",
   "amount": "131.70025023"
  },
  {
   "price": "0.0022979",
   "amount": "29.72311975"
  },
  {
   "price": "0.002298",
   "amount": "9250.49"
  },
  {
   "price": "0.0024",
   "amount": "105.86329213"
  },
  {
   "price": "0.003",
   "amount": "479.63397328"
  },
  {
   "price": "0.0031",
   "amount": "151"
  },
  {
   "price": "0.0062",
   "amount": "76"
  },
  {
   "price": "0.0098973",
   "amount": "29.9704995"
  },
  {
   "price": "0.0121",
   "amount": "38"
  },
  {
   "price": "0.032991",
   "amount": "14.98524975"
  },
  {
   "price": "0.1",
   "amount": "14.98524975"
  },
  {
   "price": "0.34568",
   "amount": "84.915"
  },
  {
   "price": "0.948",
   "amount": "20"
  },
  {
   "price": "1.89",
   "amount": "21"
  },
  {
   "price": "4.985",
   "amount": "23.87"
  }
 ]
}