{
 "pair": "leobtc",
 "bids": [
  {
   "price": "0.00011982",
   "amount": "3450.30934183"
  },
  {
   "price": "0.00011981",
   "amount": "3054.93090545"
  },
  {
   "price": "0.0001198",
   "amount": "2134.76627712"
  },
  {
   "price": "0.00011978",
   "amount": "198"
  },
  {
   "price": "0.00011975",
   "amount": "159"
  },
  {
   "price": "0.00011959",
   "amount": "6416.82568854"
  },
  {
   "price": "0.00011958",
   "amount": "3446.16377468"
  },
  {
   "price": "0.00011957",
   "amount": "320.06163752"
  },
  {
   "price": "0.0001195",
   "amount": "6"
  },
  {
   "price": "0.00011931",
   "amount": "2190.6668343"
  },
  {
   "price": "0.00011901",
   "amount": "4595.3263763"
  },
  {
   "price": "0.000119",
   "amount": "9764"
  },
  {
   "price": "0.0001184",
   "amount": "12831.84357912"
  },
  {
   "price": "0.00011819",
   "amount": "6"
  },
  {
   "price": "0.00011765",
   "amount": "9994"
  },
  {
   "price": "0.00011723",
   "amount": "4610.37974702"
  },
  {
   "price": "0.00011722",
   "amount": "9813"
  },
  {
   "price": "0.00011719",
   "amount": "19248.57270046"
  },
  {
   "price": "0.00011689",
   "amount": "106"
  },
  {
   "price": "0.0001156",
   "amount": "6"
  },
  {
   "price": "0.00011433",
   "amount": "6"
  },
  {
   "price": "0.00011421",
   "amount": "9868"
  },
  {
   "price": "0.00011307",
   "amount": "6"
  },
  {
   "price": "0.00011183",
   "amount": "6"
  },
  {
   "price": "0.0001106",
   "amount": "6"
  }
 ],
 "asks": [
  {
   "price": "0.00012131",
   "amount": "641.68103237"
  },
  {
   "price": "0.00012132",
   "amount": "232"
  },
  {
   "price": "0.00012135",
   "amount": "176"
  },
  {
   "price": "0.00012138",
   "amount": "184"
  },
  {
   "price": "0.00012141",
   "amount": "602.92533265"
  },
  {
   "price": "0.00012143",
   "amount": "3012.76056162"
  },
  {
   "price": "0.00012145",
   "amount": "1659.20026547"
  },
  {
   "price": "0.00012201",
   "amount": "6417.54727443"
  },
  {
   "price": "0.00012216",
   "amount": "4492.75547585"
  },
  {
   "price": "0.00012217",
   "amount": "9763"
  },
  {
   "price": "0.00012218",
   "amount": "6"
  },
  {
   "price": "0.00012325",
   "amount": "12832.13633376"
  },
  {
   "price": "0.00012345",
   "amount": "9993"
  },
  {
   "price": "0.00012354",
   "amount": "6"
  },
  {
   "price": "0.00012445",
   "amount": "19248.57270046"
  },
  {
   "price": "0.00012491",
   "amount": "6"
  },
  {
   "price": "0.00012517",
   "amount": "2567.46670631"
  },
  {
   "price": "0.00012518",
   "amount": "9812"
  },
  {
   "price": "0.0001263",
   "amount": "6"
  },
  {
   "price": "0.00012768",
   "amount": "31.39028327"
  },
  {
   "price": "0.00012769",
   "amount": "6"
  },
  {
   "price": "0.00012823",
   "amount": "9867"
  },
  {
   "price": "0.00012913",
   "amount": "6"
  },
  {
   "price": "0.00013",
   "amount": "5413.55345698"
  },
  {
   "price": "0.00013249",
   "amount": "1925.54073218"
  }
 ]
}