{
 "pair": "leoeth",
 "bids": [
  {
   "price": "0.00672",
   "amount": "1658.85621864"
  },
  {
   "price": "0.0067199",
   "amount": "2024.32578743"
  },
  {
   "price": "0.006613",
   "amount": "2998"
  },
  {
   "price": "0.0065742",
   "amount": "250.98110797"
  },
  {
   "price": "0.0065741",
   "amount": "2930"
  },
  {
   "price": "0.0065458",
   "amount": "2944"
  },
  {
   "price": "0.0064009",
   "amount": "1481"
  },
  {
   "price": "0.0060672",
   "amount": "1483"
  },
  {
   "price": "0.0053924",
   "amount": "1495"
  },
  {
   "price": "0.00502",
   "amount": "85.31741"
  },
  {
   "price": "0.004789",
   "amount": "64.669358"
  },
  {
   "price": "0.0047176",
   "amount": "1487"
  },
  {
   "price": "0.0047",
   "amount": "54.660638"
  },
  {
   "price": "0.0040428",
   "amount": "1486"
  }
 ],
 "asks": [
  {
   "price": "0.0069964",
   "amount": "2929"
  },
  {
   "price": "0.0069965",
   "amount": "1658.85621864"
  },
  {
   "price": "0.0069966",
   "amount": "36.57716528"
  },
  {
   "price": "0.0069968",
   "amount": "3616.88341718"
  },
  {
   "price": "0.007",
   "amount": "317.14285668"
  },
  {
   "price": "0.0070613",
   "amount": "31.39028327"
  },
  {
   "price": "0.0070685",
   "amount": "2997"
  },
  {
   "price": "0.0071382",
   "amount": "2943"
  },
  {
   "price": "0.0073277",
   "amount": "1480"
  },
  {
   "price": "0.0076763",
   "amount": "1482"
  },
  {
   "price": "0.007788",
   "amount": "15.55900603"
  },
  {
   "price": "0.0079",
   "amount": "775.22"
  },
  {
   "price": "0.0083736",
   "amount": "1494"
  },
  {
   "price": "0.01188",
   "amount": "133.12681295"
  },
  {
   "price": "0.014",
   "amount": "1254.472506"
  },
  {
   "price": "0.014108",
   "amount": "60.828"
  },
  {
   "price": "0.03987",
   "amount": "1574.99314402"
  },
  {
   "price": "0.044503",
   "amount": "124.519559"
  },
  {
   "price": "100",
   "amount": "10"
  }
 ]
}