{
 "pair": "leoeos",
 "bids": [
  {
   "price": "0.32975",
   "amount": "2089.10310842"
  },
  {
   "price": "0.32974",
   "amount": "1658.85621864"
  },
  {
   "price": "0.32443",
   "amount": "720.00881858"
  },
  {
   "price": "0.32442",
   "amount": "341"
  },
  {
   "price": "0.10001",
   "amount": "6.999"
  },
  {
   "price": "0.050005",
   "amount": "13.999"
  },
  {
   "price": "0.025003",
   "amount": "27.997"
  },
  {
   "price": "0.0062506",
   "amount": "111.989"
  },
  {
   "price": "0.0031253",
   "amount": "223.978"
  },
  {
   "price": "0.0015627",
   "amount": "447.964"
  }
 ],
 "asks": [
  {
   "price": "0.37182",
   "amount": "1952"
  },
  {
   "price": "0.37183",
   "amount": "1658.85621864"
  },
  {
   "price": "0.37186",
   "amount": "31.39028327"
  },
  {
   "price": "0.37929",
   "amount": "1998"
  },
  {
   "price": "0.38162",
   "amount": "1962"
  },
  {
   "price": "0.39478",
   "amount": "986"
  },
  {
   "price": "0.41356",
   "amount": "988"
  },
  {
   "price": "0.45113",
   "amount": "996"
  },
  {
   "price": "1.1",
   "amount": "200"
  },
  {
   "price": "1.2718",
   "amount": "1246.80130453"
  },
  {
   "price": "400",
   "amount": "14.87095"
  }
 ]
}