{
 "pair": "leoust",
 "bids": [
  {
   "price": "0.86006",
   "amount": "6418.0734979"
  },
  {
   "price": "0.8585",
   "amount": "641.62018736"
  },
  {
   "price": "0.85849",
   "amount": "94.79463102"
  },
  {
   "price": "0.8582",
   "amount": "274"
  },
  {
   "price": "0.858",
   "amount": "316"
  },
  {
   "price": "0.85799",
   "amount": "602.9467219"
  },
  {
   "price": "0.85713",
   "amount": "1283.18690498"
  },
  {
   "price": "0.85712",
   "amount": "1658.85621864"
  },
  {
   "price": "0.85681",
   "amount": "12832.40374717"
  },
  {
   "price": "0.85619",
   "amount": "1205.10360509"
  },
  {
   "price": "0.85607",
   "amount": "1925.42417142"
  },
  {
   "price": "0.856",
   "amount": "213.34579952"
  },
  {
   "price": "0.8531",
   "amount": "341.315755"
  },
  {
   "price": "0.85034",
   "amount": "19248.62157345"
  },
  {
   "price": "0.85016",
   "amount": "2567.23222856"
  },
  {
   "price": "0.85015",
   "amount": "9764"
  },
  {
   "price": "0.84366",
   "amount": "9994"
  },
  {
   "price": "0.83782",
   "amount": "9813"
  },
  {
   "price": "0.83117",
   "amount": "4793.54415319"
  },
  {
   "price": "0.83114",
   "amount": "31633.65011078"
  },
  {
   "price": "0.83",
   "amount": "7894.3788633"
  },
  {
   "price": "0.8295",
   "amount": "32965.63385332"
  },
  {
   "price": "0.82777",
   "amount": "3500.70736668"
  },
  {
   "price": "0.82222",
   "amount": "4200.09464434"
  },
  {
   "price": "0.82052",
   "amount": "25664.89379312"
  }
 ],
 "asks": [
  {
   "price": "0.86675",
   "amount": "6418.0734979"
  },
  {
   "price": "0.86785",
   "amount": "3462.78734206"
  },
  {
   "price": "0.86786",
   "amount": "602.87209996"
  },
  {
   "price": "0.86798",
   "amount": "6926.19956788"
  },
  {
   "price": "0.86799",
   "amount": "1205.10360509"
  },
  {
   "price": "0.86832",
   "amount": "1659.20026547"
  },
  {
   "price": "0.87",
   "amount": "6416.20663478"
  },
  {
   "price": "0.87471",
   "amount": "9763"
  },
  {
   "price": "0.87648",
   "amount": "6416.20187358"
  },
  {
   "price": "0.878",
   "amount": "100"
  },
  {
   "price": "0.87966",
   "amount": "9993"
  },
  {
   "price": "0.89144",
   "amount": "9812"
  },
  {
   "price": "0.90392",
   "amount": "31.39028327"
  },
  {
   "price": "0.90393",
   "amount": "258"
  },
  {
   "price": "0.90582",
   "amount": "365"
  },
  {
   "price": "0.90689",
   "amount": "1283.24468966"
  },
  {
   "price": "0.9088",
   "amount": "210"
  },
  {
   "price": "0.91245",
   "amount": "4933"
  },
  {
   "price": "0.91334",
   "amount": "357"
  },
  {
   "price": "0.92",
   "amount": "380.9978"
  },
  {
   "price": "0.93",
   "amount": "200"
  },
  {
   "price": "0.95008",
   "amount": "2566.48937931"
  },
  {
   "price": "0.95586",
   "amount": "4942"
  },
  {
   "price": "0.99",
   "amount": "500"
  },
  {
   "price": "0.99326",
   "amount": "3849.73406897"
  }
 ]
}