{
 "pair": "leousd",
 "bids": [
  {
   "price": "0.86673",
   "amount": "394"
  },
  {
   "price": "0.86663",
   "amount": "229.58743542"
  },
  {
   "price": "0.86502",
   "amount": "784"
  },
  {
   "price": "0.86484",
   "amount": "1137"
  },
  {
   "price": "0.86462",
   "amount": "873"
  },
  {
   "price": "0.86331",
   "amount": "6415.93239808"
  },
  {
   "price": "0.86292",
   "amount": "112.21508751"
  },
  {
   "price": "0.8628",
   "amount": "229.58743542"
  },
  {
   "price": "0.86222",
   "amount": "224.43017503"
  },
  {
   "price": "0.86129",
   "amount": "225.75036135"
  },
  {
   "price": "0.86069",
   "amount": "216.74221395"
  },
  {
   "price": "0.86059",
   "amount": "12.80040769"
  },
  {
   "price": "0.86009",
   "amount": "12832.39223472"
  },
  {
   "price": "0.86",
   "amount": "602.55450733"
  },
  {
   "price": "0.85993",
   "amount": "1205.10901466"
  },
  {
   "price": "0.85931",
   "amount": "829.42810932"
  },
  {
   "price": "0.85896",
   "amount": "229.58743542"
  },
  {
   "price": "0.85808",
   "amount": "1807.6663407"
  },
  {
   "price": "0.85799",
   "amount": "17.11892907"
  },
  {
   "price": "0.85513",
   "amount": "229.58743542"
  },
  {
   "price": "0.85374",
   "amount": "351.3950383"
  },
  {
   "price": "0.85373",
   "amount": "1976.62024293"
  },
  {
   "price": "0.85366",
   "amount": "12.90437039"
  },
  {
   "price": "0.85358",
   "amount": "19248.57266142"
  },
  {
   "price": "0.85185",
   "amount": "6"
  }
 ],
 "asks": [
  {
   "price": "0.86769",
   "amount": "7687.7364798"
  },
  {
   "price": "0.8677",
   "amount": "4908.96940186"
  },
  {
   "price": "0.86901",
   "amount": "919"
  },
  {
   "price": "0.86907",
   "amount": "52.82774352"
  },
  {
   "price": "0.8691",
   "amount": "112.17695247"
  },
  {
   "price": "0.86922",
   "amount": "857"
  },
  {
   "price": "0.8699",
   "amount": "6415.93239808"
  },
  {
   "price": "0.87119",
   "amount": "24"
  },
  {
   "price": "0.87202",
   "amount": "24"
  },
  {
   "price": "0.87314",
   "amount": "6416.19611736"
  },
  {
   "price": "0.8736",
   "amount": "7699.1188777"
  },
  {
   "price": "0.87361",
   "amount": "602.55449272"
  },
  {
   "price": "0.87368",
   "amount": "1205.10360509"
  },
  {
   "price": "0.87423",
   "amount": "829.42810932"
  },
  {
   "price": "0.8743",
   "amount": "106.62069641"
  },
  {
   "price": "0.87478",
   "amount": "24"
  },
  {
   "price": "0.87484",
   "amount": "1807.65694927"
  },
  {
   "price": "0.87592",
   "amount": "48"
  },
  {
   "price": "0.87645",
   "amount": "252.74603439"
  },
  {
   "price": "0.8777",
   "amount": "5000"
  },
  {
   "price": "0.87813",
   "amount": "135.15795668"
  },
  {
   "price": "0.87904",
   "amount": "10265.49183693"
  },
  {
   "price": "0.87905",
   "amount": "14645"
  },
  {
   "price": "0.87965",
   "amount": "6416.19088714"
  },
  {
   "price": "0.88051",
   "amount": "66"
  }
 ]
}