{
 "pair": "lrcbtc",
 "bids": [
  {
   "price": "0.00000314",
   "amount": "8078.40473343"
  },
  {
   "price": "0.00000312",
   "amount": "6911.77"
  },
  {
   "price": "0.00000311",
   "amount": "3174.6031746"
  },
  {
   "price": "0.0000031",
   "amount": "9763.77"
  },
  {
   "price": "0.00000309",
   "amount": "5225.77"
  },
  {
   "price": "0.00000307",
   "amount": "15304.77"
  },
  {
   "price": "0.00000305",
   "amount": "20725.77"
  },
  {
   "price": "0.00000295",
   "amount": "5246.71012284"
  },
  {
   "price": "0.00000262",
   "amount": "50000"
  },
  {
   "price": "0.00000125",
   "amount": "4000"
  },
  {
   "price": "0.00000112",
   "amount": "4500"
  },
  {
   "price": "0.00000111",
   "amount": "2222"
  },
  {
   "price": "0.0000011",
   "amount": "3831.9105523"
  },
  {
   "price": "6.6e-7",
   "amount": "1000"
  },
  {
   "price": "6.5e-7",
   "amount": "8000"
  },
  {
   "price": "4.2e-7",
   "amount": "13000"
  },
  {
   "price": "3.1e-7",
   "amount": "15000"
  },
  {
   "price": "1.6e-7",
   "amount": "2000"
  },
  {
   "price": "1.5e-7",
   "amount": "32000"
  },
  {
   "price": "1.1e-7",
   "amount": "52911.21072237"
  },
  {
   "price": "1e-7",
   "amount": "50000"
  },
  {
   "price": "9e-8",
   "amount": "10000"
  },
  {
   "price": "3e-8",
   "amount": "5000"
  },
  {
   "price": "2e-8",
   "amount": "300000"
  }
 ],
 "asks": [
  {
   "price": "0.00000318",
   "amount": "8312.77"
  },
  {
   "price": "0.00000319",
   "amount": "13607.3731746"
  },
  {
   "price": "0.0000032",
   "amount": "10911.77"
  },
  {
   "price": "0.00000909",
   "amount": "7853"
  },
  {
   "price": "0.00001",
   "amount": "159.84207768"
  },
  {
   "price": "0.000023",
   "amount": "90"
  },
  {
   "price": "0.00002847",
   "amount": "10000"
  },
  {
   "price": "0.00002848",
   "amount": "10000"
  },
  {
   "price": "0.00002849",
   "amount": "4500"
  },
  {
   "price": "0.0000312",
   "amount": "652.347"
  },
  {
   "price": "0.0000319",
   "amount": "15603.4019"
  },
  {
   "price": "0.000032",
   "amount": "40015.22899409"
  },
  {
   "price": "0.00004728",
   "amount": "2250"
  },
  {
   "price": "0.000052",
   "amount": "40000"
  },
  {
   "price": "0.00005395",
   "amount": "2300"
  },
  {
   "price": "0.000056",
   "amount": "299.4"
  },
  {
   "price": "0.00007388",
   "amount": "96.9"
  },
  {
   "price": "0.0000798",
   "amount": "999"
  },
  {
   "price": "0.00009046",
   "amount": "1125"
  },
  {
   "price": "0.000095",
   "amount": "99.7"
  },
  {
   "price": "0.000097",
   "amount": "40"
  },
  {
   "price": "0.000099",
   "amount": "209.79"
  },
  {
   "price": "0.0001",
   "amount": "480.46189129"
  },
  {
   "price": "0.00012",
   "amount": "0.000005"
  },
  {
   "price": "0.000146",
   "amount": "168.15746606"
  }
 ]
}