{
 "pair": "lrceth",
 "bids": [
  {
   "price": "0.00017577",
   "amount": "564.4933672"
  },
  {
   "price": "0.00017575",
   "amount": "5299.77"
  },
  {
   "price": "0.0001754",
   "amount": "8402.77"
  },
  {
   "price": "0.00017436",
   "amount": "12183.77"
  },
  {
   "price": "0.00011205",
   "amount": "1606.42570281"
  },
  {
   "price": "0.00011203",
   "amount": "15594.56234937"
  },
  {
   "price": "0.00011197",
   "amount": "312.58372778"
  },
  {
   "price": "0.000111",
   "amount": "90.60683699"
  },
  {
   "price": "0.0000506",
   "amount": "1500"
  },
  {
   "price": "0.00001113",
   "amount": "30000"
  },
  {
   "price": "0.0000111",
   "amount": "1261.97841949"
  },
  {
   "price": "0.00001021",
   "amount": "1150"
  },
  {
   "price": "0.0000102",
   "amount": "1000"
  },
  {
   "price": "0.00001",
   "amount": "50000"
  },
  {
   "price": "0.00000111",
   "amount": "18195.7083041"
  },
  {
   "price": "3.1e-7",
   "amount": "1500"
  },
  {
   "price": "1.1e-7",
   "amount": "27337.36701908"
  },
  {
   "price": "9e-8",
   "amount": "50000"
  },
  {
   "price": "3e-8",
   "amount": "6000"
  },
  {
   "price": "2e-8",
   "amount": "10000"
  },
  {
   "price": "1e-8",
   "amount": "20000"
  }
 ],
 "asks": [
  {
   "price": "0.00017956",
   "amount": "563.95217686"
  },
  {
   "price": "0.00017957",
   "amount": "304.16514432"
  },
  {
   "price": "0.00038118",
   "amount": "5454.60061689"
  },
  {
   "price": "0.00038237",
   "amount": "299.7"
  },
  {
   "price": "0.000644",
   "amount": "913.97222398"
  },
  {
   "price": "0.00064444",
   "amount": "170"
  },
  {
   "price": "0.000899",
   "amount": "1561.28020958"
  },
  {
   "price": "0.000949",
   "amount": "999"
  },
  {
   "price": "0.00095",
   "amount": "200"
  },
  {
   "price": "0.00099",
   "amount": "272.40170744"
  },
  {
   "price": "0.001",
   "amount": "399.6"
  },
  {
   "price": "0.0014",
   "amount": "79.92"
  },
  {
   "price": "0.00179",
   "amount": "294"
  },
  {
   "price": "0.0018",
   "amount": "250"
  },
  {
   "price": "0.0019",
   "amount": "249"
  },
  {
   "price": "0.094",
   "amount": "100"
  },
  {
   "price": "0.18909",
   "amount": "150"
  },
  {
   "price": "0.4909",
   "amount": "150"
  },
  {
   "price": "0.999",
   "amount": "179.04"
  },
  {
   "price": "9",
   "amount": "100"
  }
 ]
}