{
 "pair": "lrcusd",
 "bids": [
  {
   "price": "0.02114",
   "amount": "13008.5146641"
  },
  {
   "price": "0.021138",
   "amount": "8380.73385517"
  },
  {
   "price": "0.021132",
   "amount": "14196.47927314"
  },
  {
   "price": "0.021131",
   "amount": "2093.73796319"
  },
  {
   "price": "0.015101",
   "amount": "33110.88669873"
  },
  {
   "price": "0.0151",
   "amount": "300"
  },
  {
   "price": "0.0121",
   "amount": "700"
  },
  {
   "price": "0.011609",
   "amount": "200"
  },
  {
   "price": "0.004",
   "amount": "1000"
  },
  {
   "price": "0.0023854",
   "amount": "200"
  },
  {
   "price": "0.00121",
   "amount": "10000"
  },
  {
   "price": "0.00031",
   "amount": "1500"
  },
  {
   "price": "0.0001298",
   "amount": "50"
  },
  {
   "price": "0.0001",
   "amount": "1000"
  },
  {
   "price": "0.0000896",
   "amount": "7500"
  },
  {
   "price": "0.00008958",
   "amount": "10000"
  },
  {
   "price": "0.0000331",
   "amount": "15000"
  },
  {
   "price": "0.0000321",
   "amount": "50000"
  },
  {
   "price": "0.00002",
   "amount": "200000"
  },
  {
   "price": "0.00001364",
   "amount": "10000"
  },
  {
   "price": "0.0000121",
   "amount": "20000"
  },
  {
   "price": "0.00001204",
   "amount": "50000"
  },
  {
   "price": "0.00001203",
   "amount": "50000"
  },
  {
   "price": "0.00001202",
   "amount": "50000"
  },
  {
   "price": "0.00001201",
   "amount": "250000"
  }
 ],
 "asks": [
  {
   "price": "0.022999",
   "amount": "664.72705001"
  },
  {
   "price": "0.023",
   "amount": "1160.69026688"
  },
  {
   "price": "0.03",
   "amount": "670"
  },
  {
   "price": "0.034",
   "amount": "330"
  },
  {
   "price": "0.035",
   "amount": "23499.095"
  },
  {
   "price": "0.040023",
   "amount": "499.5"
  },
  {
   "price": "0.040027",
   "amount": "999"
  },
  {
   "price": "0.04046",
   "amount": "148.235616"
  },
  {
   "price": "0.055",
   "amount": "1000"
  },
  {
   "price": "0.0607",
   "amount": "250"
  },
  {
   "price": "0.067",
   "amount": "100"
  },
  {
   "price": "0.07",
   "amount": "242.201113"
  },
  {
   "price": "0.074",
   "amount": "250"
  },
  {
   "price": "0.075",
   "amount": "600"
  },
  {
   "price": "0.077931",
   "amount": "300"
  },
  {
   "price": "0.079",
   "amount": "996.999999"
  },
  {
   "price": "0.08",
   "amount": "100"
  },
  {
   "price": "0.084",
   "amount": "250"
  },
  {
   "price": "0.085",
   "amount": "100"
  },
  {
   "price": "0.087487",
   "amount": "510.981301"
  },
  {
   "price": "0.0889",
   "amount": "1921.58655728"
  },
  {
   "price": "0.09",
   "amount": "100"
  },
  {
   "price": "0.0947",
   "amount": "250"
  },
  {
   "price": "0.095",
   "amount": "600"
  },
  {
   "price": "0.098",
   "amount": "995.004"
  }
 ]
}