{
 "pair": "ltcbtc",
 "bids": [
  {
   "price": "0.0056015",
   "amount": "12"
  },
  {
   "price": "0.0056008",
   "amount": "5"
  },
  {
   "price": "0.0056007",
   "amount": "13.8159"
  },
  {
   "price": "0.0056004",
   "amount": "16.35537201"
  },
  {
   "price": "0.0055991",
   "amount": "19.10484529"
  },
  {
   "price": "0.0055986",
   "amount": "12.98263786"
  },
  {
   "price": "0.0055971",
   "amount": "4.97212647"
  },
  {
   "price": "0.0055959",
   "amount": "9.64"
  },
  {
   "price": "0.0055946",
   "amount": "8.69"
  },
  {
   "price": "0.0055934",
   "amount": "7.99"
  },
  {
   "price": "0.0055933",
   "amount": "100.71577909"
  },
  {
   "price": "0.0055932",
   "amount": "32"
  },
  {
   "price": "0.0055885",
   "amount": "141.64"
  },
  {
   "price": "0.0055884",
   "amount": "60"
  },
  {
   "price": "0.0055874",
   "amount": "60"
  },
  {
   "price": "0.0055869",
   "amount": "71.88"
  },
  {
   "price": "0.0055858",
   "amount": "31"
  },
  {
   "price": "0.005585",
   "amount": "35.68348475"
  },
  {
   "price": "0.0055843",
   "amount": "250"
  },
  {
   "price": "0.0055827",
   "amount": "47.89310203"
  },
  {
   "price": "0.00558",
   "amount": "150.23166"
  },
  {
   "price": "0.0055717",
   "amount": "19.55475094"
  },
  {
   "price": "0.0055712",
   "amount": "703.09"
  },
  {
   "price": "0.0055557",
   "amount": "3.56887937"
  },
  {
   "price": "0.0055525",
   "amount": "13.99923496"
  }
 ],
 "asks": [
  {
   "price": "0.0056055",
   "amount": "4.96364429"
  },
  {
   "price": "0.0056079",
   "amount": "5"
  },
  {
   "price": "0.005608",
   "amount": "15"
  },
  {
   "price": "0.0056082",
   "amount": "10.99"
  },
  {
   "price": "0.005609",
   "amount": "123.26"
  },
  {
   "price": "0.0056093",
   "amount": "35.68303599"
  },
  {
   "price": "0.0056094",
   "amount": "8.17"
  },
  {
   "price": "0.005611",
   "amount": "3.7"
  },
  {
   "price": "0.0056111",
   "amount": "147.15322234"
  },
  {
   "price": "0.0056119",
   "amount": "32.73060126"
  },
  {
   "price": "0.0056183",
   "amount": "111.90261032"
  },
  {
   "price": "0.0056184",
   "amount": "70.41"
  },
  {
   "price": "0.0056185",
   "amount": "26.10506599"
  },
  {
   "price": "0.005619",
   "amount": "200"
  },
  {
   "price": "0.0056215",
   "amount": "71.21"
  },
  {
   "price": "0.0056219",
   "amount": "62"
  },
  {
   "price": "0.005622",
   "amount": "35.68739872"
  },
  {
   "price": "0.0056225",
   "amount": "60"
  },
  {
   "price": "0.0056231",
   "amount": "122"
  },
  {
   "price": "0.0056246",
   "amount": "38"
  },
  {
   "price": "0.0056256",
   "amount": "250"
  },
  {
   "price": "0.0056262",
   "amount": "71.87"
  },
  {
   "price": "0.0056294",
   "amount": "3.72775329"
  },
  {
   "price": "0.00563",
   "amount": "199.37076"
  },
  {
   "price": "0.0056345",
   "amount": "20"
  }
 ]
}