{
 "pair": "ltcust",
 "bids": [
  {
   "price": "40.041",
   "amount": "19.19357306"
  },
  {
   "price": "40.04",
   "amount": "24.26076696"
  },
  {
   "price": "40.028",
   "amount": "23.90189041"
  },
  {
   "price": "40.016",
   "amount": "12.97773257"
  },
  {
   "price": "39.967",
   "amount": "20.5071146"
  },
  {
   "price": "39.966",
   "amount": "38.38686762"
  },
  {
   "price": "39.965",
   "amount": "25.30858498"
  },
  {
   "price": "39.946",
   "amount": "35.69098494"
  },
  {
   "price": "39.92",
   "amount": "57.40769479"
  },
  {
   "price": "39.919",
   "amount": "62"
  },
  {
   "price": "39.889",
   "amount": "76.7675386"
  },
  {
   "price": "39.888",
   "amount": "62"
  },
  {
   "price": "39.755",
   "amount": "55.36120086"
  },
  {
   "price": "39.735",
   "amount": "9.44"
  },
  {
   "price": "39.734",
   "amount": "4.35692438"
  },
  {
   "price": "39.671",
   "amount": "7.33978147"
  },
  {
   "price": "39.67",
   "amount": "0.62421973"
  },
  {
   "price": "39.667",
   "amount": "73.48"
  },
  {
   "price": "39.665",
   "amount": "71.8"
  },
  {
   "price": "39.663",
   "amount": "57.40769479"
  },
  {
   "price": "39.66",
   "amount": "76.61894195"
  },
  {
   "price": "39.659",
   "amount": "875.95283067"
  },
  {
   "price": "39.657",
   "amount": "5.77659353"
  },
  {
   "price": "39.644",
   "amount": "9.1607418"
  },
  {
   "price": "39.456",
   "amount": "83.05279642"
  }
 ],
 "asks": [
  {
   "price": "40.094",
   "amount": "30.16931948"
  },
  {
   "price": "40.095",
   "amount": "21.87736303"
  },
  {
   "price": "40.099",
   "amount": "35.6909582"
  },
  {
   "price": "40.113",
   "amount": "60.38815387"
  },
  {
   "price": "40.114",
   "amount": "15.39453692"
  },
  {
   "price": "40.135",
   "amount": "43.045393"
  },
  {
   "price": "40.182",
   "amount": "90.59671715"
  },
  {
   "price": "40.188",
   "amount": "9.42"
  },
  {
   "price": "40.193",
   "amount": "35.69455884"
  },
  {
   "price": "40.211",
   "amount": "62"
  },
  {
   "price": "40.217",
   "amount": "8.26674907"
  },
  {
   "price": "40.221",
   "amount": "120.68257844"
  },
  {
   "price": "40.222",
   "amount": "62"
  },
  {
   "price": "40.237",
   "amount": "4.93619122"
  },
  {
   "price": "40.301",
   "amount": "71.79"
  },
  {
   "price": "40.302",
   "amount": "7.36807052"
  },
  {
   "price": "40.359",
   "amount": "55.36120086"
  },
  {
   "price": "40.429",
   "amount": "10.79417876"
  },
  {
   "price": "40.436",
   "amount": "10.02722529"
  },
  {
   "price": "40.449",
   "amount": "0.6237525"
  },
  {
   "price": "40.635",
   "amount": "32.03802722"
  },
  {
   "price": "40.66",
   "amount": "83.05279642"
  },
  {
   "price": "40.961",
   "amount": "110.7370619"
  },
  {
   "price": "47.017",
   "amount": "37.54996726"
  },
  {
   "price": "47.817",
   "amount": "280.00617089"
  }
 ]
}