{
 "pair": "ltcusd",
 "bids": [
  {
   "price": "40.217",
   "amount": "19"
  },
  {
   "price": "40.202",
   "amount": "20.4533144"
  },
  {
   "price": "40.201",
   "amount": "9.97189929"
  },
  {
   "price": "40.199",
   "amount": "2.47641292"
  },
  {
   "price": "40.198",
   "amount": "60"
  },
  {
   "price": "40.187",
   "amount": "10"
  },
  {
   "price": "40.186",
   "amount": "23.83963259"
  },
  {
   "price": "40.182",
   "amount": "49.76067"
  },
  {
   "price": "40.18",
   "amount": "64.91"
  },
  {
   "price": "40.171",
   "amount": "7.79461641"
  },
  {
   "price": "40.17",
   "amount": "120.88476"
  },
  {
   "price": "40.16",
   "amount": "55.93"
  },
  {
   "price": "40.156",
   "amount": "25"
  },
  {
   "price": "40.147",
   "amount": "471.13619509"
  },
  {
   "price": "40.146",
   "amount": "49.81528"
  },
  {
   "price": "40.145",
   "amount": "170"
  },
  {
   "price": "40.142",
   "amount": "300"
  },
  {
   "price": "40.14",
   "amount": "180"
  },
  {
   "price": "40.135",
   "amount": "60"
  },
  {
   "price": "40.134",
   "amount": "62.81335786"
  },
  {
   "price": "40.13",
   "amount": "140"
  },
  {
   "price": "40.126",
   "amount": "16.17"
  },
  {
   "price": "40.125",
   "amount": "53.57834739"
  },
  {
   "price": "40.124",
   "amount": "100"
  },
  {
   "price": "40.122",
   "amount": "49.8387"
  }
 ],
 "asks": [
  {
   "price": "40.223",
   "amount": "5.58196847"
  },
  {
   "price": "40.24",
   "amount": "90"
  },
  {
   "price": "40.252",
   "amount": "70"
  },
  {
   "price": "40.258",
   "amount": "13.80929682"
  },
  {
   "price": "40.266",
   "amount": "166.09154194"
  },
  {
   "price": "40.267",
   "amount": "99.45300846"
  },
  {
   "price": "40.268",
   "amount": "221.46184656"
  },
  {
   "price": "40.269",
   "amount": "368.999"
  },
  {
   "price": "40.278",
   "amount": "385.55150996"
  },
  {
   "price": "40.279",
   "amount": "300"
  },
  {
   "price": "40.28",
   "amount": "21.87501391"
  },
  {
   "price": "40.283",
   "amount": "166.06949246"
  },
  {
   "price": "40.284",
   "amount": "53.57957998"
  },
  {
   "price": "40.285",
   "amount": "54.9"
  },
  {
   "price": "40.288",
   "amount": "0.4"
  },
  {
   "price": "40.293",
   "amount": "4.64273534"
  },
  {
   "price": "40.3",
   "amount": "16.16"
  },
  {
   "price": "40.301",
   "amount": "49.62892"
  },
  {
   "price": "40.302",
   "amount": "180"
  },
  {
   "price": "40.313",
   "amount": "49.67039"
  },
  {
   "price": "40.317",
   "amount": "125"
  },
  {
   "price": "40.325",
   "amount": "49.67039"
  },
  {
   "price": "40.328",
   "amount": "490.64426085"
  },
  {
   "price": "40.33",
   "amount": "5.05829688"
  },
  {
   "price": "40.331",
   "amount": "149.67039"
  }
 ]
}