{
 "pair": "lymeth",
 "bids": [
  {
   "price": "0.00000119",
   "amount": "29411.76470588"
  },
  {
   "price": "0.00000118",
   "amount": "152542.37288136"
  },
  {
   "price": "0.00000117",
   "amount": "200000"
  },
  {
   "price": "8e-7",
   "amount": "1740"
  },
  {
   "price": "5.2e-7",
   "amount": "40000"
  },
  {
   "price": "9e-8",
   "amount": "100000"
  },
  {
   "price": "3e-8",
   "amount": "31000"
  },
  {
   "price": "2e-8",
   "amount": "10000"
  }
 ],
 "asks": [
  {
   "price": "0.00004398",
   "amount": "23769.02632444"
  },
  {
   "price": "0.000044",
   "amount": "10744.121237"
  },
  {
   "price": "0.000048",
   "amount": "2513.273684"
  },
  {
   "price": "0.0000485",
   "amount": "5912"
  },
  {
   "price": "0.00005133",
   "amount": "3000"
  },
  {
   "price": "0.0000663",
   "amount": "40"
  },
  {
   "price": "0.00008202",
   "amount": "29970"
  },
  {
   "price": "0.000095",
   "amount": "49950"
  },
  {
   "price": "0.0001191",
   "amount": "998"
  },
  {
   "price": "0.00012697",
   "amount": "5000"
  },
  {
   "price": "0.000135",
   "amount": "80"
  },
  {
   "price": "0.0001467",
   "amount": "19979.99999998"
  },
  {
   "price": "0.000169",
   "amount": "1500.8"
  },
  {
   "price": "0.0001759",
   "amount": "9990"
  },
  {
   "price": "0.00022899",
   "amount": "17482"
  },
  {
   "price": "0.000231",
   "amount": "1135"
  },
  {
   "price": "0.00024851",
   "amount": "29030.21843352"
  },
  {
   "price": "0.00025",
   "amount": "600000"
  },
  {
   "price": "0.00055",
   "amount": "1000"
  },
  {
   "price": "0.00070265",
   "amount": "1000"
  },
  {
   "price": "0.001",
   "amount": "2000"
  },
  {
   "price": "0.01",
   "amount": "899.1"
  },
  {
   "price": "0.02497",
   "amount": "1234"
  },
  {
   "price": "0.0689",
   "amount": "1500"
  },
  {
   "price": "0.09438",
   "amount": "2260.9874"
  }
 ]
}