{
 "pair": "maneth",
 "bids": [
  {
   "price": "0.00058",
   "amount": "60"
  },
  {
   "price": "0.00055",
   "amount": "50"
  },
  {
   "price": "0.0004",
   "amount": "55"
  },
  {
   "price": "0.00031574",
   "amount": "570.08931399"
  },
  {
   "price": "0.00031567",
   "amount": "110.87528114"
  },
  {
   "price": "0.00031421",
   "amount": "310"
  },
  {
   "price": "0.000169",
   "amount": "600"
  },
  {
   "price": "0.000016",
   "amount": "5555"
  },
  {
   "price": "0.00000222",
   "amount": "5000"
  },
  {
   "price": "0.00000221",
   "amount": "100000"
  },
  {
   "price": "0.0000022",
   "amount": "2000"
  },
  {
   "price": "9.9e-7",
   "amount": "10000"
  }
 ],
 "asks": [
  {
   "price": "0.001",
   "amount": "504.39"
  },
  {
   "price": "0.0011099",
   "amount": "552.93886268"
  },
  {
   "price": "0.00111",
   "amount": "100"
  },
  {
   "price": "0.00113",
   "amount": "100"
  },
  {
   "price": "0.0011387",
   "amount": "4995"
  },
  {
   "price": "0.0011449",
   "amount": "50"
  },
  {
   "price": "0.001386",
   "amount": "4995"
  },
  {
   "price": "0.001449",
   "amount": "554.21402318"
  },
  {
   "price": "0.001886",
   "amount": "444.78597682"
  },
  {
   "price": "0.00999",
   "amount": "960.77456371"
  },
  {
   "price": "0.2",
   "amount": "500"
  },
  {
   "price": "0.28453",
   "amount": "100"
  },
  {
   "price": "0.64214",
   "amount": "100"
  },
  {
   "price": "0.95487",
   "amount": "149.65"
  },
  {
   "price": "366.88",
   "amount": "54.95"
  }
 ]
}