{
 "pair": "mgoeth",
 "bids": [
  {
   "price": "0.00000254",
   "amount": "13779.52755905"
  },
  {
   "price": "0.00000253",
   "amount": "71146.24505929"
  },
  {
   "price": "0.00000252",
   "amount": "61180.544207"
  },
  {
   "price": "0.0000025",
   "amount": "10000"
  },
  {
   "price": "0.0000022",
   "amount": "10000"
  },
  {
   "price": "0.000002",
   "amount": "100000"
  },
  {
   "price": "0.0000019",
   "amount": "1000"
  },
  {
   "price": "0.0000011",
   "amount": "10000"
  },
  {
   "price": "0.000001",
   "amount": "100000"
  }
 ],
 "asks": [
  {
   "price": "0.00036243",
   "amount": "2407.41991443"
  },
  {
   "price": "0.000365",
   "amount": "2000"
  },
  {
   "price": "0.0003703",
   "amount": "500"
  },
  {
   "price": "0.00039",
   "amount": "3317.52705"
  },
  {
   "price": "0.0003922",
   "amount": "3601.33387196"
  },
  {
   "price": "0.00045119",
   "amount": "293.35733266"
  },
  {
   "price": "0.0005038",
   "amount": "500"
  },
  {
   "price": "0.0005519",
   "amount": "810.688843"
  },
  {
   "price": "0.0005589",
   "amount": "500"
  },
  {
   "price": "0.00062139",
   "amount": "500"
  },
  {
   "price": "0.00074847",
   "amount": "3009.7036559"
  },
  {
   "price": "0.00091092",
   "amount": "492.99999999"
  },
  {
   "price": "0.000998",
   "amount": "221.36"
  },
  {
   "price": "0.000999",
   "amount": "128"
  },
  {
   "price": "0.0010989",
   "amount": "1348.64999999"
  },
  {
   "price": "0.001177",
   "amount": "1053.38559901"
  },
  {
   "price": "0.0015338",
   "amount": "1000"
  },
  {
   "price": "0.0017964",
   "amount": "399.6"
  },
  {
   "price": "0.0018211",
   "amount": "1548.45"
  },
  {
   "price": "0.0025819",
   "amount": "5000"
  },
  {
   "price": "0.0026",
   "amount": "999"
  },
  {
   "price": "0.0032344",
   "amount": "235.6535904"
  },
  {
   "price": "0.0033",
   "amount": "16005.691584"
  },
  {
   "price": "0.0034",
   "amount": "2000"
  },
  {
   "price": "0.0035",
   "amount": "816.01564964"
  }
 ]
}