{
 "pair": "mkrbtc",
 "bids": [
  {
   "price": "0.06397",
   "amount": "0.02"
  },
  {
   "price": "0.063527",
   "amount": "1.11068462"
  },
  {
   "price": "0.063014",
   "amount": "0.4"
  },
  {
   "price": "0.063013",
   "amount": "0.61553853"
  },
  {
   "price": "0.063012",
   "amount": "4.19671459"
  },
  {
   "price": "0.06301",
   "amount": "0.08"
  },
  {
   "price": "0.062928",
   "amount": "2.22998151"
  },
  {
   "price": "0.062642",
   "amount": "1.77"
  },
  {
   "price": "0.062439",
   "amount": "0.31264655"
  },
  {
   "price": "0.061721",
   "amount": "0.02"
  },
  {
   "price": "0.060777",
   "amount": "0.230963"
  },
  {
   "price": "0.05866",
   "amount": "0.395597"
  },
  {
   "price": "0.05775",
   "amount": "0.395597"
  },
  {
   "price": "0.054564",
   "amount": "10"
  },
  {
   "price": "0.051",
   "amount": "0.17479599"
  },
  {
   "price": "0.05",
   "amount": "0.5"
  },
  {
   "price": "0.04853",
   "amount": "0.0001996"
  },
  {
   "price": "0.04607",
   "amount": "0.1441878"
  },
  {
   "price": "0.03502",
   "amount": "5"
  },
  {
   "price": "0.0314",
   "amount": "5"
  },
  {
   "price": "0.02932",
   "amount": "0.15"
  },
  {
   "price": "0.011133",
   "amount": "0.045"
  },
  {
   "price": "0.00128",
   "amount": "2"
  },
  {
   "price": "0.00127",
   "amount": "4.1"
  },
  {
   "price": "0.00126",
   "amount": "7"
  }
 ],
 "asks": [
  {
   "price": "0.065401",
   "amount": "2.22145906"
  },
  {
   "price": "0.065407",
   "amount": "1.11327893"
  },
  {
   "price": "0.065418",
   "amount": "0.04577769"
  },
  {
   "price": "0.06542",
   "amount": "0.06"
  },
  {
   "price": "0.065456",
   "amount": "0.15092377"
  },
  {
   "price": "0.065579",
   "amount": "0.31264655"
  },
  {
   "price": "0.065587",
   "amount": "0.177"
  },
  {
   "price": "0.065718",
   "amount": "0.177"
  },
  {
   "price": "0.065981",
   "amount": "0.377"
  },
  {
   "price": "0.066377",
   "amount": "0.38"
  },
  {
   "price": "0.066378",
   "amount": "0.177"
  },
  {
   "price": "0.066777",
   "amount": "0.377"
  },
  {
   "price": "0.066894",
   "amount": "0.00504453"
  },
  {
   "price": "0.067397",
   "amount": "0.1"
  },
  {
   "price": "0.067447",
   "amount": "0.377"
  },
  {
   "price": "0.068314",
   "amount": "0.0646"
  },
  {
   "price": "0.069999",
   "amount": "4.38951205"
  },
  {
   "price": "0.07736",
   "amount": "0.1497"
  },
  {
   "price": "0.07831",
   "amount": "0.2"
  },
  {
   "price": "0.0794",
   "amount": "0.04831794"
  },
  {
   "price": "0.085111",
   "amount": "0.08"
  },
  {
   "price": "0.0852",
   "amount": "0.2"
  },
  {
   "price": "0.089",
   "amount": "0.24095"
  },
  {
   "price": "0.092",
   "amount": "0.2"
  },
  {
   "price": "0.096",
   "amount": "0.198257"
  }
 ]
}