{
 "pair": "mkrdai",
 "bids": [
  {
   "price": "447.15",
   "amount": "0.11853967"
  },
  {
   "price": "447.13",
   "amount": "0.0598"
  },
  {
   "price": "447.01",
   "amount": "0.0366"
  },
  {
   "price": "394.75",
   "amount": "0.49740342"
  },
  {
   "price": "394.74",
   "amount": "0.01996946"
  },
  {
   "price": "393.65",
   "amount": "0.0409"
  },
  {
   "price": "372.71",
   "amount": "0.01"
  },
  {
   "price": "208.45",
   "amount": "0.01"
  },
  {
   "price": "200.1",
   "amount": "0.126"
  },
  {
   "price": "200",
   "amount": "1"
  },
  {
   "price": "163.42",
   "amount": "0.01"
  },
  {
   "price": "155.99",
   "amount": "0.01"
  },
  {
   "price": "142.32",
   "amount": "0.01"
  },
  {
   "price": "101.36",
   "amount": "0.01"
  },
  {
   "price": "100",
   "amount": "1"
  },
  {
   "price": "63.47",
   "amount": "0.01"
  },
  {
   "price": "50.24",
   "amount": "0.2"
  },
  {
   "price": "50",
   "amount": "1"
  },
  {
   "price": "35",
   "amount": "0.2"
  },
  {
   "price": "20",
   "amount": "1"
  },
  {
   "price": "10",
   "amount": "1"
  },
  {
   "price": "7",
   "amount": "4"
  },
  {
   "price": "0.045",
   "amount": "10"
  },
  {
   "price": "0.00001",
   "amount": "10000"
  }
 ],
 "asks": [
  {
   "price": "479.02",
   "amount": "0.0429"
  },
  {
   "price": "479.68",
   "amount": "0.0313"
  },
  {
   "price": "514",
   "amount": "1.12786552"
  },
  {
   "price": "527.02",
   "amount": "0.0203"
  },
  {
   "price": "527.03",
   "amount": "0.0239"
  },
  {
   "price": "527.94",
   "amount": "0.0176"
  },
  {
   "price": "529.41",
   "amount": "0.0189"
  },
  {
   "price": "530.23",
   "amount": "0.0242"
  },
  {
   "price": "530.31",
   "amount": "0.0298"
  },
  {
   "price": "537.19",
   "amount": "0.0227"
  },
  {
   "price": "539.05",
   "amount": "0.0215"
  },
  {
   "price": "560",
   "amount": "0.043749"
  },
  {
   "price": "575.84",
   "amount": "0.0198"
  },
  {
   "price": "577.71",
   "amount": "0.0151"
  },
  {
   "price": "582.28",
   "amount": "0.0148"
  },
  {
   "price": "698.61",
   "amount": "0.01"
  },
  {
   "price": "739.17",
   "amount": "0.0129"
  },
  {
   "price": "742.25",
   "amount": "0.0141"
  },
  {
   "price": "760",
   "amount": "0.05"
  },
  {
   "price": "780",
   "amount": "0.05"
  },
  {
   "price": "800",
   "amount": "0.05"
  },
  {
   "price": "814.14",
   "amount": "1"
  },
  {
   "price": "839.95",
   "amount": "0.0105"
  },
  {
   "price": "851.97",
   "amount": "0.0128"
  },
  {
   "price": "874.23",
   "amount": "0.01"
  }
 ]
}