{
 "pair": "mkreth",
 "bids": [
  {
   "price": "3.576",
   "amount": "4.3608148"
  },
  {
   "price": "3.569",
   "amount": "0.0237"
  },
  {
   "price": "3.568",
   "amount": "0.0501"
  },
  {
   "price": "3.5556",
   "amount": "1.12394566"
  },
  {
   "price": "3.543",
   "amount": "0.06989271"
  },
  {
   "price": "3.5426",
   "amount": "13.4202"
  },
  {
   "price": "3.5413",
   "amount": "4.4324"
  },
  {
   "price": "3.5383",
   "amount": "0.777"
  },
  {
   "price": "3.5283",
   "amount": "0.0556189"
  },
  {
   "price": "3.5242",
   "amount": "0.777"
  },
  {
   "price": "3.517",
   "amount": "6.3808"
  },
  {
   "price": "3.5119",
   "amount": "8.3345"
  },
  {
   "price": "3.5113",
   "amount": "14.5803"
  },
  {
   "price": "3.4984",
   "amount": "4.8355"
  },
  {
   "price": "3.4925",
   "amount": "9.3677"
  },
  {
   "price": "3.4678",
   "amount": "0.48661976"
  },
  {
   "price": "3.3212",
   "amount": "3.010959"
  },
  {
   "price": "3.3211",
   "amount": "1.85978868"
  },
  {
   "price": "3.2705",
   "amount": "6.82318388"
  },
  {
   "price": "3.2693",
   "amount": "2.0723"
  },
  {
   "price": "3.2",
   "amount": "30.05625"
  },
  {
   "price": "3.1",
   "amount": "16"
  },
  {
   "price": "3.0296",
   "amount": "0.00018468"
  },
  {
   "price": "3",
   "amount": "50"
  },
  {
   "price": "2.9584",
   "amount": "0.025126"
  }
 ],
 "asks": [
  {
   "price": "3.5899",
   "amount": "0.21161945"
  },
  {
   "price": "3.59",
   "amount": "0.5"
  },
  {
   "price": "3.5911",
   "amount": "0.297"
  },
  {
   "price": "3.5923",
   "amount": "0.367"
  },
  {
   "price": "3.595",
   "amount": "0.5"
  },
  {
   "price": "3.5952",
   "amount": "0.177"
  },
  {
   "price": "3.6",
   "amount": "0.5"
  },
  {
   "price": "3.6018",
   "amount": "0.05592841"
  },
  {
   "price": "3.6024",
   "amount": "0.177"
  },
  {
   "price": "3.6114",
   "amount": "0.0323"
  },
  {
   "price": "3.6125",
   "amount": "0.0414"
  },
  {
   "price": "3.6127",
   "amount": "1.11109355"
  },
  {
   "price": "3.6169",
   "amount": "0.177"
  },
  {
   "price": "3.6241",
   "amount": "0.177"
  },
  {
   "price": "3.6256",
   "amount": "0.06"
  },
  {
   "price": "3.6386",
   "amount": "0.177"
  },
  {
   "price": "3.6459",
   "amount": "0.477"
  },
  {
   "price": "3.657",
   "amount": "4"
  },
  {
   "price": "3.6578",
   "amount": "9.4911"
  },
  {
   "price": "3.6645",
   "amount": "0.082617"
  },
  {
   "price": "3.6678",
   "amount": "0.177"
  },
  {
   "price": "3.68",
   "amount": "0.08"
  },
  {
   "price": "3.6936",
   "amount": "5.5725"
  },
  {
   "price": "3.6999",
   "amount": "4.1751"
  },
  {
   "price": "3.7352",
   "amount": "0.1"
  }
 ]
}