{
 "pair": "mkrusd",
 "bids": [
  {
   "price": "454.74",
   "amount": "0.16"
  },
  {
   "price": "454.73",
   "amount": "0.16812133"
  },
  {
   "price": "454.72",
   "amount": "1.10115365"
  },
  {
   "price": "451.48",
   "amount": "3.7377071"
  },
  {
   "price": "451.47",
   "amount": "0.66449598"
  },
  {
   "price": "444.96",
   "amount": "0.25"
  },
  {
   "price": "402.8",
   "amount": "0.027"
  },
  {
   "price": "400.01",
   "amount": "0.25"
  },
  {
   "price": "400",
   "amount": "0.1"
  },
  {
   "price": "395.63",
   "amount": "2.70960227"
  },
  {
   "price": "395",
   "amount": "0.1"
  },
  {
   "price": "390",
   "amount": "5"
  },
  {
   "price": "385",
   "amount": "0.2"
  },
  {
   "price": "382.68",
   "amount": "2.86744318"
  },
  {
   "price": "376.84",
   "amount": "0.03968475"
  },
  {
   "price": "375",
   "amount": "2.1"
  },
  {
   "price": "372.8",
   "amount": "0.02682403"
  },
  {
   "price": "369.74",
   "amount": "3.02528409"
  },
  {
   "price": "365",
   "amount": "0.1"
  },
  {
   "price": "356.79",
   "amount": "3.183125"
  },
  {
   "price": "350",
   "amount": "5.1"
  },
  {
   "price": "343.84",
   "amount": "3.34096591"
  },
  {
   "price": "333",
   "amount": "0.2"
  },
  {
   "price": "331",
   "amount": "0.9"
  },
  {
   "price": "330.89",
   "amount": "3.49880682"
  }
 ],
 "asks": [
  {
   "price": "460",
   "amount": "0.05018801"
  },
  {
   "price": "461.67",
   "amount": "1.11109355"
  },
  {
   "price": "474.77",
   "amount": "0.1"
  },
  {
   "price": "508.9",
   "amount": "0.07992"
  },
  {
   "price": "509",
   "amount": "6.3"
  },
  {
   "price": "512",
   "amount": "1.1385"
  },
  {
   "price": "594",
   "amount": "2.9"
  },
  {
   "price": "595",
   "amount": "1.38"
  },
  {
   "price": "628.67",
   "amount": "0.006"
  },
  {
   "price": "650",
   "amount": "0.158322"
  },
  {
   "price": "662.4",
   "amount": "0.006"
  },
  {
   "price": "667.58",
   "amount": "0.06148494"
  },
  {
   "price": "670.58",
   "amount": "0.06108769"
  },
  {
   "price": "676.2",
   "amount": "0.01"
  },
  {
   "price": "676.23",
   "amount": "0.06062611"
  },
  {
   "price": "688.31",
   "amount": "0.123259"
  },
  {
   "price": "692.6",
   "amount": "0.1996"
  },
  {
   "price": "698",
   "amount": "0.7"
  },
  {
   "price": "720",
   "amount": "2.99"
  },
  {
   "price": "747.4",
   "amount": "0.07457799"
  },
  {
   "price": "748",
   "amount": "1.28"
  },
  {
   "price": "750",
   "amount": "8.14"
  },
  {
   "price": "800",
   "amount": "2.28558171"
  },
  {
   "price": "804.89",
   "amount": "0.06925039"
  },
  {
   "price": "804.94",
   "amount": "0.06901051"
  }
 ]
}