{
 "pair": "mlneth",
 "bids": [
  {
   "price": "0.013371",
   "amount": "27.07956317"
  },
  {
   "price": "0.00375",
   "amount": "2.667"
  },
  {
   "price": "0.0000111",
   "amount": "2000"
  },
  {
   "price": "0.000011",
   "amount": "1000"
  },
  {
   "price": "1.9e-7",
   "amount": "100000"
  },
  {
   "price": "1.4e-7",
   "amount": "2000"
  },
  {
   "price": "1.3e-7",
   "amount": "50000"
  },
  {
   "price": "1e-8",
   "amount": "1000000"
  }
 ],
 "asks": [
  {
   "price": "0.0294",
   "amount": "5.86211033"
  },
  {
   "price": "0.03762",
   "amount": "1.498"
  },
  {
   "price": "0.05",
   "amount": "13.98"
  },
  {
   "price": "0.054",
   "amount": "1.1976"
  },
  {
   "price": "0.07295",
   "amount": "7.22832222"
  },
  {
   "price": "0.07313",
   "amount": "100"
  },
  {
   "price": "0.08507",
   "amount": "1.499"
  },
  {
   "price": "0.098",
   "amount": "2.50694246"
  },
  {
   "price": "0.10445",
   "amount": "6.61334419"
  },
  {
   "price": "0.111",
   "amount": "300"
  },
  {
   "price": "0.1325",
   "amount": "604.642885"
  },
  {
   "price": "0.1379",
   "amount": "1.498"
  },
  {
   "price": "0.14",
   "amount": "2"
  },
  {
   "price": "0.1495",
   "amount": "12.89378695"
  },
  {
   "price": "0.15",
   "amount": "5.77"
  },
  {
   "price": "0.1507",
   "amount": "200"
  },
  {
   "price": "0.177",
   "amount": "9.864114"
  },
  {
   "price": "0.19851",
   "amount": "1.499"
  },
  {
   "price": "0.2731",
   "amount": "1000"
  },
  {
   "price": "0.297",
   "amount": "25.974"
  },
  {
   "price": "9",
   "amount": "0.9"
  },
  {
   "price": "19.19",
   "amount": "0.9"
  },
  {
   "price": "24.9",
   "amount": "1.197"
  },
  {
   "price": "99",
   "amount": "2"
  }
 ]
}