{
 "pair": "mlnusd",
 "bids": [
  {
   "price": "1.33",
   "amount": "2"
  },
  {
   "price": "0.7364",
   "amount": "6.79"
  },
  {
   "price": "0.13",
   "amount": "100"
  },
  {
   "price": "0.121",
   "amount": "10"
  },
  {
   "price": "0.013",
   "amount": "1000"
  },
  {
   "price": "0.0121",
   "amount": "100"
  },
  {
   "price": "0.003",
   "amount": "10000"
  },
  {
   "price": "0.000069",
   "amount": "10000"
  },
  {
   "price": "0.00001",
   "amount": "50000"
  },
  {
   "price": "0.000001",
   "amount": "500000"
  },
  {
   "price": "1.1e-7",
   "amount": "6000000"
  },
  {
   "price": "1e-7",
   "amount": "500000"
  },
  {
   "price": "1e-8",
   "amount": "2000000"
  }
 ],
 "asks": [
  {
   "price": "3.898",
   "amount": "10.28221"
  },
  {
   "price": "3.9",
   "amount": "16.523545"
  },
  {
   "price": "5.3",
   "amount": "153.691465"
  },
  {
   "price": "5.795",
   "amount": "231.20303"
  },
  {
   "price": "7.5",
   "amount": "11.12"
  },
  {
   "price": "8.6",
   "amount": "44.134635"
  },
  {
   "price": "8.7",
   "amount": "14"
  },
  {
   "price": "10",
   "amount": "2"
  },
  {
   "price": "10.48",
   "amount": "3.19268512"
  },
  {
   "price": "12.446",
   "amount": "3.55293077"
  },
  {
   "price": "12.8",
   "amount": "17.982"
  },
  {
   "price": "13.315",
   "amount": "4.995"
  },
  {
   "price": "14.51",
   "amount": "220.661532"
  },
  {
   "price": "14.9",
   "amount": "4.4061894"
  },
  {
   "price": "15",
   "amount": "3"
  },
  {
   "price": "15.79",
   "amount": "4.83800524"
  },
  {
   "price": "16.853",
   "amount": "6"
  },
  {
   "price": "20",
   "amount": "7.24394577"
  },
  {
   "price": "21.552",
   "amount": "3"
  },
  {
   "price": "29.889",
   "amount": "67.864"
  },
  {
   "price": "30",
   "amount": "4.0419"
  },
  {
   "price": "68.496",
   "amount": "2.986"
  },
  {
   "price": "97.511",
   "amount": "1.4729728"
  },
  {
   "price": "500",
   "amount": "11.52841702"
  },
  {
   "price": "4999",
   "amount": "2"
  }
 ]
}