{
 "pair": "mnabtc",
 "bids": [
  {
   "price": "0.00000414",
   "amount": "9848.77"
  },
  {
   "price": "0.00000413",
   "amount": "9935.77"
  },
  {
   "price": "0.00000305",
   "amount": "3295.205166"
  },
  {
   "price": "0.00000228",
   "amount": "11788.20879015"
  },
  {
   "price": "0.00000218",
   "amount": "2200"
  },
  {
   "price": "0.00000214",
   "amount": "850"
  },
  {
   "price": "0.00000204",
   "amount": "5000"
  },
  {
   "price": "0.00000203",
   "amount": "914"
  },
  {
   "price": "0.00000202",
   "amount": "100000"
  },
  {
   "price": "0.00000201",
   "amount": "80"
  },
  {
   "price": "0.00000191",
   "amount": "80"
  },
  {
   "price": "0.00000181",
   "amount": "80"
  },
  {
   "price": "0.00000171",
   "amount": "80"
  },
  {
   "price": "0.00000165",
   "amount": "80"
  },
  {
   "price": "0.00000161",
   "amount": "80"
  },
  {
   "price": "0.00000151",
   "amount": "80"
  },
  {
   "price": "0.00000141",
   "amount": "80"
  },
  {
   "price": "0.00000131",
   "amount": "80"
  },
  {
   "price": "0.00000121",
   "amount": "80"
  },
  {
   "price": "0.00000111",
   "amount": "80"
  },
  {
   "price": "0.0000011",
   "amount": "6200"
  },
  {
   "price": "0.00000101",
   "amount": "80"
  },
  {
   "price": "9.1e-7",
   "amount": "80"
  },
  {
   "price": "8.1e-7",
   "amount": "80"
  },
  {
   "price": "6.1e-7",
   "amount": "900"
  }
 ],
 "asks": [
  {
   "price": "0.00000438",
   "amount": "12920.99497102"
  },
  {
   "price": "0.00000439",
   "amount": "26139.77"
  },
  {
   "price": "0.00000441",
   "amount": "8465.77"
  },
  {
   "price": "0.00000444",
   "amount": "12669.77"
  },
  {
   "price": "0.00000446",
   "amount": "7878.77"
  },
  {
   "price": "0.00000471",
   "amount": "2000"
  },
  {
   "price": "0.00000477",
   "amount": "348.7945608"
  },
  {
   "price": "0.00000488",
   "amount": "200"
  },
  {
   "price": "0.000005",
   "amount": "3056.90379424"
  },
  {
   "price": "0.00000538",
   "amount": "265.823207"
  },
  {
   "price": "0.0000054",
   "amount": "998.99"
  },
  {
   "price": "0.00000591",
   "amount": "5000"
  },
  {
   "price": "0.000006",
   "amount": "1000"
  },
  {
   "price": "0.000007",
   "amount": "1500"
  },
  {
   "price": "0.00000763",
   "amount": "999"
  },
  {
   "price": "0.00000785",
   "amount": "2497.5"
  },
  {
   "price": "0.00000797",
   "amount": "5150.3"
  },
  {
   "price": "0.000008",
   "amount": "1052.59275"
  },
  {
   "price": "0.0000082",
   "amount": "2301.86297423"
  },
  {
   "price": "0.00000826",
   "amount": "150"
  },
  {
   "price": "0.00000828",
   "amount": "5000"
  },
  {
   "price": "0.00000883",
   "amount": "600.97593582"
  },
  {
   "price": "0.00000898",
   "amount": "1500"
  },
  {
   "price": "0.000009",
   "amount": "399.6"
  },
  {
   "price": "0.00000938",
   "amount": "94"
  }
 ]
}