{
 "pair": "mnausd",
 "bids": [
  {
   "price": "0.02212",
   "amount": "12432.188065"
  },
  {
   "price": "0.02211",
   "amount": "10000"
  },
  {
   "price": "0.022",
   "amount": "2000"
  },
  {
   "price": "0.018222",
   "amount": "750"
  },
  {
   "price": "0.015102",
   "amount": "19864.91855383"
  },
  {
   "price": "0.015101",
   "amount": "22074.03483544"
  },
  {
   "price": "0.0151",
   "amount": "200"
  },
  {
   "price": "0.015075",
   "amount": "1000"
  },
  {
   "price": "0.014111",
   "amount": "750"
  },
  {
   "price": "0.013",
   "amount": "1000"
  },
  {
   "price": "0.012531",
   "amount": "10000"
  },
  {
   "price": "0.01253",
   "amount": "11000"
  },
  {
   "price": "0.0113",
   "amount": "2000"
  },
  {
   "price": "0.0112",
   "amount": "5000"
  },
  {
   "price": "0.011",
   "amount": "1900"
  },
  {
   "price": "0.01",
   "amount": "2830"
  },
  {
   "price": "0.00795",
   "amount": "629"
  },
  {
   "price": "0.0061",
   "amount": "800"
  },
  {
   "price": "0.005",
   "amount": "500"
  },
  {
   "price": "0.004",
   "amount": "500"
  },
  {
   "price": "0.003",
   "amount": "5000"
  },
  {
   "price": "0.002202",
   "amount": "10000"
  },
  {
   "price": "0.002201",
   "amount": "10000"
  },
  {
   "price": "0.00211",
   "amount": "2500"
  },
  {
   "price": "0.002",
   "amount": "10000"
  }
 ],
 "asks": [
  {
   "price": "0.033888",
   "amount": "3702.10161317"
  },
  {
   "price": "0.03389",
   "amount": "945.97496232"
  },
  {
   "price": "0.033891",
   "amount": "3835.33651468"
  },
  {
   "price": "0.0339",
   "amount": "500"
  },
  {
   "price": "0.034",
   "amount": "750.622355"
  },
  {
   "price": "0.043998",
   "amount": "119.88"
  },
  {
   "price": "0.044",
   "amount": "100"
  },
  {
   "price": "0.045606",
   "amount": "399.2"
  },
  {
   "price": "0.047",
   "amount": "591.549048"
  },
  {
   "price": "0.04751",
   "amount": "112.89"
  },
  {
   "price": "0.04837",
   "amount": "2000"
  },
  {
   "price": "0.0487",
   "amount": "1000"
  },
  {
   "price": "0.05",
   "amount": "140"
  },
  {
   "price": "0.0547",
   "amount": "500"
  },
  {
   "price": "0.0565",
   "amount": "177.18"
  },
  {
   "price": "0.057",
   "amount": "899.55"
  },
  {
   "price": "0.058166",
   "amount": "99.8"
  },
  {
   "price": "0.058167",
   "amount": "177.18"
  },
  {
   "price": "0.0587",
   "amount": "500"
  },
  {
   "price": "0.059435",
   "amount": "4415.58"
  },
  {
   "price": "0.059833",
   "amount": "177.18"
  },
  {
   "price": "0.061249",
   "amount": "49118.737752"
  },
  {
   "price": "0.06125",
   "amount": "2750"
  },
  {
   "price": "0.061255",
   "amount": "10957.8568"
  },
  {
   "price": "0.0615",
   "amount": "177.18"
  }
 ]
}