{
 "pair": "mtneth",
 "bids": [
  {
   "price": "0.000017",
   "amount": "10588.23529412"
  },
  {
   "price": "0.00000511",
   "amount": "10849.31506849"
  },
  {
   "price": "0.0000051",
   "amount": "39215.68627"
  },
  {
   "price": "0.00000501",
   "amount": "50000"
  },
  {
   "price": "0.000005",
   "amount": "10000"
  },
  {
   "price": "0.0000026",
   "amount": "5000"
  },
  {
   "price": "0.0000025",
   "amount": "88000"
  },
  {
   "price": "0.0000024",
   "amount": "4200"
  },
  {
   "price": "5.2e-7",
   "amount": "25000"
  },
  {
   "price": "5.1e-7",
   "amount": "1000"
  },
  {
   "price": "5e-7",
   "amount": "40000"
  },
  {
   "price": "5e-8",
   "amount": "90000"
  },
  {
   "price": "4e-8",
   "amount": "200000"
  },
  {
   "price": "3e-8",
   "amount": "6000"
  }
 ],
 "asks": [
  {
   "price": "0.00005195",
   "amount": "8726.78753709"
  },
  {
   "price": "0.00005197",
   "amount": "2282.90676416"
  },
  {
   "price": "0.00005214",
   "amount": "699"
  },
  {
   "price": "0.00005719",
   "amount": "1520.54766"
  },
  {
   "price": "0.0000698",
   "amount": "3680.939201"
  },
  {
   "price": "0.00007084",
   "amount": "2000"
  },
  {
   "price": "0.00009252",
   "amount": "7988.40442975"
  },
  {
   "price": "0.0001048",
   "amount": "1498.5"
  },
  {
   "price": "0.000105",
   "amount": "24975"
  },
  {
   "price": "0.0001319",
   "amount": "2000"
  },
  {
   "price": "0.000138",
   "amount": "5538.42"
  },
  {
   "price": "0.0001457",
   "amount": "10728.30596577"
  },
  {
   "price": "0.00015663",
   "amount": "519.46641197"
  },
  {
   "price": "0.00015693",
   "amount": "1710.8347497"
  },
  {
   "price": "0.000157",
   "amount": "999"
  },
  {
   "price": "0.00016",
   "amount": "999"
  },
  {
   "price": "0.00016585",
   "amount": "779.22087096"
  },
  {
   "price": "0.0001998",
   "amount": "999"
  },
  {
   "price": "0.00025",
   "amount": "998"
  },
  {
   "price": "0.0002848",
   "amount": "1998"
  },
  {
   "price": "0.0002998",
   "amount": "3646.35"
  },
  {
   "price": "0.00030245",
   "amount": "2693.038"
  },
  {
   "price": "0.00032159",
   "amount": "488.74"
  },
  {
   "price": "0.00034",
   "amount": "3953.16214415"
  },
  {
   "price": "0.00034195",
   "amount": "450"
  }
 ]
}