{
 "pair": "mtnusd",
 "bids": [
  {
   "price": "0.00216",
   "amount": "4629.62962963"
  },
  {
   "price": "0.0021",
   "amount": "6000"
  },
  {
   "price": "0.0018489",
   "amount": "500"
  },
  {
   "price": "0.00121",
   "amount": "1200"
  },
  {
   "price": "0.00101",
   "amount": "900"
  },
  {
   "price": "0.0009",
   "amount": "189800"
  },
  {
   "price": "0.00076366",
   "amount": "1000"
  },
  {
   "price": "0.00073",
   "amount": "200000"
  },
  {
   "price": "0.00072",
   "amount": "200000"
  },
  {
   "price": "0.00020727",
   "amount": "1000"
  },
  {
   "price": "0.000121",
   "amount": "112000"
  },
  {
   "price": "0.0001",
   "amount": "11000"
  },
  {
   "price": "0.00009",
   "amount": "10000"
  },
  {
   "price": "0.00008906",
   "amount": "10000"
  },
  {
   "price": "0.00004906",
   "amount": "10000"
  },
  {
   "price": "0.000041",
   "amount": "15000"
  },
  {
   "price": "0.00004",
   "amount": "530000"
  },
  {
   "price": "0.00001",
   "amount": "40000"
  },
  {
   "price": "0.000001",
   "amount": "200000"
  },
  {
   "price": "7.8e-7",
   "amount": "200000"
  },
  {
   "price": "1.1e-7",
   "amount": "800000"
  },
  {
   "price": "1e-7",
   "amount": "600000"
  },
  {
   "price": "1e-8",
   "amount": "2800000"
  }
 ],
 "asks": [
  {
   "price": "0.0035751",
   "amount": "27742.24103423"
  },
  {
   "price": "0.0035762",
   "amount": "9989.96300012"
  },
  {
   "price": "0.00358",
   "amount": "25974.09238743"
  },
  {
   "price": "0.005",
   "amount": "4667.796698"
  },
  {
   "price": "0.008",
   "amount": "7074.245977"
  },
  {
   "price": "0.0081048",
   "amount": "2484.513"
  },
  {
   "price": "0.0084745",
   "amount": "28500"
  },
  {
   "price": "0.0088",
   "amount": "2000"
  },
  {
   "price": "0.00959",
   "amount": "1759.5"
  },
  {
   "price": "0.00968",
   "amount": "3000"
  },
  {
   "price": "0.00988",
   "amount": "2020.977"
  },
  {
   "price": "0.01",
   "amount": "5594"
  },
  {
   "price": "0.012",
   "amount": "10000"
  },
  {
   "price": "0.013526",
   "amount": "7235.757"
  },
  {
   "price": "0.014",
   "amount": "3000"
  },
  {
   "price": "0.017",
   "amount": "13695.7815705"
  },
  {
   "price": "0.018",
   "amount": "10549.45"
  },
  {
   "price": "0.019",
   "amount": "20000"
  },
  {
   "price": "0.0194",
   "amount": "16000"
  },
  {
   "price": "0.0197",
   "amount": "2500"
  },
  {
   "price": "0.0198",
   "amount": "13502"
  },
  {
   "price": "0.022",
   "amount": "5274.71999001"
  },
  {
   "price": "0.024",
   "amount": "5000"
  },
  {
   "price": "0.0249",
   "amount": "10000"
  },
  {
   "price": "0.026945",
   "amount": "1000"
  }
 ]
}