{
 "pair": "ncausd",
 "bids": [
  {
   "price": "0.00070016",
   "amount": "77777"
  },
  {
   "price": "0.00070009",
   "amount": "8000"
  },
  {
   "price": "0.0007",
   "amount": "200000"
  },
  {
   "price": "0.0006",
   "amount": "200000"
  },
  {
   "price": "0.0005",
   "amount": "200000"
  },
  {
   "price": "0.000211",
   "amount": "5000"
  },
  {
   "price": "0.0001",
   "amount": "10000"
  },
  {
   "price": "0.0000121",
   "amount": "90000"
  },
  {
   "price": "0.000011",
   "amount": "53000"
  },
  {
   "price": "0.00001",
   "amount": "20000"
  },
  {
   "price": "0.00000293",
   "amount": "200000"
  },
  {
   "price": "0.0000011",
   "amount": "300000"
  },
  {
   "price": "0.000001",
   "amount": "200000"
  },
  {
   "price": "1.1e-7",
   "amount": "800000"
  },
  {
   "price": "1e-7",
   "amount": "1600000"
  },
  {
   "price": "9e-8",
   "amount": "200000"
  },
  {
   "price": "2e-8",
   "amount": "200000"
  },
  {
   "price": "1e-8",
   "amount": "1800000"
  }
 ],
 "asks": [
  {
   "price": "0.0013569",
   "amount": "8091.9"
  },
  {
   "price": "0.0014",
   "amount": "21965.013"
  },
  {
   "price": "0.001499",
   "amount": "19979"
  },
  {
   "price": "0.001675",
   "amount": "29969.99"
  },
  {
   "price": "0.0017966",
   "amount": "1990"
  },
  {
   "price": "0.002",
   "amount": "64733.828"
  },
  {
   "price": "0.0028888",
   "amount": "75024.9"
  },
  {
   "price": "0.0029",
   "amount": "130588.23529407"
  },
  {
   "price": "0.00455",
   "amount": "49887.0171877"
  },
  {
   "price": "0.00458",
   "amount": "3680.415"
  },
  {
   "price": "0.0046",
   "amount": "100000"
  },
  {
   "price": "0.0047049",
   "amount": "22976.99993506"
  },
  {
   "price": "0.00516",
   "amount": "10500.49182325"
  },
  {
   "price": "0.006",
   "amount": "6710"
  },
  {
   "price": "0.008",
   "amount": "4645.35"
  },
  {
   "price": "0.01047",
   "amount": "2387.61"
  },
  {
   "price": "0.019",
   "amount": "2161.392"
  },
  {
   "price": "0.02",
   "amount": "4985"
  },
  {
   "price": "0.0634",
   "amount": "3172.71800705"
  },
  {
   "price": "0.085",
   "amount": "1953.65"
  },
  {
   "price": "0.15841",
   "amount": "4344"
  },
  {
   "price": "0.3",
   "amount": "10000"
  },
  {
   "price": "0.4",
   "amount": "28000"
  },
  {
   "price": "0.5",
   "amount": "51949"
  },
  {
   "price": "0.56",
   "amount": "10000"
  }
 ]
}