{
 "pair": "necbtc",
 "bids": [
  {
   "price": "0.0000069",
   "amount": "23311.23960362"
  },
  {
   "price": "3.6e-7",
   "amount": "1373.626"
  },
  {
   "price": "1e-7",
   "amount": "10000"
  }
 ],
 "asks": [
  {
   "price": "0.000016",
   "amount": "199.620169"
  },
  {
   "price": "0.000017",
   "amount": "137.793413"
  },
  {
   "price": "0.000018",
   "amount": "65"
  },
  {
   "price": "0.000019",
   "amount": "66.546249"
  },
  {
   "price": "0.00002",
   "amount": "37.33246994"
  },
  {
   "price": "0.000025",
   "amount": "150822.533169"
  },
  {
   "price": "0.00002532",
   "amount": "1520.31824462"
  },
  {
   "price": "0.0000389",
   "amount": "1830.509022"
  },
  {
   "price": "0.00006",
   "amount": "686.603691"
  },
  {
   "price": "0.00007",
   "amount": "1116.09668355"
  },
  {
   "price": "0.00008",
   "amount": "611"
  },
  {
   "price": "0.000096",
   "amount": "250"
  },
  {
   "price": "0.00009995",
   "amount": "654.3382"
  },
  {
   "price": "0.00011",
   "amount": "111"
  },
  {
   "price": "0.00011899",
   "amount": "1057.95503017"
  },
  {
   "price": "0.0001268",
   "amount": "250"
  },
  {
   "price": "0.00016",
   "amount": "1547"
  },
  {
   "price": "0.00032",
   "amount": "775"
  },
  {
   "price": "0.00064",
   "amount": "350"
  },
  {
   "price": "0.00077229",
   "amount": "605.1247252"
  },
  {
   "price": "0.00128",
   "amount": "300"
  },
  {
   "price": "1",
   "amount": "250"
  }
 ]
}