{
 "pair": "neceth",
 "bids": [
  {
   "price": "0.0004533",
   "amount": "2206.0445621"
  },
  {
   "price": "0.00045327",
   "amount": "397.11430273"
  },
  {
   "price": "0.00045323",
   "amount": "3854.68486199"
  },
  {
   "price": "0.00045235",
   "amount": "77.37371504"
  },
  {
   "price": "0.0003925",
   "amount": "49"
  },
  {
   "price": "0.00038502",
   "amount": "92"
  },
  {
   "price": "0.00037",
   "amount": "180"
  },
  {
   "price": "0.000368",
   "amount": "180"
  },
  {
   "price": "0.000361",
   "amount": "250"
  },
  {
   "price": "0.00032",
   "amount": "160"
  },
  {
   "price": "0.00019",
   "amount": "11014.983025"
  },
  {
   "price": "0.0000525",
   "amount": "190.476"
  }
 ],
 "asks": [
  {
   "price": "0.0007",
   "amount": "2500"
  },
  {
   "price": "0.00072655",
   "amount": "811.27142011"
  },
  {
   "price": "0.000765",
   "amount": "222"
  },
  {
   "price": "0.00082081",
   "amount": "915"
  },
  {
   "price": "0.0008904",
   "amount": "2395.47"
  },
  {
   "price": "0.0009976",
   "amount": "49.9"
  },
  {
   "price": "0.0010121",
   "amount": "2000"
  },
  {
   "price": "0.0015",
   "amount": "111"
  },
  {
   "price": "0.001899",
   "amount": "250"
  },
  {
   "price": "0.00215",
   "amount": "500"
  },
  {
   "price": "0.002156",
   "amount": "1000"
  },
  {
   "price": "0.0025",
   "amount": "611"
  },
  {
   "price": "0.0025495",
   "amount": "1159.64393586"
  },
  {
   "price": "0.0025551",
   "amount": "1286.74492955"
  },
  {
   "price": "0.0025593",
   "amount": "1191.67477821"
  },
  {
   "price": "0.0025625",
   "amount": "1352.44080644"
  },
  {
   "price": "0.0025638",
   "amount": "1289.89258697"
  },
  {
   "price": "0.0025656",
   "amount": "1324.06593487"
  },
  {
   "price": "0.002567",
   "amount": "1187.86158234"
  },
  {
   "price": "0.0025679",
   "amount": "1315.00826971"
  },
  {
   "price": "0.0025736",
   "amount": "1208.93264503"
  },
  {
   "price": "0.0025738",
   "amount": "1157.1258521"
  },
  {
   "price": "0.002574",
   "amount": "1236.27110356"
  },
  {
   "price": "0.0025751",
   "amount": "1266.0335328"
  },
  {
   "price": "0.0025756",
   "amount": "1200.0989593"
  }
 ]
}