{
 "pair": "necusd",
 "bids": [
  {
   "price": "0.061201",
   "amount": "5000"
  },
  {
   "price": "0.0612",
   "amount": "14827.51795854"
  },
  {
   "price": "0.061",
   "amount": "936.593768"
  },
  {
   "price": "0.05911",
   "amount": "500"
  },
  {
   "price": "0.0582",
   "amount": "19951"
  },
  {
   "price": "0.05734",
   "amount": "4000"
  },
  {
   "price": "0.056666",
   "amount": "1852.717112"
  },
  {
   "price": "0.053116",
   "amount": "954.94585406"
  },
  {
   "price": "0.050962",
   "amount": "1052.27205579"
  },
  {
   "price": "0.05",
   "amount": "1158.36407404"
  },
  {
   "price": "0.0491",
   "amount": "134.150847"
  },
  {
   "price": "0.04902",
   "amount": "203.98421978"
  },
  {
   "price": "0.044232",
   "amount": "25000"
  },
  {
   "price": "0.040002",
   "amount": "300000"
  },
  {
   "price": "0.03497",
   "amount": "1700"
  },
  {
   "price": "0.03",
   "amount": "1000"
  },
  {
   "price": "0.022",
   "amount": "1000"
  },
  {
   "price": "0.011711",
   "amount": "50000"
  },
  {
   "price": "0.01",
   "amount": "2000"
  },
  {
   "price": "0.0067927",
   "amount": "50000"
  },
  {
   "price": "0.0043334",
   "amount": "50000"
  },
  {
   "price": "0.0018741",
   "amount": "100000"
  },
  {
   "price": "0.001201",
   "amount": "600000"
  },
  {
   "price": "0.001101",
   "amount": "200000"
  },
  {
   "price": "0.0011",
   "amount": "10000"
  }
 ],
 "asks": [
  {
   "price": "0.061202",
   "amount": "123"
  },
  {
   "price": "0.061318",
   "amount": "98"
  },
  {
   "price": "0.0648",
   "amount": "109"
  },
  {
   "price": "0.065599",
   "amount": "475.7142102"
  },
  {
   "price": "0.0656",
   "amount": "121.421"
  },
  {
   "price": "0.0696",
   "amount": "199.8"
  },
  {
   "price": "0.069628",
   "amount": "124497.063249"
  },
  {
   "price": "0.09",
   "amount": "320.219877"
  },
  {
   "price": "0.091412",
   "amount": "120"
  },
  {
   "price": "0.098551",
   "amount": "99.9"
  },
  {
   "price": "0.098554",
   "amount": "1120.0587"
  },
  {
   "price": "0.098555",
   "amount": "277.49614589"
  },
  {
   "price": "0.099997",
   "amount": "97000"
  },
  {
   "price": "0.1",
   "amount": "71930.61314593"
  },
  {
   "price": "0.10111",
   "amount": "13012"
  },
  {
   "price": "0.10512",
   "amount": "13012"
  },
  {
   "price": "0.10999",
   "amount": "100000"
  },
  {
   "price": "0.11",
   "amount": "16871.133812"
  },
  {
   "price": "0.11013",
   "amount": "5422"
  },
  {
   "price": "0.12014",
   "amount": "5423"
  },
  {
   "price": "0.124",
   "amount": "122000"
  },
  {
   "price": "0.12703",
   "amount": "1205.16778662"
  },
  {
   "price": "0.129",
   "amount": "2200"
  },
  {
   "price": "0.12999",
   "amount": "100000"
  },
  {
   "price": "0.13",
   "amount": "36880.60676617"
  }
 ]
}