{
 "pair": "neobtc",
 "bids": [
  {
   "price": "0.0012004",
   "amount": "45.83686528"
  },
  {
   "price": "0.0012003",
   "amount": "226.63127585"
  },
  {
   "price": "0.0012",
   "amount": "400"
  },
  {
   "price": "0.0011999",
   "amount": "120.87570715"
  },
  {
   "price": "0.0011993",
   "amount": "11.15239483"
  },
  {
   "price": "0.0011992",
   "amount": "100"
  },
  {
   "price": "0.0011991",
   "amount": "66.13597985"
  },
  {
   "price": "0.0011989",
   "amount": "18.4"
  },
  {
   "price": "0.0011987",
   "amount": "134.73517923"
  },
  {
   "price": "0.0011986",
   "amount": "187.35038772"
  },
  {
   "price": "0.0011983",
   "amount": "18.4"
  },
  {
   "price": "0.0011976",
   "amount": "249"
  },
  {
   "price": "0.0011962",
   "amount": "166.38935108"
  },
  {
   "price": "0.0011942",
   "amount": "2543.25205251"
  },
  {
   "price": "0.0011939",
   "amount": "13.62088399"
  },
  {
   "price": "0.0011928",
   "amount": "16.62510391"
  },
  {
   "price": "0.001191",
   "amount": "32.56669186"
  },
  {
   "price": "0.0011908",
   "amount": "0.25373993"
  },
  {
   "price": "0.0011896",
   "amount": "20.47986643"
  },
  {
   "price": "0.0011883",
   "amount": "222.53924093"
  },
  {
   "price": "0.0011881",
   "amount": "1988.8"
  },
  {
   "price": "0.0011872",
   "amount": "28.73430662"
  },
  {
   "price": "0.0011867",
   "amount": "2568.9"
  },
  {
   "price": "0.0011859",
   "amount": "130"
  },
  {
   "price": "0.0011851",
   "amount": "2545.3"
  }
 ],
 "asks": [
  {
   "price": "0.0012036",
   "amount": "58.82097625"
  },
  {
   "price": "0.0012037",
   "amount": "8.99569303"
  },
  {
   "price": "0.0012048",
   "amount": "166.21351246"
  },
  {
   "price": "0.0012049",
   "amount": "51.48826148"
  },
  {
   "price": "0.0012062",
   "amount": "60.43068925"
  },
  {
   "price": "0.0012066",
   "amount": "120.91102468"
  },
  {
   "price": "0.0012073",
   "amount": "24.6"
  },
  {
   "price": "0.0012074",
   "amount": "150.92373976"
  },
  {
   "price": "0.0012075",
   "amount": "290"
  },
  {
   "price": "0.0012078",
   "amount": "248.9"
  },
  {
   "price": "0.0012079",
   "amount": "400"
  },
  {
   "price": "0.001208",
   "amount": "166.16701407"
  },
  {
   "price": "0.0012084",
   "amount": "100"
  },
  {
   "price": "0.0012085",
   "amount": "1.19253667"
  },
  {
   "price": "0.0012098",
   "amount": "290"
  },
  {
   "price": "0.0012106",
   "amount": "2486.7"
  },
  {
   "price": "0.0012107",
   "amount": "166.41704111"
  },
  {
   "price": "0.0012118",
   "amount": "1.16809942"
  },
  {
   "price": "0.0012135",
   "amount": "1988.8"
  },
  {
   "price": "0.0012138",
   "amount": "2545.2"
  },
  {
   "price": "0.0012141",
   "amount": "16.62510391"
  },
  {
   "price": "0.0012145",
   "amount": "2570.19858234"
  },
  {
   "price": "0.0012147",
   "amount": "4.15731272"
  },
  {
   "price": "0.0012167",
   "amount": "17.90166792"
  },
  {
   "price": "0.0012172",
   "amount": "3318.3"
  }
 ]
}