{
 "pair": "neoeth",
 "bids": [
  {
   "price": "0.067362",
   "amount": "23.031"
  },
  {
   "price": "0.06736",
   "amount": "140"
  },
  {
   "price": "0.067358",
   "amount": "60.43221082"
  },
  {
   "price": "0.067236",
   "amount": "28.9"
  },
  {
   "price": "0.067235",
   "amount": "290"
  },
  {
   "price": "0.067184",
   "amount": "100"
  },
  {
   "price": "0.067104",
   "amount": "55.44931581"
  },
  {
   "price": "0.067097",
   "amount": "166.38935108"
  },
  {
   "price": "0.067017",
   "amount": "288.7"
  },
  {
   "price": "0.06698",
   "amount": "0.73237986"
  },
  {
   "price": "0.066899",
   "amount": "2.96296296"
  },
  {
   "price": "0.066714",
   "amount": "0.73237986"
  },
  {
   "price": "0.066593",
   "amount": "295.5"
  },
  {
   "price": "0.066449",
   "amount": "0.73237986"
  },
  {
   "price": "0.066185",
   "amount": "0.73237986"
  },
  {
   "price": "0.066145",
   "amount": "2.74563237"
  },
  {
   "price": "0.065923",
   "amount": "0.73237986"
  },
  {
   "price": "0.065662",
   "amount": "26.60684749"
  },
  {
   "price": "0.065661",
   "amount": "0.73237986"
  },
  {
   "price": "0.065616",
   "amount": "290.1"
  },
  {
   "price": "0.0654",
   "amount": "0.73237986"
  },
  {
   "price": "0.06514",
   "amount": "0.73237986"
  },
  {
   "price": "0.0651",
   "amount": "15"
  },
  {
   "price": "0.064947",
   "amount": "145.9"
  },
  {
   "price": "0.064887",
   "amount": "2.74563237"
  }
 ],
 "asks": [
  {
   "price": "0.067513",
   "amount": "28.44418"
  },
  {
   "price": "0.067515",
   "amount": "0.73237986"
  },
  {
   "price": "0.067711",
   "amount": "173.97578383"
  },
  {
   "price": "0.067712",
   "amount": "55.71612494"
  },
  {
   "price": "0.067783",
   "amount": "28.8"
  },
  {
   "price": "0.067784",
   "amount": "0.73237986"
  },
  {
   "price": "0.067802",
   "amount": "100"
  },
  {
   "price": "0.067872",
   "amount": "290"
  },
  {
   "price": "0.067882",
   "amount": "166.12613505"
  },
  {
   "price": "0.067947",
   "amount": "166.38935108"
  },
  {
   "price": "0.06795",
   "amount": "288.6"
  },
  {
   "price": "0.067953",
   "amount": "290"
  },
  {
   "price": "0.068055",
   "amount": "0.73237986"
  },
  {
   "price": "0.068202",
   "amount": "2.96384114"
  },
  {
   "price": "0.068239",
   "amount": "295.4"
  },
  {
   "price": "0.068325",
   "amount": "0.74278395"
  },
  {
   "price": "0.068326",
   "amount": "0.73237986"
  },
  {
   "price": "0.068597",
   "amount": "16.26428571"
  },
  {
   "price": "0.068598",
   "amount": "0.73237986"
  },
  {
   "price": "0.068626",
   "amount": "290"
  },
  {
   "price": "0.068659",
   "amount": "2.74563237"
  },
  {
   "price": "0.068872",
   "amount": "0.73237986"
  },
  {
   "price": "0.069146",
   "amount": "0.73237986"
  },
  {
   "price": "0.069299",
   "amount": "145.8"
  },
  {
   "price": "0.069422",
   "amount": "0.73237986"
  }
 ]
}