{
 "pair": "neoeur",
 "bids": [
  {
   "price": "7.7806",
   "amount": "13.62515805"
  },
  {
   "price": "7.7797",
   "amount": "57.46361842"
  },
  {
   "price": "7.7719",
   "amount": "49.68277816"
  },
  {
   "price": "7.7718",
   "amount": "20"
  },
  {
   "price": "7.7704",
   "amount": "400"
  },
  {
   "price": "7.7642",
   "amount": "60.42043871"
  },
  {
   "price": "7.7633",
   "amount": "329.60264285"
  },
  {
   "price": "7.763",
   "amount": "120.84087742"
  },
  {
   "price": "7.7627",
   "amount": "12.69945"
  },
  {
   "price": "7.7608",
   "amount": "50"
  },
  {
   "price": "7.7546",
   "amount": "96.4"
  },
  {
   "price": "7.753",
   "amount": "75"
  },
  {
   "price": "7.7507",
   "amount": "99.7"
  },
  {
   "price": "7.7491",
   "amount": "554.2712407"
  },
  {
   "price": "7.749",
   "amount": "57.52494596"
  },
  {
   "price": "7.7489",
   "amount": "89.8"
  },
  {
   "price": "7.7483",
   "amount": "190.09057826"
  },
  {
   "price": "7.7469",
   "amount": "100"
  },
  {
   "price": "7.7463",
   "amount": "19.31907504"
  },
  {
   "price": "7.7454",
   "amount": "560.8"
  },
  {
   "price": "7.7452",
   "amount": "100"
  },
  {
   "price": "7.7375",
   "amount": "35.08"
  },
  {
   "price": "7.7329",
   "amount": "166.32708221"
  },
  {
   "price": "7.7324",
   "amount": "83.16699933"
  },
  {
   "price": "7.7251",
   "amount": "1.28548434"
  }
 ],
 "asks": [
  {
   "price": "7.7808",
   "amount": "21.23"
  },
  {
   "price": "7.7809",
   "amount": "5.4664"
  },
  {
   "price": "7.7972",
   "amount": "180.71879792"
  },
  {
   "price": "7.7973",
   "amount": "64"
  },
  {
   "price": "7.7977",
   "amount": "284.18958137"
  },
  {
   "price": "7.8084",
   "amount": "60.43845004"
  },
  {
   "price": "7.8097",
   "amount": "597.36319087"
  },
  {
   "price": "7.8098",
   "amount": "485.50089834"
  },
  {
   "price": "7.814",
   "amount": "329.5410759"
  },
  {
   "price": "7.8141",
   "amount": "57.9581765"
  },
  {
   "price": "7.8146",
   "amount": "681.55230594"
  },
  {
   "price": "7.8155",
   "amount": "400"
  },
  {
   "price": "7.8191",
   "amount": "970.98986005"
  },
  {
   "price": "7.8205",
   "amount": "100"
  },
  {
   "price": "7.8215",
   "amount": "84.2"
  },
  {
   "price": "7.8224",
   "amount": "4.15594208"
  },
  {
   "price": "7.8249",
   "amount": "1456.53057885"
  },
  {
   "price": "7.8277",
   "amount": "1.19527927"
  },
  {
   "price": "7.8305",
   "amount": "132.06701637"
  },
  {
   "price": "7.8347",
   "amount": "2767.9"
  },
  {
   "price": "7.8375",
   "amount": "83.18775476"
  },
  {
   "price": "7.8392",
   "amount": "40"
  },
  {
   "price": "7.8401",
   "amount": "166.37550952"
  },
  {
   "price": "7.8428",
   "amount": "500"
  },
  {
   "price": "7.8494",
   "amount": "5.73075857"
  }
 ]
}