{
 "pair": "neogbp",
 "bids": [
  {
   "price": "6.6269",
   "amount": "13.62515805"
  },
  {
   "price": "6.6262",
   "amount": "57.46361842"
  },
  {
   "price": "6.6196",
   "amount": "49.68277816"
  },
  {
   "price": "6.6195",
   "amount": "20"
  },
  {
   "price": "6.6182",
   "amount": "400"
  },
  {
   "price": "6.613",
   "amount": "60.42043871"
  },
  {
   "price": "6.6122",
   "amount": "329.60264285"
  },
  {
   "price": "6.612",
   "amount": "120.84087742"
  },
  {
   "price": "6.6117",
   "amount": "12.69945"
  },
  {
   "price": "6.61",
   "amount": "50"
  },
  {
   "price": "6.6048",
   "amount": "96.4"
  },
  {
   "price": "6.6034",
   "amount": "75"
  },
  {
   "price": "6.6015",
   "amount": "99.7"
  },
  {
   "price": "6.6003",
   "amount": "100"
  },
  {
   "price": "6.6001",
   "amount": "611.79618666"
  },
  {
   "price": "6.6",
   "amount": "89.8"
  },
  {
   "price": "6.5994",
   "amount": "190.09057826"
  },
  {
   "price": "6.5977",
   "amount": "19.31907504"
  },
  {
   "price": "6.597",
   "amount": "560.8"
  },
  {
   "price": "6.5968",
   "amount": "100"
  },
  {
   "price": "6.5902",
   "amount": "35.08"
  },
  {
   "price": "6.5873",
   "amount": "83.1566255"
  },
  {
   "price": "6.5863",
   "amount": "166.32708221"
  },
  {
   "price": "6.5796",
   "amount": "1.28548434"
  },
  {
   "price": "6.5772",
   "amount": "40"
  }
 ],
 "asks": [
  {
   "price": "6.6271",
   "amount": "21.23"
  },
  {
   "price": "6.6272",
   "amount": "5.4664"
  },
  {
   "price": "6.6411",
   "amount": "180.71879792"
  },
  {
   "price": "6.6412",
   "amount": "64"
  },
  {
   "price": "6.6415",
   "amount": "284.18958137"
  },
  {
   "price": "6.6507",
   "amount": "60.43845004"
  },
  {
   "price": "6.6517",
   "amount": "597.36319087"
  },
  {
   "price": "6.6518",
   "amount": "485.50089834"
  },
  {
   "price": "6.6554",
   "amount": "329.5410759"
  },
  {
   "price": "6.6555",
   "amount": "57.9581765"
  },
  {
   "price": "6.6559",
   "amount": "681.55230594"
  },
  {
   "price": "6.6567",
   "amount": "400"
  },
  {
   "price": "6.6597",
   "amount": "970.98986005"
  },
  {
   "price": "6.661",
   "amount": "100"
  },
  {
   "price": "6.6618",
   "amount": "84.2"
  },
  {
   "price": "6.6625",
   "amount": "4.1557743"
  },
  {
   "price": "6.6646",
   "amount": "1456.53057885"
  },
  {
   "price": "6.6671",
   "amount": "1.19527927"
  },
  {
   "price": "6.6695",
   "amount": "132.06701637"
  },
  {
   "price": "6.673",
   "amount": "2767.9"
  },
  {
   "price": "6.6754",
   "amount": "83.18775476"
  },
  {
   "price": "6.6769",
   "amount": "40"
  },
  {
   "price": "6.6777",
   "amount": "166.37550952"
  },
  {
   "price": "6.6799",
   "amount": "500"
  },
  {
   "price": "6.6855",
   "amount": "5.73075857"
  }
 ]
}