{
 "pair": "neojpy",
 "bids": [
  {
   "price": "943.88",
   "amount": "4.34239501"
  },
  {
   "price": "943.87",
   "amount": "9.28276304"
  },
  {
   "price": "943.77",
   "amount": "57.46361842"
  },
  {
   "price": "942.83",
   "amount": "49.68277816"
  },
  {
   "price": "942.82",
   "amount": "20"
  },
  {
   "price": "942.64",
   "amount": "400"
  },
  {
   "price": "941.89",
   "amount": "60.42043871"
  },
  {
   "price": "941.78",
   "amount": "329.60264285"
  },
  {
   "price": "941.75",
   "amount": "120.84087742"
  },
  {
   "price": "941.71",
   "amount": "12.69945"
  },
  {
   "price": "941.47",
   "amount": "50"
  },
  {
   "price": "940.73",
   "amount": "96.4"
  },
  {
   "price": "940.53",
   "amount": "75"
  },
  {
   "price": "940.26",
   "amount": "99.7"
  },
  {
   "price": "940.06",
   "amount": "554.2712407"
  },
  {
   "price": "940.05",
   "amount": "57.52494596"
  },
  {
   "price": "940.04",
   "amount": "89.8"
  },
  {
   "price": "939.96",
   "amount": "190.09057826"
  },
  {
   "price": "939.79",
   "amount": "100"
  },
  {
   "price": "939.72",
   "amount": "19.31907504"
  },
  {
   "price": "939.61",
   "amount": "560.8"
  },
  {
   "price": "939.59",
   "amount": "100"
  },
  {
   "price": "938.65",
   "amount": "35.08"
  },
  {
   "price": "938.09",
   "amount": "166.32708221"
  },
  {
   "price": "938.04",
   "amount": "83.16699933"
  }
 ],
 "asks": [
  {
   "price": "943.9",
   "amount": "21.23"
  },
  {
   "price": "943.91",
   "amount": "5.4664"
  },
  {
   "price": "945.89",
   "amount": "180.71879792"
  },
  {
   "price": "945.9",
   "amount": "64"
  },
  {
   "price": "945.96",
   "amount": "284.18958137"
  },
  {
   "price": "947.26",
   "amount": "60.43845004"
  },
  {
   "price": "947.41",
   "amount": "597.36319087"
  },
  {
   "price": "947.42",
   "amount": "485.50089834"
  },
  {
   "price": "947.94",
   "amount": "329.5410759"
  },
  {
   "price": "947.95",
   "amount": "57.9581765"
  },
  {
   "price": "948",
   "amount": "681.55230594"
  },
  {
   "price": "948.11",
   "amount": "400"
  },
  {
   "price": "948.55",
   "amount": "970.98986005"
  },
  {
   "price": "948.72",
   "amount": "100"
  },
  {
   "price": "948.84",
   "amount": "84.2"
  },
  {
   "price": "948.95",
   "amount": "4.15594208"
  },
  {
   "price": "949.25",
   "amount": "1456.53057885"
  },
  {
   "price": "949.6",
   "amount": "1.19527927"
  },
  {
   "price": "949.94",
   "amount": "132.06701637"
  },
  {
   "price": "950.44",
   "amount": "2767.9"
  },
  {
   "price": "950.78",
   "amount": "83.18775476"
  },
  {
   "price": "950.99",
   "amount": "40"
  },
  {
   "price": "951.1",
   "amount": "166.37550952"
  },
  {
   "price": "951.42",
   "amount": "500"
  },
  {
   "price": "952.22",
   "amount": "5.73075857"
  }
 ]
}