{
 "pair": "neousd",
 "bids": [
  {
   "price": "8.6311",
   "amount": "13.6"
  },
  {
   "price": "8.631",
   "amount": "66.74638146"
  },
  {
   "price": "8.6299",
   "amount": "65.69222584"
  },
  {
   "price": "8.613",
   "amount": "49.68277816"
  },
  {
   "price": "8.6129",
   "amount": "20"
  },
  {
   "price": "8.6119",
   "amount": "329.60264285"
  },
  {
   "price": "8.6118",
   "amount": "400"
  },
  {
   "price": "8.6112",
   "amount": "12.69945"
  },
  {
   "price": "8.6092",
   "amount": "60.45885062"
  },
  {
   "price": "8.6039",
   "amount": "50"
  },
  {
   "price": "8.6015",
   "amount": "594.69000891"
  },
  {
   "price": "8.6014",
   "amount": "120.97308041"
  },
  {
   "price": "8.598",
   "amount": "85.6"
  },
  {
   "price": "8.5961",
   "amount": "57.52494596"
  },
  {
   "price": "8.596",
   "amount": "89.8"
  },
  {
   "price": "8.5953",
   "amount": "75"
  },
  {
   "price": "8.5921",
   "amount": "560.8"
  },
  {
   "price": "8.5894",
   "amount": "100"
  },
  {
   "price": "8.5867",
   "amount": "100"
  },
  {
   "price": "8.5846",
   "amount": "17.71576991"
  },
  {
   "price": "8.5743",
   "amount": "35"
  },
  {
   "price": "8.5723",
   "amount": "83.19467554"
  },
  {
   "price": "8.5709",
   "amount": "166.40319494"
  },
  {
   "price": "8.5695",
   "amount": "1.28548434"
  },
  {
   "price": "8.5663",
   "amount": "40"
  }
 ],
 "asks": [
  {
   "price": "8.6312",
   "amount": "21.23"
  },
  {
   "price": "8.6313",
   "amount": "5.4664"
  },
  {
   "price": "8.65",
   "amount": "284.18958137"
  },
  {
   "price": "8.6613",
   "amount": "180.71879792"
  },
  {
   "price": "8.6614",
   "amount": "58.9407767"
  },
  {
   "price": "8.662",
   "amount": "60.45152766"
  },
  {
   "price": "8.665",
   "amount": "429.54356607"
  },
  {
   "price": "8.6667",
   "amount": "593.57962962"
  },
  {
   "price": "8.6668",
   "amount": "120.8644208"
  },
  {
   "price": "8.6687",
   "amount": "560.7"
  },
  {
   "price": "8.6688",
   "amount": "21.37"
  },
  {
   "price": "8.6697",
   "amount": "400"
  },
  {
   "price": "8.6764",
   "amount": "84.2"
  },
  {
   "price": "8.6769",
   "amount": "4.15409284"
  },
  {
   "price": "8.6833",
   "amount": "1.19527927"
  },
  {
   "price": "8.6835",
   "amount": "83.19467554"
  },
  {
   "price": "8.6908",
   "amount": "166.38935108"
  },
  {
   "price": "8.691",
   "amount": "2767.9"
  },
  {
   "price": "8.696",
   "amount": "40"
  },
  {
   "price": "8.7",
   "amount": "500"
  },
  {
   "price": "8.7073",
   "amount": "5.73075857"
  },
  {
   "price": "8.7094",
   "amount": "1.22543486"
  },
  {
   "price": "8.711",
   "amount": "2833.1"
  },
  {
   "price": "8.7163",
   "amount": "1.97318"
  },
  {
   "price": "8.7176",
   "amount": "22"
  }
 ]
}