{
 "pair": "niousd",
 "bids": [
  {
   "price": "0.0012609",
   "amount": "2500"
  },
  {
   "price": "0.00126",
   "amount": "38456.62488"
  },
  {
   "price": "0.0012599",
   "amount": "17502.598779"
  },
  {
   "price": "0.00118",
   "amount": "82332"
  },
  {
   "price": "0.001065",
   "amount": "21692.402163"
  },
  {
   "price": "0.001051",
   "amount": "10000"
  },
  {
   "price": "0.00091",
   "amount": "5000"
  },
  {
   "price": "0.0007101",
   "amount": "6000"
  },
  {
   "price": "0.0007",
   "amount": "10000"
  },
  {
   "price": "0.0006",
   "amount": "101000"
  },
  {
   "price": "0.000555",
   "amount": "100000"
  },
  {
   "price": "0.0005303",
   "amount": "200000"
  },
  {
   "price": "0.00036022",
   "amount": "200000"
  },
  {
   "price": "0.00024644",
   "amount": "200000"
  },
  {
   "price": "0.0002",
   "amount": "1000"
  },
  {
   "price": "0.0001901",
   "amount": "30000"
  },
  {
   "price": "0.00017059",
   "amount": "200000"
  },
  {
   "price": "0.0001558",
   "amount": "10000"
  },
  {
   "price": "0.0001204",
   "amount": "38770.76818937"
  },
  {
   "price": "0.00009473",
   "amount": "200000"
  },
  {
   "price": "0.00009221",
   "amount": "1100"
  },
  {
   "price": "0.0000912",
   "amount": "2961.905701"
  },
  {
   "price": "0.00009",
   "amount": "10000"
  },
  {
   "price": "0.00005162",
   "amount": "200000"
  },
  {
   "price": "0.00004",
   "amount": "25000"
  }
 ],
 "asks": [
  {
   "price": "0.00284",
   "amount": "100368.18195039"
  },
  {
   "price": "0.003",
   "amount": "63707.56"
  },
  {
   "price": "0.00309",
   "amount": "8025.39315"
  },
  {
   "price": "0.0038",
   "amount": "7104"
  },
  {
   "price": "0.0045",
   "amount": "22457.068246"
  },
  {
   "price": "0.0053799",
   "amount": "2555.888739"
  },
  {
   "price": "0.0059128",
   "amount": "15477.29287511"
  },
  {
   "price": "0.0064947",
   "amount": "16611.91975088"
  },
  {
   "price": "0.0070262",
   "amount": "8644.99102618"
  },
  {
   "price": "0.0077759",
   "amount": "12794.10014311"
  },
  {
   "price": "0.0082727",
   "amount": "15131.89472822"
  },
  {
   "price": "0.0088263",
   "amount": "19720.16652577"
  },
  {
   "price": "0.0089",
   "amount": "2520.576118"
  },
  {
   "price": "0.0092736",
   "amount": "18577.23499241"
  },
  {
   "price": "0.009579",
   "amount": "50526.22847908"
  },
  {
   "price": "0.0096",
   "amount": "613.720241"
  },
  {
   "price": "0.0099643",
   "amount": "47008.18062135"
  },
  {
   "price": "0.01",
   "amount": "799.2"
  },
  {
   "price": "0.0105",
   "amount": "8272.45136123"
  },
  {
   "price": "0.01097",
   "amount": "8472.7258908"
  },
  {
   "price": "0.011",
   "amount": "426.65096251"
  },
  {
   "price": "0.011448",
   "amount": "8844.43004097"
  },
  {
   "price": "0.011852",
   "amount": "5049.26860769"
  },
  {
   "price": "0.012414",
   "amount": "3124.51594945"
  },
  {
   "price": "0.013351",
   "amount": "2547.6871159"
  }
 ]
}