{
 "pair": "odebtc",
 "bids": [
  {
   "price": "0.00000634",
   "amount": "122.48"
  },
  {
   "price": "0.00000631",
   "amount": "148.88"
  },
  {
   "price": "0.00000625",
   "amount": "187.36"
  },
  {
   "price": "0.000005",
   "amount": "24534.13519407"
  },
  {
   "price": "0.00000483",
   "amount": "215.01242236"
  },
  {
   "price": "0.00000292",
   "amount": "20995.60761721"
  },
  {
   "price": "0.00000251",
   "amount": "480"
  },
  {
   "price": "0.000002",
   "amount": "2500"
  },
  {
   "price": "0.00000182",
   "amount": "40000"
  },
  {
   "price": "0.000001",
   "amount": "5000"
  },
  {
   "price": "5.5e-7",
   "amount": "40000"
  },
  {
   "price": "5.4e-7",
   "amount": "136379.0653593"
  },
  {
   "price": "5e-7",
   "amount": "10000"
  },
  {
   "price": "3.9e-7",
   "amount": "10000"
  },
  {
   "price": "2.4e-7",
   "amount": "197848.04700321"
  },
  {
   "price": "2e-7",
   "amount": "25000"
  },
  {
   "price": "1.5e-7",
   "amount": "197102.39393652"
  },
  {
   "price": "1e-7",
   "amount": "50000"
  },
  {
   "price": "9e-8",
   "amount": "206644.44478275"
  },
  {
   "price": "5e-8",
   "amount": "100000"
  }
 ],
 "asks": [
  {
   "price": "0.00000644",
   "amount": "149.43"
  },
  {
   "price": "0.00000647",
   "amount": "509.33437501"
  },
  {
   "price": "0.00000675",
   "amount": "119.21"
  },
  {
   "price": "0.00000684",
   "amount": "184.76"
  },
  {
   "price": "0.00000899",
   "amount": "542.67480671"
  },
  {
   "price": "0.000009",
   "amount": "1997.4"
  },
  {
   "price": "0.0000091",
   "amount": "411.74276508"
  },
  {
   "price": "0.000013",
   "amount": "110"
  },
  {
   "price": "0.00001653",
   "amount": "318.23917789"
  },
  {
   "price": "0.00002235",
   "amount": "772.7136054"
  },
  {
   "price": "0.00002329",
   "amount": "1886.18846867"
  },
  {
   "price": "0.00002488",
   "amount": "1575.43917917"
  },
  {
   "price": "0.00002697",
   "amount": "1250.85378697"
  },
  {
   "price": "0.00002935",
   "amount": "129.938497"
  },
  {
   "price": "0.0000369",
   "amount": "500"
  },
  {
   "price": "0.0000375",
   "amount": "200"
  },
  {
   "price": "0.00004",
   "amount": "18500"
  },
  {
   "price": "0.00004684",
   "amount": "240"
  },
  {
   "price": "0.000048",
   "amount": "1200.577397"
  },
  {
   "price": "0.00005682",
   "amount": "99.9"
  },
  {
   "price": "0.000058",
   "amount": "693.05187937"
  },
  {
   "price": "0.00006",
   "amount": "343.89576"
  },
  {
   "price": "0.0000644",
   "amount": "121.5065879"
  },
  {
   "price": "0.00007",
   "amount": "162.53850569"
  },
  {
   "price": "0.00007345",
   "amount": "158.481324"
  }
 ]
}