{
 "pair": "odeusd",
 "bids": [
  {
   "price": "0.04645",
   "amount": "4.03597987"
  },
  {
   "price": "0.04546",
   "amount": "144.45"
  },
  {
   "price": "0.04476",
   "amount": "178.14"
  },
  {
   "price": "0.0444",
   "amount": "109"
  },
  {
   "price": "0.04355",
   "amount": "6000"
  },
  {
   "price": "0.0435",
   "amount": "5059.299192"
  },
  {
   "price": "0.043351",
   "amount": "1484.1530662"
  },
  {
   "price": "0.0418",
   "amount": "5945.238725"
  },
  {
   "price": "0.041",
   "amount": "40"
  },
  {
   "price": "0.040044",
   "amount": "651"
  },
  {
   "price": "0.04001",
   "amount": "6000"
  },
  {
   "price": "0.04",
   "amount": "5000"
  },
  {
   "price": "0.0385",
   "amount": "7533.349898"
  },
  {
   "price": "0.037758",
   "amount": "529.67770965"
  },
  {
   "price": "0.03684",
   "amount": "271.4277998"
  },
  {
   "price": "0.03347",
   "amount": "1200"
  },
  {
   "price": "0.0314",
   "amount": "67000"
  },
  {
   "price": "0.0305",
   "amount": "98081.9688457"
  },
  {
   "price": "0.0223",
   "amount": "100000"
  },
  {
   "price": "0.0221",
   "amount": "650"
  },
  {
   "price": "0.02112",
   "amount": "86"
  },
  {
   "price": "0.02069",
   "amount": "151.47811648"
  },
  {
   "price": "0.01993",
   "amount": "752.63195394"
  },
  {
   "price": "0.011",
   "amount": "2000"
  },
  {
   "price": "0.0050772",
   "amount": "100"
  }
 ],
 "asks": [
  {
   "price": "0.04829",
   "amount": "130.91"
  },
  {
   "price": "0.04899",
   "amount": "174.15"
  },
  {
   "price": "0.04998",
   "amount": "899.1"
  },
  {
   "price": "0.058",
   "amount": "250"
  },
  {
   "price": "0.064",
   "amount": "13733.092525"
  },
  {
   "price": "0.067399",
   "amount": "814.00814002"
  },
  {
   "price": "0.0674",
   "amount": "3000"
  },
  {
   "price": "0.068971",
   "amount": "1500"
  },
  {
   "price": "0.07",
   "amount": "1084.892414"
  },
  {
   "price": "0.0713",
   "amount": "130"
  },
  {
   "price": "0.0758",
   "amount": "2510"
  },
  {
   "price": "0.078",
   "amount": "7165.388493"
  },
  {
   "price": "0.079224",
   "amount": "416.48112465"
  },
  {
   "price": "0.0812",
   "amount": "3000.504154"
  },
  {
   "price": "0.082",
   "amount": "649.38497357"
  },
  {
   "price": "0.082782",
   "amount": "100"
  },
  {
   "price": "0.085",
   "amount": "9544.94836512"
  },
  {
   "price": "0.091151",
   "amount": "3883.59"
  },
  {
   "price": "0.0919",
   "amount": "799.2"
  },
  {
   "price": "0.095",
   "amount": "9514.94836512"
  },
  {
   "price": "0.09535",
   "amount": "209.79"
  },
  {
   "price": "0.1035",
   "amount": "7376.468191"
  },
  {
   "price": "0.1036",
   "amount": "6607.935593"
  },
  {
   "price": "0.1055",
   "amount": "2250.029353"
  },
  {
   "price": "0.10752",
   "amount": "499.5"
  }
 ]
}