{
 "pair": "omgbtc",
 "bids": [
  {
   "price": "0.00008871",
   "amount": "902.24642665"
  },
  {
   "price": "0.0000887",
   "amount": "313.00118227"
  },
  {
   "price": "0.00008869",
   "amount": "1500"
  },
  {
   "price": "0.00008868",
   "amount": "268"
  },
  {
   "price": "0.00008863",
   "amount": "4749.95946059"
  },
  {
   "price": "0.00008845",
   "amount": "252.6681"
  },
  {
   "price": "0.00008829",
   "amount": "724"
  },
  {
   "price": "0.00008828",
   "amount": "424.6688"
  },
  {
   "price": "0.0000881",
   "amount": "573.0195"
  },
  {
   "price": "0.00008806",
   "amount": "287.36876643"
  },
  {
   "price": "0.00008805",
   "amount": "225.22522523"
  },
  {
   "price": "0.00008804",
   "amount": "1420.77"
  },
  {
   "price": "0.00008802",
   "amount": "7227"
  },
  {
   "price": "0.00008792",
   "amount": "447.19987261"
  },
  {
   "price": "0.00008789",
   "amount": "7397"
  },
  {
   "price": "0.00008788",
   "amount": "43600"
  },
  {
   "price": "0.00008782",
   "amount": "4511.16338917"
  },
  {
   "price": "0.00008769",
   "amount": "514.77"
  },
  {
   "price": "0.00008753",
   "amount": "57.12023526"
  },
  {
   "price": "0.00008725",
   "amount": "33.57042279"
  },
  {
   "price": "0.00008672",
   "amount": "7262"
  },
  {
   "price": "0.0000856",
   "amount": "3652"
  },
  {
   "price": "0.00008426",
   "amount": "538"
  },
  {
   "price": "0.00008381",
   "amount": "3658"
  },
  {
   "price": "0.00008249",
   "amount": "3688"
  }
 ],
 "asks": [
  {
   "price": "0.00008909",
   "amount": "152.93615362"
  },
  {
   "price": "0.0000891",
   "amount": "313.18828158"
  },
  {
   "price": "0.00008913",
   "amount": "1000"
  },
  {
   "price": "0.00008914",
   "amount": "622.96196126"
  },
  {
   "price": "0.00008916",
   "amount": "284"
  },
  {
   "price": "0.00008918",
   "amount": "217"
  },
  {
   "price": "0.00008924",
   "amount": "56.58669082"
  },
  {
   "price": "0.00008929",
   "amount": "299.86577806"
  },
  {
   "price": "0.00008938",
   "amount": "4207.90623953"
  },
  {
   "price": "0.00008939",
   "amount": "814.43109408"
  },
  {
   "price": "0.0000894",
   "amount": "1500"
  },
  {
   "price": "0.00008941",
   "amount": "360.4796"
  },
  {
   "price": "0.00008953",
   "amount": "1628.62269213"
  },
  {
   "price": "0.00008955",
   "amount": "2443.04034104"
  },
  {
   "price": "0.0000896",
   "amount": "401.0609"
  },
  {
   "price": "0.00008961",
   "amount": "723"
  },
  {
   "price": "0.00008963",
   "amount": "492.77"
  },
  {
   "price": "0.00008973",
   "amount": "7226"
  },
  {
   "price": "0.0000898",
   "amount": "573.2389"
  },
  {
   "price": "0.00008981",
   "amount": "1427.77"
  },
  {
   "price": "0.00008995",
   "amount": "225.47914318"
  },
  {
   "price": "0.00008999",
   "amount": "728.77"
  },
  {
   "price": "0.00009014",
   "amount": "0.00040897"
  },
  {
   "price": "0.00009017",
   "amount": "1500"
  },
  {
   "price": "0.0000903",
   "amount": "7396"
  }
 ]
}