{
 "pair": "omgdai",
 "bids": [
  {
   "price": "0.45699",
   "amount": "308.54149061"
  },
  {
   "price": "0.45697",
   "amount": "9.5093317"
  },
  {
   "price": "0.42569",
   "amount": "61.6"
  },
  {
   "price": "0.0005",
   "amount": "2999"
  },
  {
   "price": "0.0004",
   "amount": "13400"
  }
 ],
 "asks": [
  {
   "price": "1.64",
   "amount": "355.98961047"
  },
  {
   "price": "1.6408",
   "amount": "17.8"
  },
  {
   "price": "1.6412",
   "amount": "213.61569265"
  },
  {
   "price": "2.2484",
   "amount": "400"
  },
  {
   "price": "2.7858",
   "amount": "2"
  },
  {
   "price": "27.858",
   "amount": "2"
  },
  {
   "price": "41.65",
   "amount": "10"
  },
  {
   "price": "41.653",
   "amount": "7.08136155"
  },
  {
   "price": "89",
   "amount": "5"
  },
  {
   "price": "278.58",
   "amount": "2"
  },
  {
   "price": "333.33",
   "amount": "5"
  },
  {
   "price": "10000",
   "amount": "5"
  },
  {
   "price": "100000",
   "amount": "5"
  }
 ]
}