{
 "pair": "omgeth",
 "bids": [
  {
   "price": "0.0049406",
   "amount": "351.84660528"
  },
  {
   "price": "0.0049405",
   "amount": "814.29363282"
  },
  {
   "price": "0.0049205",
   "amount": "608.44806995"
  },
  {
   "price": "0.0049204",
   "amount": "43600"
  },
  {
   "price": "0.0049135",
   "amount": "394.77"
  },
  {
   "price": "0.0047448",
   "amount": "368.20494436"
  },
  {
   "price": "0.0047447",
   "amount": "8"
  },
  {
   "price": "0.004675",
   "amount": "23.695"
  },
  {
   "price": "0.0046305",
   "amount": "2000"
  },
  {
   "price": "0.0045001",
   "amount": "39.99902225"
  },
  {
   "price": "0.0045",
   "amount": "200"
  },
  {
   "price": "0.004302",
   "amount": "4000"
  },
  {
   "price": "0.004249",
   "amount": "38"
  },
  {
   "price": "0.004003",
   "amount": "1"
  },
  {
   "price": "0.0036",
   "amount": "100"
  },
  {
   "price": "0.003311",
   "amount": "1"
  },
  {
   "price": "0.0031213",
   "amount": "2"
  },
  {
   "price": "0.0031",
   "amount": "386.6"
  },
  {
   "price": "0.002733",
   "amount": "3"
  },
  {
   "price": "0.0027",
   "amount": "2"
  },
  {
   "price": "0.002514",
   "amount": "14.9495634"
  },
  {
   "price": "0.002511",
   "amount": "18.61416622"
  },
  {
   "price": "0.0021",
   "amount": "11"
  },
  {
   "price": "0.00205",
   "amount": "4"
  },
  {
   "price": "0.00201",
   "amount": "2"
  }
 ],
 "asks": [
  {
   "price": "0.0050341",
   "amount": "1138.29363282"
  },
  {
   "price": "0.0050343",
   "amount": "310.38938"
  },
  {
   "price": "0.0050368",
   "amount": "299.19092547"
  },
  {
   "price": "0.0050373",
   "amount": "40.12036108"
  },
  {
   "price": "0.0051935",
   "amount": "10.00458667"
  },
  {
   "price": "0.0051936",
   "amount": "68.50799999"
  },
  {
   "price": "0.0052486",
   "amount": "59.59037266"
  },
  {
   "price": "0.005249",
   "amount": "35"
  },
  {
   "price": "0.005497",
   "amount": "30"
  },
  {
   "price": "0.0055",
   "amount": "20"
  },
  {
   "price": "0.005598",
   "amount": "13.78248019"
  },
  {
   "price": "0.005599",
   "amount": "50"
  },
  {
   "price": "0.0056",
   "amount": "50"
  },
  {
   "price": "0.005897",
   "amount": "25"
  },
  {
   "price": "0.005985",
   "amount": "150.85"
  },
  {
   "price": "0.0059999",
   "amount": "50"
  },
  {
   "price": "0.006",
   "amount": "49.95"
  },
  {
   "price": "0.006089",
   "amount": "400"
  },
  {
   "price": "0.006297",
   "amount": "23"
  },
  {
   "price": "0.006488",
   "amount": "65.974434"
  },
  {
   "price": "0.0064999",
   "amount": "26171.70044636"
  },
  {
   "price": "0.0065",
   "amount": "50"
  },
  {
   "price": "0.00655",
   "amount": "4"
  },
  {
   "price": "0.0066267",
   "amount": "1000"
  },
  {
   "price": "0.0067",
   "amount": "91.279667"
  }
 ]
}