{
 "pair": "omgusd",
 "bids": [
  {
   "price": "0.63714",
   "amount": "740.13885507"
  },
  {
   "price": "0.63713",
   "amount": "318.43074333"
  },
  {
   "price": "0.6371",
   "amount": "313.25547608"
  },
  {
   "price": "0.63704",
   "amount": "251"
  },
  {
   "price": "0.63686",
   "amount": "363"
  },
  {
   "price": "0.63664",
   "amount": "360"
  },
  {
   "price": "0.63574",
   "amount": "5131.20391985"
  },
  {
   "price": "0.63573",
   "amount": "1500"
  },
  {
   "price": "0.63415",
   "amount": "2383"
  },
  {
   "price": "0.63414",
   "amount": "1628.6228051"
  },
  {
   "price": "0.6309",
   "amount": "23786"
  },
  {
   "price": "0.63008",
   "amount": "43600"
  },
  {
   "price": "0.63007",
   "amount": "476.13757202"
  },
  {
   "price": "0.63002",
   "amount": "1000"
  },
  {
   "price": "0.63",
   "amount": "8.1"
  },
  {
   "price": "0.62862",
   "amount": "2684.45165601"
  },
  {
   "price": "0.62861",
   "amount": "12173"
  },
  {
   "price": "0.62828",
   "amount": "90.31950075"
  },
  {
   "price": "0.62801",
   "amount": "1000"
  },
  {
   "price": "0.6279",
   "amount": "1500"
  },
  {
   "price": "0.62724",
   "amount": "88.32288401"
  },
  {
   "price": "0.62658",
   "amount": "319.19387898"
  },
  {
   "price": "0.62655",
   "amount": "117.76384535"
  },
  {
   "price": "0.62586",
   "amount": "97.25705329"
  },
  {
   "price": "0.62501",
   "amount": "11952"
  }
 ],
 "asks": [
  {
   "price": "0.6396",
   "amount": "313.41918756"
  },
  {
   "price": "0.64035",
   "amount": "506.38660556"
  },
  {
   "price": "0.64129",
   "amount": "1500"
  },
  {
   "price": "0.64139",
   "amount": "814.29369617"
  },
  {
   "price": "0.64219",
   "amount": "301.74198167"
  },
  {
   "price": "0.64291",
   "amount": "4347.97667516"
  },
  {
   "price": "0.64292",
   "amount": "2382"
  },
  {
   "price": "0.64293",
   "amount": "1629.04426855"
  },
  {
   "price": "0.64296",
   "amount": "2442.84911888"
  },
  {
   "price": "0.64654",
   "amount": "23785"
  },
  {
   "price": "0.64655",
   "amount": "70.4648061"
  },
  {
   "price": "0.64761",
   "amount": "12172"
  },
  {
   "price": "0.6483",
   "amount": "1500"
  },
  {
   "price": "0.64862",
   "amount": "297.09263015"
  },
  {
   "price": "0.65069",
   "amount": "327.92427316"
  },
  {
   "price": "0.65081",
   "amount": "11951"
  },
  {
   "price": "0.65179",
   "amount": "12019"
  },
  {
   "price": "0.65189",
   "amount": "312.93517548"
  },
  {
   "price": "0.65275",
   "amount": "43600"
  },
  {
   "price": "0.65276",
   "amount": "358.75591616"
  },
  {
   "price": "0.65483",
   "amount": "389.58755916"
  },
  {
   "price": "0.65536",
   "amount": "12039"
  },
  {
   "price": "0.65558",
   "amount": "10"
  },
  {
   "price": "0.65619",
   "amount": "1000"
  },
  {
   "price": "0.65689",
   "amount": "68.50799999"
  }
 ]
}