{
 "pair": "omnbtc",
 "bids": [
  {
   "price": "0.00030523",
   "amount": "13.45677683"
  },
  {
   "price": "0.000303",
   "amount": "50.634686"
  },
  {
   "price": "0.00019382",
   "amount": "508.38863216"
  },
  {
   "price": "0.00019",
   "amount": "104.94736842"
  },
  {
   "price": "0.00015576",
   "amount": "538.94818509"
  },
  {
   "price": "0.0001521",
   "amount": "30.73387422"
  },
  {
   "price": "0.00010146",
   "amount": "717.87091343"
  },
  {
   "price": "0.0001",
   "amount": "200"
  },
  {
   "price": "0.00004391",
   "amount": "2157.32535294"
  },
  {
   "price": "0.0000333",
   "amount": "34"
  },
  {
   "price": "0.00003328",
   "amount": "15.024"
  },
  {
   "price": "0.00001088",
   "amount": "8323.55985883"
  },
  {
   "price": "0.00001073",
   "amount": "200"
  },
  {
   "price": "0.000001",
   "amount": "2000"
  },
  {
   "price": "1.4e-7",
   "amount": "10000"
  },
  {
   "price": "1e-7",
   "amount": "40000"
  },
  {
   "price": "2e-8",
   "amount": "100000"
  }
 ],
 "asks": [
  {
   "price": "0.00038326",
   "amount": "13.45677683"
  },
  {
   "price": "0.00038327",
   "amount": "11.90738699"
  },
  {
   "price": "0.000588",
   "amount": "153.440939"
  },
  {
   "price": "0.00058967",
   "amount": "41.85876353"
  },
  {
   "price": "0.00059",
   "amount": "186.99"
  },
  {
   "price": "0.00062017",
   "amount": "72.89312244"
  },
  {
   "price": "0.0006408",
   "amount": "86.52939746"
  },
  {
   "price": "0.00066359",
   "amount": "73.98906749"
  },
  {
   "price": "0.00067938",
   "amount": "55.65052135"
  },
  {
   "price": "0.00068929",
   "amount": "88.51351479"
  },
  {
   "price": "0.0007149",
   "amount": "79.50895611"
  },
  {
   "price": "0.00073726",
   "amount": "75.07422676"
  },
  {
   "price": "0.00075832",
   "amount": "75.05353444"
  },
  {
   "price": "0.0007761",
   "amount": "83.51100286"
  },
  {
   "price": "0.00079497",
   "amount": "67.68096442"
  },
  {
   "price": "0.00081442",
   "amount": "63.37410937"
  },
  {
   "price": "0.00084515",
   "amount": "66.72719368"
  },
  {
   "price": "0.00086668",
   "amount": "77.68465383"
  },
  {
   "price": "0.00088857",
   "amount": "73.01813521"
  },
  {
   "price": "0.00091574",
   "amount": "79.30256512"
  },
  {
   "price": "0.000925",
   "amount": "99.9"
  },
  {
   "price": "0.00094",
   "amount": "20"
  },
  {
   "price": "0.00096",
   "amount": "2.955042"
  },
  {
   "price": "0.00096858",
   "amount": "70.96698448"
  },
  {
   "price": "0.00098",
   "amount": "1015.44709734"
  }
 ]
}