{
 "pair": "onleth",
 "bids": [
  {
   "price": "0.00002301",
   "amount": "1480"
  },
  {
   "price": "0.000023",
   "amount": "234"
  },
  {
   "price": "0.00001888",
   "amount": "100"
  },
  {
   "price": "0.00000289",
   "amount": "10000"
  }
 ],
 "asks": [
  {
   "price": "0.00014",
   "amount": "1224.404498"
  },
  {
   "price": "0.000199",
   "amount": "1998"
  },
  {
   "price": "0.0007121",
   "amount": "320.324563"
  },
  {
   "price": "0.00071281",
   "amount": "141.123213"
  },
  {
   "price": "0.0007321",
   "amount": "88.4234"
  },
  {
   "price": "0.0008011",
   "amount": "168.2442"
  },
  {
   "price": "0.0008121",
   "amount": "388.449354"
  },
  {
   "price": "0.00091",
   "amount": "230.77291"
  },
  {
   "price": "0.0009107",
   "amount": "180.234234"
  },
  {
   "price": "0.000912",
   "amount": "199.2344777"
  },
  {
   "price": "0.0009121",
   "amount": "211.222356"
  },
  {
   "price": "0.00097819",
   "amount": "379.32222"
  },
  {
   "price": "0.00098911",
   "amount": "177.997355"
  },
  {
   "price": "0.0009921",
   "amount": "190.42256"
  },
  {
   "price": "0.0009991",
   "amount": "330.234577"
  },
  {
   "price": "0.00099911",
   "amount": "260.99922"
  },
  {
   "price": "0.001",
   "amount": "1111.1111"
  },
  {
   "price": "0.00115",
   "amount": "179.800394"
  },
  {
   "price": "0.00145",
   "amount": "692.45617983"
  },
  {
   "price": "0.002",
   "amount": "1111.1111"
  },
  {
   "price": "0.0023456",
   "amount": "1780.69068"
  },
  {
   "price": "0.002349",
   "amount": "1890.34534"
  },
  {
   "price": "0.0078943",
   "amount": "300"
  },
  {
   "price": "0.036533",
   "amount": "300"
  },
  {
   "price": "0.094392",
   "amount": "300"
  }
 ]
}