{
 "pair": "onlusd",
 "bids": [
  {
   "price": "0.0111",
   "amount": "1202"
  },
  {
   "price": "0.01",
   "amount": "1000"
  },
  {
   "price": "0.008",
   "amount": "4130"
  },
  {
   "price": "0.0066",
   "amount": "20000"
  },
  {
   "price": "0.00261",
   "amount": "2515"
  },
  {
   "price": "0.002121",
   "amount": "500"
  },
  {
   "price": "0.0005",
   "amount": "101000"
  },
  {
   "price": "0.0003",
   "amount": "101000"
  },
  {
   "price": "0.000121",
   "amount": "10000"
  },
  {
   "price": "0.0001",
   "amount": "12500"
  },
  {
   "price": "0.00001",
   "amount": "25000"
  },
  {
   "price": "0.00000367",
   "amount": "250000"
  },
  {
   "price": "0.000001",
   "amount": "250000"
  },
  {
   "price": "2.9e-7",
   "amount": "250000"
  },
  {
   "price": "1.1e-7",
   "amount": "2750000"
  },
  {
   "price": "1e-7",
   "amount": "750000"
  },
  {
   "price": "1e-8",
   "amount": "250000"
  }
 ],
 "asks": [
  {
   "price": "0.039437",
   "amount": "284"
  },
  {
   "price": "0.045",
   "amount": "1846.417014"
  },
  {
   "price": "0.04556",
   "amount": "350"
  },
  {
   "price": "0.06",
   "amount": "570.49693156"
  },
  {
   "price": "0.065",
   "amount": "2750"
  },
  {
   "price": "0.067",
   "amount": "2635.01"
  },
  {
   "price": "0.086192",
   "amount": "250"
  },
  {
   "price": "0.1",
   "amount": "1547.72422073"
  },
  {
   "price": "0.1111",
   "amount": "401.637406"
  },
  {
   "price": "0.113",
   "amount": "1111"
  },
  {
   "price": "0.12",
   "amount": "177.94233"
  },
  {
   "price": "0.1209",
   "amount": "994.992"
  },
  {
   "price": "0.12731",
   "amount": "193.42666"
  },
  {
   "price": "0.12892",
   "amount": "250.23444"
  },
  {
   "price": "0.13",
   "amount": "1317.506"
  },
  {
   "price": "0.13211",
   "amount": "1317.506"
  },
  {
   "price": "0.13422",
   "amount": "1317.506"
  },
  {
   "price": "0.135",
   "amount": "255.83434"
  },
  {
   "price": "0.13561",
   "amount": "492.994"
  },
  {
   "price": "0.13633",
   "amount": "1317.506"
  },
  {
   "price": "0.13844",
   "amount": "1317.506"
  },
  {
   "price": "0.1402",
   "amount": "168.4234"
  },
  {
   "price": "0.14056",
   "amount": "1317.506"
  },
  {
   "price": "0.1415",
   "amount": "291.176234"
  },
  {
   "price": "0.142",
   "amount": "300.1"
  }
 ]
}