{
 "pair": "drnusd",
 "bids": [
  {
   "price": "0.018",
   "amount": "10000"
  },
  {
   "price": "0.0175",
   "amount": "285.714"
  },
  {
   "price": "0.01082",
   "amount": "1060"
  },
  {
   "price": "0.0108",
   "amount": "181"
  },
  {
   "price": "0.010031",
   "amount": "100000"
  },
  {
   "price": "0.01",
   "amount": "1000"
  },
  {
   "price": "0.003",
   "amount": "300"
  },
  {
   "price": "0.0011001",
   "amount": "2000"
  },
  {
   "price": "0.001003",
   "amount": "50000"
  },
  {
   "price": "0.001",
   "amount": "10000"
  },
  {
   "price": "0.00011",
   "amount": "75"
  },
  {
   "price": "0.0001001",
   "amount": "45000"
  },
  {
   "price": "0.0001",
   "amount": "110075"
  },
  {
   "price": "0.000069",
   "amount": "10000"
  },
  {
   "price": "0.00001",
   "amount": "10000"
  },
  {
   "price": "0.000001",
   "amount": "100000"
  },
  {
   "price": "2e-7",
   "amount": "1500075"
  },
  {
   "price": "1.1e-7",
   "amount": "300000"
  },
  {
   "price": "1e-7",
   "amount": "100000"
  },
  {
   "price": "1e-8",
   "amount": "1200000"
  }
 ],
 "asks": [
  {
   "price": "0.045",
   "amount": "1461.57696"
  },
  {
   "price": "0.047",
   "amount": "96030"
  },
  {
   "price": "0.049",
   "amount": "120.699"
  },
  {
   "price": "0.049271",
   "amount": "180"
  },
  {
   "price": "0.0499",
   "amount": "900000"
  },
  {
   "price": "0.04999",
   "amount": "458319.34"
  },
  {
   "price": "0.06",
   "amount": "699.3"
  },
  {
   "price": "0.08",
   "amount": "1601.0434565"
  },
  {
   "price": "0.14516",
   "amount": "90"
  },
  {
   "price": "0.14577",
   "amount": "50"
  },
  {
   "price": "0.1459",
   "amount": "2852.51228496"
  },
  {
   "price": "0.14923",
   "amount": "5555"
  },
  {
   "price": "0.159",
   "amount": "136"
  },
  {
   "price": "0.1719",
   "amount": "100"
  },
  {
   "price": "0.189",
   "amount": "189.75"
  },
  {
   "price": "0.18943",
   "amount": "70"
  },
  {
   "price": "0.198",
   "amount": "136"
  },
  {
   "price": "0.19823",
   "amount": "87.10803106"
  },
  {
   "price": "0.207",
   "amount": "136"
  },
  {
   "price": "0.24",
   "amount": "100"
  },
  {
   "price": "0.24301",
   "amount": "4455"
  },
  {
   "price": "0.2507",
   "amount": "111"
  },
  {
   "price": "0.275",
   "amount": "80"
  },
  {
   "price": "0.29536",
   "amount": "6555"
  },
  {
   "price": "0.33179",
   "amount": "99.7002"
  }
 ]
}