{
 "pair": "absusd",
 "bids": [
  {
   "price": "0.0084555",
   "amount": "775.8"
  },
  {
   "price": "0.0083636",
   "amount": "710.95"
  },
  {
   "price": "0.0083349",
   "amount": "605.55"
  },
  {
   "price": "0.0081918",
   "amount": "650.63"
  },
  {
   "price": "0.0081896",
   "amount": "679.01"
  },
  {
   "price": "0.0081615",
   "amount": "732.14"
  },
  {
   "price": "0.0081548",
   "amount": "795.94"
  },
  {
   "price": "0.0081542",
   "amount": "1024.4"
  },
  {
   "price": "0.0079702",
   "amount": "1279.1"
  },
  {
   "price": "0.0078772",
   "amount": "2815.5"
  },
  {
   "price": "0.0078748",
   "amount": "1082.7"
  },
  {
   "price": "0.0078746",
   "amount": "1155.5"
  },
  {
   "price": "0.0078279",
   "amount": "2197.5"
  },
  {
   "price": "0.0077943",
   "amount": "1244.8"
  },
  {
   "price": "0.0077544",
   "amount": "1086.3"
  },
  {
   "price": "0.0077265",
   "amount": "2446.9"
  },
  {
   "price": "0.0076807",
   "amount": "2615"
  },
  {
   "price": "0.0076556",
   "amount": "2009.7"
  },
  {
   "price": "0.0076503",
   "amount": "2713.9"
  },
  {
   "price": "0.0076409",
   "amount": "2034.3"
  },
  {
   "price": "0.007633",
   "amount": "2541.3"
  },
  {
   "price": "0.007618",
   "amount": "1753.4"
  },
  {
   "price": "0.0075718",
   "amount": "5036.4"
  },
  {
   "price": "0.0075612",
   "amount": "2397.4"
  },
  {
   "price": "0.0075454",
   "amount": "5000.9"
  }
 ],
 "asks": [
  {
   "price": "0.0090195",
   "amount": "1229.2"
  },
  {
   "price": "0.0090418",
   "amount": "769.73"
  },
  {
   "price": "0.0092124",
   "amount": "688.32705217"
  },
  {
   "price": "0.0092541",
   "amount": "565.95"
  },
  {
   "price": "0.0093078",
   "amount": "1172.8"
  },
  {
   "price": "0.0093239",
   "amount": "1028.9"
  },
  {
   "price": "0.0094038",
   "amount": "2045.4"
  },
  {
   "price": "0.0094206",
   "amount": "2680.1"
  },
  {
   "price": "0.0094496",
   "amount": "1043.3"
  },
  {
   "price": "0.009532",
   "amount": "2107.8"
  },
  {
   "price": "0.0095872",
   "amount": "2627.2"
  },
  {
   "price": "0.0097407",
   "amount": "2108"
  },
  {
   "price": "0.0098069",
   "amount": "2180.5"
  },
  {
   "price": "0.0098257",
   "amount": "2677.1"
  },
  {
   "price": "0.0098324",
   "amount": "2153"
  },
  {
   "price": "0.0098949",
   "amount": "2026.9"
  },
  {
   "price": "0.0099844",
   "amount": "3001.5"
  },
  {
   "price": "0.010464",
   "amount": "5209.4"
  },
  {
   "price": "0.010533",
   "amount": "6334.1"
  },
  {
   "price": "0.011768",
   "amount": "7185.8"
  },
  {
   "price": "0.012143",
   "amount": "5018.3"
  },
  {
   "price": "0.014177",
   "amount": "679.918"
  },
  {
   "price": "0.024177",
   "amount": "379.918"
  },
  {
   "price": "0.024218",
   "amount": "219.50104315"
  },
  {
   "price": "0.026291",
   "amount": "461.25"
  }
 ]
}