{
 "pair": "cbteth",
 "bids": [
  {
   "price": "0.0001365",
   "amount": "366.3003663"
  },
  {
   "price": "0.00011355",
   "amount": "100"
  },
  {
   "price": "0.000105",
   "amount": "1000"
  },
  {
   "price": "0.0001",
   "amount": "1000"
  },
  {
   "price": "0.00008035",
   "amount": "2240.19912881"
  },
  {
   "price": "0.00008",
   "amount": "2000"
  },
  {
   "price": "0.00005",
   "amount": "400"
  },
  {
   "price": "0.000047",
   "amount": "1080"
  },
  {
   "price": "0.000046",
   "amount": "10001.2343234"
  },
  {
   "price": "0.0000442",
   "amount": "3650"
  },
  {
   "price": "0.00002808",
   "amount": "3557.69052707"
  },
  {
   "price": "0.00001",
   "amount": "2000"
  },
  {
   "price": "0.0000025",
   "amount": "8000"
  },
  {
   "price": "0.00000123",
   "amount": "10000"
  },
  {
   "price": "0.000001",
   "amount": "20000"
  },
  {
   "price": "5e-7",
   "amount": "40000"
  },
  {
   "price": "2e-7",
   "amount": "100000"
  },
  {
   "price": "1.7e-7",
   "amount": "10000"
  },
  {
   "price": "4e-8",
   "amount": "500000"
  },
  {
   "price": "3e-8",
   "amount": "3500"
  },
  {
   "price": "2e-8",
   "amount": "1005000"
  }
 ],
 "asks": [
  {
   "price": "0.00039483",
   "amount": "2137.82885521"
  },
  {
   "price": "0.00039484",
   "amount": "960.39752015"
  },
  {
   "price": "0.00039662",
   "amount": "179.68468364"
  },
  {
   "price": "0.000398",
   "amount": "4100"
  },
  {
   "price": "0.0003984",
   "amount": "3832.592998"
  },
  {
   "price": "0.00041",
   "amount": "719.76970535"
  },
  {
   "price": "0.00042",
   "amount": "1600"
  },
  {
   "price": "0.0006249",
   "amount": "1000"
  },
  {
   "price": "0.0009",
   "amount": "3897.415453"
  },
  {
   "price": "0.00095",
   "amount": "225652.2978461"
  },
  {
   "price": "0.015",
   "amount": "2342.655"
  },
  {
   "price": "0.09",
   "amount": "1500"
  },
  {
   "price": "0.12",
   "amount": "1500"
  },
  {
   "price": "0.15",
   "amount": "1500"
  },
  {
   "price": "0.2",
   "amount": "4000"
  }
 ]
}