{
 "pair": "manusd",
 "bids": [
  {
   "price": "0.051004",
   "amount": "50"
  },
  {
   "price": "0.04389",
   "amount": "455.68456239"
  },
  {
   "price": "0.039258",
   "amount": "1807.65736038"
  },
  {
   "price": "0.02508",
   "amount": "600"
  },
  {
   "price": "0.01212",
   "amount": "96"
  },
  {
   "price": "0.011561",
   "amount": "20000"
  },
  {
   "price": "0.00179",
   "amount": "10000"
  },
  {
   "price": "0.0013",
   "amount": "71023.90262308"
  },
  {
   "price": "0.00121",
   "amount": "960"
  },
  {
   "price": "0.0002",
   "amount": "50000"
  },
  {
   "price": "0.00011",
   "amount": "25000"
  },
  {
   "price": "0.0001",
   "amount": "5000"
  },
  {
   "price": "0.000021",
   "amount": "75000"
  },
  {
   "price": "0.00001",
   "amount": "50000"
  },
  {
   "price": "0.000009",
   "amount": "50000"
  },
  {
   "price": "0.0000011",
   "amount": "150000"
  },
  {
   "price": "0.000001",
   "amount": "50000"
  },
  {
   "price": "1.1e-7",
   "amount": "650000"
  },
  {
   "price": "1e-7",
   "amount": "150000"
  }
 ],
 "asks": [
  {
   "price": "0.13",
   "amount": "4995"
  },
  {
   "price": "0.15",
   "amount": "326.8601267"
  },
  {
   "price": "0.15426",
   "amount": "10000"
  },
  {
   "price": "0.16765",
   "amount": "5000"
  },
  {
   "price": "0.16786",
   "amount": "102.065862"
  },
  {
   "price": "0.17",
   "amount": "59.90000022"
  },
  {
   "price": "0.17654",
   "amount": "50"
  },
  {
   "price": "0.19",
   "amount": "1251.52717447"
  },
  {
   "price": "0.196",
   "amount": "200"
  },
  {
   "price": "0.21",
   "amount": "75"
  },
  {
   "price": "0.2456",
   "amount": "90"
  },
  {
   "price": "0.25989",
   "amount": "645"
  },
  {
   "price": "0.26",
   "amount": "212.77448858"
  },
  {
   "price": "0.27",
   "amount": "88.867"
  },
  {
   "price": "0.2876",
   "amount": "112.89389589"
  },
  {
   "price": "0.343",
   "amount": "400"
  },
  {
   "price": "0.35133",
   "amount": "600"
  },
  {
   "price": "0.484",
   "amount": "448.5"
  },
  {
   "price": "0.76",
   "amount": "500"
  },
  {
   "price": "0.9",
   "amount": "2150"
  },
  {
   "price": "0.968",
   "amount": "224.25"
  },
  {
   "price": "0.99",
   "amount": "2000"
  },
  {
   "price": "1.09",
   "amount": "2000"
  },
  {
   "price": "1.19",
   "amount": "2000"
  },
  {
   "price": "1.29",
   "amount": "2000"
  }
 ]
}