{
 "pair": "mkrusd",
 "bids": [
  {
   "price": "495.02",
   "amount": "0.51"
  },
  {
   "price": "494.99",
   "amount": "0.87876442"
  },
  {
   "price": "494.55",
   "amount": "1.7759153"
  },
  {
   "price": "492.17",
   "amount": "3.11056715"
  },
  {
   "price": "492.16",
   "amount": "0.60955786"
  },
  {
   "price": "492.13",
   "amount": "0.01336637"
  },
  {
   "price": "486.08",
   "amount": "0.01692316"
  },
  {
   "price": "481.83",
   "amount": "0.01477379"
  },
  {
   "price": "481.76",
   "amount": "0.01477781"
  },
  {
   "price": "475",
   "amount": "1"
  },
  {
   "price": "425",
   "amount": "3.3"
  },
  {
   "price": "421.53",
   "amount": "2.39392045"
  },
  {
   "price": "416",
   "amount": "3"
  },
  {
   "price": "408.58",
   "amount": "2.55176136"
  },
  {
   "price": "402.8",
   "amount": "0.027"
  },
  {
   "price": "396.69",
   "amount": "0.02520856"
  },
  {
   "price": "395.63",
   "amount": "2.70960227"
  },
  {
   "price": "390",
   "amount": "5"
  },
  {
   "price": "382.68",
   "amount": "2.86744318"
  },
  {
   "price": "376.84",
   "amount": "0.03968475"
  },
  {
   "price": "375",
   "amount": "2"
  },
  {
   "price": "369.74",
   "amount": "3.02528409"
  },
  {
   "price": "365",
   "amount": "0.1"
  },
  {
   "price": "356.79",
   "amount": "3.183125"
  },
  {
   "price": "350",
   "amount": "5.1"
  }
 ],
 "asks": [
  {
   "price": "503.99",
   "amount": "0.01485722"
  },
  {
   "price": "504.63",
   "amount": "0.08"
  },
  {
   "price": "508.03",
   "amount": "0.01381077"
  },
  {
   "price": "508.49",
   "amount": "7"
  },
  {
   "price": "509.69",
   "amount": "0.8806141"
  },
  {
   "price": "512",
   "amount": "0.22947028"
  },
  {
   "price": "512.2",
   "amount": "0.1"
  },
  {
   "price": "514.08",
   "amount": "0.01498831"
  },
  {
   "price": "518.55",
   "amount": "0.01002766"
  },
  {
   "price": "520.49",
   "amount": "0.01391707"
  },
  {
   "price": "594",
   "amount": "2.9"
  },
  {
   "price": "595",
   "amount": "1.38"
  },
  {
   "price": "628.67",
   "amount": "0.006"
  },
  {
   "price": "650",
   "amount": "0.158322"
  },
  {
   "price": "662.4",
   "amount": "0.006"
  },
  {
   "price": "667.58",
   "amount": "0.06148494"
  },
  {
   "price": "670.58",
   "amount": "0.06108769"
  },
  {
   "price": "676.2",
   "amount": "0.01"
  },
  {
   "price": "676.23",
   "amount": "0.06062611"
  },
  {
   "price": "688.31",
   "amount": "0.123259"
  },
  {
   "price": "692.6",
   "amount": "0.1996"
  },
  {
   "price": "698",
   "amount": "0.7"
  },
  {
   "price": "720",
   "amount": "2.99"
  },
  {
   "price": "747.4",
   "amount": "0.07457799"
  },
  {
   "price": "748",
   "amount": "1.28"
  }
 ]
}