{
 "pair": "mgousd",
 "bids": [
  {
   "price": "0.009555",
   "amount": "861.249029"
  },
  {
   "price": "0.0095",
   "amount": "10200"
  },
  {
   "price": "0.0091",
   "amount": "1000"
  },
  {
   "price": "0.0088",
   "amount": "226"
  },
  {
   "price": "0.0085",
   "amount": "1852.02670588"
  },
  {
   "price": "0.0078601",
   "amount": "226"
  },
  {
   "price": "0.0078046",
   "amount": "4444"
  },
  {
   "price": "0.0076659",
   "amount": "1100"
  },
  {
   "price": "0.0076276",
   "amount": "3933.07995558"
  },
  {
   "price": "0.0075012",
   "amount": "4989"
  },
  {
   "price": "0.0075",
   "amount": "6000"
  },
  {
   "price": "0.0056573",
   "amount": "1767.61204451"
  },
  {
   "price": "0.0040021",
   "amount": "9999"
  },
  {
   "price": "0.0035",
   "amount": "226"
  },
  {
   "price": "0.002021",
   "amount": "100000"
  },
  {
   "price": "0.0019317",
   "amount": "100000"
  },
  {
   "price": "0.0015861",
   "amount": "100000"
  },
  {
   "price": "0.00141",
   "amount": "5000"
  },
  {
   "price": "0.00135",
   "amount": "74074.074074"
  },
  {
   "price": "0.0013413",
   "amount": "100000"
  },
  {
   "price": "0.00116",
   "amount": "400"
  },
  {
   "price": "0.0011355",
   "amount": "100000"
  },
  {
   "price": "0.00092007",
   "amount": "100000"
  },
  {
   "price": "0.0006426",
   "amount": "100000"
  },
  {
   "price": "0.00042014",
   "amount": "100000"
  }
 ],
 "asks": [
  {
   "price": "0.012495",
   "amount": "1233.8"
  },
  {
   "price": "0.0125",
   "amount": "1700.621481"
  },
  {
   "price": "0.013",
   "amount": "13009.02197597"
  },
  {
   "price": "0.0131",
   "amount": "1000"
  },
  {
   "price": "0.013622",
   "amount": "3333"
  },
  {
   "price": "0.01481",
   "amount": "1912.99885081"
  },
  {
   "price": "0.014955",
   "amount": "3290.943042"
  },
  {
   "price": "0.015534",
   "amount": "143.93636503"
  },
  {
   "price": "0.015596",
   "amount": "1000"
  },
  {
   "price": "0.0156",
   "amount": "1597.50839033"
  },
  {
   "price": "0.015659",
   "amount": "600"
  },
  {
   "price": "0.015722",
   "amount": "696"
  },
  {
   "price": "0.0159",
   "amount": "1028.278972"
  },
  {
   "price": "0.0165",
   "amount": "2000"
  },
  {
   "price": "0.01651",
   "amount": "999"
  },
  {
   "price": "0.016896",
   "amount": "3585.799"
  },
  {
   "price": "0.0169",
   "amount": "17906.301341"
  },
  {
   "price": "0.018",
   "amount": "2000"
  },
  {
   "price": "0.01874",
   "amount": "3394.113"
  },
  {
   "price": "0.0191",
   "amount": "2814.68094807"
  },
  {
   "price": "0.019114",
   "amount": "350.238111"
  },
  {
   "price": "0.027",
   "amount": "144"
  },
  {
   "price": "0.0275",
   "amount": "250"
  },
  {
   "price": "0.038986",
   "amount": "7715.61167"
  },
  {
   "price": "0.045411",
   "amount": "1500"
  }
 ]
}