{
 "pair": "pasusd",
 "bids": [
  {
   "price": "0.0016501",
   "amount": "22500"
  },
  {
   "price": "0.00165",
   "amount": "16013.993187"
  },
  {
   "price": "0.0015013",
   "amount": "13662.825551"
  },
  {
   "price": "0.00145",
   "amount": "30000"
  },
  {
   "price": "0.00139",
   "amount": "7174.52755736"
  },
  {
   "price": "0.0013811",
   "amount": "7740.351893"
  },
  {
   "price": "0.0013809",
   "amount": "2845.299257"
  },
  {
   "price": "0.00138",
   "amount": "20500"
  },
  {
   "price": "0.001221",
   "amount": "12622.440623"
  },
  {
   "price": "0.00122",
   "amount": "22500"
  },
  {
   "price": "0.001",
   "amount": "3000"
  },
  {
   "price": "0.00030752",
   "amount": "800"
  },
  {
   "price": "0.00013811",
   "amount": "16370"
  },
  {
   "price": "0.00013711",
   "amount": "96388.474934"
  },
  {
   "price": "0.00013611",
   "amount": "96388.474934"
  },
  {
   "price": "0.00013511",
   "amount": "96388.474934"
  },
  {
   "price": "0.00013411",
   "amount": "96388.474934"
  },
  {
   "price": "0.00013311",
   "amount": "96388.474934"
  },
  {
   "price": "0.00013211",
   "amount": "96388.474934"
  },
  {
   "price": "0.00013111",
   "amount": "93127.907866"
  },
  {
   "price": "0.000131",
   "amount": "100000"
  },
  {
   "price": "0.000121",
   "amount": "100000"
  },
  {
   "price": "0.0001",
   "amount": "20000"
  },
  {
   "price": "0.00009",
   "amount": "10000"
  },
  {
   "price": "0.00007",
   "amount": "730"
  }
 ],
 "asks": [
  {
   "price": "0.001854",
   "amount": "10000"
  },
  {
   "price": "0.0019543",
   "amount": "28612.99230109"
  },
  {
   "price": "0.0019544",
   "amount": "29167.58589945"
  },
  {
   "price": "0.001995",
   "amount": "30000"
  },
  {
   "price": "0.002",
   "amount": "5384.777065"
  },
  {
   "price": "0.002117",
   "amount": "14605.19198249"
  },
  {
   "price": "0.0021171",
   "amount": "9990"
  },
  {
   "price": "0.0025",
   "amount": "4740"
  },
  {
   "price": "0.0027",
   "amount": "21069.5"
  },
  {
   "price": "0.00289",
   "amount": "10000"
  },
  {
   "price": "0.0029",
   "amount": "100000"
  },
  {
   "price": "0.003",
   "amount": "76785.6969876"
  },
  {
   "price": "0.0030722",
   "amount": "4110.38961039"
  },
  {
   "price": "0.0031611",
   "amount": "3832.79220779"
  },
  {
   "price": "0.00325",
   "amount": "3555.19480519"
  },
  {
   "price": "0.0033389",
   "amount": "3277.5974026"
  },
  {
   "price": "0.0034277",
   "amount": "3000"
  },
  {
   "price": "0.0035166",
   "amount": "2722.4025974"
  },
  {
   "price": "0.0036055",
   "amount": "2444.80519481"
  },
  {
   "price": "0.0036944",
   "amount": "2167.20779221"
  },
  {
   "price": "0.0037833",
   "amount": "1889.61038961"
  },
  {
   "price": "0.0038722",
   "amount": "1612.01298701"
  },
  {
   "price": "0.00389",
   "amount": "1900"
  },
  {
   "price": "0.0039611",
   "amount": "1334.41558442"
  },
  {
   "price": "0.004",
   "amount": "4792.39999999"
  }
 ]
}