{
 "pair": "xrpbtc",
 "bids": [
  {
   "price": "0.00003035",
   "amount": "3405.90207253"
  },
  {
   "price": "0.00003034",
   "amount": "2500"
  },
  {
   "price": "0.00003033",
   "amount": "10101.77122"
  },
  {
   "price": "0.00003032",
   "amount": "83871.11769037"
  },
  {
   "price": "0.00003031",
   "amount": "44328.10516999"
  },
  {
   "price": "0.0000303",
   "amount": "11069.0191"
  },
  {
   "price": "0.00003029",
   "amount": "15148.56105574"
  },
  {
   "price": "0.00003028",
   "amount": "33224.80552"
  },
  {
   "price": "0.00003027",
   "amount": "16810.24942187"
  },
  {
   "price": "0.00003026",
   "amount": "59225.39485"
  },
  {
   "price": "0.00003025",
   "amount": "5400"
  },
  {
   "price": "0.00003024",
   "amount": "11000"
  },
  {
   "price": "0.0000302",
   "amount": "47493.8169"
  },
  {
   "price": "0.00003018",
   "amount": "16042"
  },
  {
   "price": "0.00003016",
   "amount": "890"
  },
  {
   "price": "0.00003015",
   "amount": "145490.999"
  },
  {
   "price": "0.00003014",
   "amount": "138746.3321"
  },
  {
   "price": "0.0000301",
   "amount": "27.55511022"
  },
  {
   "price": "0.00003009",
   "amount": "658.9785832"
  },
  {
   "price": "0.00003007",
   "amount": "449279.97811896"
  },
  {
   "price": "0.00003003",
   "amount": "159903.78032699"
  },
  {
   "price": "0.00003002",
   "amount": "161216"
  },
  {
   "price": "0.00003",
   "amount": "31072"
  },
  {
   "price": "0.00002999",
   "amount": "175272.2"
  },
  {
   "price": "0.00002994",
   "amount": "161510"
  }
 ],
 "asks": [
  {
   "price": "0.00003037",
   "amount": "2500"
  },
  {
   "price": "0.00003038",
   "amount": "14851.4"
  },
  {
   "price": "0.00003039",
   "amount": "6682.7"
  },
  {
   "price": "0.0000304",
   "amount": "6583.17411999"
  },
  {
   "price": "0.00003041",
   "amount": "2399.93164795"
  },
  {
   "price": "0.00003042",
   "amount": "14288.55388763"
  },
  {
   "price": "0.00003043",
   "amount": "9086.44186"
  },
  {
   "price": "0.00003044",
   "amount": "15107.69600587"
  },
  {
   "price": "0.00003045",
   "amount": "33624.61376926"
  },
  {
   "price": "0.00003046",
   "amount": "87745.999"
  },
  {
   "price": "0.00003047",
   "amount": "26896.4842"
  },
  {
   "price": "0.0000305",
   "amount": "17000"
  },
  {
   "price": "0.00003051",
   "amount": "22000"
  },
  {
   "price": "0.00003054",
   "amount": "16041"
  },
  {
   "price": "0.00003055",
   "amount": "45492.9512"
  },
  {
   "price": "0.00003057",
   "amount": "20000"
  },
  {
   "price": "0.00003058",
   "amount": "185490.999"
  },
  {
   "price": "0.00003059",
   "amount": "81456.7"
  },
  {
   "price": "0.0000306",
   "amount": "105218.2"
  },
  {
   "price": "0.00003062",
   "amount": "54282.6193"
  },
  {
   "price": "0.00003063",
   "amount": "161215"
  },
  {
   "price": "0.00003064",
   "amount": "658.32784727"
  },
  {
   "price": "0.00003065",
   "amount": "158776"
  },
  {
   "price": "0.00003066",
   "amount": "135911.3"
  },
  {
   "price": "0.00003068",
   "amount": "164.58196182"
  }
 ]
}