{
 "pair": "etpeth",
 "bids": [
  {
   "price": "0.0026144",
   "amount": "1404"
  },
  {
   "price": "0.0026143",
   "amount": "1682.34243981"
  },
  {
   "price": "0.002609",
   "amount": "1408.17239268"
  },
  {
   "price": "0.0026089",
   "amount": "38.15935788"
  },
  {
   "price": "0.0025985",
   "amount": "26.29611985"
  },
  {
   "price": "0.0025984",
   "amount": "38.15935788"
  },
  {
   "price": "0.002588",
   "amount": "26.29611985"
  },
  {
   "price": "0.0025879",
   "amount": "38.15935788"
  },
  {
   "price": "0.0025776",
   "amount": "26.29611985"
  },
  {
   "price": "0.0025775",
   "amount": "38.15935788"
  },
  {
   "price": "0.0025672",
   "amount": "26.29611985"
  },
  {
   "price": "0.0025671",
   "amount": "38.15935788"
  },
  {
   "price": "0.0025611",
   "amount": "352.957713"
  },
  {
   "price": "0.0025569",
   "amount": "26.29611985"
  },
  {
   "price": "0.0025568",
   "amount": "38.15935788"
  },
  {
   "price": "0.0025467",
   "amount": "647.89727883"
  },
  {
   "price": "0.0025466",
   "amount": "26.29611985"
  },
  {
   "price": "0.0025465",
   "amount": "38.15935788"
  },
  {
   "price": "0.0025364",
   "amount": "7.04054508"
  },
  {
   "price": "0.0025362",
   "amount": "38.15935788"
  },
  {
   "price": "0.0025261",
   "amount": "26.29611985"
  },
  {
   "price": "0.002526",
   "amount": "38.15935788"
  },
  {
   "price": "0.002516",
   "amount": "26.29611985"
  },
  {
   "price": "0.0025159",
   "amount": "38.15935788"
  },
  {
   "price": "0.0025059",
   "amount": "26.29611985"
  }
 ],
 "asks": [
  {
   "price": "0.0026195",
   "amount": "0.00006555"
  },
  {
   "price": "0.00263",
   "amount": "0.28291457"
  },
  {
   "price": "0.0026301",
   "amount": "0.00002015"
  },
  {
   "price": "0.0026406",
   "amount": "38.15935788"
  },
  {
   "price": "0.0026407",
   "amount": "26.29611985"
  },
  {
   "price": "0.0026513",
   "amount": "38.15935788"
  },
  {
   "price": "0.0026514",
   "amount": "26.29611985"
  },
  {
   "price": "0.0026517",
   "amount": "76.58209083"
  },
  {
   "price": "0.002662",
   "amount": "38.15935788"
  },
  {
   "price": "0.0026621",
   "amount": "26.29611985"
  },
  {
   "price": "0.0026622",
   "amount": "28.72951401"
  },
  {
   "price": "0.0026728",
   "amount": "38.15935788"
  },
  {
   "price": "0.0026729",
   "amount": "26.29611985"
  },
  {
   "price": "0.0026836",
   "amount": "38.15935788"
  },
  {
   "price": "0.0026837",
   "amount": "26.29611985"
  },
  {
   "price": "0.0026944",
   "amount": "38.15935788"
  },
  {
   "price": "0.0026945",
   "amount": "10.78734927"
  },
  {
   "price": "0.0027053",
   "amount": "38.15935788"
  },
  {
   "price": "0.0027054",
   "amount": "26.29611985"
  },
  {
   "price": "0.0027163",
   "amount": "64.45547773"
  },
  {
   "price": "0.0027273",
   "amount": "64.45547773"
  },
  {
   "price": "0.0027382",
   "amount": "89.3475"
  },
  {
   "price": "0.0027383",
   "amount": "64.45547773"
  },
  {
   "price": "0.0027493",
   "amount": "38.15935788"
  },
  {
   "price": "0.0027494",
   "amount": "26.29611985"
  }
 ]
}