{
 "pair": "poyeth",
 "bids": [
  {
   "price": "0.00013164",
   "amount": "7777"
  },
  {
   "price": "0.00013157",
   "amount": "1368.09303033"
  },
  {
   "price": "0.00013133",
   "amount": "380.72032285"
  },
  {
   "price": "0.00011721",
   "amount": "14077.29715895"
  },
  {
   "price": "0.0001172",
   "amount": "234"
  },
  {
   "price": "0.0001",
   "amount": "964.23387374"
  },
  {
   "price": "0.0000031",
   "amount": "52"
  },
  {
   "price": "0.0000021",
   "amount": "5000"
  },
  {
   "price": "0.000002",
   "amount": "100000"
  },
  {
   "price": "0.000001",
   "amount": "100000"
  },
  {
   "price": "3e-8",
   "amount": "6000"
  },
  {
   "price": "2e-8",
   "amount": "10000"
  }
 ],
 "asks": [
  {
   "price": "0.0002598",
   "amount": "394.20194393"
  },
  {
   "price": "0.0002698",
   "amount": "397.52747961"
  },
  {
   "price": "0.00049",
   "amount": "746.692497"
  },
  {
   "price": "0.00124",
   "amount": "180"
  },
  {
   "price": "0.0019978",
   "amount": "100"
  },
  {
   "price": "0.00251",
   "amount": "152"
  },
  {
   "price": "0.00299",
   "amount": "499.5"
  },
  {
   "price": "0.073929",
   "amount": "100"
  },
  {
   "price": "0.1194",
   "amount": "303.49083346"
  },
  {
   "price": "0.1494",
   "amount": "203.49083346"
  },
  {
   "price": "0.18922",
   "amount": "100"
  },
  {
   "price": "0.3201",
   "amount": "100"
  },
  {
   "price": "0.5478",
   "amount": "100"
  },
  {
   "price": "0.6654",
   "amount": "165.334"
  },
  {
   "price": "0.9494",
   "amount": "100"
  }
 ]
}