{
 "pair": "hoteth",
 "bids": [
  {
   "price": "0.00001601",
   "amount": "14366.02123673"
  },
  {
   "price": "0.000016",
   "amount": "10000"
  },
  {
   "price": "0.00001589",
   "amount": "21490.12454404"
  },
  {
   "price": "0.0000099",
   "amount": "74000"
  },
  {
   "price": "0.00000596",
   "amount": "3800"
  },
  {
   "price": "0.00000587",
   "amount": "3800"
  },
  {
   "price": "0.00000524",
   "amount": "4100"
  },
  {
   "price": "0.000005",
   "amount": "4000"
  },
  {
   "price": "0.0000018",
   "amount": "700000"
  },
  {
   "price": "0.0000015",
   "amount": "10000"
  },
  {
   "price": "0.00000131",
   "amount": "100000"
  },
  {
   "price": "0.0000013",
   "amount": "3000"
  },
  {
   "price": "0.000001",
   "amount": "10000"
  },
  {
   "price": "5e-7",
   "amount": "20000"
  },
  {
   "price": "1e-7",
   "amount": "400000"
  },
  {
   "price": "9e-8",
   "amount": "300000"
  },
  {
   "price": "8e-8",
   "amount": "10000"
  },
  {
   "price": "3e-8",
   "amount": "6000"
  },
  {
   "price": "2e-8",
   "amount": "10000"
  },
  {
   "price": "1e-8",
   "amount": "20000"
  }
 ],
 "asks": [
  {
   "price": "0.00003164",
   "amount": "20000"
  },
  {
   "price": "0.00003698",
   "amount": "1502.79974265"
  },
  {
   "price": "0.00005",
   "amount": "20000"
  },
  {
   "price": "0.00005152",
   "amount": "4995.007389"
  },
  {
   "price": "0.00006225",
   "amount": "7450.342"
  },
  {
   "price": "0.000069",
   "amount": "1000"
  },
  {
   "price": "0.00006998",
   "amount": "800"
  },
  {
   "price": "0.00007966",
   "amount": "9990"
  },
  {
   "price": "0.00007998",
   "amount": "876.933197"
  },
  {
   "price": "0.000096",
   "amount": "1998"
  },
  {
   "price": "0.00012",
   "amount": "14000"
  },
  {
   "price": "0.0001458",
   "amount": "5995"
  },
  {
   "price": "0.00015",
   "amount": "1227.03456937"
  },
  {
   "price": "0.00019594",
   "amount": "2000"
  },
  {
   "price": "0.000241",
   "amount": "8000"
  },
  {
   "price": "0.00066901",
   "amount": "2477.55"
  },
  {
   "price": "0.006755",
   "amount": "394"
  },
  {
   "price": "0.0076981",
   "amount": "3996"
  },
  {
   "price": "0.05153",
   "amount": "600"
  },
  {
   "price": "0.094",
   "amount": "1200"
  },
  {
   "price": "0.15153",
   "amount": "625"
  },
  {
   "price": "0.45153",
   "amount": "773"
  }
 ]
}