{
 "pair": "datusd",
 "bids": [
  {
   "price": "0.014",
   "amount": "1210.862399"
  },
  {
   "price": "0.01398",
   "amount": "706"
  },
  {
   "price": "0.013621",
   "amount": "5000"
  },
  {
   "price": "0.013549",
   "amount": "505.47221"
  },
  {
   "price": "0.0134",
   "amount": "2000"
  },
  {
   "price": "0.013336",
   "amount": "20000"
  },
  {
   "price": "0.013311",
   "amount": "7500"
  },
  {
   "price": "0.01328",
   "amount": "753"
  },
  {
   "price": "0.0131",
   "amount": "1182.022901"
  },
  {
   "price": "0.013027",
   "amount": "2102.10299999"
  },
  {
   "price": "0.01301",
   "amount": "5000"
  },
  {
   "price": "0.013001",
   "amount": "5000"
  },
  {
   "price": "0.013",
   "amount": "25077.169558"
  },
  {
   "price": "0.012857",
   "amount": "10024.643758"
  },
  {
   "price": "0.012622",
   "amount": "23768.02408493"
  },
  {
   "price": "0.012621",
   "amount": "5000"
  },
  {
   "price": "0.01262",
   "amount": "793"
  },
  {
   "price": "0.012559",
   "amount": "3600"
  },
  {
   "price": "0.012344",
   "amount": "15432.85378345"
  },
  {
   "price": "0.012292",
   "amount": "5530.728374"
  },
  {
   "price": "0.012204",
   "amount": "185000"
  },
  {
   "price": "0.0122",
   "amount": "19395.345387"
  },
  {
   "price": "0.012054",
   "amount": "25859.30473528"
  },
  {
   "price": "0.01202",
   "amount": "36700"
  },
  {
   "price": "0.01201",
   "amount": "35320"
  }
 ],
 "asks": [
  {
   "price": "0.015139",
   "amount": "2931.09185581"
  },
  {
   "price": "0.01632",
   "amount": "1698.9"
  },
  {
   "price": "0.01634",
   "amount": "706"
  },
  {
   "price": "0.0164",
   "amount": "8766.40299914"
  },
  {
   "price": "0.0172",
   "amount": "645"
  },
  {
   "price": "0.0181",
   "amount": "612"
  },
  {
   "price": "0.019049",
   "amount": "825.45538452"
  },
  {
   "price": "0.01905",
   "amount": "582"
  },
  {
   "price": "0.01971",
   "amount": "20000"
  },
  {
   "price": "0.02",
   "amount": "5638.224411"
  },
  {
   "price": "0.02006",
   "amount": "552"
  },
  {
   "price": "0.020967",
   "amount": "19957.0373"
  },
  {
   "price": "0.020968",
   "amount": "1455.81736269"
  },
  {
   "price": "0.02097",
   "amount": "1000"
  },
  {
   "price": "0.021",
   "amount": "1556.995145"
  },
  {
   "price": "0.02142",
   "amount": "5000"
  },
  {
   "price": "0.02197",
   "amount": "1000"
  },
  {
   "price": "0.022",
   "amount": "450"
  },
  {
   "price": "0.02297",
   "amount": "1000"
  },
  {
   "price": "0.023",
   "amount": "300"
  },
  {
   "price": "0.02319",
   "amount": "9446.7654254"
  },
  {
   "price": "0.0232",
   "amount": "7100"
  },
  {
   "price": "0.02397",
   "amount": "1000"
  },
  {
   "price": "0.024",
   "amount": "9084.572253"
  },
  {
   "price": "0.024304",
   "amount": "1115.03442427"
  }
 ]
}