{
 "pair": "agieth",
 "bids": [
  {
   "price": "0.00011556",
   "amount": "1557.63239875"
  },
  {
   "price": "0.00011555",
   "amount": "8888"
  },
  {
   "price": "0.00011552",
   "amount": "432.82548476"
  },
  {
   "price": "0.00010112",
   "amount": "15622.8958663"
  },
  {
   "price": "0.000101",
   "amount": "1000"
  },
  {
   "price": "0.00002003",
   "amount": "250"
  },
  {
   "price": "0.00002002",
   "amount": "15000"
  },
  {
   "price": "0.00001",
   "amount": "1000"
  },
  {
   "price": "0.0000025",
   "amount": "4000"
  },
  {
   "price": "0.000001",
   "amount": "10000"
  },
  {
   "price": "7.2e-7",
   "amount": "13000"
  },
  {
   "price": "2.5e-7",
   "amount": "2000"
  },
  {
   "price": "2.4e-7",
   "amount": "20000"
  },
  {
   "price": "1.6e-7",
   "amount": "40000"
  },
  {
   "price": "1.2e-7",
   "amount": "50000"
  },
  {
   "price": "1e-7",
   "amount": "100000"
  },
  {
   "price": "4e-8",
   "amount": "200000"
  },
  {
   "price": "3e-8",
   "amount": "3500"
  },
  {
   "price": "2e-8",
   "amount": "405000"
  }
 ],
 "asks": [
  {
   "price": "0.00023635",
   "amount": "5712.23632584"
  },
  {
   "price": "0.0003232",
   "amount": "999"
  },
  {
   "price": "0.0003238",
   "amount": "557.81937335"
  },
  {
   "price": "0.000333",
   "amount": "499.5"
  },
  {
   "price": "0.000348",
   "amount": "472.17037516"
  },
  {
   "price": "0.00035",
   "amount": "627.12307291"
  },
  {
   "price": "0.0004",
   "amount": "1096"
  },
  {
   "price": "0.000459",
   "amount": "755.25769763"
  },
  {
   "price": "0.00053",
   "amount": "799.2"
  },
  {
   "price": "0.00059",
   "amount": "699.3"
  },
  {
   "price": "0.000635",
   "amount": "1981.86799519"
  },
  {
   "price": "0.00063739",
   "amount": "553.06328867"
  },
  {
   "price": "0.0006492",
   "amount": "1687.93181818"
  },
  {
   "price": "0.000654",
   "amount": "327.1352857"
  },
  {
   "price": "0.0007",
   "amount": "263.1740625"
  },
  {
   "price": "0.0007119",
   "amount": "1356.16590909"
  },
  {
   "price": "0.0007746",
   "amount": "1024.4"
  },
  {
   "price": "0.0008373",
   "amount": "692.63409091"
  },
  {
   "price": "0.0009",
   "amount": "360.86818182"
  },
  {
   "price": "0.0010232",
   "amount": "423.45359234"
  },
  {
   "price": "0.098765",
   "amount": "449.55"
  }
 ]
}