{
 "pair": "hotusd",
 "bids": [
  {
   "price": "0.0026003",
   "amount": "45985.35398313"
  },
  {
   "price": "0.0026",
   "amount": "4285.56664"
  },
  {
   "price": "0.0023011",
   "amount": "676"
  },
  {
   "price": "0.002301",
   "amount": "23400"
  },
  {
   "price": "0.00211",
   "amount": "4727.23834736"
  },
  {
   "price": "0.0020012",
   "amount": "2998.20107935"
  },
  {
   "price": "0.0020009",
   "amount": "2000"
  },
  {
   "price": "0.0020001",
   "amount": "676"
  },
  {
   "price": "0.002",
   "amount": "70000"
  },
  {
   "price": "0.00192",
   "amount": "3000"
  },
  {
   "price": "0.0018255",
   "amount": "3000"
  },
  {
   "price": "0.0017727",
   "amount": "3000"
  },
  {
   "price": "0.0014808",
   "amount": "5000"
  },
  {
   "price": "0.0012808",
   "amount": "5000"
  },
  {
   "price": "0.001128",
   "amount": "25000"
  },
  {
   "price": "0.00111",
   "amount": "4000"
  },
  {
   "price": "0.000999",
   "amount": "1080.03797798"
  },
  {
   "price": "0.00082252",
   "amount": "4100"
  },
  {
   "price": "0.000212",
   "amount": "5000"
  },
  {
   "price": "0.00013",
   "amount": "10000"
  },
  {
   "price": "0.00011112",
   "amount": "5000"
  },
  {
   "price": "0.0001",
   "amount": "21000"
  },
  {
   "price": "0.000099",
   "amount": "10000"
  },
  {
   "price": "0.00004",
   "amount": "25000"
  },
  {
   "price": "0.00002421",
   "amount": "50000"
  }
 ],
 "asks": [
  {
   "price": "0.0055417",
   "amount": "19966.241"
  },
  {
   "price": "0.0057401",
   "amount": "1998"
  },
  {
   "price": "0.0057481",
   "amount": "8640.736481"
  },
  {
   "price": "0.00575",
   "amount": "16258.633267"
  },
  {
   "price": "0.0059989",
   "amount": "10000"
  },
  {
   "price": "0.006",
   "amount": "800"
  },
  {
   "price": "0.006176",
   "amount": "610078.057503"
  },
  {
   "price": "0.006348",
   "amount": "2200"
  },
  {
   "price": "0.0069",
   "amount": "31358.234019"
  },
  {
   "price": "0.008",
   "amount": "5216.24852"
  },
  {
   "price": "0.00848",
   "amount": "2500"
  },
  {
   "price": "0.0086343",
   "amount": "3800"
  },
  {
   "price": "0.0089",
   "amount": "14985"
  },
  {
   "price": "0.00895",
   "amount": "17178.804"
  },
  {
   "price": "0.0091",
   "amount": "5215.717245"
  },
  {
   "price": "0.0093",
   "amount": "53946"
  },
  {
   "price": "0.0093362",
   "amount": "10597.8361334"
  },
  {
   "price": "0.0094",
   "amount": "8000.004"
  },
  {
   "price": "0.0095",
   "amount": "95324"
  },
  {
   "price": "0.0096",
   "amount": "7778"
  },
  {
   "price": "0.00966",
   "amount": "1698.14854314"
  },
  {
   "price": "0.0098",
   "amount": "16072.7625661"
  },
  {
   "price": "0.01",
   "amount": "2897.26000022"
  },
  {
   "price": "0.0103",
   "amount": "29982.85571"
  },
  {
   "price": "0.012",
   "amount": "10000"
  }
 ]
}