{
 "pair": "vldeth",
 "bids": [
  {
   "price": "0.00002137",
   "amount": "5655.23"
  },
  {
   "price": "0.0000203",
   "amount": "2463.05418719"
  },
  {
   "price": "0.00002028",
   "amount": "3893.27"
  },
  {
   "price": "0.00002006",
   "amount": "2977.79"
  },
  {
   "price": "0.00001922",
   "amount": "9365.24453694"
  },
  {
   "price": "0.00001853",
   "amount": "4147.99"
  },
  {
   "price": "0.00001745",
   "amount": "2650.18"
  },
  {
   "price": "0.00001636",
   "amount": "3755.18"
  },
  {
   "price": "0.0000153",
   "amount": "13313.43025601"
  },
  {
   "price": "0.00001527",
   "amount": "8564.68"
  },
  {
   "price": "0.00001",
   "amount": "125000"
  },
  {
   "price": "0.000007",
   "amount": "501500"
  },
  {
   "price": "0.0000068",
   "amount": "50000"
  },
  {
   "price": "0.0000065",
   "amount": "43485.0409"
  },
  {
   "price": "0.00000649",
   "amount": "40000"
  },
  {
   "price": "0.0000055",
   "amount": "100000"
  },
  {
   "price": "0.0000054",
   "amount": "40000"
  }
 ],
 "asks": [
  {
   "price": "0.00002203",
   "amount": "5814.97"
  },
  {
   "price": "0.00002519",
   "amount": "4474.66"
  },
  {
   "price": "0.00002759",
   "amount": "2139.18629549"
  },
  {
   "price": "0.00002836",
   "amount": "9277.44"
  },
  {
   "price": "0.0000296",
   "amount": "100000"
  },
  {
   "price": "0.0000297",
   "amount": "37962"
  },
  {
   "price": "0.0000345",
   "amount": "180000"
  },
  {
   "price": "0.000035",
   "amount": "59940"
  },
  {
   "price": "0.0000362",
   "amount": "79090.65490054"
  },
  {
   "price": "0.000038",
   "amount": "90964.81"
  },
  {
   "price": "0.000039",
   "amount": "100000"
  },
  {
   "price": "0.0000399",
   "amount": "400425.42832737"
  },
  {
   "price": "0.000049",
   "amount": "100000"
  },
  {
   "price": "0.0000542",
   "amount": "116286.14"
  },
  {
   "price": "0.00007",
   "amount": "60000"
  },
  {
   "price": "0.000095",
   "amount": "40000"
  },
  {
   "price": "0.000099",
   "amount": "200000"
  },
  {
   "price": "0.000199",
   "amount": "200000"
  },
  {
   "price": "0.000299",
   "amount": "200000"
  },
  {
   "price": "0.000399",
   "amount": "200000"
  },
  {
   "price": "0.000499",
   "amount": "200000"
  }
 ]
}