{
 "pair": "iqxusd",
 "bids": [
  {
   "price": "0.001264",
   "amount": "11900"
  },
  {
   "price": "0.00078201",
   "amount": "25575.12052276"
  },
  {
   "price": "0.000782",
   "amount": "2000"
  },
  {
   "price": "0.00071",
   "amount": "10000"
  },
  {
   "price": "0.0007",
   "amount": "400000"
  },
  {
   "price": "0.0006",
   "amount": "300000"
  },
  {
   "price": "0.0005",
   "amount": "400000"
  },
  {
   "price": "0.00041243",
   "amount": "100000"
  },
  {
   "price": "0.00023128",
   "amount": "4623.16391387"
  },
  {
   "price": "0.00021",
   "amount": "1160"
  },
  {
   "price": "0.00013919",
   "amount": "100000"
  },
  {
   "price": "0.000131",
   "amount": "10000"
  },
  {
   "price": "0.00011",
   "amount": "1851.02190727"
  },
  {
   "price": "0.0001",
   "amount": "151000"
  },
  {
   "price": "0.000099",
   "amount": "10000"
  },
  {
   "price": "0.00005754",
   "amount": "100000"
  },
  {
   "price": "0.00004",
   "amount": "50000"
  },
  {
   "price": "0.00002081",
   "amount": "100000"
  },
  {
   "price": "0.00002",
   "amount": "100000"
  },
  {
   "price": "0.0000121",
   "amount": "100000"
  },
  {
   "price": "0.00001",
   "amount": "10000"
  },
  {
   "price": "0.00000118",
   "amount": "100000"
  },
  {
   "price": "0.0000011",
   "amount": "100000"
  },
  {
   "price": "0.00000101",
   "amount": "100000"
  },
  {
   "price": "0.000001",
   "amount": "110000"
  }
 ],
 "asks": [
  {
   "price": "0.00175",
   "amount": "39923.8"
  },
  {
   "price": "0.001999",
   "amount": "10608.736067"
  },
  {
   "price": "0.002",
   "amount": "104863.255134"
  },
  {
   "price": "0.00205",
   "amount": "36395.295149"
  },
  {
   "price": "0.0020751",
   "amount": "8185.28432157"
  },
  {
   "price": "0.002078",
   "amount": "100000"
  },
  {
   "price": "0.00208",
   "amount": "15000"
  },
  {
   "price": "0.00209",
   "amount": "2000"
  },
  {
   "price": "0.00215",
   "amount": "11999"
  },
  {
   "price": "0.00218",
   "amount": "2000"
  },
  {
   "price": "0.00219",
   "amount": "2000"
  },
  {
   "price": "0.0022",
   "amount": "9999"
  },
  {
   "price": "0.00224",
   "amount": "5062.680518"
  },
  {
   "price": "0.00225",
   "amount": "2000"
  },
  {
   "price": "0.00228",
   "amount": "2000"
  },
  {
   "price": "0.00229",
   "amount": "2000"
  },
  {
   "price": "0.00235",
   "amount": "2000"
  },
  {
   "price": "0.00238",
   "amount": "2000"
  },
  {
   "price": "0.00239",
   "amount": "2000"
  },
  {
   "price": "0.0024",
   "amount": "3911.85"
  },
  {
   "price": "0.0024395",
   "amount": "2000"
  },
  {
   "price": "0.00245",
   "amount": "2000"
  },
  {
   "price": "0.0024605",
   "amount": "2352.1791934"
  },
  {
   "price": "0.002461",
   "amount": "4290.174865"
  },
  {
   "price": "0.00248",
   "amount": "2000"
  }
 ]
}