{
 "pair": "vetbtc",
 "bids": [
  {
   "price": "8.6e-7",
   "amount": "748430.52"
  },
  {
   "price": "8.5e-7",
   "amount": "11230414.05599164"
  },
  {
   "price": "8.4e-7",
   "amount": "2302034.79809523"
  },
  {
   "price": "8.3e-7",
   "amount": "1821739"
  },
  {
   "price": "8.2e-7",
   "amount": "1846336"
  },
  {
   "price": "8e-7",
   "amount": "1500"
  },
  {
   "price": "7.9e-7",
   "amount": "1848114"
  },
  {
   "price": "7.8e-7",
   "amount": "10500"
  },
  {
   "price": "7.7e-7",
   "amount": "1826221"
  },
  {
   "price": "7.6e-7",
   "amount": "2153475.96052631"
  },
  {
   "price": "7.5e-7",
   "amount": "10500"
  },
  {
   "price": "7.4e-7",
   "amount": "11160.12496454"
  },
  {
   "price": "7.3e-7",
   "amount": "20000"
  },
  {
   "price": "7.2e-7",
   "amount": "21450"
  },
  {
   "price": "7.1e-7",
   "amount": "30500"
  },
  {
   "price": "7e-7",
   "amount": "2281.371428"
  },
  {
   "price": "6.6e-7",
   "amount": "10500"
  },
  {
   "price": "6.5e-7",
   "amount": "1500"
  },
  {
   "price": "6.2e-7",
   "amount": "60936"
  },
  {
   "price": "6.1e-7",
   "amount": "1000"
  },
  {
   "price": "6e-7",
   "amount": "1789.24281"
  },
  {
   "price": "5.7e-7",
   "amount": "1975.46799461"
  },
  {
   "price": "5.6e-7",
   "amount": "53571.428572"
  },
  {
   "price": "5.4e-7",
   "amount": "909.08600475"
  },
  {
   "price": "5.1e-7",
   "amount": "1443.25510946"
  }
 ],
 "asks": [
  {
   "price": "8.8e-7",
   "amount": "390241.05281376"
  },
  {
   "price": "8.9e-7",
   "amount": "178283.28263489"
  },
  {
   "price": "9e-7",
   "amount": "24017.3153"
  },
  {
   "price": "9.1e-7",
   "amount": "9817.846"
  },
  {
   "price": "9.2e-7",
   "amount": "19344.421"
  },
  {
   "price": "9.3e-7",
   "amount": "3333"
  },
  {
   "price": "9.4e-7",
   "amount": "950"
  },
  {
   "price": "9.5e-7",
   "amount": "800"
  },
  {
   "price": "9.6e-7",
   "amount": "13333"
  },
  {
   "price": "9.7e-7",
   "amount": "2222"
  },
  {
   "price": "9.8e-7",
   "amount": "16465.159093"
  },
  {
   "price": "0.000001",
   "amount": "22703.75"
  },
  {
   "price": "0.00000102",
   "amount": "2222"
  },
  {
   "price": "0.00000107",
   "amount": "2222"
  },
  {
   "price": "0.00000109",
   "amount": "3333"
  },
  {
   "price": "0.0000011",
   "amount": "1000"
  },
  {
   "price": "0.00000112",
   "amount": "5555"
  },
  {
   "price": "0.00000115",
   "amount": "10000"
  },
  {
   "price": "0.00000116",
   "amount": "2222"
  },
  {
   "price": "0.00000118",
   "amount": "2222"
  },
  {
   "price": "0.00000122",
   "amount": "10000"
  },
  {
   "price": "0.00000123",
   "amount": "8888"
  },
  {
   "price": "0.00000125",
   "amount": "4444"
  },
  {
   "price": "0.00000127",
   "amount": "14332"
  },
  {
   "price": "0.00000129",
   "amount": "2222"
  }
 ]
}