{
 "pair": "eoseth",
 "bids": [
  {
   "price": "0.017893",
   "amount": "275.433"
  },
  {
   "price": "0.017892",
   "amount": "123.39282823"
  },
  {
   "price": "0.017891",
   "amount": "276.84867155"
  },
  {
   "price": "0.01789",
   "amount": "2331.68541"
  },
  {
   "price": "0.017886",
   "amount": "271"
  },
  {
   "price": "0.017882",
   "amount": "500"
  },
  {
   "price": "0.017875",
   "amount": "500"
  },
  {
   "price": "0.017868",
   "amount": "511.16664692"
  },
  {
   "price": "0.017866",
   "amount": "1000"
  },
  {
   "price": "0.017865",
   "amount": "540"
  },
  {
   "price": "0.017863",
   "amount": "1000"
  },
  {
   "price": "0.017861",
   "amount": "470"
  },
  {
   "price": "0.017858",
   "amount": "52.5"
  },
  {
   "price": "0.017852",
   "amount": "910"
  },
  {
   "price": "0.017844",
   "amount": "6910.999"
  },
  {
   "price": "0.017827",
   "amount": "251.77"
  },
  {
   "price": "0.017817",
   "amount": "2682"
  },
  {
   "price": "0.017791",
   "amount": "11.14640807"
  },
  {
   "price": "0.017786",
   "amount": "2723"
  },
  {
   "price": "0.017774",
   "amount": "13821.999"
  },
  {
   "price": "0.017696",
   "amount": "1364"
  },
  {
   "price": "0.017638",
   "amount": "2.83478691"
  },
  {
   "price": "0.017503",
   "amount": "1349"
  },
  {
   "price": "0.0175",
   "amount": "631"
  },
  {
   "price": "0.017451",
   "amount": "88.64105209"
  }
 ],
 "asks": [
  {
   "price": "0.017961",
   "amount": "334.43831126"
  },
  {
   "price": "0.017969",
   "amount": "6910.999"
  },
  {
   "price": "0.01797",
   "amount": "2324.32842"
  },
  {
   "price": "0.017974",
   "amount": "400"
  },
  {
   "price": "0.01798",
   "amount": "2323.46612"
  },
  {
   "price": "0.017989",
   "amount": "270"
  },
  {
   "price": "0.01799",
   "amount": "1548.25931"
  },
  {
   "price": "0.017991",
   "amount": "500"
  },
  {
   "price": "0.017998",
   "amount": "61.7"
  },
  {
   "price": "0.017999",
   "amount": "1555.06986942"
  },
  {
   "price": "0.018",
   "amount": "2320.88256"
  },
  {
   "price": "0.018003",
   "amount": "68.7"
  },
  {
   "price": "0.018007",
   "amount": "62"
  },
  {
   "price": "0.018008",
   "amount": "500"
  },
  {
   "price": "0.01801",
   "amount": "1546.96824"
  },
  {
   "price": "0.018013",
   "amount": "930"
  },
  {
   "price": "0.018015",
   "amount": "1000"
  },
  {
   "price": "0.018022",
   "amount": "910"
  },
  {
   "price": "0.01806",
   "amount": "2722"
  },
  {
   "price": "0.01809",
   "amount": "2681"
  },
  {
   "price": "0.018099",
   "amount": "11.14903642"
  },
  {
   "price": "0.01817",
   "amount": "1363"
  },
  {
   "price": "0.018239",
   "amount": "1348"
  },
  {
   "price": "0.01825",
   "amount": "600"
  },
  {
   "price": "0.018433",
   "amount": "30800"
  }
 ]
}