{
 "pair": "rdnusd",
 "bids": [
  {
   "price": "0.11503",
   "amount": "109.53664261"
  },
  {
   "price": "0.1141",
   "amount": "109.53664261"
  },
  {
   "price": "0.11318",
   "amount": "109.53664261"
  },
  {
   "price": "0.11226",
   "amount": "109.53664261"
  },
  {
   "price": "0.11135",
   "amount": "109.53664261"
  },
  {
   "price": "0.0962",
   "amount": "20"
  },
  {
   "price": "0.09602",
   "amount": "100"
  },
  {
   "price": "0.085201",
   "amount": "2366.27158909"
  },
  {
   "price": "0.0852",
   "amount": "1000"
  },
  {
   "price": "0.0388",
   "amount": "103.211267"
  },
  {
   "price": "0.0221",
   "amount": "150"
  },
  {
   "price": "0.02168",
   "amount": "4612.5444055"
  },
  {
   "price": "0.0121",
   "amount": "1100"
  },
  {
   "price": "0.0041214",
   "amount": "100"
  },
  {
   "price": "0.00206",
   "amount": "500"
  },
  {
   "price": "0.00122",
   "amount": "1000"
  },
  {
   "price": "0.00066146",
   "amount": "1000"
  },
  {
   "price": "0.00033",
   "amount": "140000"
  },
  {
   "price": "0.00031618",
   "amount": "3000"
  },
  {
   "price": "0.000312",
   "amount": "20000"
  },
  {
   "price": "0.00024873",
   "amount": "1000"
  },
  {
   "price": "0.00020995",
   "amount": "1000"
  },
  {
   "price": "0.00013775",
   "amount": "1000"
  },
  {
   "price": "0.00013031",
   "amount": "10000"
  },
  {
   "price": "0.0001",
   "amount": "1000"
  }
 ],
 "asks": [
  {
   "price": "0.13953",
   "amount": "50.66956207"
  },
  {
   "price": "0.14066",
   "amount": "22.04806535"
  },
  {
   "price": "0.1415",
   "amount": "28.12035721"
  },
  {
   "price": "0.1418",
   "amount": "66.16016166"
  },
  {
   "price": "0.14297",
   "amount": "50.66956207"
  },
  {
   "price": "0.14426",
   "amount": "50.17201834"
  },
  {
   "price": "0.27696",
   "amount": "209.7005"
  },
  {
   "price": "0.29",
   "amount": "26.8731"
  },
  {
   "price": "0.3",
   "amount": "95.904"
  },
  {
   "price": "0.349",
   "amount": "49.9"
  },
  {
   "price": "0.34995",
   "amount": "69.92"
  },
  {
   "price": "0.35",
   "amount": "600"
  },
  {
   "price": "0.43999",
   "amount": "29"
  },
  {
   "price": "0.44",
   "amount": "1000"
  },
  {
   "price": "0.4487",
   "amount": "50"
  },
  {
   "price": "0.495",
   "amount": "498"
  },
  {
   "price": "0.5",
   "amount": "99.89999999"
  },
  {
   "price": "0.51",
   "amount": "127.99609607"
  },
  {
   "price": "0.5208",
   "amount": "28.775"
  },
  {
   "price": "0.55",
   "amount": "399"
  },
  {
   "price": "0.5944",
   "amount": "427.93086137"
  },
  {
   "price": "0.65525",
   "amount": "74.925"
  },
  {
   "price": "0.67",
   "amount": "801.9489035"
  },
  {
   "price": "0.72",
   "amount": "1547.01882514"
  },
  {
   "price": "0.9",
   "amount": "34.965"
  }
 ]
}