{
 "pair": "eosjpy",
 "bids": [
  {
   "price": "286.08",
   "amount": "0.796"
  },
  {
   "price": "285.61",
   "amount": "450"
  },
  {
   "price": "285.6",
   "amount": "204.05414474"
  },
  {
   "price": "285.47",
   "amount": "300"
  },
  {
   "price": "285.46",
   "amount": "100"
  },
  {
   "price": "285.44",
   "amount": "100"
  },
  {
   "price": "285.41",
   "amount": "301.07934781"
  },
  {
   "price": "285.4",
   "amount": "70.3"
  },
  {
   "price": "285.39",
   "amount": "601.94035843"
  },
  {
   "price": "285.38",
   "amount": "50"
  },
  {
   "price": "285.28",
   "amount": "1214"
  },
  {
   "price": "285.26",
   "amount": "170.61687148"
  },
  {
   "price": "285.25",
   "amount": "765.93137"
  },
  {
   "price": "285.22",
   "amount": "3000"
  },
  {
   "price": "285.2",
   "amount": "1205.93137"
  },
  {
   "price": "285.17",
   "amount": "350"
  },
  {
   "price": "285.14",
   "amount": "765.93137"
  },
  {
   "price": "285.12",
   "amount": "1310"
  },
  {
   "price": "285.07",
   "amount": "1107.21457997"
  },
  {
   "price": "285.05",
   "amount": "2765.93137"
  },
  {
   "price": "285.02",
   "amount": "2000"
  },
  {
   "price": "284.99",
   "amount": "2401.42421554"
  },
  {
   "price": "284.91",
   "amount": "4497"
  },
  {
   "price": "284.87",
   "amount": "4000"
  },
  {
   "price": "284.82",
   "amount": "13476.999"
  }
 ],
 "asks": [
  {
   "price": "286.09",
   "amount": "120"
  },
  {
   "price": "286.1",
   "amount": "7287.93407014"
  },
  {
   "price": "286.11",
   "amount": "3428"
  },
  {
   "price": "286.13",
   "amount": "3000"
  },
  {
   "price": "286.18",
   "amount": "3510.624"
  },
  {
   "price": "286.19",
   "amount": "3.33317559"
  },
  {
   "price": "286.23",
   "amount": "358.04117018"
  },
  {
   "price": "286.24",
   "amount": "1342.3"
  },
  {
   "price": "286.25",
   "amount": "1528.39766402"
  },
  {
   "price": "286.28",
   "amount": "763.74064"
  },
  {
   "price": "286.31",
   "amount": "78.3"
  },
  {
   "price": "286.32",
   "amount": "6255.999"
  },
  {
   "price": "286.33",
   "amount": "763.59485"
  },
  {
   "price": "286.39",
   "amount": "2263.41996"
  },
  {
   "price": "286.44",
   "amount": "763.27429"
  },
  {
   "price": "286.5",
   "amount": "763.12867"
  },
  {
   "price": "286.52",
   "amount": "7676.999"
  },
  {
   "price": "286.55",
   "amount": "763.01221"
  },
  {
   "price": "286.57",
   "amount": "6000"
  },
  {
   "price": "286.59",
   "amount": "439"
  },
  {
   "price": "286.62",
   "amount": "762.8376"
  },
  {
   "price": "286.67",
   "amount": "762.69215"
  },
  {
   "price": "286.71",
   "amount": "6527.51675412"
  },
  {
   "price": "286.72",
   "amount": "1060.57407777"
  },
  {
   "price": "286.78",
   "amount": "6762.57582"
  }
 ]
}