{
 "pair": "tsdust",
 "bids": [
  {
   "price": "0.9954",
   "amount": "2240.60826899"
  },
  {
   "price": "0.99534",
   "amount": "443.45733183"
  },
  {
   "price": "0.995",
   "amount": "10000"
  },
  {
   "price": "0.959",
   "amount": "311.75032166"
  },
  {
   "price": "0.1",
   "amount": "6"
  },
  {
   "price": "0.005",
   "amount": "338"
  }
 ],
 "asks": [
  {
   "price": "1.002",
   "amount": "443.48658944"
  },
  {
   "price": "1.005",
   "amount": "1000"
  },
  {
   "price": "1000",
   "amount": "2.109318"
  },
  {
   "price": "91444",
   "amount": "6"
  },
  {
   "price": "100000",
   "amount": "2.046"
  }
 ]
}