{
 "pair": "esseth",
 "bids": [
  {
   "price": "0.00000245",
   "amount": "20408.1632653"
  },
  {
   "price": "0.00000242",
   "amount": "74380.16528926"
  },
  {
   "price": "0.00000241",
   "amount": "143777"
  },
  {
   "price": "0.00000236",
   "amount": "70919.46304905"
  },
  {
   "price": "0.00000234",
   "amount": "5122"
  },
  {
   "price": "0.0000023",
   "amount": "75000"
  },
  {
   "price": "0.0000015",
   "amount": "75000"
  },
  {
   "price": "0.00000126",
   "amount": "200000"
  },
  {
   "price": "0.000001",
   "amount": "200000"
  },
  {
   "price": "9.9e-7",
   "amount": "10000"
  },
  {
   "price": "8e-7",
   "amount": "200000"
  },
  {
   "price": "6.2e-7",
   "amount": "200000"
  },
  {
   "price": "5.4e-7",
   "amount": "200000"
  },
  {
   "price": "4.7e-7",
   "amount": "200000"
  },
  {
   "price": "3.9e-7",
   "amount": "200000"
  },
  {
   "price": "3.3e-7",
   "amount": "180303.03030303"
  },
  {
   "price": "3e-8",
   "amount": "5000"
  },
  {
   "price": "2e-8",
   "amount": "13000"
  }
 ],
 "asks": [
  {
   "price": "0.00000525",
   "amount": "263018.14945214"
  },
  {
   "price": "0.00000526",
   "amount": "12835.34"
  },
  {
   "price": "0.00000527",
   "amount": "99899.99999999"
  },
  {
   "price": "0.0000075",
   "amount": "21627.8999"
  },
  {
   "price": "0.0000078",
   "amount": "200000"
  },
  {
   "price": "0.0000079",
   "amount": "200000"
  },
  {
   "price": "0.000008",
   "amount": "1219678"
  },
  {
   "price": "0.000009",
   "amount": "125070.40192311"
  },
  {
   "price": "0.0000092",
   "amount": "60000"
  },
  {
   "price": "0.0000093",
   "amount": "80000"
  },
  {
   "price": "0.00000933",
   "amount": "100000"
  },
  {
   "price": "0.0000109",
   "amount": "4201.68067227"
  },
  {
   "price": "0.0000116",
   "amount": "100000"
  },
  {
   "price": "0.00001172",
   "amount": "147899.15966387"
  },
  {
   "price": "0.000012",
   "amount": "195798.31932773"
  },
  {
   "price": "0.0000128",
   "amount": "50000"
  },
  {
   "price": "0.00001296",
   "amount": "100000"
  },
  {
   "price": "0.000013",
   "amount": "473862.82727273"
  },
  {
   "price": "0.00001323",
   "amount": "52100.84033613"
  },
  {
   "price": "0.00001357",
   "amount": "2440"
  },
  {
   "price": "0.0000147",
   "amount": "20000"
  },
  {
   "price": "0.0000159",
   "amount": "6743.25"
  },
  {
   "price": "0.00001688",
   "amount": "100000"
  },
  {
   "price": "0.000017",
   "amount": "34628.94"
  },
  {
   "price": "0.00001988",
   "amount": "100000"
  }
 ]
}