{
 "pair": "leoeos",
 "bids": [
  {
   "price": "0.32632",
   "amount": "1961"
  },
  {
   "price": "0.32631",
   "amount": "147.44361219"
  },
  {
   "price": "0.32627",
   "amount": "1630.12470454"
  },
  {
   "price": "0.3253",
   "amount": "137.96495543"
  },
  {
   "price": "0.32172",
   "amount": "354"
  },
  {
   "price": "0.10001",
   "amount": "6.999"
  },
  {
   "price": "0.050005",
   "amount": "13.999"
  },
  {
   "price": "0.025003",
   "amount": "27.997"
  },
  {
   "price": "0.0062506",
   "amount": "111.989"
  },
  {
   "price": "0.0031253",
   "amount": "223.978"
  },
  {
   "price": "0.0015627",
   "amount": "447.964"
  }
 ],
 "asks": [
  {
   "price": "0.36014",
   "amount": "2752.06494427"
  },
  {
   "price": "0.36015",
   "amount": "908.01071862"
  },
  {
   "price": "0.36649",
   "amount": "1990"
  },
  {
   "price": "0.37022",
   "amount": "1993"
  },
  {
   "price": "0.38522",
   "amount": "986"
  },
  {
   "price": "0.40356",
   "amount": "983"
  },
  {
   "price": "0.42366",
   "amount": "996"
  },
  {
   "price": "1.1",
   "amount": "200"
  },
  {
   "price": "1.2718",
   "amount": "1246.80130453"
  },
  {
   "price": "400",
   "amount": "14.87095"
  }
 ]
}