{
 "pair": "loousd",
 "bids": [
  {
   "price": "0.00022",
   "amount": "50000"
  },
  {
   "price": "0.0002112",
   "amount": "20000"
  },
  {
   "price": "0.00021119",
   "amount": "17020.159884"
  },
  {
   "price": "0.00021091",
   "amount": "94827.17746906"
  },
  {
   "price": "0.00011",
   "amount": "40000"
  },
  {
   "price": "0.000012",
   "amount": "150000"
  },
  {
   "price": "0.0000111",
   "amount": "50000"
  },
  {
   "price": "0.00001",
   "amount": "100000"
  },
  {
   "price": "0.0000068",
   "amount": "100000"
  },
  {
   "price": "0.0000011",
   "amount": "150000"
  },
  {
   "price": "0.000001",
   "amount": "100000"
  },
  {
   "price": "2e-7",
   "amount": "150000"
  },
  {
   "price": "1e-7",
   "amount": "1720000"
  }
 ],
 "asks": [
  {
   "price": "0.031219",
   "amount": "1600"
  },
  {
   "price": "0.042999",
   "amount": "668.76900269"
  },
  {
   "price": "0.043",
   "amount": "1103.3455501"
  },
  {
   "price": "0.064999",
   "amount": "200"
  },
  {
   "price": "0.07",
   "amount": "1998"
  },
  {
   "price": "0.084",
   "amount": "299.69999998"
  },
  {
   "price": "0.09",
   "amount": "226.4733"
  },
  {
   "price": "0.1836",
   "amount": "338.661"
  },
  {
   "price": "0.48",
   "amount": "668.767682"
  },
  {
   "price": "0.8013",
   "amount": "183.7112664"
  },
  {
   "price": "0.80328",
   "amount": "400"
  },
  {
   "price": "2",
   "amount": "100"
  },
  {
   "price": "2.1976",
   "amount": "100"
  },
  {
   "price": "10",
   "amount": "241.04747126"
  },
  {
   "price": "100",
   "amount": "105.07526368"
  },
  {
   "price": "500",
   "amount": "200"
  },
  {
   "price": "2000",
   "amount": "349.73914821"
  }
 ]
}