{
 "pair": "vsybtc",
 "bids": [
  {
   "price": "0.00000614",
   "amount": "193.30429415"
  },
  {
   "price": "0.00000613",
   "amount": "217.8139"
  },
  {
   "price": "0.00000612",
   "amount": "118.05"
  },
  {
   "price": "0.00000611",
   "amount": "106"
  },
  {
   "price": "0.00000609",
   "amount": "324.50800001"
  },
  {
   "price": "0.00000608",
   "amount": "621.338"
  },
  {
   "price": "0.00000605",
   "amount": "117.03637991"
  },
  {
   "price": "0.00000602",
   "amount": "118.2"
  },
  {
   "price": "0.00000596",
   "amount": "134.9"
  },
  {
   "price": "0.00000595",
   "amount": "436.8"
  },
  {
   "price": "0.00000333",
   "amount": "17765.53137794"
  },
  {
   "price": "0.00000145",
   "amount": "3680"
  },
  {
   "price": "0.00000137",
   "amount": "550"
  },
  {
   "price": "0.00000133",
   "amount": "3680"
  },
  {
   "price": "7e-7",
   "amount": "499.21"
  },
  {
   "price": "6.5e-7",
   "amount": "1235"
  },
  {
   "price": "6.2e-7",
   "amount": "324"
  },
  {
   "price": "6.1e-7",
   "amount": "381"
  },
  {
   "price": "5e-7",
   "amount": "786"
  },
  {
   "price": "4.9e-7",
   "amount": "987"
  },
  {
   "price": "3.9e-7",
   "amount": "407"
  },
  {
   "price": "2.9e-7",
   "amount": "867"
  },
  {
   "price": "2.6e-7",
   "amount": "1432"
  },
  {
   "price": "1.6e-7",
   "amount": "385"
  },
  {
   "price": "1.5e-7",
   "amount": "132"
  }
 ],
 "asks": [
  {
   "price": "0.00000618",
   "amount": "308.8"
  },
  {
   "price": "0.00000619",
   "amount": "215.568"
  },
  {
   "price": "0.0000062",
   "amount": "227.76239682"
  },
  {
   "price": "0.00000621",
   "amount": "348.09"
  },
  {
   "price": "0.00000622",
   "amount": "202.83"
  },
  {
   "price": "0.00000623",
   "amount": "172.82"
  },
  {
   "price": "0.00000624",
   "amount": "309.68"
  },
  {
   "price": "0.00000625",
   "amount": "235.76"
  },
  {
   "price": "0.00000626",
   "amount": "124.42"
  },
  {
   "price": "0.00000627",
   "amount": "154.69"
  },
  {
   "price": "0.00000628",
   "amount": "214.9"
  },
  {
   "price": "0.0000063",
   "amount": "0.0000051"
  },
  {
   "price": "0.00000639",
   "amount": "221.57408678"
  },
  {
   "price": "0.0000064",
   "amount": "137.32804126"
  },
  {
   "price": "0.00000641",
   "amount": "376"
  },
  {
   "price": "0.00000642",
   "amount": "188"
  },
  {
   "price": "0.00000647",
   "amount": "469.6"
  },
  {
   "price": "0.00000648",
   "amount": "0.00098674"
  },
  {
   "price": "0.0000065",
   "amount": "172.21761238"
  },
  {
   "price": "0.00000657",
   "amount": "150.48886442"
  },
  {
   "price": "0.00000658",
   "amount": "302.04"
  },
  {
   "price": "0.00000659",
   "amount": "217.8"
  },
  {
   "price": "0.0000066",
   "amount": "331.03"
  },
  {
   "price": "0.00000662",
   "amount": "206.07417884"
  },
  {
   "price": "0.00000664",
   "amount": "302.12"
  }
 ]
}