{
 "pair": "iosbtc",
 "bids": [
  {
   "price": "7e-7",
   "amount": "77718.628571"
  },
  {
   "price": "4.7e-7",
   "amount": "182223.2899567"
  },
  {
   "price": "3.7e-7",
   "amount": "400000"
  },
  {
   "price": "3.6e-7",
   "amount": "15000"
  },
  {
   "price": "2e-7",
   "amount": "25000"
  },
  {
   "price": "1.1e-7",
   "amount": "50000"
  },
  {
   "price": "1e-7",
   "amount": "52000"
  },
  {
   "price": "9e-8",
   "amount": "122816.666671"
  },
  {
   "price": "7e-8",
   "amount": "100000"
  },
  {
   "price": "5e-8",
   "amount": "100000"
  },
  {
   "price": "2e-8",
   "amount": "400000"
  },
  {
   "price": "1e-8",
   "amount": "200000"
  }
 ],
 "asks": [
  {
   "price": "9.8e-7",
   "amount": "5425.04484866"
  },
  {
   "price": "9.9e-7",
   "amount": "9990"
  },
  {
   "price": "0.000001",
   "amount": "2497.5"
  },
  {
   "price": "0.00000159",
   "amount": "1548.71040613"
  },
  {
   "price": "0.0000016",
   "amount": "4000"
  },
  {
   "price": "0.0000017",
   "amount": "4459.14621686"
  },
  {
   "price": "0.0000018",
   "amount": "2500"
  },
  {
   "price": "0.000002",
   "amount": "199800"
  },
  {
   "price": "0.0000025",
   "amount": "1000"
  },
  {
   "price": "0.00000275",
   "amount": "1000"
  },
  {
   "price": "0.00000298",
   "amount": "1598.4"
  },
  {
   "price": "0.000003",
   "amount": "1000"
  },
  {
   "price": "0.00000325",
   "amount": "1000"
  },
  {
   "price": "0.00000339",
   "amount": "329.67"
  },
  {
   "price": "0.0000035",
   "amount": "1000"
  },
  {
   "price": "0.0000037",
   "amount": "1000"
  },
  {
   "price": "0.00000375",
   "amount": "1000"
  },
  {
   "price": "0.00000399",
   "amount": "983.4757474"
  },
  {
   "price": "0.000004",
   "amount": "5951"
  },
  {
   "price": "0.00000416",
   "amount": "2997"
  },
  {
   "price": "0.00000425",
   "amount": "1000"
  },
  {
   "price": "0.00000428",
   "amount": "1230"
  },
  {
   "price": "0.0000045",
   "amount": "1000"
  },
  {
   "price": "0.00000475",
   "amount": "1000"
  },
  {
   "price": "0.000005",
   "amount": "7926.58077142"
  }
 ]
}