{
 "pair": "babust",
 "bids": [
  {
   "price": "206.08",
   "amount": "3.71876566"
  },
  {
   "price": "206.07",
   "amount": "2.14820754"
  },
  {
   "price": "206",
   "amount": "4.29655918"
  },
  {
   "price": "205.9",
   "amount": "6.99313001"
  },
  {
   "price": "205.83",
   "amount": "6.44455718"
  },
  {
   "price": "205.6",
   "amount": "7.00686681"
  },
  {
   "price": "205.31",
   "amount": "12.75410457"
  },
  {
   "price": "205.24",
   "amount": "12"
  },
  {
   "price": "204.9",
   "amount": "1.09411932"
  },
  {
   "price": "204.49",
   "amount": "1.33568728"
  },
  {
   "price": "204.43",
   "amount": "1.46244954"
  },
  {
   "price": "204.4",
   "amount": "0.1211299"
  },
  {
   "price": "204.15",
   "amount": "8.81414494"
  },
  {
   "price": "204.09",
   "amount": "1.14749946"
  },
  {
   "price": "203.69",
   "amount": "1.13801444"
  },
  {
   "price": "193",
   "amount": "2"
  },
  {
   "price": "1.0021",
   "amount": "302.4"
  },
  {
   "price": "1.0002",
   "amount": "2"
  },
  {
   "price": "1.0001",
   "amount": "32.9"
  },
  {
   "price": "0.04",
   "amount": "26"
  },
  {
   "price": "0.0301",
   "amount": "2045"
  },
  {
   "price": "0.03005",
   "amount": "100"
  },
  {
   "price": "0.000021",
   "amount": "245"
  },
  {
   "price": "0.0000021",
   "amount": "2695"
  },
  {
   "price": "0.000002",
   "amount": "10000"
  }
 ],
 "asks": [
  {
   "price": "206.56",
   "amount": "6.258445"
  },
  {
   "price": "206.57",
   "amount": "2.5188001"
  },
  {
   "price": "206.62",
   "amount": "0.38624544"
  },
  {
   "price": "206.64",
   "amount": "2.1481905"
  },
  {
   "price": "206.66",
   "amount": "4.29638099"
  },
  {
   "price": "207.18",
   "amount": "0.64328"
  },
  {
   "price": "207.21",
   "amount": "12"
  },
  {
   "price": "207.46",
   "amount": "12"
  },
  {
   "price": "208.39",
   "amount": "0.1211299"
  },
  {
   "price": "208.52",
   "amount": "130.39926941"
  },
  {
   "price": "208.55",
   "amount": "2.95176751"
  },
  {
   "price": "304",
   "amount": "0.999"
  },
  {
   "price": "354",
   "amount": "0.147319"
  },
  {
   "price": "359",
   "amount": "0.09583879"
  },
  {
   "price": "430.89",
   "amount": "0.02"
  },
  {
   "price": "453.6",
   "amount": "1.4985"
  },
  {
   "price": "509",
   "amount": "1"
  },
  {
   "price": "510",
   "amount": "0.1996"
  },
  {
   "price": "1900",
   "amount": "0.02"
  },
  {
   "price": "1998",
   "amount": "0.11"
  },
  {
   "price": "14000",
   "amount": "0.49"
  }
 ]
}