{
 "pair": "btc:cnht",
 "bids": [
  {
   "price": "50765",
   "amount": "0.2772184"
  },
  {
   "price": "50689",
   "amount": "0.30801315"
  },
  {
   "price": "50587",
   "amount": "0.46203067"
  },
  {
   "price": "50485",
   "amount": "0.61604227"
  },
  {
   "price": "50333",
   "amount": "0.77003292"
  },
  {
   "price": "40001",
   "amount": "0.61604311"
  },
  {
   "price": "40000",
   "amount": "1"
  },
  {
   "price": "30001",
   "amount": "2.15615087"
  },
  {
   "price": "30000",
   "amount": "3"
  },
  {
   "price": "25001",
   "amount": "1.23208621"
  },
  {
   "price": "25000",
   "amount": "5"
  },
  {
   "price": "8",
   "amount": "0.04938487"
  },
  {
   "price": "1",
   "amount": "501.54010764"
  }
 ],
 "asks": [
  {
   "price": "51146",
   "amount": "0.46203618"
  },
  {
   "price": "51223",
   "amount": "0.61602512"
  },
  {
   "price": "51299",
   "amount": "0.77005112"
  },
  {
   "price": "51401",
   "amount": "0.92403768"
  },
  {
   "price": "51655",
   "amount": "1.07807156"
  },
  {
   "price": "74425",
   "amount": "2.03724684"
  },
  {
   "price": "74449",
   "amount": "3.06628999"
  },
  {
   "price": "74537",
   "amount": "2.86314779"
  },
  {
   "price": "74548",
   "amount": "2.84841841"
  },
  {
   "price": "74587",
   "amount": "2.98883954"
  },
  {
   "price": "74596",
   "amount": "2.91763112"
  },
  {
   "price": "74794",
   "amount": "3.09440384"
  },
  {
   "price": "74795",
   "amount": "6.35985403"
  },
  {
   "price": "74848",
   "amount": "3.10523025"
  },
  {
   "price": "74916",
   "amount": "2.87100303"
  },
  {
   "price": "74954",
   "amount": "3.00438332"
  },
  {
   "price": "75018",
   "amount": "3.08647395"
  },
  {
   "price": "75021",
   "amount": "2.77964609"
  },
  {
   "price": "75159",
   "amount": "2.90101169"
  },
  {
   "price": "75164",
   "amount": "2.68064188"
  },
  {
   "price": "75176",
   "amount": "2.81083435"
  },
  {
   "price": "75313",
   "amount": "3.06691783"
  },
  {
   "price": "75440",
   "amount": "2.79275141"
  },
  {
   "price": "75467",
   "amount": "2.90270835"
  },
  {
   "price": "75524",
   "amount": "3.02349398"
  }
 ]
}