{
 "pair": "utneth",
 "bids": [
  {
   "price": "0.00001502",
   "amount": "11984.02130493"
  },
  {
   "price": "0.00001501",
   "amount": "7164.56295802"
  },
  {
   "price": "0.000015",
   "amount": "50000"
  },
  {
   "price": "0.00001272",
   "amount": "133637.60166792"
  },
  {
   "price": "0.000012",
   "amount": "400000"
  },
  {
   "price": "0.00001144",
   "amount": "4222.01591204"
  },
  {
   "price": "0.00001139",
   "amount": "11274.041265"
  },
  {
   "price": "0.00001137",
   "amount": "10000"
  },
  {
   "price": "0.00001129",
   "amount": "10000"
  },
  {
   "price": "0.00001124",
   "amount": "6000"
  },
  {
   "price": "0.00001122",
   "amount": "10000"
  },
  {
   "price": "0.00001115",
   "amount": "10000"
  },
  {
   "price": "0.0000111",
   "amount": "6000"
  },
  {
   "price": "0.00001108",
   "amount": "10000"
  },
  {
   "price": "0.00001101",
   "amount": "10000"
  },
  {
   "price": "0.00001095",
   "amount": "6000"
  },
  {
   "price": "0.00001094",
   "amount": "10000"
  },
  {
   "price": "0.00001086",
   "amount": "10000"
  },
  {
   "price": "0.00001081",
   "amount": "6000"
  },
  {
   "price": "0.00001079",
   "amount": "10000"
  },
  {
   "price": "0.00001072",
   "amount": "10000"
  },
  {
   "price": "0.00001066",
   "amount": "6000"
  },
  {
   "price": "0.00001065",
   "amount": "10000"
  },
  {
   "price": "0.00001058",
   "amount": "10000"
  },
  {
   "price": "0.00001052",
   "amount": "6000"
  }
 ],
 "asks": [
  {
   "price": "0.00001799",
   "amount": "3327.781479"
  },
  {
   "price": "0.000018",
   "amount": "27094.53126141"
  },
  {
   "price": "0.00002249",
   "amount": "28214.28619233"
  },
  {
   "price": "0.0000225",
   "amount": "10188.28380482"
  },
  {
   "price": "0.0000248",
   "amount": "10000"
  },
  {
   "price": "0.00002499",
   "amount": "10000"
  },
  {
   "price": "0.000028",
   "amount": "5097"
  },
  {
   "price": "0.0000307",
   "amount": "10000"
  },
  {
   "price": "0.0000308",
   "amount": "52489.668029"
  },
  {
   "price": "0.0000309",
   "amount": "10000"
  },
  {
   "price": "0.0000314",
   "amount": "47291"
  },
  {
   "price": "0.0000315",
   "amount": "803448.078"
  },
  {
   "price": "0.000034",
   "amount": "10000.77217554"
  },
  {
   "price": "0.0000365",
   "amount": "11959"
  },
  {
   "price": "0.000038",
   "amount": "10000"
  },
  {
   "price": "0.00004",
   "amount": "21042"
  },
  {
   "price": "0.0000405",
   "amount": "1042"
  },
  {
   "price": "0.00004101",
   "amount": "1042"
  },
  {
   "price": "0.00004151",
   "amount": "1042"
  },
  {
   "price": "0.0000419",
   "amount": "20000"
  },
  {
   "price": "0.000042",
   "amount": "91000"
  },
  {
   "price": "0.00004202",
   "amount": "1042"
  },
  {
   "price": "0.00004208",
   "amount": "30000"
  },
  {
   "price": "0.0000421",
   "amount": "9990"
  },
  {
   "price": "0.00004252",
   "amount": "1042"
  }
 ]
}