{
 "pair": "atmbtc",
 "bids": [
  {
   "price": "2e-8",
   "amount": "20000"
  },
  {
   "price": "1e-8",
   "amount": "600000"
  }
 ],
 "asks": [
  {
   "price": "7e-8",
   "amount": "249651.03630551"
  },
  {
   "price": "8e-8",
   "amount": "10000"
  },
  {
   "price": "1e-7",
   "amount": "10000"
  },
  {
   "price": "1.1e-7",
   "amount": "28065.889"
  },
  {
   "price": "3e-7",
   "amount": "10000"
  },
  {
   "price": "4.8e-7",
   "amount": "15301.38360769"
  },
  {
   "price": "5e-7",
   "amount": "10000"
  },
  {
   "price": "7.9e-7",
   "amount": "20000"
  },
  {
   "price": "8e-7",
   "amount": "10000"
  },
  {
   "price": "8.1e-7",
   "amount": "302909.854646"
  },
  {
   "price": "9.5e-7",
   "amount": "10000"
  },
  {
   "price": "9.9e-7",
   "amount": "20000"
  },
  {
   "price": "0.000001",
   "amount": "10000"
  },
  {
   "price": "0.0000015",
   "amount": "10000"
  },
  {
   "price": "0.00000169",
   "amount": "23900"
  },
  {
   "price": "0.0000017",
   "amount": "40835.65346544"
  },
  {
   "price": "0.00000181",
   "amount": "20000"
  },
  {
   "price": "0.00000194",
   "amount": "7500"
  },
  {
   "price": "0.000002",
   "amount": "4995"
  },
  {
   "price": "0.00000223",
   "amount": "20000"
  },
  {
   "price": "0.00000235",
   "amount": "19800"
  },
  {
   "price": "0.00000246",
   "amount": "20000"
  },
  {
   "price": "0.0000025",
   "amount": "10000"
  },
  {
   "price": "0.00000282",
   "amount": "5402"
  },
  {
   "price": "0.000003",
   "amount": "7097.41"
  }
 ]
}