{
 "pair": "rbtusd",
 "bids": [
  {
   "price": "7800",
   "amount": "0.00298555"
  },
  {
   "price": "6944.2",
   "amount": "0.00188949"
  },
  {
   "price": "6944.1",
   "amount": "0.04320214"
  },
  {
   "price": "6925",
   "amount": "0.02"
  },
  {
   "price": "6750.2",
   "amount": "0.15438215"
  },
  {
   "price": "6750",
   "amount": "0.01"
  },
  {
   "price": "6500",
   "amount": "0.02"
  },
  {
   "price": "6143.8",
   "amount": "0.00162765"
  },
  {
   "price": "6000",
   "amount": "0.02"
  },
  {
   "price": "50",
   "amount": "0.25"
  },
  {
   "price": "2.63",
   "amount": "14.597912"
  },
  {
   "price": "2.35",
   "amount": "5.33"
  },
  {
   "price": "2.12",
   "amount": "1"
  },
  {
   "price": "1.05",
   "amount": "91"
  },
  {
   "price": "0.26201",
   "amount": "18"
  },
  {
   "price": "0.262",
   "amount": "13"
  },
  {
   "price": "0.2611",
   "amount": "15"
  },
  {
   "price": "0.26",
   "amount": "126"
  },
  {
   "price": "0.121",
   "amount": "10"
  },
  {
   "price": "0.0121",
   "amount": "500"
  },
  {
   "price": "0.0112",
   "amount": "100"
  },
  {
   "price": "0.01",
   "amount": "150"
  },
  {
   "price": "0.00101",
   "amount": "500"
  },
  {
   "price": "0.001",
   "amount": "1500"
  },
  {
   "price": "0.00069",
   "amount": "500"
  }
 ],
 "asks": [
  {
   "price": "7980",
   "amount": "0.00829205"
  },
  {
   "price": "8100",
   "amount": "0.05"
  },
  {
   "price": "8150",
   "amount": "0.01"
  },
  {
   "price": "8400",
   "amount": "0.179096"
  },
  {
   "price": "8500",
   "amount": "0.004637"
  },
  {
   "price": "8840",
   "amount": "0.01"
  },
  {
   "price": "9200",
   "amount": "0.01"
  },
  {
   "price": "10101",
   "amount": "0.01"
  },
  {
   "price": "50000",
   "amount": "0.0007"
  }
 ]
}