{
 "pair": "paseth",
 "bids": [
  {
   "price": "0.00000875",
   "amount": "20571.42857143"
  },
  {
   "price": "0.00000874",
   "amount": "55937.14285407"
  },
  {
   "price": "0.00000856",
   "amount": "5841.12149532"
  },
  {
   "price": "0.000006",
   "amount": "50000"
  },
  {
   "price": "7e-8",
   "amount": "20000"
  }
 ],
 "asks": [
  {
   "price": "0.000013",
   "amount": "30000"
  },
  {
   "price": "0.000015",
   "amount": "70000"
  },
  {
   "price": "0.000095",
   "amount": "30000"
  },
  {
   "price": "0.0001292",
   "amount": "1000"
  },
  {
   "price": "0.0007",
   "amount": "924.85273424"
  },
  {
   "price": "0.001",
   "amount": "620"
  },
  {
   "price": "0.00592",
   "amount": "1000"
  },
  {
   "price": "0.008976",
   "amount": "1000"
  },
  {
   "price": "0.01",
   "amount": "2660"
  },
  {
   "price": "0.015",
   "amount": "2040"
  },
  {
   "price": "0.02",
   "amount": "2040"
  },
  {
   "price": "0.024678",
   "amount": "1000"
  },
  {
   "price": "0.025",
   "amount": "2040"
  },
  {
   "price": "0.03",
   "amount": "2040"
  },
  {
   "price": "0.035",
   "amount": "2040"
  },
  {
   "price": "0.04",
   "amount": "2040"
  },
  {
   "price": "0.045",
   "amount": "2040"
  },
  {
   "price": "0.045784",
   "amount": "1421.136"
  },
  {
   "price": "0.05",
   "amount": "2040"
  },
  {
   "price": "0.055",
   "amount": "2040"
  },
  {
   "price": "0.06",
   "amount": "2040"
  },
  {
   "price": "0.065",
   "amount": "2040"
  },
  {
   "price": "0.07",
   "amount": "2040"
  },
  {
   "price": "0.075",
   "amount": "2040"
  },
  {
   "price": "0.08",
   "amount": "2040"
  }
 ]
}