{
 "pair": "dusk:usd",
 "bids": [
  {
   "price": "0.04323",
   "amount": "1329.42639"
  },
  {
   "price": "0.04237",
   "amount": "1462.26362"
  },
  {
   "price": "0.0415",
   "amount": "1608.37404"
  },
  {
   "price": "0.04064",
   "amount": "1769.08391"
  },
  {
   "price": "0.04063",
   "amount": "5726.278536"
  },
  {
   "price": "0.03977",
   "amount": "1945.85204"
  },
  {
   "price": "0.038",
   "amount": "909.49327242"
  },
  {
   "price": "0.0055",
   "amount": "100000"
  },
  {
   "price": "0.00548",
   "amount": "1000"
  },
  {
   "price": "0.005",
   "amount": "100"
  },
  {
   "price": "0.0001002",
   "amount": "1800000"
  },
  {
   "price": "0.0001",
   "amount": "10000"
  },
  {
   "price": "1e-7",
   "amount": "1200000"
  }
 ],
 "asks": [
  {
   "price": "0.04368",
   "amount": "1315.60662"
  },
  {
   "price": "0.04455",
   "amount": "1453.97018"
  },
  {
   "price": "0.044606",
   "amount": "6719.9281095"
  },
  {
   "price": "0.045052",
   "amount": "8093.03541719"
  },
  {
   "price": "0.04542",
   "amount": "1606.88556"
  },
  {
   "price": "0.045498",
   "amount": "7332.41727652"
  },
  {
   "price": "0.045944",
   "amount": "6335.23140714"
  },
  {
   "price": "0.046",
   "amount": "19340.02505057"
  },
  {
   "price": "0.0463",
   "amount": "1775.88319"
  },
  {
   "price": "0.04639",
   "amount": "5714.4364523"
  },
  {
   "price": "0.0468",
   "amount": "1175.29353"
  },
  {
   "price": "0.04717",
   "amount": "1962.65445"
  },
  {
   "price": "0.0495",
   "amount": "1110.00329"
  },
  {
   "price": "0.0523",
   "amount": "1051.59"
  },
  {
   "price": "0.055",
   "amount": "999"
  },
  {
   "price": "0.0578",
   "amount": "952"
  },
  {
   "price": "0.059692",
   "amount": "222.36"
  },
  {
   "price": "0.06",
   "amount": "100000"
  },
  {
   "price": "0.0605",
   "amount": "909.09"
  },
  {
   "price": "0.065",
   "amount": "100000"
  },
  {
   "price": "0.068",
   "amount": "10000"
  },
  {
   "price": "0.07",
   "amount": "100000"
  },
  {
   "price": "0.070885",
   "amount": "222.36"
  },
  {
   "price": "0.075",
   "amount": "100000"
  },
  {
   "price": "0.08",
   "amount": "100000"
  }
 ]
}