{
 "pair": "ampust",
 "bids": [
  {
   "price": "1.0434",
   "amount": "188.3048258"
  },
  {
   "price": "1.0433",
   "amount": "63.69121323"
  },
  {
   "price": "1.0343",
   "amount": "118.24446224"
  },
  {
   "price": "1.0326",
   "amount": "173.15857959"
  },
  {
   "price": "1.0224",
   "amount": "292.41838661"
  },
  {
   "price": "1.0223",
   "amount": "196.15374367"
  },
  {
   "price": "1.0129",
   "amount": "170.26579864"
  },
  {
   "price": "0.9974",
   "amount": "199.62709427"
  },
  {
   "price": "0.992",
   "amount": "201.881158"
  },
  {
   "price": "0.987",
   "amount": "178.21361575"
  },
  {
   "price": "0.9824",
   "amount": "190.39602427"
  },
  {
   "price": "0.9773",
   "amount": "192.89111293"
  },
  {
   "price": "0.9723",
   "amount": "204.59253483"
  },
  {
   "price": "0.958",
   "amount": "203.77728467"
  },
  {
   "price": "0.9531",
   "amount": "199.73738823"
  },
  {
   "price": "0.9486",
   "amount": "200.92958366"
  },
  {
   "price": "0.9434",
   "amount": "177.71425969"
  },
  {
   "price": "0.9333",
   "amount": "378.53121997"
  },
  {
   "price": "0.9151",
   "amount": "382.31305632"
  },
  {
   "price": "0.8962",
   "amount": "427.27653122"
  },
  {
   "price": "0.8784",
   "amount": "448.59916453"
  },
  {
   "price": "0.8614",
   "amount": "379.74220769"
  },
  {
   "price": "0.78",
   "amount": "75.67914"
  },
  {
   "price": "0.00026",
   "amount": "2500"
  },
  {
   "price": "0.000026",
   "amount": "9400"
  }
 ],
 "asks": [
  {
   "price": "1.0598",
   "amount": "165.79833365"
  },
  {
   "price": "1.0698",
   "amount": "173.73739795"
  },
  {
   "price": "1.0811",
   "amount": "159.48235814"
  },
  {
   "price": "1.0913",
   "amount": "169.42301577"
  },
  {
   "price": "1.1029",
   "amount": "159.34869487"
  },
  {
   "price": "1.1079",
   "amount": "177.6829984"
  },
  {
   "price": "1.1134",
   "amount": "172.53357751"
  },
  {
   "price": "1.1194",
   "amount": "166.10304188"
  },
  {
   "price": "1.1253",
   "amount": "155.19585899"
  },
  {
   "price": "1.1308",
   "amount": "142.49172784"
  },
  {
   "price": "1.1364",
   "amount": "158.3799031"
  },
  {
   "price": "1.1419",
   "amount": "155.07413545"
  },
  {
   "price": "1.1471",
   "amount": "161.47262709"
  },
  {
   "price": "1.1529",
   "amount": "156.22534531"
  },
  {
   "price": "1.1595",
   "amount": "158.44381324"
  },
  {
   "price": "1.1697",
   "amount": "317.91231424"
  },
  {
   "price": "1.1925",
   "amount": "309.23029435"
  },
  {
   "price": "1.2166",
   "amount": "313.80825193"
  },
  {
   "price": "1.2405",
   "amount": "296.61102405"
  },
  {
   "price": "1.2431",
   "amount": "15.4"
  },
  {
   "price": "1.2658",
   "amount": "263.16723834"
  },
  {
   "price": "1.278",
   "amount": "6"
  },
  {
   "price": "1.5522",
   "amount": "2000"
  },
  {
   "price": "1.85",
   "amount": "2.5"
  },
  {
   "price": "1.98",
   "amount": "1864"
  }
 ]
}