{
 "pair": "impeth",
 "bids": [
  {
   "price": "0.00001621",
   "amount": "3084.51573103"
  },
  {
   "price": "0.0000162",
   "amount": "5000"
  },
  {
   "price": "0.00001611",
   "amount": "11173.18435754"
  },
  {
   "price": "0.0000161",
   "amount": "8244"
  },
  {
   "price": "0.0000011",
   "amount": "10000"
  },
  {
   "price": "0.000001",
   "amount": "50000"
  }
 ],
 "asks": [
  {
   "price": "0.0000589",
   "amount": "15120.8291564"
  },
  {
   "price": "0.0000592",
   "amount": "7140.942428"
  },
  {
   "price": "0.00007921",
   "amount": "4000"
  },
  {
   "price": "0.00015",
   "amount": "649.35"
  },
  {
   "price": "0.0002899",
   "amount": "1600"
  },
  {
   "price": "0.00028999",
   "amount": "3400"
  },
  {
   "price": "0.0004",
   "amount": "15000"
  },
  {
   "price": "0.0006",
   "amount": "15000"
  },
  {
   "price": "0.0194",
   "amount": "1198"
  },
  {
   "price": "0.025",
   "amount": "1000"
  }
 ]
}