{
 "pair": "rdnbtc",
 "bids": [
  {
   "price": "0.00001388",
   "amount": "3413"
  },
  {
   "price": "0.00001373",
   "amount": "19.945375"
  },
  {
   "price": "0.0000122",
   "amount": "3000"
  },
  {
   "price": "0.00001215",
   "amount": "11000"
  },
  {
   "price": "0.0000121",
   "amount": "67.81946073"
  },
  {
   "price": "0.0000111",
   "amount": "5549.87535383"
  },
  {
   "price": "0.00001",
   "amount": "973.5441044"
  },
  {
   "price": "0.0000063",
   "amount": "3221.244444"
  },
  {
   "price": "0.0000061",
   "amount": "800"
  },
  {
   "price": "0.00000606",
   "amount": "33.49834983"
  },
  {
   "price": "0.00000124",
   "amount": "9763.032258"
  },
  {
   "price": "0.00000122",
   "amount": "12995.225443"
  },
  {
   "price": "0.0000012",
   "amount": "4000"
  },
  {
   "price": "0.00000111",
   "amount": "990.41594242"
  },
  {
   "price": "2e-7",
   "amount": "20000"
  },
  {
   "price": "1.4e-7",
   "amount": "956.07862696"
  },
  {
   "price": "1.1e-7",
   "amount": "822.8313627"
  },
  {
   "price": "2e-8",
   "amount": "100000"
  }
 ],
 "asks": [
  {
   "price": "0.0000263",
   "amount": "50"
  },
  {
   "price": "0.00002755",
   "amount": "50"
  },
  {
   "price": "0.00002833",
   "amount": "999"
  },
  {
   "price": "0.00002865",
   "amount": "896.69611279"
  },
  {
   "price": "0.0000288",
   "amount": "50"
  },
  {
   "price": "0.00003005",
   "amount": "50"
  },
  {
   "price": "0.0000313",
   "amount": "50"
  },
  {
   "price": "0.00003195",
   "amount": "377.6286886"
  },
  {
   "price": "0.00003255",
   "amount": "50"
  },
  {
   "price": "0.0000338",
   "amount": "50"
  },
  {
   "price": "0.00003504",
   "amount": "50"
  },
  {
   "price": "0.0000363",
   "amount": "50"
  },
  {
   "price": "0.00003754",
   "amount": "296.3183279"
  },
  {
   "price": "0.0000388",
   "amount": "50"
  },
  {
   "price": "0.00003902",
   "amount": "61.14625916"
  },
  {
   "price": "0.00004004",
   "amount": "50"
  },
  {
   "price": "0.0000413",
   "amount": "50"
  },
  {
   "price": "0.00004255",
   "amount": "50"
  },
  {
   "price": "0.0000438",
   "amount": "50"
  },
  {
   "price": "0.00004505",
   "amount": "50"
  },
  {
   "price": "0.0000463",
   "amount": "50"
  },
  {
   "price": "0.00004755",
   "amount": "50"
  },
  {
   "price": "0.00004792",
   "amount": "2"
  },
  {
   "price": "0.0000488",
   "amount": "50"
  },
  {
   "price": "0.00004953",
   "amount": "1"
  }
 ]
}