{
 "pair": "iotbtc",
 "bids": [
  {
   "price": "0.00002688",
   "amount": "3700"
  },
  {
   "price": "0.00002687",
   "amount": "2496.93810946"
  },
  {
   "price": "0.00002686",
   "amount": "387.02051323"
  },
  {
   "price": "0.00002684",
   "amount": "1374"
  },
  {
   "price": "0.00002682",
   "amount": "700"
  },
  {
   "price": "0.0000268",
   "amount": "20000"
  },
  {
   "price": "0.00002678",
   "amount": "7284.42771847"
  },
  {
   "price": "0.00002677",
   "amount": "16784.25660918"
  },
  {
   "price": "0.00002676",
   "amount": "10000"
  },
  {
   "price": "0.00002675",
   "amount": "199.0301327"
  },
  {
   "price": "0.00002674",
   "amount": "17000"
  },
  {
   "price": "0.00002672",
   "amount": "7836.10633567"
  },
  {
   "price": "0.00002665",
   "amount": "46152"
  },
  {
   "price": "0.00002661",
   "amount": "5473.97347256"
  },
  {
   "price": "0.0000266",
   "amount": "260.70053603"
  },
  {
   "price": "0.00002659",
   "amount": "271.65198248"
  },
  {
   "price": "0.00002654",
   "amount": "56158.67646283"
  },
  {
   "price": "0.00002647",
   "amount": "1381"
  },
  {
   "price": "0.00002646",
   "amount": "188.92630003"
  },
  {
   "price": "0.00002645",
   "amount": "570.76362538"
  },
  {
   "price": "0.00002638",
   "amount": "500"
  },
  {
   "price": "0.00002636",
   "amount": "46947"
  },
  {
   "price": "0.00002618",
   "amount": "1097.0922296"
  },
  {
   "price": "0.00002604",
   "amount": "23219"
  },
  {
   "price": "0.00002601",
   "amount": "111"
  }
 ],
 "asks": [
  {
   "price": "0.00002689",
   "amount": "5504.21066009"
  },
  {
   "price": "0.0000269",
   "amount": "257.73705775"
  },
  {
   "price": "0.00002693",
   "amount": "6648"
  },
  {
   "price": "0.00002694",
   "amount": "11209"
  },
  {
   "price": "0.00002695",
   "amount": "1226"
  },
  {
   "price": "0.00002696",
   "amount": "4006"
  },
  {
   "price": "0.00002699",
   "amount": "700"
  },
  {
   "price": "0.000027",
   "amount": "5000"
  },
  {
   "price": "0.00002701",
   "amount": "1199.99"
  },
  {
   "price": "0.00002702",
   "amount": "46151"
  },
  {
   "price": "0.0000271",
   "amount": "5000"
  },
  {
   "price": "0.0000272",
   "amount": "2701.27463781"
  },
  {
   "price": "0.00002721",
   "amount": "46861"
  },
  {
   "price": "0.00002723",
   "amount": "185.39117539"
  },
  {
   "price": "0.00002731",
   "amount": "295.66552812"
  },
  {
   "price": "0.00002732",
   "amount": "1041.16657018"
  },
  {
   "price": "0.00002733",
   "amount": "1319.05488163"
  },
  {
   "price": "0.0000274",
   "amount": "552"
  },
  {
   "price": "0.00002743",
   "amount": "42.36631789"
  },
  {
   "price": "0.00002745",
   "amount": "263.09601454"
  },
  {
   "price": "0.00002746",
   "amount": "26"
  },
  {
   "price": "0.00002749",
   "amount": "1056.96021972"
  },
  {
   "price": "0.00002751",
   "amount": "9472.43734631"
  },
  {
   "price": "0.00002752",
   "amount": "290.45465161"
  },
  {
   "price": "0.00002753",
   "amount": "26"
  }
 ]
}