{
 "pair": "ustusd",
 "bids": [
  {
   "price": "1.0034",
   "amount": "3519.82278438"
  },
  {
   "price": "1.0033",
   "amount": "72283.58941021"
  },
  {
   "price": "1.0032",
   "amount": "62548.5551376"
  },
  {
   "price": "1.0031",
   "amount": "60000"
  },
  {
   "price": "1.003",
   "amount": "60000"
  },
  {
   "price": "1.0029",
   "amount": "152500"
  },
  {
   "price": "1.0028",
   "amount": "54300"
  },
  {
   "price": "1.0027",
   "amount": "50000"
  },
  {
   "price": "1.0026",
   "amount": "100000"
  },
  {
   "price": "1.0025",
   "amount": "4499.1"
  },
  {
   "price": "1.0022",
   "amount": "4583"
  },
  {
   "price": "1.0021",
   "amount": "443.63524253"
  },
  {
   "price": "1.0019",
   "amount": "8066.8"
  },
  {
   "price": "1.0016",
   "amount": "33417.76634943"
  },
  {
   "price": "1.0012",
   "amount": "2300"
  },
  {
   "price": "1.001",
   "amount": "1835.98127625"
  },
  {
   "price": "1.0007",
   "amount": "9644.40482864"
  },
  {
   "price": "1.0005",
   "amount": "10000"
  },
  {
   "price": "1.0001",
   "amount": "25409.22634502"
  },
  {
   "price": "1",
   "amount": "3379813.96716465"
  },
  {
   "price": "0.9999",
   "amount": "5050500"
  },
  {
   "price": "0.9998",
   "amount": "35000"
  },
  {
   "price": "0.9996",
   "amount": "5"
  },
  {
   "price": "0.9995",
   "amount": "75725"
  },
  {
   "price": "0.999",
   "amount": "161148.15"
  }
 ],
 "asks": [
  {
   "price": "1.0035",
   "amount": "914855.63651571"
  },
  {
   "price": "1.0036",
   "amount": "1021085.44002302"
  },
  {
   "price": "1.0037",
   "amount": "1035984.50302456"
  },
  {
   "price": "1.0038",
   "amount": "1033497.6845342"
  },
  {
   "price": "1.0039",
   "amount": "205948.02683168"
  },
  {
   "price": "1.004",
   "amount": "130432.88736014"
  },
  {
   "price": "1.0041",
   "amount": "135988.80408329"
  },
  {
   "price": "1.0042",
   "amount": "1062835.22036537"
  },
  {
   "price": "1.0043",
   "amount": "104480.17719307"
  },
  {
   "price": "1.0044",
   "amount": "100000"
  },
  {
   "price": "1.0045",
   "amount": "154297.9"
  },
  {
   "price": "1.0046",
   "amount": "203100.80828821"
  },
  {
   "price": "1.0047",
   "amount": "1182062.31334445"
  },
  {
   "price": "1.0048",
   "amount": "204830.7195616"
  },
  {
   "price": "1.0049",
   "amount": "250000"
  },
  {
   "price": "1.005",
   "amount": "1451334.02061126"
  },
  {
   "price": "1.0051",
   "amount": "150000"
  },
  {
   "price": "1.0052",
   "amount": "306795.56891722"
  },
  {
   "price": "1.0053",
   "amount": "1768974.44946653"
  },
  {
   "price": "1.0054",
   "amount": "110507.0255992"
  },
  {
   "price": "1.0055",
   "amount": "1412861.33511883"
  },
  {
   "price": "1.0056",
   "amount": "2399947.04178506"
  },
  {
   "price": "1.0057",
   "amount": "150000"
  },
  {
   "price": "1.0058",
   "amount": "1096572.88731914"
  },
  {
   "price": "1.0059",
   "amount": "996484.49959475"
  }
 ]
}