{
 "pair": "stjusd",
 "bids": [
  {
   "price": "0.1081",
   "amount": "2775.20814061"
  },
  {
   "price": "0.10433",
   "amount": "4393.17749801"
  },
  {
   "price": "0.10432",
   "amount": "24"
  },
  {
   "price": "0.04",
   "amount": "250"
  },
  {
   "price": "0.021425",
   "amount": "233.37"
  },
  {
   "price": "0.02142",
   "amount": "250"
  },
  {
   "price": "0.02",
   "amount": "3000"
  },
  {
   "price": "0.013",
   "amount": "1000"
  },
  {
   "price": "0.011",
   "amount": "10800"
  },
  {
   "price": "0.01",
   "amount": "300"
  },
  {
   "price": "0.0056272",
   "amount": "100"
  },
  {
   "price": "0.00333",
   "amount": "1000"
  },
  {
   "price": "0.0031",
   "amount": "6000"
  },
  {
   "price": "0.0021728",
   "amount": "100"
  },
  {
   "price": "0.00121",
   "amount": "900"
  },
  {
   "price": "0.001",
   "amount": "300"
  },
  {
   "price": "0.0003",
   "amount": "1750"
  },
  {
   "price": "0.00029517",
   "amount": "1000"
  },
  {
   "price": "0.000121",
   "amount": "9000"
  },
  {
   "price": "0.00011106",
   "amount": "1000"
  },
  {
   "price": "0.0001",
   "amount": "9000"
  },
  {
   "price": "0.00001",
   "amount": "60000"
  },
  {
   "price": "0.000002",
   "amount": "300000"
  },
  {
   "price": "0.0000011",
   "amount": "120000"
  },
  {
   "price": "0.000001",
   "amount": "120000"
  }
 ],
 "asks": [
  {
   "price": "0.155",
   "amount": "41.65984651"
  },
  {
   "price": "0.197",
   "amount": "112"
  },
  {
   "price": "0.2",
   "amount": "500"
  },
  {
   "price": "0.22",
   "amount": "800"
  },
  {
   "price": "0.23",
   "amount": "335.01577"
  },
  {
   "price": "0.25105",
   "amount": "74"
  },
  {
   "price": "0.27",
   "amount": "300"
  },
  {
   "price": "0.27105",
   "amount": "74"
  },
  {
   "price": "0.275",
   "amount": "30.93000015"
  },
  {
   "price": "0.29105",
   "amount": "74"
  },
  {
   "price": "0.3",
   "amount": "33.902"
  },
  {
   "price": "0.31105",
   "amount": "73.703"
  },
  {
   "price": "0.3145",
   "amount": "152.37"
  },
  {
   "price": "0.32",
   "amount": "2098.19"
  },
  {
   "price": "0.32339",
   "amount": "24.975"
  },
  {
   "price": "0.34",
   "amount": "16"
  },
  {
   "price": "0.3436",
   "amount": "69.93"
  },
  {
   "price": "0.349",
   "amount": "299.7"
  },
  {
   "price": "0.35",
   "amount": "600"
  },
  {
   "price": "0.36143",
   "amount": "16"
  },
  {
   "price": "0.369",
   "amount": "334.66"
  },
  {
   "price": "0.37",
   "amount": "249.8"
  },
  {
   "price": "0.38",
   "amount": "79.92"
  },
  {
   "price": "0.383",
   "amount": "73.926"
  },
  {
   "price": "0.398",
   "amount": "16"
  }
 ]
}