{
 "pair": "bntbtc",
 "bids": [
  {
   "price": "0.00003451",
   "amount": "64.06548826"
  },
  {
   "price": "0.0000345",
   "amount": "434.488"
  },
  {
   "price": "0.00002608",
   "amount": "153.37423313"
  },
  {
   "price": "0.00002605",
   "amount": "191.93857965"
  },
  {
   "price": "0.00002214",
   "amount": "5000"
  },
  {
   "price": "0.00002212",
   "amount": "113.58473"
  },
  {
   "price": "0.00002204",
   "amount": "10000"
  },
  {
   "price": "0.000022",
   "amount": "4270.94392301"
  },
  {
   "price": "0.0000135",
   "amount": "148.14814"
  },
  {
   "price": "0.000012",
   "amount": "7820.24403904"
  },
  {
   "price": "0.00001111",
   "amount": "797.16877983"
  },
  {
   "price": "0.0000071",
   "amount": "15065.7768367"
  },
  {
   "price": "0.00000512",
   "amount": "1000"
  },
  {
   "price": "0.00000511",
   "amount": "2267.87292453"
  },
  {
   "price": "0.0000042",
   "amount": "119.048"
  },
  {
   "price": "0.00000112",
   "amount": "5000"
  },
  {
   "price": "0.00000111",
   "amount": "11919.80706035"
  },
  {
   "price": "1e-7",
   "amount": "40000"
  },
  {
   "price": "9e-8",
   "amount": "10000"
  },
  {
   "price": "2e-8",
   "amount": "60000"
  }
 ],
 "asks": [
  {
   "price": "0.00007973",
   "amount": "18.22463232"
  },
  {
   "price": "0.00007974",
   "amount": "198.29338561"
  },
  {
   "price": "0.00008",
   "amount": "53.28346949"
  },
  {
   "price": "0.0000938",
   "amount": "700"
  },
  {
   "price": "0.00009383",
   "amount": "1287.18093009"
  },
  {
   "price": "0.00022",
   "amount": "78.96202525"
  },
  {
   "price": "0.00029",
   "amount": "300"
  },
  {
   "price": "0.000446",
   "amount": "100"
  },
  {
   "price": "0.0005",
   "amount": "798.5"
  },
  {
   "price": "0.00112",
   "amount": "21.982"
  },
  {
   "price": "0.0012304",
   "amount": "6"
  },
  {
   "price": "0.05",
   "amount": "22.19778"
  },
  {
   "price": "0.14999",
   "amount": "11.9"
  },
  {
   "price": "0.15",
   "amount": "11.10196106"
  },
  {
   "price": "5",
   "amount": "499"
  }
 ]
}