{
 "pair": "fttusd",
 "bids": [
  {
   "price": "1.8663",
   "amount": "3593.95325797"
  },
  {
   "price": "1.8642",
   "amount": "823.02396659"
  },
  {
   "price": "1.8617",
   "amount": "199.44018006"
  },
  {
   "price": "1.8591",
   "amount": "1361.66669225"
  },
  {
   "price": "1.8523",
   "amount": "343.92654827"
  },
  {
   "price": "1.8466",
   "amount": "162.46073865"
  },
  {
   "price": "1.8465",
   "amount": "829.09712161"
  },
  {
   "price": "1.8459",
   "amount": "1734.22316188"
  },
  {
   "price": "1.8431",
   "amount": "372.91810481"
  },
  {
   "price": "1.8408",
   "amount": "379.31588817"
  },
  {
   "price": "1.8328",
   "amount": "1985.5358164"
  },
  {
   "price": "1.8249",
   "amount": "483.13077009"
  },
  {
   "price": "1.8199",
   "amount": "1984.21532472"
  },
  {
   "price": "1.816",
   "amount": "338.88088926"
  },
  {
   "price": "1.8072",
   "amount": "2264.0260582"
  },
  {
   "price": "1.8071",
   "amount": "504.7420973"
  },
  {
   "price": "1.8048",
   "amount": "452.90121266"
  },
  {
   "price": "1.7947",
   "amount": "2453.82895281"
  },
  {
   "price": "1.7896",
   "amount": "428.48539139"
  },
  {
   "price": "1.7824",
   "amount": "2525.88519038"
  },
  {
   "price": "1.781",
   "amount": "549.83111182"
  },
  {
   "price": "1.7788",
   "amount": "423.30480183"
  },
  {
   "price": "1.7702",
   "amount": "2691.78498544"
  },
  {
   "price": "1.764",
   "amount": "688.79362421"
  },
  {
   "price": "1.7581",
   "amount": "2913.47902438"
  }
 ],
 "asks": [
  {
   "price": "1.8688",
   "amount": "13781.64565356"
  },
  {
   "price": "1.8693",
   "amount": "2353.70974977"
  },
  {
   "price": "1.8841",
   "amount": "758.5367406"
  },
  {
   "price": "1.8867",
   "amount": "4361.79089142"
  },
  {
   "price": "1.8936",
   "amount": "1279.84510609"
  },
  {
   "price": "1.9001",
   "amount": "6948.74708917"
  },
  {
   "price": "1.901",
   "amount": "1423.18827951"
  },
  {
   "price": "1.9126",
   "amount": "1313.78731868"
  },
  {
   "price": "1.9138",
   "amount": "7283.57546049"
  },
  {
   "price": "1.9199",
   "amount": "1829.27137673"
  },
  {
   "price": "1.9273",
   "amount": "7382.17521077"
  },
  {
   "price": "1.9315",
   "amount": "1357.77206342"
  },
  {
   "price": "1.9389",
   "amount": "1615.93641289"
  },
  {
   "price": "1.9407",
   "amount": "8060.76517055"
  },
  {
   "price": "1.9505",
   "amount": "2021.71568875"
  },
  {
   "price": "1.9544",
   "amount": "9980.48752569"
  },
  {
   "price": "1.9578",
   "amount": "2453.62872425"
  },
  {
   "price": "1.9673",
   "amount": "1986.40252198"
  },
  {
   "price": "1.9678",
   "amount": "11524.57719485"
  },
  {
   "price": "1.9789",
   "amount": "2312.2171121"
  },
  {
   "price": "1.9815",
   "amount": "8072.17206201"
  },
  {
   "price": "1.9862",
   "amount": "2214.52633277"
  },
  {
   "price": "1.9949",
   "amount": "9888.91131127"
  },
  {
   "price": "1.9957",
   "amount": "2305.62066609"
  },
  {
   "price": "1.9973",
   "amount": "2992.37202415"
  }
 ]
}