{
 "pair": "dusk:btc",
 "bids": [
  {
   "price": "0.00000592",
   "amount": "3347.00177"
  },
  {
   "price": "0.00000573",
   "amount": "5369.57068"
  },
  {
   "price": "0.00000551",
   "amount": "5199.637024"
  },
  {
   "price": "0.00000404",
   "amount": "5000"
  },
  {
   "price": "0.0000039",
   "amount": "14000"
  },
  {
   "price": "0.0000035",
   "amount": "4000"
  },
  {
   "price": "0.0000027",
   "amount": "4000"
  },
  {
   "price": "0.000002",
   "amount": "10000"
  },
  {
   "price": "2e-7",
   "amount": "50000"
  },
  {
   "price": "1e-7",
   "amount": "1026.7"
  }
 ],
 "asks": [
  {
   "price": "0.00000599",
   "amount": "3347.00177"
  },
  {
   "price": "0.00000613",
   "amount": "5908.18933689"
  },
  {
   "price": "0.00000616",
   "amount": "8016.72702327"
  },
  {
   "price": "0.00000619",
   "amount": "6758.34331228"
  },
  {
   "price": "0.00000622",
   "amount": "5745.93448483"
  },
  {
   "price": "0.00000626",
   "amount": "6087.34702839"
  },
  {
   "price": "0.000009",
   "amount": "431.122794"
  },
  {
   "price": "0.00000954",
   "amount": "9000"
  },
  {
   "price": "0.00001399",
   "amount": "5176.064008"
  },
  {
   "price": "0.000017",
   "amount": "128.19"
  },
  {
   "price": "0.000027",
   "amount": "700"
  },
  {
   "price": "0.00002949",
   "amount": "20000"
  },
  {
   "price": "0.00003",
   "amount": "4128.19"
  },
  {
   "price": "0.00003255",
   "amount": "209.38"
  },
  {
   "price": "0.00004",
   "amount": "128.19"
  },
  {
   "price": "0.00004949",
   "amount": "20000"
  },
  {
   "price": "0.00005",
   "amount": "21.736095"
  },
  {
   "price": "0.00005949",
   "amount": "20000"
  },
  {
   "price": "0.00006",
   "amount": "5128.2"
  },
  {
   "price": "0.00009",
   "amount": "6882.84"
  },
  {
   "price": "0.0007108",
   "amount": "278.745203"
  },
  {
   "price": "0.000711",
   "amount": "2871.0406"
  },
  {
   "price": "0.00149",
   "amount": "700"
  },
  {
   "price": "0.0104",
   "amount": "102"
  },
  {
   "price": "0.049721",
   "amount": "100.798"
  }
 ]
}