{
 "pair": "dtausd",
 "bids": [
  {
   "price": "0.00025041",
   "amount": "488670.82443159"
  },
  {
   "price": "0.00025038",
   "amount": "1111111"
  },
  {
   "price": "0.00025",
   "amount": "20000"
  },
  {
   "price": "0.0002473",
   "amount": "171562.91754828"
  },
  {
   "price": "0.00024",
   "amount": "14682.129833"
  },
  {
   "price": "0.00023008",
   "amount": "8334"
  },
  {
   "price": "0.00022",
   "amount": "44107.26887791"
  },
  {
   "price": "0.000214",
   "amount": "195467.3"
  },
  {
   "price": "0.00021335",
   "amount": "204169.664791"
  },
  {
   "price": "0.00021",
   "amount": "10300"
  },
  {
   "price": "0.00017066",
   "amount": "20000"
  },
  {
   "price": "0.00012",
   "amount": "51000"
  },
  {
   "price": "0.00011",
   "amount": "50000"
  },
  {
   "price": "0.00010224",
   "amount": "50000"
  },
  {
   "price": "0.0001",
   "amount": "17106.8089"
  },
  {
   "price": "0.000076",
   "amount": "14833.68013158"
  },
  {
   "price": "0.00005354",
   "amount": "8334"
  },
  {
   "price": "0.00005353",
   "amount": "300000"
  },
  {
   "price": "0.00004201",
   "amount": "250000"
  },
  {
   "price": "0.000042",
   "amount": "240000"
  },
  {
   "price": "0.00002613",
   "amount": "55000"
  },
  {
   "price": "0.00002001",
   "amount": "30000"
  },
  {
   "price": "0.000012",
   "amount": "103000"
  },
  {
   "price": "0.000011",
   "amount": "50000"
  },
  {
   "price": "0.00001",
   "amount": "110000"
  }
 ],
 "asks": [
  {
   "price": "0.00059981",
   "amount": "40000"
  },
  {
   "price": "0.0006",
   "amount": "17706.903113"
  },
  {
   "price": "0.000633",
   "amount": "30000"
  },
  {
   "price": "0.0006482",
   "amount": "30000"
  },
  {
   "price": "0.00066252",
   "amount": "11229.481173"
  },
  {
   "price": "0.00068966",
   "amount": "5000"
  },
  {
   "price": "0.0006987",
   "amount": "32966.15"
  },
  {
   "price": "0.000885",
   "amount": "49950"
  },
  {
   "price": "0.00088954",
   "amount": "10339.152344"
  },
  {
   "price": "0.001275",
   "amount": "85556.47295975"
  },
  {
   "price": "0.0013194",
   "amount": "296018.8562"
  },
  {
   "price": "0.0014",
   "amount": "21161.390352"
  },
  {
   "price": "0.0015892",
   "amount": "10000"
  },
  {
   "price": "0.001609",
   "amount": "6223.45612847"
  },
  {
   "price": "0.001788",
   "amount": "10000"
  },
  {
   "price": "0.001795",
   "amount": "30012.944"
  },
  {
   "price": "0.001825",
   "amount": "207460.32841424"
  },
  {
   "price": "0.00185",
   "amount": "14985"
  },
  {
   "price": "0.001889",
   "amount": "1425012.4310652"
  },
  {
   "price": "0.0019498",
   "amount": "7424.415057"
  },
  {
   "price": "0.001988",
   "amount": "19980"
  },
  {
   "price": "0.002",
   "amount": "79951.549293"
  },
  {
   "price": "0.00248",
   "amount": "10000"
  },
  {
   "price": "0.0024874",
   "amount": "14086.11115826"
  },
  {
   "price": "0.0029884",
   "amount": "23000"
  }
 ]
}