{
 "pair": "impusd",
 "bids": [
  {
   "price": "0.00248",
   "amount": "4335"
  },
  {
   "price": "0.0016",
   "amount": "14099.92187549"
  },
  {
   "price": "0.0013001",
   "amount": "2936.775167"
  },
  {
   "price": "0.00046011",
   "amount": "22606.767949"
  },
  {
   "price": "0.0004601",
   "amount": "25000"
  },
  {
   "price": "0.0001",
   "amount": "5000"
  },
  {
   "price": "0.000029",
   "amount": "50000"
  },
  {
   "price": "0.000023",
   "amount": "50000"
  },
  {
   "price": "0.000011",
   "amount": "50000"
  },
  {
   "price": "0.00001",
   "amount": "100000"
  },
  {
   "price": "0.0000029",
   "amount": "50000"
  },
  {
   "price": "0.0000011",
   "amount": "450000"
  },
  {
   "price": "0.000001",
   "amount": "50000"
  },
  {
   "price": "1e-7",
   "amount": "400000"
  }
 ],
 "asks": [
  {
   "price": "0.008",
   "amount": "2491.77459238"
  },
  {
   "price": "0.009",
   "amount": "999"
  },
  {
   "price": "0.011934",
   "amount": "550"
  },
  {
   "price": "0.012219",
   "amount": "2402.92864234"
  },
  {
   "price": "0.012929",
   "amount": "550"
  },
  {
   "price": "0.013862",
   "amount": "550"
  },
  {
   "price": "0.014099",
   "amount": "21583.13083304"
  },
  {
   "price": "0.0142",
   "amount": "6074.68868723"
  },
  {
   "price": "0.014969",
   "amount": "550"
  },
  {
   "price": "0.016",
   "amount": "1998"
  },
  {
   "price": "0.016146",
   "amount": "550"
  },
  {
   "price": "0.01705",
   "amount": "1263.324062"
  },
  {
   "price": "0.01748",
   "amount": "550"
  },
  {
   "price": "0.018395",
   "amount": "550"
  },
  {
   "price": "0.019259",
   "amount": "550"
  },
  {
   "price": "0.020409",
   "amount": "550"
  },
  {
   "price": "0.021586",
   "amount": "550"
  },
  {
   "price": "0.022737",
   "amount": "550"
  },
  {
   "price": "0.023684",
   "amount": "741"
  },
  {
   "price": "0.036477",
   "amount": "2308.17183279"
  },
  {
   "price": "0.045",
   "amount": "15000"
  },
  {
   "price": "0.0455",
   "amount": "2169.69242256"
  },
  {
   "price": "0.0495",
   "amount": "2000"
  },
  {
   "price": "0.05",
   "amount": "24987.14"
  },
  {
   "price": "0.06",
   "amount": "3809.86519472"
  }
 ]
}