{
 "pair": "wlousd",
 "bids": [
  {
   "price": "0.0056376",
   "amount": "3415.052428"
  },
  {
   "price": "0.00562",
   "amount": "40000"
  },
  {
   "price": "0.005173",
   "amount": "32783.7"
  },
  {
   "price": "0.00505",
   "amount": "1978.88137793"
  },
  {
   "price": "0.0048786",
   "amount": "1738.319"
  },
  {
   "price": "0.004654",
   "amount": "9924.64133"
  },
  {
   "price": "0.0039",
   "amount": "5656.114276"
  },
  {
   "price": "0.0032351",
   "amount": "5000"
  },
  {
   "price": "0.003143",
   "amount": "5000"
  },
  {
   "price": "0.0030344",
   "amount": "5000"
  },
  {
   "price": "0.00302",
   "amount": "100000"
  },
  {
   "price": "0.003",
   "amount": "2000"
  },
  {
   "price": "0.0028451",
   "amount": "5000"
  },
  {
   "price": "0.0026773",
   "amount": "5000"
  },
  {
   "price": "0.0025",
   "amount": "4500"
  },
  {
   "price": "0.002492",
   "amount": "5000"
  },
  {
   "price": "0.0022578",
   "amount": "5000"
  },
  {
   "price": "0.0021914",
   "amount": "1000"
  },
  {
   "price": "0.0021405",
   "amount": "5000"
  },
  {
   "price": "0.0020061",
   "amount": "5000"
  },
  {
   "price": "0.0017757",
   "amount": "5000"
  },
  {
   "price": "0.0016705",
   "amount": "5000"
  },
  {
   "price": "0.0014188",
   "amount": "5000"
  },
  {
   "price": "0.0011671",
   "amount": "5000"
  },
  {
   "price": "0.00101",
   "amount": "10000"
  }
 ],
 "asks": [
  {
   "price": "0.0069981",
   "amount": "6370.39875529"
  },
  {
   "price": "0.0069982",
   "amount": "4744.5584806"
  },
  {
   "price": "0.0069985",
   "amount": "1896.57146129"
  },
  {
   "price": "0.007",
   "amount": "3811.213916"
  },
  {
   "price": "0.0075699",
   "amount": "1874.8130686"
  },
  {
   "price": "0.008",
   "amount": "4500"
  },
  {
   "price": "0.0083",
   "amount": "8438.5529"
  },
  {
   "price": "0.008423",
   "amount": "2997"
  },
  {
   "price": "0.0087041",
   "amount": "6374.500541"
  },
  {
   "price": "0.009",
   "amount": "14534.422072"
  },
  {
   "price": "0.0092632",
   "amount": "1000"
  },
  {
   "price": "0.0093",
   "amount": "49208.727332"
  },
  {
   "price": "0.00965",
   "amount": "3370.313805"
  },
  {
   "price": "0.010363",
   "amount": "966.14305287"
  },
  {
   "price": "0.0105",
   "amount": "1610.443908"
  },
  {
   "price": "0.0112",
   "amount": "1995"
  },
  {
   "price": "0.0115",
   "amount": "4653.733144"
  },
  {
   "price": "0.011528",
   "amount": "1000"
  },
  {
   "price": "0.012",
   "amount": "3000"
  },
  {
   "price": "0.0125",
   "amount": "3000"
  },
  {
   "price": "0.0129",
   "amount": "4000"
  },
  {
   "price": "0.013053",
   "amount": "668.7168688"
  },
  {
   "price": "0.01321",
   "amount": "2000"
  },
  {
   "price": "0.014",
   "amount": "1700"
  },
  {
   "price": "0.0143",
   "amount": "14173.5639"
  }
 ]
}