{
 "pair": "yywusd",
 "bids": [
  {
   "price": "0.01022",
   "amount": "49000"
  },
  {
   "price": "0.01021",
   "amount": "13000"
  },
  {
   "price": "0.0102",
   "amount": "49000"
  },
  {
   "price": "0.010011",
   "amount": "3498.82367855"
  },
  {
   "price": "0.01",
   "amount": "13346"
  },
  {
   "price": "0.009815",
   "amount": "690"
  },
  {
   "price": "0.0097089",
   "amount": "6666"
  },
  {
   "price": "0.009708",
   "amount": "1000"
  },
  {
   "price": "0.009515",
   "amount": "6666"
  },
  {
   "price": "0.0094295",
   "amount": "14253.82849614"
  },
  {
   "price": "0.0094294",
   "amount": "50000"
  },
  {
   "price": "0.009427",
   "amount": "20000"
  },
  {
   "price": "0.0090101",
   "amount": "10000"
  },
  {
   "price": "0.009",
   "amount": "300"
  },
  {
   "price": "0.008997",
   "amount": "3333"
  },
  {
   "price": "0.008896",
   "amount": "6666"
  },
  {
   "price": "0.0087",
   "amount": "6666"
  },
  {
   "price": "0.0084739",
   "amount": "22222"
  },
  {
   "price": "0.0084669",
   "amount": "6666"
  },
  {
   "price": "0.008374",
   "amount": "30000"
  },
  {
   "price": "0.00835",
   "amount": "1196.744854"
  },
  {
   "price": "0.008301",
   "amount": "10000"
  },
  {
   "price": "0.0081002",
   "amount": "50000"
  },
  {
   "price": "0.008",
   "amount": "11792.58781276"
  },
  {
   "price": "0.007865",
   "amount": "3466.04041109"
  }
 ],
 "asks": [
  {
   "price": "0.011741",
   "amount": "20000"
  },
  {
   "price": "0.011903",
   "amount": "20000"
  },
  {
   "price": "0.011944",
   "amount": "5404.94"
  },
  {
   "price": "0.012",
   "amount": "8503"
  },
  {
   "price": "0.012597",
   "amount": "14619.2491"
  },
  {
   "price": "0.0126",
   "amount": "2000"
  },
  {
   "price": "0.0129",
   "amount": "500"
  },
  {
   "price": "0.0133",
   "amount": "500"
  },
  {
   "price": "0.01349",
   "amount": "500"
  },
  {
   "price": "0.0136",
   "amount": "500"
  },
  {
   "price": "0.013949",
   "amount": "7997.83151537"
  },
  {
   "price": "0.01395",
   "amount": "500"
  },
  {
   "price": "0.014",
   "amount": "500"
  },
  {
   "price": "0.0141",
   "amount": "16932.231649"
  },
  {
   "price": "0.0142",
   "amount": "17113.6635"
  },
  {
   "price": "0.0143",
   "amount": "500"
  },
  {
   "price": "0.0144",
   "amount": "500"
  },
  {
   "price": "0.01449",
   "amount": "10339.65"
  },
  {
   "price": "0.0145",
   "amount": "1761.69732968"
  },
  {
   "price": "0.01465",
   "amount": "5664.648521"
  },
  {
   "price": "0.0147",
   "amount": "500"
  },
  {
   "price": "0.015",
   "amount": "18584.564"
  },
  {
   "price": "0.0153",
   "amount": "500"
  },
  {
   "price": "0.0155",
   "amount": "500"
  },
  {
   "price": "0.015692",
   "amount": "250"
  }
 ]
}