{
 "pair": "geneth",
 "bids": [
  {
   "price": "0.00026155",
   "amount": "1714.7772763"
  },
  {
   "price": "0.00026151",
   "amount": "688.31019846"
  },
  {
   "price": "0.00025",
   "amount": "200"
  },
  {
   "price": "0.00023401",
   "amount": "619.03471139"
  },
  {
   "price": "0.000234",
   "amount": "200"
  },
  {
   "price": "0.0002",
   "amount": "12000"
  },
  {
   "price": "0.00019777",
   "amount": "1048.327572"
  },
  {
   "price": "0.0000066",
   "amount": "10000"
  },
  {
   "price": "0.0000064",
   "amount": "100000"
  }
 ],
 "asks": [
  {
   "price": "0.00044871",
   "amount": "1175.32110413"
  },
  {
   "price": "0.00052602",
   "amount": "215.48908102"
  },
  {
   "price": "0.00053",
   "amount": "599.4"
  },
  {
   "price": "0.0006425",
   "amount": "340.61361043"
  },
  {
   "price": "0.0006525",
   "amount": "200"
  },
  {
   "price": "0.0006625",
   "amount": "300"
  },
  {
   "price": "0.00067249",
   "amount": "7300"
  },
  {
   "price": "0.0006725",
   "amount": "200"
  },
  {
   "price": "0.0006825",
   "amount": "200"
  },
  {
   "price": "0.00069249",
   "amount": "500"
  },
  {
   "price": "0.0006925",
   "amount": "200"
  },
  {
   "price": "0.0007225",
   "amount": "200"
  },
  {
   "price": "0.00074248",
   "amount": "7356.832"
  },
  {
   "price": "0.00074249",
   "amount": "500"
  },
  {
   "price": "0.0007525",
   "amount": "200"
  },
  {
   "price": "0.0007825",
   "amount": "200"
  },
  {
   "price": "0.00079249",
   "amount": "500"
  },
  {
   "price": "0.0008125",
   "amount": "200"
  },
  {
   "price": "0.00083207",
   "amount": "1000"
  },
  {
   "price": "0.0008325",
   "amount": "200"
  },
  {
   "price": "0.0008525",
   "amount": "200"
  },
  {
   "price": "0.0008825",
   "amount": "200"
  },
  {
   "price": "0.00089207",
   "amount": "1000"
  },
  {
   "price": "0.0009125",
   "amount": "200"
  },
  {
   "price": "0.000928",
   "amount": "500"
  }
 ]
}