{
 "pair": "odeeth",
 "bids": [
  {
   "price": "0.00031375",
   "amount": "5258.96414343"
  },
  {
   "price": "0.00031374",
   "amount": "159.36762924"
  },
  {
   "price": "0.0003089",
   "amount": "80"
  },
  {
   "price": "0.00026",
   "amount": "800"
  },
  {
   "price": "0.00025",
   "amount": "5600"
  },
  {
   "price": "0.00008378",
   "amount": "150"
  },
  {
   "price": "0.00004017",
   "amount": "16000"
  },
  {
   "price": "0.0000099",
   "amount": "24482.32323232"
  },
  {
   "price": "0.00000376",
   "amount": "10000"
  },
  {
   "price": "0.00000227",
   "amount": "100000"
  },
  {
   "price": "0.00000226",
   "amount": "100000"
  },
  {
   "price": "0.0000022",
   "amount": "10000"
  },
  {
   "price": "2.4e-7",
   "amount": "20000"
  },
  {
   "price": "2.2e-7",
   "amount": "10000"
  },
  {
   "price": "3e-8",
   "amount": "6000"
  },
  {
   "price": "2e-8",
   "amount": "10000"
  }
 ],
 "asks": [
  {
   "price": "0.00057999",
   "amount": "157.07521999"
  },
  {
   "price": "0.00058999",
   "amount": "1831.5"
  },
  {
   "price": "0.0006",
   "amount": "900"
  },
  {
   "price": "0.00096",
   "amount": "980.0181"
  },
  {
   "price": "0.00105",
   "amount": "5250"
  },
  {
   "price": "0.0011",
   "amount": "2514"
  },
  {
   "price": "0.001131",
   "amount": "250"
  },
  {
   "price": "0.00122",
   "amount": "2000"
  },
  {
   "price": "0.0012439",
   "amount": "5000"
  },
  {
   "price": "0.00132",
   "amount": "1669.31999999"
  },
  {
   "price": "0.0013277",
   "amount": "123.61068626"
  },
  {
   "price": "0.001343",
   "amount": "153.104999"
  },
  {
   "price": "0.0014439",
   "amount": "3500"
  },
  {
   "price": "0.0015",
   "amount": "16"
  },
  {
   "price": "0.0016093",
   "amount": "929.07"
  },
  {
   "price": "0.0016382",
   "amount": "16"
  },
  {
   "price": "0.0016439",
   "amount": "4500"
  },
  {
   "price": "0.0017086",
   "amount": "16"
  },
  {
   "price": "0.0017757",
   "amount": "16"
  },
  {
   "price": "0.0018773",
   "amount": "1000"
  },
  {
   "price": "0.0019375",
   "amount": "16"
  },
  {
   "price": "0.0019407",
   "amount": "18.32414414"
  },
  {
   "price": "0.0019439",
   "amount": "6500"
  },
  {
   "price": "0.002031",
   "amount": "2000"
  },
  {
   "price": "0.00213",
   "amount": "22.86053878"
  }
 ]
}