{
 "pair": "neobtc",
 "bids": [
  {
   "price": "0.0011859",
   "amount": "4.6552142"
  },
  {
   "price": "0.0011854",
   "amount": "2.65213817"
  },
  {
   "price": "0.0011846",
   "amount": "100"
  },
  {
   "price": "0.0011834",
   "amount": "51.73750095"
  },
  {
   "price": "0.001183",
   "amount": "103.4976566"
  },
  {
   "price": "0.0011827",
   "amount": "400"
  },
  {
   "price": "0.0011821",
   "amount": "172.03178411"
  },
  {
   "price": "0.0011802",
   "amount": "284.20515019"
  },
  {
   "price": "0.0011801",
   "amount": "385.5195643"
  },
  {
   "price": "0.0011799",
   "amount": "391.5"
  },
  {
   "price": "0.0011774",
   "amount": "280"
  },
  {
   "price": "0.0011762",
   "amount": "29.4708893"
  },
  {
   "price": "0.001176",
   "amount": "16.86340641"
  },
  {
   "price": "0.0011751",
   "amount": "212.30931836"
  },
  {
   "price": "0.0011748",
   "amount": "4577.6"
  },
  {
   "price": "0.0011732",
   "amount": "2688.4"
  },
  {
   "price": "0.0011709",
   "amount": "6007.3"
  },
  {
   "price": "0.0011677",
   "amount": "4485.5"
  },
  {
   "price": "0.0011673",
   "amount": "4.28329092"
  },
  {
   "price": "0.0011645",
   "amount": "15"
  },
  {
   "price": "0.0011637",
   "amount": "5794"
  },
  {
   "price": "0.0011621",
   "amount": "330"
  },
  {
   "price": "0.00116",
   "amount": "4.91846613"
  },
  {
   "price": "0.0011597",
   "amount": "7484.2"
  },
  {
   "price": "0.0011566",
   "amount": "5"
  }
 ],
 "asks": [
  {
   "price": "0.0011873",
   "amount": "5.86130343"
  },
  {
   "price": "0.0011874",
   "amount": "168.76936958"
  },
  {
   "price": "0.0011878",
   "amount": "46.37475394"
  },
  {
   "price": "0.0011882",
   "amount": "168.75896564"
  },
  {
   "price": "0.0011897",
   "amount": "293.43031679"
  },
  {
   "price": "0.0011898",
   "amount": "251.4"
  },
  {
   "price": "0.0011899",
   "amount": "400"
  },
  {
   "price": "0.0011902",
   "amount": "168.75896564"
  },
  {
   "price": "0.0011908",
   "amount": "4.24088211"
  },
  {
   "price": "0.0011909",
   "amount": "280"
  },
  {
   "price": "0.0011917",
   "amount": "100"
  },
  {
   "price": "0.0011919",
   "amount": "18.2"
  },
  {
   "price": "0.0011927",
   "amount": "2496.3"
  },
  {
   "price": "0.0011941",
   "amount": "34.99"
  },
  {
   "price": "0.0011942",
   "amount": "280"
  },
  {
   "price": "0.001196",
   "amount": "1.91245411"
  },
  {
   "price": "0.0011961",
   "amount": "16.87763713"
  },
  {
   "price": "0.0011962",
   "amount": "23.05994"
  },
  {
   "price": "0.0011979",
   "amount": "2081.2"
  },
  {
   "price": "0.0011994",
   "amount": "2688.4"
  },
  {
   "price": "0.0011996",
   "amount": "2534.6"
  },
  {
   "price": "0.0012017",
   "amount": "3472.6"
  },
  {
   "price": "0.0012027",
   "amount": "4.19885792"
  },
  {
   "price": "0.0012041",
   "amount": "16.26428571"
  },
  {
   "price": "0.0012042",
   "amount": "10.96934049"
  }
 ]
}