{
 "pair": "zbtust",
 "bids": [
  {
   "price": "0.1851",
   "amount": "985.664"
  },
  {
   "price": "0.1841",
   "amount": "9130.89"
  },
  {
   "price": "0.1836",
   "amount": "880.18"
  },
  {
   "price": "0.18151",
   "amount": "1647.20101509"
  },
  {
   "price": "0.1815",
   "amount": "3037.8"
  },
  {
   "price": "0.1806",
   "amount": "36.104"
  },
  {
   "price": "0.1795",
   "amount": "1101.82"
  },
  {
   "price": "0.1528",
   "amount": "131.948"
  },
  {
   "price": "0.1491",
   "amount": "115"
  },
  {
   "price": "0.1447",
   "amount": "30.003"
  },
  {
   "price": "0.119",
   "amount": "256.86"
  },
  {
   "price": "0.109",
   "amount": "195"
  },
  {
   "price": "0.107",
   "amount": "207"
  },
  {
   "price": "0.0998",
   "amount": "35.409"
  },
  {
   "price": "0.0989",
   "amount": "1274.775"
  }
 ],
 "asks": [
  {
   "price": "0.1935",
   "amount": "4375.572"
  },
  {
   "price": "0.198",
   "amount": "4892.46"
  },
  {
   "price": "0.199",
   "amount": "1198.62001"
  },
  {
   "price": "0.2015",
   "amount": "601.42"
  },
  {
   "price": "0.2098",
   "amount": "192.656"
  },
  {
   "price": "0.2198",
   "amount": "43"
  },
  {
   "price": "0.2298",
   "amount": "1800"
  },
  {
   "price": "0.27101",
   "amount": "188.592"
  },
  {
   "price": "0.2798",
   "amount": "1575.90001"
  },
  {
   "price": "0.30271",
   "amount": "9885"
  },
  {
   "price": "0.30302",
   "amount": "167.73673063"
  },
  {
   "price": "0.3038",
   "amount": "80.22"
  },
  {
   "price": "0.3306",
   "amount": "1187.79601"
  }
 ]
}