{
 "pair": "etcusd",
 "bids": [
  {
   "price": "3.8599",
   "amount": "87.61112168"
  },
  {
   "price": "3.8586",
   "amount": "50"
  },
  {
   "price": "3.8585",
   "amount": "105.88860613"
  },
  {
   "price": "3.858",
   "amount": "180"
  },
  {
   "price": "3.8566",
   "amount": "26.4"
  },
  {
   "price": "3.8561",
   "amount": "46.7"
  },
  {
   "price": "3.8549",
   "amount": "66.7"
  },
  {
   "price": "3.8544",
   "amount": "1050"
  },
  {
   "price": "3.8534",
   "amount": "52"
  },
  {
   "price": "3.8516",
   "amount": "800"
  },
  {
   "price": "3.8506",
   "amount": "1050"
  },
  {
   "price": "3.8503",
   "amount": "416.11476866"
  },
  {
   "price": "3.8486",
   "amount": "100"
  },
  {
   "price": "3.8477",
   "amount": "1676.13660408"
  },
  {
   "price": "3.8476",
   "amount": "1151.7"
  },
  {
   "price": "3.8441",
   "amount": "624.61958416"
  },
  {
   "price": "3.84",
   "amount": "400"
  },
  {
   "price": "3.8395",
   "amount": "11567.2"
  },
  {
   "price": "3.836",
   "amount": "10"
  },
  {
   "price": "3.8237",
   "amount": "9310"
  },
  {
   "price": "3.8228",
   "amount": "5872.5"
  },
  {
   "price": "3.8214",
   "amount": "400.61962502"
  },
  {
   "price": "3.8213",
   "amount": "78.50731426"
  },
  {
   "price": "3.8208",
   "amount": "4611.3"
  },
  {
   "price": "3.8171",
   "amount": "5956.4"
  }
 ],
 "asks": [
  {
   "price": "3.86",
   "amount": "0.00053293"
  },
  {
   "price": "3.8682",
   "amount": "50"
  },
  {
   "price": "3.8683",
   "amount": "44.7"
  },
  {
   "price": "3.869",
   "amount": "180"
  },
  {
   "price": "3.8692",
   "amount": "2.0979"
  },
  {
   "price": "3.8704",
   "amount": "800"
  },
  {
   "price": "3.8714",
   "amount": "38.7354942"
  },
  {
   "price": "3.8744",
   "amount": "1617.34179122"
  },
  {
   "price": "3.8745",
   "amount": "1151.6"
  },
  {
   "price": "3.8749",
   "amount": "1050"
  },
  {
   "price": "3.8756",
   "amount": "416.18671752"
  },
  {
   "price": "3.8757",
   "amount": "140"
  },
  {
   "price": "3.8779",
   "amount": "100"
  },
  {
   "price": "3.8784",
   "amount": "484.04077109"
  },
  {
   "price": "3.8795",
   "amount": "832.23156013"
  },
  {
   "price": "3.88",
   "amount": "100"
  },
  {
   "price": "3.8806",
   "amount": "1050"
  },
  {
   "price": "3.8856",
   "amount": "11567.1"
  },
  {
   "price": "3.8857",
   "amount": "46.03441377"
  },
  {
   "price": "3.889",
   "amount": "5874.4"
  },
  {
   "price": "3.8951",
   "amount": "52.37384451"
  },
  {
   "price": "3.8959",
   "amount": "140"
  },
  {
   "price": "3.898",
   "amount": "4611.3"
  },
  {
   "price": "3.9",
   "amount": "78.33333333"
  },
  {
   "price": "3.9008",
   "amount": "5883.1"
  }
 ]
}