{
 "pair": "trxjpy",
 "bids": [
  {
   "price": "1.5108",
   "amount": "24787.79307"
  },
  {
   "price": "1.5107",
   "amount": "12174.21888"
  },
  {
   "price": "1.5099",
   "amount": "51599.39231664"
  },
  {
   "price": "1.508",
   "amount": "47720"
  },
  {
   "price": "1.5079",
   "amount": "158742.21911062"
  },
  {
   "price": "1.5047",
   "amount": "46735"
  },
  {
   "price": "1.5045",
   "amount": "100000"
  },
  {
   "price": "1.5032",
   "amount": "6041.25768738"
  },
  {
   "price": "1.5029",
   "amount": "50000"
  },
  {
   "price": "1.5019",
   "amount": "1107.705334"
  },
  {
   "price": "1.5014",
   "amount": "52493.43832021"
  },
  {
   "price": "1.501",
   "amount": "99000"
  },
  {
   "price": "1.5004",
   "amount": "468779"
  },
  {
   "price": "1.5003",
   "amount": "10080.90314493"
  },
  {
   "price": "1.4976",
   "amount": "12028.98551"
  },
  {
   "price": "1.4972",
   "amount": "14341.78545634"
  },
  {
   "price": "1.4968",
   "amount": "475983"
  },
  {
   "price": "1.496",
   "amount": "64404.78911914"
  },
  {
   "price": "1.4958",
   "amount": "96605.27938175"
  },
  {
   "price": "1.4946",
   "amount": "5000"
  },
  {
   "price": "1.4943",
   "amount": "16182.96422107"
  },
  {
   "price": "1.492",
   "amount": "43959.08552323"
  },
  {
   "price": "1.4918",
   "amount": "112180.54041548"
  },
  {
   "price": "1.4913",
   "amount": "17006.83466908"
  },
  {
   "price": "1.4866",
   "amount": "10000"
  }
 ],
 "asks": [
  {
   "price": "1.5147",
   "amount": "36275.01280193"
  },
  {
   "price": "1.5148",
   "amount": "58841.41704765"
  },
  {
   "price": "1.5162",
   "amount": "12174.21888"
  },
  {
   "price": "1.5163",
   "amount": "3747.56030131"
  },
  {
   "price": "1.5166",
   "amount": "100000"
  },
  {
   "price": "1.5187",
   "amount": "47719"
  },
  {
   "price": "1.5189",
   "amount": "50000"
  },
  {
   "price": "1.5195",
   "amount": "14754.034332"
  },
  {
   "price": "1.5198",
   "amount": "782.45596929"
  },
  {
   "price": "1.5206",
   "amount": "46734"
  },
  {
   "price": "1.5208",
   "amount": "23728.145668"
  },
  {
   "price": "1.5228",
   "amount": "976.15329699"
  },
  {
   "price": "1.5257",
   "amount": "468778"
  },
  {
   "price": "1.5259",
   "amount": "1725.61791288"
  },
  {
   "price": "1.5288",
   "amount": "1240.44700002"
  },
  {
   "price": "1.5319",
   "amount": "1687.72677533"
  },
  {
   "price": "1.5394",
   "amount": "11625.42857143"
  },
  {
   "price": "1.5395",
   "amount": "11625.42857143"
  },
  {
   "price": "1.5396",
   "amount": "11625.42857143"
  },
  {
   "price": "1.5397",
   "amount": "11625.42857143"
  },
  {
   "price": "1.5414",
   "amount": "10000"
  },
  {
   "price": "1.5502",
   "amount": "25000"
  },
  {
   "price": "1.5523",
   "amount": "10000"
  },
  {
   "price": "1.5556",
   "amount": "9994"
  },
  {
   "price": "1.5631",
   "amount": "444836.7072003"
  }
 ]
}