{
 "pair": "senbtc",
 "bids": [
  {
   "price": "5e-8",
   "amount": "600000"
  },
  {
   "price": "3e-8",
   "amount": "25000"
  },
  {
   "price": "2e-8",
   "amount": "108887.14285714"
  },
  {
   "price": "1e-8",
   "amount": "300000"
  }
 ],
 "asks": [
  {
   "price": "1.5e-7",
   "amount": "100254.12707447"
  },
  {
   "price": "3e-7",
   "amount": "6725.96"
  },
  {
   "price": "5e-7",
   "amount": "6000"
  },
  {
   "price": "5.2e-7",
   "amount": "102522.99155662"
  },
  {
   "price": "5.3e-7",
   "amount": "292072.7773091"
  },
  {
   "price": "5.4e-7",
   "amount": "76665"
  },
  {
   "price": "5.5e-7",
   "amount": "9999"
  },
  {
   "price": "5.6e-7",
   "amount": "76665"
  },
  {
   "price": "5.7e-7",
   "amount": "9999"
  },
  {
   "price": "5.8e-7",
   "amount": "276665"
  },
  {
   "price": "5.9e-7",
   "amount": "88888"
  },
  {
   "price": "6e-7",
   "amount": "88888"
  },
  {
   "price": "6.2e-7",
   "amount": "208888"
  },
  {
   "price": "6.4e-7",
   "amount": "8888"
  },
  {
   "price": "6.5e-7",
   "amount": "8888"
  },
  {
   "price": "6.6e-7",
   "amount": "9901.29135616"
  },
  {
   "price": "6.7e-7",
   "amount": "6500"
  },
  {
   "price": "6.9e-7",
   "amount": "380000.000005"
  },
  {
   "price": "7e-7",
   "amount": "91110"
  },
  {
   "price": "7.1e-7",
   "amount": "200000"
  },
  {
   "price": "7.2e-7",
   "amount": "4444"
  },
  {
   "price": "7.3e-7",
   "amount": "200000"
  },
  {
   "price": "7.6e-7",
   "amount": "211111"
  },
  {
   "price": "7.9e-7",
   "amount": "300000"
  },
  {
   "price": "8e-7",
   "amount": "6000"
  }
 ]
}