{
 "pair": "boxeth",
 "bids": [
  {
   "price": "0.00002107",
   "amount": "52986.95206455"
  },
  {
   "price": "0.000021",
   "amount": "27037.484761"
  },
  {
   "price": "0.00001869",
   "amount": "2675.22739432"
  },
  {
   "price": "0.00001708",
   "amount": "1202"
  },
  {
   "price": "0.000017",
   "amount": "16000"
  },
  {
   "price": "0.00001345",
   "amount": "8925.87972688"
  },
  {
   "price": "0.0000025",
   "amount": "8000"
  },
  {
   "price": "0.00000201",
   "amount": "5000"
  },
  {
   "price": "0.000002",
   "amount": "10000"
  },
  {
   "price": "0.00000111",
   "amount": "5000"
  },
  {
   "price": "0.00000101",
   "amount": "5000"
  },
  {
   "price": "0.000001",
   "amount": "20000"
  },
  {
   "price": "8.1e-7",
   "amount": "3000"
  },
  {
   "price": "8e-7",
   "amount": "25000"
  },
  {
   "price": "6.1e-7",
   "amount": "3000"
  },
  {
   "price": "5.1e-7",
   "amount": "3000"
  },
  {
   "price": "5e-7",
   "amount": "40000"
  },
  {
   "price": "4.1e-7",
   "amount": "3000"
  },
  {
   "price": "3.1e-7",
   "amount": "3000"
  },
  {
   "price": "2.5e-7",
   "amount": "110000"
  },
  {
   "price": "2.4e-7",
   "amount": "30000"
  },
  {
   "price": "2.3e-7",
   "amount": "30000"
  },
  {
   "price": "2.2e-7",
   "amount": "30000"
  },
  {
   "price": "2.1e-7",
   "amount": "3000"
  },
  {
   "price": "2e-7",
   "amount": "100000"
  }
 ],
 "asks": [
  {
   "price": "0.0000276",
   "amount": "4976.1278585"
  },
  {
   "price": "0.000045",
   "amount": "4635.44"
  },
  {
   "price": "0.00005999",
   "amount": "4256.59574467"
  },
  {
   "price": "0.00006",
   "amount": "7810.144303"
  },
  {
   "price": "0.00014846",
   "amount": "454.44440461"
  },
  {
   "price": "0.00015846",
   "amount": "5012"
  },
  {
   "price": "0.00016846",
   "amount": "5012"
  },
  {
   "price": "0.00017846",
   "amount": "5012"
  },
  {
   "price": "0.0013003",
   "amount": "9990"
  },
  {
   "price": "0.0015751",
   "amount": "1600.06638791"
  },
  {
   "price": "0.015",
   "amount": "1000"
  },
  {
   "price": "0.016",
   "amount": "1000"
  },
  {
   "price": "0.03",
   "amount": "1000"
  }
 ]
}