{
 "pair": "zrxdai",
 "bids": [
  {
   "price": "0.20023",
   "amount": "566.86040798"
  },
  {
   "price": "0.2002",
   "amount": "980.76923077"
  },
  {
   "price": "0.2",
   "amount": "500"
  },
  {
   "price": "0.15",
   "amount": "500"
  },
  {
   "price": "0.1",
   "amount": "500"
  },
  {
   "price": "0.09",
   "amount": "1000"
  },
  {
   "price": "0.08",
   "amount": "1000"
  },
  {
   "price": "0.07",
   "amount": "1000"
  },
  {
   "price": "0.06",
   "amount": "1000"
  },
  {
   "price": "0.05",
   "amount": "1000"
  },
  {
   "price": "0.04",
   "amount": "2000"
  },
  {
   "price": "0.03",
   "amount": "2000"
  },
  {
   "price": "0.02",
   "amount": "2000"
  },
  {
   "price": "0.01106",
   "amount": "200"
  },
  {
   "price": "0.01",
   "amount": "1890"
  },
  {
   "price": "0.0065",
   "amount": "250"
  },
  {
   "price": "0.0001516",
   "amount": "498"
  },
  {
   "price": "0.0001515",
   "amount": "20000"
  },
  {
   "price": "0.00009",
   "amount": "20000"
  },
  {
   "price": "2e-7",
   "amount": "20000"
  },
  {
   "price": "1e-7",
   "amount": "1250000"
  }
 ],
 "asks": [
  {
   "price": "0.35016",
   "amount": "79.72288105"
  },
  {
   "price": "0.35017",
   "amount": "330.66"
  },
  {
   "price": "0.35019",
   "amount": "28.40294687"
  },
  {
   "price": "0.40744",
   "amount": "5289.73063578"
  },
  {
   "price": "0.46723",
   "amount": "5000"
  },
  {
   "price": "0.48184",
   "amount": "200"
  },
  {
   "price": "0.5",
   "amount": "20"
  }
 ]
}