{
 "pair": "ampusd",
 "bids": [
  {
   "price": "1.0524",
   "amount": "187.89928"
  },
  {
   "price": "1.0523",
   "amount": "188.11652582"
  },
  {
   "price": "1.0417",
   "amount": "170.02822894"
  },
  {
   "price": "1.0387",
   "amount": "121.60916462"
  },
  {
   "price": "1.0322",
   "amount": "290.64134858"
  },
  {
   "price": "1.0321",
   "amount": "173.57001677"
  },
  {
   "price": "1.0275",
   "amount": "10.206352"
  },
  {
   "price": "1.0212",
   "amount": "170.6583781"
  },
  {
   "price": "1.02",
   "amount": "2047.56435609"
  },
  {
   "price": "1.0168",
   "amount": "329.71117363"
  },
  {
   "price": "1.0126",
   "amount": "8.622027"
  },
  {
   "price": "1.0119",
   "amount": "171.2301327"
  },
  {
   "price": "1.001",
   "amount": "259.33"
  },
  {
   "price": "1.0007",
   "amount": "291.384729"
  },
  {
   "price": "0.99",
   "amount": "500"
  },
  {
   "price": "0.9624",
   "amount": "200.8223663"
  },
  {
   "price": "0.96",
   "amount": "22.7"
  },
  {
   "price": "0.9579",
   "amount": "178.54147221"
  },
  {
   "price": "0.90651",
   "amount": "1688.81516481"
  },
  {
   "price": "0.9065",
   "amount": "177.0610027"
  },
  {
   "price": "0.9064",
   "amount": "416.0520866"
  },
  {
   "price": "0.9021",
   "amount": "178.57789572"
  },
  {
   "price": "0.8969",
   "amount": "216.63192042"
  },
  {
   "price": "0.8924",
   "amount": "184.16852111"
  },
  {
   "price": "0.8882",
   "amount": "193.01086297"
  }
 ],
 "asks": [
  {
   "price": "1.058",
   "amount": "187.08489502"
  },
  {
   "price": "1.0688",
   "amount": "169.00141899"
  },
  {
   "price": "1.0793",
   "amount": "167.58224779"
  },
  {
   "price": "1.0849",
   "amount": "108.39380138"
  },
  {
   "price": "1.085",
   "amount": "20.186141"
  },
  {
   "price": "1.0897",
   "amount": "155.63229282"
  },
  {
   "price": "1.1005",
   "amount": "157.85945754"
  },
  {
   "price": "1.1124",
   "amount": "151.58825782"
  },
  {
   "price": "1.1182",
   "amount": "153.74775482"
  },
  {
   "price": "1.1188",
   "amount": "34.814347"
  },
  {
   "price": "1.124",
   "amount": "165.84781204"
  },
  {
   "price": "1.1293",
   "amount": "143.07029852"
  },
  {
   "price": "1.1346",
   "amount": "161.75498886"
  },
  {
   "price": "1.1404",
   "amount": "173.2348503"
  },
  {
   "price": "1.144",
   "amount": "150"
  },
  {
   "price": "1.1445",
   "amount": "130"
  },
  {
   "price": "1.1466",
   "amount": "143.41162882"
  },
  {
   "price": "1.1519",
   "amount": "171.96528612"
  },
  {
   "price": "1.156",
   "amount": "190"
  },
  {
   "price": "1.1562",
   "amount": "165"
  },
  {
   "price": "1.158",
   "amount": "172"
  },
  {
   "price": "1.162",
   "amount": "180"
  },
  {
   "price": "1.1753",
   "amount": "165.1461194"
  },
  {
   "price": "1.1788",
   "amount": "304.78606732"
  },
  {
   "price": "1.1812",
   "amount": "160.58910157"
  }
 ]
}