{
 "pair": "gotusd",
 "bids": [
  {
   "price": "0.1625",
   "amount": "6.446874"
  },
  {
   "price": "0.144",
   "amount": "25"
  },
  {
   "price": "0.142",
   "amount": "1035"
  },
  {
   "price": "0.14",
   "amount": "1035"
  },
  {
   "price": "0.125",
   "amount": "211.3"
  },
  {
   "price": "0.11231",
   "amount": "9000"
  },
  {
   "price": "0.1123",
   "amount": "50000"
  },
  {
   "price": "0.111",
   "amount": "11111"
  },
  {
   "price": "0.11036",
   "amount": "164.45615265"
  },
  {
   "price": "0.11001",
   "amount": "12000"
  },
  {
   "price": "0.11",
   "amount": "11000"
  },
  {
   "price": "0.093387",
   "amount": "3292.75960333"
  },
  {
   "price": "0.084898",
   "amount": "19757.5101711"
  },
  {
   "price": "0.067918",
   "amount": "26343.3457221"
  },
  {
   "price": "0.050938",
   "amount": "32928.7858275"
  },
  {
   "price": "0.0263",
   "amount": "50000"
  },
  {
   "price": "0.026299",
   "amount": "50"
  },
  {
   "price": "0.0211",
   "amount": "50"
  },
  {
   "price": "0.0012",
   "amount": "100000"
  },
  {
   "price": "0.00111",
   "amount": "900"
  },
  {
   "price": "0.0006",
   "amount": "100000"
  },
  {
   "price": "0.00058",
   "amount": "10000"
  },
  {
   "price": "0.0001406",
   "amount": "10000"
  },
  {
   "price": "0.0001103",
   "amount": "50000"
  },
  {
   "price": "0.0001003",
   "amount": "50000"
  }
 ],
 "asks": [
  {
   "price": "0.19499",
   "amount": "188.49055418"
  },
  {
   "price": "0.195",
   "amount": "199.8071"
  },
  {
   "price": "0.1989",
   "amount": "100"
  },
  {
   "price": "0.2",
   "amount": "342.79877"
  },
  {
   "price": "0.2189",
   "amount": "100"
  },
  {
   "price": "0.22922",
   "amount": "19734.7383181"
  },
  {
   "price": "0.2389",
   "amount": "100"
  },
  {
   "price": "0.2462",
   "amount": "26342.0768266"
  },
  {
   "price": "0.248",
   "amount": "122.77"
  },
  {
   "price": "0.2489",
   "amount": "100"
  },
  {
   "price": "0.25",
   "amount": "10000"
  },
  {
   "price": "0.26317",
   "amount": "1125"
  },
  {
   "price": "0.26318",
   "amount": "32929.1836186"
  },
  {
   "price": "0.2689",
   "amount": "100"
  },
  {
   "price": "0.2789",
   "amount": "300"
  },
  {
   "price": "0.28016",
   "amount": "39515.0185832"
  },
  {
   "price": "0.29714",
   "amount": "46100.3001585"
  },
  {
   "price": "0.2989",
   "amount": "200"
  },
  {
   "price": "0.3",
   "amount": "11700"
  },
  {
   "price": "0.35",
   "amount": "40.63566"
  },
  {
   "price": "0.36",
   "amount": "12000"
  },
  {
   "price": "0.365",
   "amount": "14000"
  },
  {
   "price": "0.38",
   "amount": "20000"
  },
  {
   "price": "0.4",
   "amount": "10000"
  },
  {
   "price": "0.4812",
   "amount": "15"
  }
 ]
}