{
 "pair": "essusd",
 "bids": [
  {
   "price": "0.00048",
   "amount": "31925.33461247"
  },
  {
   "price": "0.0004577",
   "amount": "22536"
  },
  {
   "price": "0.00045764",
   "amount": "20000"
  },
  {
   "price": "0.0004576",
   "amount": "20000"
  },
  {
   "price": "0.00045",
   "amount": "101000"
  },
  {
   "price": "0.000211",
   "amount": "5060"
  },
  {
   "price": "0.0001",
   "amount": "19000"
  },
  {
   "price": "0.000051",
   "amount": "3000"
  },
  {
   "price": "0.000019",
   "amount": "100000"
  },
  {
   "price": "0.0000121",
   "amount": "90000"
  },
  {
   "price": "0.000011",
   "amount": "250000"
  },
  {
   "price": "0.00001",
   "amount": "320000"
  },
  {
   "price": "0.0000069",
   "amount": "100000"
  },
  {
   "price": "0.0000012",
   "amount": "8000"
  },
  {
   "price": "0.0000011",
   "amount": "300000"
  },
  {
   "price": "0.000001",
   "amount": "200000"
  },
  {
   "price": "1.1e-7",
   "amount": "1200000"
  },
  {
   "price": "1e-7",
   "amount": "900000"
  },
  {
   "price": "9e-8",
   "amount": "100000"
  },
  {
   "price": "2e-8",
   "amount": "200000"
  },
  {
   "price": "1e-8",
   "amount": "2200000"
  }
 ],
 "asks": [
  {
   "price": "0.0008",
   "amount": "99899.99999999"
  },
  {
   "price": "0.00085",
   "amount": "10000"
  },
  {
   "price": "0.00094149",
   "amount": "15731.046391"
  },
  {
   "price": "0.0009415",
   "amount": "10622.486"
  },
  {
   "price": "0.001147",
   "amount": "12990"
  },
  {
   "price": "0.0012999",
   "amount": "9000"
  },
  {
   "price": "0.001444",
   "amount": "39910"
  },
  {
   "price": "0.00145",
   "amount": "100000"
  },
  {
   "price": "0.00172",
   "amount": "53107.72"
  },
  {
   "price": "0.001798",
   "amount": "10000"
  },
  {
   "price": "0.00185",
   "amount": "5000"
  },
  {
   "price": "0.002",
   "amount": "75497.949334"
  },
  {
   "price": "0.0022",
   "amount": "19980"
  },
  {
   "price": "0.002349",
   "amount": "10000"
  },
  {
   "price": "0.00248",
   "amount": "169936.86578276"
  },
  {
   "price": "0.00288",
   "amount": "9999.99"
  },
  {
   "price": "0.002975",
   "amount": "5060"
  },
  {
   "price": "0.003",
   "amount": "5000"
  },
  {
   "price": "0.0037",
   "amount": "9990"
  },
  {
   "price": "0.00385",
   "amount": "25000"
  },
  {
   "price": "0.0046",
   "amount": "28759.0988748"
  },
  {
   "price": "0.004995",
   "amount": "200000"
  },
  {
   "price": "0.004996",
   "amount": "200000"
  },
  {
   "price": "0.004997",
   "amount": "200000"
  },
  {
   "price": "0.004998",
   "amount": "200000"
  }
 ]
}