{
 "pair": "vldusd",
 "bids": [
  {
   "price": "0.0031556",
   "amount": "14950.93966294"
  },
  {
   "price": "0.0031306",
   "amount": "4906.06"
  },
  {
   "price": "0.0030746",
   "amount": "2827.46"
  },
  {
   "price": "0.0030667",
   "amount": "3978.13"
  },
  {
   "price": "0.0030094",
   "amount": "9968.73141247"
  },
  {
   "price": "0.0030028",
   "amount": "5870.98"
  },
  {
   "price": "0.0027153",
   "amount": "4980.22"
  },
  {
   "price": "0.00258",
   "amount": "3872.90669393"
  },
  {
   "price": "0.00239",
   "amount": "49938.848543"
  },
  {
   "price": "0.0022361",
   "amount": "7119.49"
  },
  {
   "price": "0.002",
   "amount": "150000"
  },
  {
   "price": "0.00115",
   "amount": "37309.118278"
  },
  {
   "price": "0.0005103",
   "amount": "2450"
  },
  {
   "price": "0.00051019",
   "amount": "500000"
  },
  {
   "price": "0.00050002",
   "amount": "1320"
  },
  {
   "price": "0.00050001",
   "amount": "89947.85836283"
  },
  {
   "price": "0.0005",
   "amount": "50000"
  },
  {
   "price": "0.00046849",
   "amount": "1410.85957015"
  },
  {
   "price": "0.00031",
   "amount": "50000"
  },
  {
   "price": "0.0003",
   "amount": "50000"
  },
  {
   "price": "0.000212",
   "amount": "5000"
  },
  {
   "price": "0.0002",
   "amount": "50000"
  },
  {
   "price": "0.00019",
   "amount": "10000"
  },
  {
   "price": "0.000133",
   "amount": "7000"
  },
  {
   "price": "0.0001",
   "amount": "500000"
  }
 ],
 "asks": [
  {
   "price": "0.0032264",
   "amount": "4550.84"
  },
  {
   "price": "0.0032903",
   "amount": "2990.72"
  },
  {
   "price": "0.0033222",
   "amount": "3688.48"
  },
  {
   "price": "0.0033861",
   "amount": "5672.83"
  },
  {
   "price": "0.0036736",
   "amount": "4860.14"
  },
  {
   "price": "0.0041",
   "amount": "24975"
  },
  {
   "price": "0.0041528",
   "amount": "7380.18"
  },
  {
   "price": "0.0044",
   "amount": "265000"
  },
  {
   "price": "0.0055",
   "amount": "5000"
  },
  {
   "price": "0.006",
   "amount": "10000"
  },
  {
   "price": "0.007",
   "amount": "4418"
  },
  {
   "price": "0.0074",
   "amount": "16818.81702993"
  },
  {
   "price": "0.008",
   "amount": "412287.89547656"
  },
  {
   "price": "0.0099",
   "amount": "500000"
  },
  {
   "price": "0.009999",
   "amount": "391430.17793833"
  },
  {
   "price": "0.01",
   "amount": "20864.061211"
  },
  {
   "price": "0.0199",
   "amount": "500000"
  },
  {
   "price": "0.0299",
   "amount": "1000000"
  },
  {
   "price": "0.03",
   "amount": "5000"
  },
  {
   "price": "0.04",
   "amount": "150000"
  },
  {
   "price": "0.0499",
   "amount": "446253.96774529"
  },
  {
   "price": "0.0579",
   "amount": "5000"
  },
  {
   "price": "0.0949",
   "amount": "809662"
  },
  {
   "price": "0.09999",
   "amount": "5514306"
  },
  {
   "price": "0.1",
   "amount": "5000"
  }
 ]
}