{
 "pair": "zcneth",
 "bids": [
  {
   "price": "0.00020017",
   "amount": "1010.37514715"
  },
  {
   "price": "0.00020016",
   "amount": "899.28057554"
  },
  {
   "price": "0.0002001",
   "amount": "2123.00000001"
  },
  {
   "price": "0.00019001",
   "amount": "263.14404505"
  },
  {
   "price": "0.00019",
   "amount": "2500"
  },
  {
   "price": "0.00018",
   "amount": "3500"
  },
  {
   "price": "0.00010145",
   "amount": "200"
  },
  {
   "price": "0.0000251",
   "amount": "450"
  },
  {
   "price": "0.00002502",
   "amount": "400"
  },
  {
   "price": "0.0000016",
   "amount": "1000"
  },
  {
   "price": "0.00000145",
   "amount": "47048.87643792"
  },
  {
   "price": "0.00000143",
   "amount": "6000"
  },
  {
   "price": "0.00000142",
   "amount": "10000"
  },
  {
   "price": "0.00000135",
   "amount": "50000"
  },
  {
   "price": "2e-7",
   "amount": "50000"
  },
  {
   "price": "1e-7",
   "amount": "50000"
  }
 ],
 "asks": [
  {
   "price": "0.00025464",
   "amount": "4444"
  },
  {
   "price": "0.00025477",
   "amount": "854.21474857"
  },
  {
   "price": "0.00026065",
   "amount": "237.49524533"
  },
  {
   "price": "0.0003",
   "amount": "2874.122"
  },
  {
   "price": "0.00038",
   "amount": "3000"
  },
  {
   "price": "0.0008",
   "amount": "100"
  },
  {
   "price": "0.00092",
   "amount": "890.79501617"
  },
  {
   "price": "0.0009335",
   "amount": "189.2677489"
  },
  {
   "price": "0.00098",
   "amount": "1998"
  },
  {
   "price": "0.000999",
   "amount": "639.36"
  },
  {
   "price": "0.001",
   "amount": "400"
  },
  {
   "price": "0.0010019",
   "amount": "182.739673"
  },
  {
   "price": "0.0013",
   "amount": "397.089661"
  },
  {
   "price": "0.001482",
   "amount": "759.24"
  },
  {
   "price": "0.001488",
   "amount": "300"
  },
  {
   "price": "0.0015",
   "amount": "3293.5516012"
  },
  {
   "price": "0.0016",
   "amount": "120"
  },
  {
   "price": "0.002",
   "amount": "2731"
  },
  {
   "price": "0.00627",
   "amount": "2000"
  },
  {
   "price": "0.00927",
   "amount": "2000"
  },
  {
   "price": "0.0127",
   "amount": "2384"
  },
  {
   "price": "0.1599",
   "amount": "1601.319905"
  },
  {
   "price": "0.164",
   "amount": "50"
  },
  {
   "price": "0.29",
   "amount": "49"
  },
  {
   "price": "10",
   "amount": "999"
  }
 ]
}