{
 "pair": "edoeth",
 "bids": [
  {
   "price": "0.00147",
   "amount": "680.2721088"
  },
  {
   "price": "0.00146",
   "amount": "123.2868268"
  },
  {
   "price": "0.0010217",
   "amount": "382.91088377"
  },
  {
   "price": "0.0010216",
   "amount": "1615.11354738"
  },
  {
   "price": "0.00101",
   "amount": "3049.50446035"
  },
  {
   "price": "0.001002",
   "amount": "2000"
  },
  {
   "price": "0.001001",
   "amount": "1000"
  },
  {
   "price": "0.001",
   "amount": "1308.56307"
  },
  {
   "price": "0.0008689",
   "amount": "10000"
  },
  {
   "price": "0.00086",
   "amount": "20"
  },
  {
   "price": "0.000501",
   "amount": "200"
  },
  {
   "price": "0.0003872",
   "amount": "41435.01729663"
  },
  {
   "price": "0.0003012",
   "amount": "200"
  },
  {
   "price": "0.00019307",
   "amount": "30"
  },
  {
   "price": "0.00012",
   "amount": "80"
  },
  {
   "price": "0.00011",
   "amount": "1000"
  },
  {
   "price": "0.000102",
   "amount": "100"
  },
  {
   "price": "0.000051",
   "amount": "750"
  },
  {
   "price": "0.00005",
   "amount": "100000"
  },
  {
   "price": "0.00004268",
   "amount": "23733.9076851"
  },
  {
   "price": "0.0000306",
   "amount": "326.8"
  },
  {
   "price": "0.00002107",
   "amount": "1000"
  },
  {
   "price": "0.00000456",
   "amount": "20000"
  },
  {
   "price": "0.00000235",
   "amount": "10000"
  },
  {
   "price": "0.00000211",
   "amount": "10000"
  }
 ],
 "asks": [
  {
   "price": "0.0019911",
   "amount": "4162.88818355"
  },
  {
   "price": "0.0019912",
   "amount": "30.73070794"
  },
  {
   "price": "0.0022495",
   "amount": "95.34691367"
  },
  {
   "price": "0.0022496",
   "amount": "10.2727"
  },
  {
   "price": "0.0022748",
   "amount": "7052.76890155"
  },
  {
   "price": "0.0024996",
   "amount": "164"
  },
  {
   "price": "0.0025",
   "amount": "2000"
  },
  {
   "price": "0.0026",
   "amount": "2000"
  },
  {
   "price": "0.0027",
   "amount": "2000"
  },
  {
   "price": "0.0027921",
   "amount": "732"
  },
  {
   "price": "0.0028",
   "amount": "2000"
  },
  {
   "price": "0.003",
   "amount": "2066.850847"
  },
  {
   "price": "0.003194",
   "amount": "11"
  },
  {
   "price": "0.0032669",
   "amount": "30.68352"
  },
  {
   "price": "0.00339",
   "amount": "2326.466878"
  },
  {
   "price": "0.0035",
   "amount": "99.9"
  },
  {
   "price": "0.0035999",
   "amount": "150.68290297"
  },
  {
   "price": "0.0036",
   "amount": "1500.42"
  },
  {
   "price": "0.003823",
   "amount": "423"
  },
  {
   "price": "0.0041",
   "amount": "826.16"
  },
  {
   "price": "0.0041312",
   "amount": "103.8"
  },
  {
   "price": "0.00447",
   "amount": "100"
  },
  {
   "price": "0.005",
   "amount": "200"
  },
  {
   "price": "0.0051",
   "amount": "600"
  },
  {
   "price": "0.0051925",
   "amount": "100"
  }
 ]
}