{
 "pair": "abseth",
 "bids": [
  {
   "price": "0.00005817",
   "amount": "12622.544"
  },
  {
   "price": "0.00005816",
   "amount": "859.69738651"
  },
  {
   "price": "0.00005805",
   "amount": "608.68"
  },
  {
   "price": "0.00005765",
   "amount": "618.44"
  },
  {
   "price": "0.00005731",
   "amount": "611.83"
  },
  {
   "price": "0.00005637",
   "amount": "783.37"
  },
  {
   "price": "0.00005541",
   "amount": "3248.51109908"
  },
  {
   "price": "0.00005521",
   "amount": "1036.1"
  },
  {
   "price": "0.00005493",
   "amount": "368.61"
  },
  {
   "price": "0.00005423",
   "amount": "1177.5"
  },
  {
   "price": "0.00005346",
   "amount": "2000.7"
  },
  {
   "price": "0.00005333",
   "amount": "1243.9"
  },
  {
   "price": "0.00005312",
   "amount": "2187.9"
  },
  {
   "price": "0.00005278",
   "amount": "2420.3"
  },
  {
   "price": "0.00005265",
   "amount": "2089"
  },
  {
   "price": "0.00005261",
   "amount": "2303.3"
  },
  {
   "price": "0.00005245",
   "amount": "2250.4"
  },
  {
   "price": "0.00005244",
   "amount": "2149.2"
  },
  {
   "price": "0.00005168",
   "amount": "23451.92429326"
  },
  {
   "price": "0.00005116",
   "amount": "1107.1"
  },
  {
   "price": "0.000051",
   "amount": "1000"
  },
  {
   "price": "0.00004901",
   "amount": "100000"
  },
  {
   "price": "0.00004761",
   "amount": "2766.7"
  },
  {
   "price": "0.00004157",
   "amount": "6146.2"
  },
  {
   "price": "0.00003764",
   "amount": "5000.5"
  }
 ],
 "asks": [
  {
   "price": "0.0000618",
   "amount": "4489.9022"
  },
  {
   "price": "0.00006181",
   "amount": "633.31"
  },
  {
   "price": "0.00006291",
   "amount": "230.74321165"
  },
  {
   "price": "0.00006295",
   "amount": "1639.6"
  },
  {
   "price": "0.00006399",
   "amount": "1075.6"
  },
  {
   "price": "0.00006409",
   "amount": "2379.5"
  },
  {
   "price": "0.00006415",
   "amount": "2523.7"
  },
  {
   "price": "0.00006435",
   "amount": "1192.9"
  },
  {
   "price": "0.00006512",
   "amount": "2132.1"
  },
  {
   "price": "0.00006523",
   "amount": "2193.2"
  },
  {
   "price": "0.00006545",
   "amount": "2229.6"
  },
  {
   "price": "0.00006561",
   "amount": "2492.9"
  },
  {
   "price": "0.00006568",
   "amount": "3047.6"
  },
  {
   "price": "0.00006724",
   "amount": "2856.2"
  },
  {
   "price": "0.00007232",
   "amount": "5016.1"
  },
  {
   "price": "0.00007344",
   "amount": "3083.5"
  },
  {
   "price": "0.00008023",
   "amount": "6283.6"
  },
  {
   "price": "0.00008136",
   "amount": "7125.1"
  },
  {
   "price": "0.00008263",
   "amount": "5111.7"
  },
  {
   "price": "0.00009679",
   "amount": "601.61"
  },
  {
   "price": "0.000119",
   "amount": "184.35836255"
  },
  {
   "price": "0.00014211",
   "amount": "1000"
  },
  {
   "price": "0.00016",
   "amount": "311.91"
  },
  {
   "price": "0.0001868",
   "amount": "999"
  },
  {
   "price": "0.0001978",
   "amount": "4994.99999999"
  }
 ]
}