{
 "pair": "daibtc",
 "bids": [
  {
   "price": "0.00013682",
   "amount": "217.7"
  },
  {
   "price": "0.00013681",
   "amount": "991.30184507"
  },
  {
   "price": "0.00013679",
   "amount": "149.7"
  },
  {
   "price": "0.00013674",
   "amount": "131.4"
  },
  {
   "price": "0.00013611",
   "amount": "248.61024172"
  },
  {
   "price": "0.0001361",
   "amount": "1812.95437179"
  },
  {
   "price": "0.00012012",
   "amount": "4"
  },
  {
   "price": "0.00012",
   "amount": "24.93972"
  },
  {
   "price": "0.00010031",
   "amount": "28.26638951"
  },
  {
   "price": "0.0001",
   "amount": "40"
  },
  {
   "price": "0.00001318",
   "amount": "7200"
  },
  {
   "price": "0.0000127",
   "amount": "16000"
  },
  {
   "price": "0.00001269",
   "amount": "9000"
  },
  {
   "price": "0.00001044",
   "amount": "9900"
  },
  {
   "price": "0.00001",
   "amount": "20000"
  },
  {
   "price": "0.00000727",
   "amount": "68.776"
  },
  {
   "price": "0.000005",
   "amount": "1000"
  },
  {
   "price": "0.00000203",
   "amount": "20000"
  },
  {
   "price": "0.000002",
   "amount": "2500"
  },
  {
   "price": "0.00000173",
   "amount": "20000"
  },
  {
   "price": "0.00000111",
   "amount": "20000"
  },
  {
   "price": "0.000001",
   "amount": "5000"
  },
  {
   "price": "6.4e-7",
   "amount": "20000"
  },
  {
   "price": "5e-7",
   "amount": "10000"
  },
  {
   "price": "2e-7",
   "amount": "20000"
  }
 ],
 "asks": [
  {
   "price": "0.00014835",
   "amount": "855.44189332"
  },
  {
   "price": "0.00014839",
   "amount": "196.35"
  },
  {
   "price": "0.00015599",
   "amount": "40.82550061"
  },
  {
   "price": "0.000156",
   "amount": "1765.34539743"
  },
  {
   "price": "0.00016825",
   "amount": "70"
  },
  {
   "price": "0.00019927",
   "amount": "66.31492006"
  },
  {
   "price": "0.00022",
   "amount": "5.5944"
  },
  {
   "price": "0.0002856",
   "amount": "19.98"
  },
  {
   "price": "0.094",
   "amount": "19.96"
  },
  {
   "price": "0.0949",
   "amount": "10.978"
  }
 ]
}