{
 "pair": "xcheth",
 "bids": [
  {
   "price": "0.0057806",
   "amount": "172.9924229"
  },
  {
   "price": "0.0057801",
   "amount": "267.62080241"
  },
  {
   "price": "0.00578",
   "amount": "2"
  },
  {
   "price": "0.00001311",
   "amount": "3813.88253241"
  },
  {
   "price": "0.0000131",
   "amount": "10"
  },
  {
   "price": "0.000012",
   "amount": "15"
  }
 ],
 "asks": [
  {
   "price": "0.007009",
   "amount": "2705.48645"
  },
  {
   "price": "0.0070441",
   "amount": "2990.02494"
  },
  {
   "price": "0.0070791",
   "amount": "3304.48861"
  },
  {
   "price": "21.319",
   "amount": "5.9059851"
  },
  {
   "price": "21.32",
   "amount": "4"
  }
 ]
}