{
 "pair": "eutusd",
 "bids": [
  {
   "price": "1.06",
   "amount": "700"
  },
  {
   "price": "1.057",
   "amount": "187.965123"
  },
  {
   "price": "1.0557",
   "amount": "300"
  },
  {
   "price": "1.0556",
   "amount": "300"
  },
  {
   "price": "1.0553",
   "amount": "10"
  },
  {
   "price": "1.0501",
   "amount": "100"
  },
  {
   "price": "1.05",
   "amount": "15618.24834532"
  },
  {
   "price": "1.034",
   "amount": "10"
  },
  {
   "price": "1.025",
   "amount": "50000"
  },
  {
   "price": "1.0186",
   "amount": "29.63479266"
  },
  {
   "price": "1.0031",
   "amount": "10"
  },
  {
   "price": "1",
   "amount": "50000"
  },
  {
   "price": "0.95",
   "amount": "50000"
  },
  {
   "price": "0.89403",
   "amount": "11.18521327"
  },
  {
   "price": "0.0101",
   "amount": "100"
  },
  {
   "price": "0.00101",
   "amount": "1000"
  },
  {
   "price": "0.0003015",
   "amount": "5000"
  },
  {
   "price": "0.00030146",
   "amount": "10000"
  },
  {
   "price": "0.00000698",
   "amount": "100000"
  },
  {
   "price": "2.3e-7",
   "amount": "200000"
  },
  {
   "price": "2.1e-7",
   "amount": "7500000"
  },
  {
   "price": "1.2e-7",
   "amount": "1000000"
  },
  {
   "price": "1.1e-7",
   "amount": "1000000"
  }
 ],
 "asks": [
  {
   "price": "1.1239",
   "amount": "3924.81082909"
  },
  {
   "price": "1.13",
   "amount": "28662.5439814"
  },
  {
   "price": "1.1301",
   "amount": "9.25256856"
  },
  {
   "price": "1.135",
   "amount": "50000"
  },
  {
   "price": "1.1461",
   "amount": "50000"
  },
  {
   "price": "1.1572",
   "amount": "100000"
  },
  {
   "price": "1.1684",
   "amount": "100000"
  }
 ]
}