{
 "pair": "atobtc",
 "bids": [
  {
   "price": "0.00048634",
   "amount": "22.32456"
  },
  {
   "price": "0.00048",
   "amount": "5.728208"
  },
  {
   "price": "0.00045061",
   "amount": "6.65764186"
  },
  {
   "price": "0.00043502",
   "amount": "79.68291112"
  },
  {
   "price": "0.000435",
   "amount": "2.2"
  },
  {
   "price": "0.00042634",
   "amount": "157.742646"
  },
  {
   "price": "0.00029311",
   "amount": "880.51448262"
  },
  {
   "price": "0.0002931",
   "amount": "20"
  },
  {
   "price": "0.0002929",
   "amount": "70"
  },
  {
   "price": "0.000101",
   "amount": "90"
  },
  {
   "price": "0.0001",
   "amount": "367.47192047"
  },
  {
   "price": "0.00009848",
   "amount": "367.94659636"
  },
  {
   "price": "0.00009841",
   "amount": "361.31313684"
  },
  {
   "price": "0.000098",
   "amount": "356.30534235"
  },
  {
   "price": "0.00009716",
   "amount": "370.11873779"
  },
  {
   "price": "0.00009599",
   "amount": "363.06654175"
  },
  {
   "price": "0.00009201",
   "amount": "359.56484322"
  },
  {
   "price": "0.00009166",
   "amount": "367.87663473"
  },
  {
   "price": "0.00009144",
   "amount": "357.72805508"
  },
  {
   "price": "0.00009116",
   "amount": "362.89373396"
  },
  {
   "price": "0.00009111",
   "amount": "373.02441843"
  },
  {
   "price": "0.00009051",
   "amount": "370.16033188"
  },
  {
   "price": "0.00009015",
   "amount": "377.28316095"
  },
  {
   "price": "0.00008922",
   "amount": "376.1669696"
  },
  {
   "price": "0.00008673",
   "amount": "371.27055993"
  }
 ],
 "asks": [
  {
   "price": "0.00056606",
   "amount": "35.65570848"
  },
  {
   "price": "0.00065",
   "amount": "161.40921952"
  },
  {
   "price": "0.00068169",
   "amount": "87.23567285"
  },
  {
   "price": "0.0007",
   "amount": "100"
  },
  {
   "price": "0.000748",
   "amount": "30"
  },
  {
   "price": "0.00075",
   "amount": "100"
  },
  {
   "price": "0.000787",
   "amount": "16.95"
  },
  {
   "price": "0.0008",
   "amount": "100"
  },
  {
   "price": "0.00085",
   "amount": "100"
  },
  {
   "price": "0.000909",
   "amount": "3"
  },
  {
   "price": "0.000915",
   "amount": "19.96"
  },
  {
   "price": "0.00093537",
   "amount": "324.58983947"
  },
  {
   "price": "0.00097",
   "amount": "0.8"
  },
  {
   "price": "0.00154",
   "amount": "25"
  },
  {
   "price": "0.0016",
   "amount": "60"
  },
  {
   "price": "0.003369",
   "amount": "4.900895"
  },
  {
   "price": "0.0033834",
   "amount": "7"
  },
  {
   "price": "0.0039",
   "amount": "25"
  },
  {
   "price": "0.01",
   "amount": "123"
  },
  {
   "price": "0.3094",
   "amount": "9.063104"
  },
  {
   "price": "0.31936",
   "amount": "3.1936"
  },
  {
   "price": "0.89",
   "amount": "7"
  }
 ]
}