{
 "pair": "rrtusd",
 "bids": [
  {
   "price": "0.025999",
   "amount": "8923.30514431"
  },
  {
   "price": "0.025603",
   "amount": "3400"
  },
  {
   "price": "0.025602",
   "amount": "48000"
  },
  {
   "price": "0.0255",
   "amount": "2938.4300149"
  },
  {
   "price": "0.025125",
   "amount": "4000"
  },
  {
   "price": "0.025",
   "amount": "4000"
  },
  {
   "price": "0.023025",
   "amount": "4500"
  },
  {
   "price": "0.02269",
   "amount": "440.68355307"
  },
  {
   "price": "0.0221",
   "amount": "600"
  },
  {
   "price": "0.0211",
   "amount": "500"
  },
  {
   "price": "0.021025",
   "amount": "5000"
  },
  {
   "price": "0.0202",
   "amount": "2500"
  },
  {
   "price": "0.02001",
   "amount": "46000"
  },
  {
   "price": "0.02",
   "amount": "8000"
  },
  {
   "price": "0.019125",
   "amount": "5500"
  },
  {
   "price": "0.01786",
   "amount": "2000"
  },
  {
   "price": "0.017425",
   "amount": "6000"
  },
  {
   "price": "0.016",
   "amount": "47000"
  },
  {
   "price": "0.015925",
   "amount": "6500"
  },
  {
   "price": "0.015005",
   "amount": "1945"
  },
  {
   "price": "0.014648",
   "amount": "5000"
  },
  {
   "price": "0.014525",
   "amount": "7000"
  },
  {
   "price": "0.0144",
   "amount": "300"
  },
  {
   "price": "0.013225",
   "amount": "8000"
  },
  {
   "price": "0.01203",
   "amount": "300"
  }
 ],
 "asks": [
  {
   "price": "0.02937",
   "amount": "225"
  },
  {
   "price": "0.02938",
   "amount": "272.2519183"
  },
  {
   "price": "0.02939",
   "amount": "200"
  },
  {
   "price": "0.0294",
   "amount": "298"
  },
  {
   "price": "0.02941",
   "amount": "298"
  },
  {
   "price": "0.02942",
   "amount": "298"
  },
  {
   "price": "0.02943",
   "amount": "298"
  },
  {
   "price": "0.02944",
   "amount": "298"
  },
  {
   "price": "0.029499",
   "amount": "2429.5462"
  },
  {
   "price": "0.0295",
   "amount": "4409.4847425"
  },
  {
   "price": "0.03",
   "amount": "1995.99"
  },
  {
   "price": "0.031",
   "amount": "15310.5108237"
  },
  {
   "price": "0.033",
   "amount": "99.263721"
  },
  {
   "price": "0.033099",
   "amount": "1746.5"
  },
  {
   "price": "0.034037",
   "amount": "335.5299564"
  },
  {
   "price": "0.034921",
   "amount": "335.5299564"
  },
  {
   "price": "0.035",
   "amount": "3035.769789"
  },
  {
   "price": "0.035829",
   "amount": "335.5299564"
  },
  {
   "price": "0.036",
   "amount": "7566.58612083"
  },
  {
   "price": "0.0365",
   "amount": "5000"
  },
  {
   "price": "0.03676",
   "amount": "335.5299564"
  },
  {
   "price": "0.0375",
   "amount": "300"
  },
  {
   "price": "0.037715",
   "amount": "335.5299564"
  },
  {
   "price": "0.03772",
   "amount": "958.852108"
  },
  {
   "price": "0.037945",
   "amount": "2417.8"
  }
 ]
}