{
 "pair": "goteur",
 "bids": [
  {
   "price": "0.14604",
   "amount": "6.446874"
  },
  {
   "price": "0.12941",
   "amount": "25"
  },
  {
   "price": "0.12762",
   "amount": "1035"
  },
  {
   "price": "0.12576",
   "amount": "1035"
  },
  {
   "price": "0.11228",
   "amount": "211.3"
  },
  {
   "price": "0.10107",
   "amount": "50000"
  },
  {
   "price": "0.10088",
   "amount": "9000"
  },
  {
   "price": "0.099907",
   "amount": "11111"
  },
  {
   "price": "0.099184",
   "amount": "164.45615265"
  },
  {
   "price": "0.099016",
   "amount": "12000"
  },
  {
   "price": "0.099007",
   "amount": "11000"
  },
  {
   "price": "0.083916",
   "amount": "3292.75960333"
  },
  {
   "price": "0.076288",
   "amount": "19757.5101711"
  },
  {
   "price": "0.06103",
   "amount": "26343.3457221"
  },
  {
   "price": "0.045772",
   "amount": "32928.7858275"
  },
  {
   "price": "0.023882",
   "amount": "50050"
  },
  {
   "price": "0.01916",
   "amount": "50"
  },
  {
   "price": "0.0010897",
   "amount": "100000"
  },
  {
   "price": "0.0010079",
   "amount": "900"
  },
  {
   "price": "0.00054485",
   "amount": "100000"
  },
  {
   "price": "0.00052669",
   "amount": "10000"
  },
  {
   "price": "0.00012767",
   "amount": "10000"
  },
  {
   "price": "0.00010016",
   "amount": "50000"
  },
  {
   "price": "0.00009108",
   "amount": "50000"
  },
  {
   "price": "0.0000112",
   "amount": "50000"
  }
 ],
 "asks": [
  {
   "price": "0.17525",
   "amount": "188.49055418"
  },
  {
   "price": "0.17526",
   "amount": "199.8071"
  },
  {
   "price": "0.17876",
   "amount": "100"
  },
  {
   "price": "0.17975",
   "amount": "342.79877"
  },
  {
   "price": "0.19674",
   "amount": "100"
  },
  {
   "price": "0.20601",
   "amount": "19734.7383181"
  },
  {
   "price": "0.21461",
   "amount": "100"
  },
  {
   "price": "0.22124",
   "amount": "26342.0768266"
  },
  {
   "price": "0.22278",
   "amount": "122.77"
  },
  {
   "price": "0.22359",
   "amount": "100"
  },
  {
   "price": "0.22458",
   "amount": "10000"
  },
  {
   "price": "0.23641",
   "amount": "1125"
  },
  {
   "price": "0.2365",
   "amount": "32929.1836186"
  },
  {
   "price": "0.24156",
   "amount": "100"
  },
  {
   "price": "0.25054",
   "amount": "300"
  },
  {
   "price": "0.25175",
   "amount": "39515.0185832"
  },
  {
   "price": "0.26701",
   "amount": "46100.3001585"
  },
  {
   "price": "0.26851",
   "amount": "200"
  },
  {
   "price": "0.27012",
   "amount": "11700"
  },
  {
   "price": "0.3141",
   "amount": "40.63566"
  },
  {
   "price": "0.32307",
   "amount": "12000"
  },
  {
   "price": "0.32756",
   "amount": "14000"
  },
  {
   "price": "0.34102",
   "amount": "20000"
  },
  {
   "price": "0.36007",
   "amount": "10000"
  },
  {
   "price": "0.43359",
   "amount": "15"
  }
 ]
}