{
 "pair": "eosbtc",
 "bids": [
  {
   "price": "0.00036031",
   "amount": "192"
  },
  {
   "price": "0.00036002",
   "amount": "100"
  },
  {
   "price": "0.00036",
   "amount": "60"
  },
  {
   "price": "0.00035996",
   "amount": "24"
  },
  {
   "price": "0.00035991",
   "amount": "168"
  },
  {
   "price": "0.0003599",
   "amount": "252"
  },
  {
   "price": "0.00035981",
   "amount": "108"
  },
  {
   "price": "0.0003598",
   "amount": "168.1"
  },
  {
   "price": "0.00035968",
   "amount": "76.26783335"
  },
  {
   "price": "0.00035967",
   "amount": "538"
  },
  {
   "price": "0.00035961",
   "amount": "54"
  },
  {
   "price": "0.00035959",
   "amount": "405"
  },
  {
   "price": "0.00035951",
   "amount": "303.9"
  },
  {
   "price": "0.0003595",
   "amount": "60"
  },
  {
   "price": "0.00035942",
   "amount": "60"
  },
  {
   "price": "0.0003594",
   "amount": "544"
  },
  {
   "price": "0.00035938",
   "amount": "170.39155443"
  },
  {
   "price": "0.00035936",
   "amount": "252"
  },
  {
   "price": "0.00035935",
   "amount": "812"
  },
  {
   "price": "0.00035934",
   "amount": "685"
  },
  {
   "price": "0.00035931",
   "amount": "678"
  },
  {
   "price": "0.0003593",
   "amount": "472"
  },
  {
   "price": "0.00035927",
   "amount": "120"
  },
  {
   "price": "0.00035926",
   "amount": "54"
  },
  {
   "price": "0.00035925",
   "amount": "90"
  }
 ],
 "asks": [
  {
   "price": "0.00036032",
   "amount": "932.13668249"
  },
  {
   "price": "0.0003604",
   "amount": "189.7"
  },
  {
   "price": "0.00036041",
   "amount": "445.83938268"
  },
  {
   "price": "0.00036043",
   "amount": "125.4"
  },
  {
   "price": "0.00036044",
   "amount": "118.8"
  },
  {
   "price": "0.00036045",
   "amount": "133"
  },
  {
   "price": "0.00036046",
   "amount": "170.3844682"
  },
  {
   "price": "0.00036049",
   "amount": "816.20000874"
  },
  {
   "price": "0.0003605",
   "amount": "33"
  },
  {
   "price": "0.00036057",
   "amount": "59.4"
  },
  {
   "price": "0.00036058",
   "amount": "33"
  },
  {
   "price": "0.00036064",
   "amount": "100"
  },
  {
   "price": "0.00036065",
   "amount": "425.9"
  },
  {
   "price": "0.00036067",
   "amount": "59.4"
  },
  {
   "price": "0.00036068",
   "amount": "124"
  },
  {
   "price": "0.00036071",
   "amount": "277.2"
  },
  {
   "price": "0.00036072",
   "amount": "33"
  },
  {
   "price": "0.00036075",
   "amount": "489.8"
  },
  {
   "price": "0.00036076",
   "amount": "26.4"
  },
  {
   "price": "0.00036082",
   "amount": "132"
  },
  {
   "price": "0.0003609",
   "amount": "33"
  },
  {
   "price": "0.00036092",
   "amount": "358.2160549"
  },
  {
   "price": "0.00036093",
   "amount": "178.2"
  },
  {
   "price": "0.00036096",
   "amount": "312.4"
  },
  {
   "price": "0.00036097",
   "amount": "160"
  }
 ]
}