{
 "pair": "mnabtc",
 "bids": [
  {
   "price": "0.0000031",
   "amount": "22580"
  },
  {
   "price": "0.00000309",
   "amount": "11111"
  },
  {
   "price": "0.00000305",
   "amount": "3295.205166"
  },
  {
   "price": "0.00000228",
   "amount": "14937.53609126"
  },
  {
   "price": "0.00000218",
   "amount": "2200"
  },
  {
   "price": "0.00000214",
   "amount": "850"
  },
  {
   "price": "0.00000204",
   "amount": "21586.60849958"
  },
  {
   "price": "0.00000203",
   "amount": "914"
  },
  {
   "price": "0.00000202",
   "amount": "100000"
  },
  {
   "price": "0.00000201",
   "amount": "80"
  },
  {
   "price": "0.000002",
   "amount": "2000"
  },
  {
   "price": "0.00000191",
   "amount": "80"
  },
  {
   "price": "0.00000181",
   "amount": "80"
  },
  {
   "price": "0.00000171",
   "amount": "80"
  },
  {
   "price": "0.00000165",
   "amount": "80"
  },
  {
   "price": "0.00000161",
   "amount": "80"
  },
  {
   "price": "0.00000151",
   "amount": "80"
  },
  {
   "price": "0.00000141",
   "amount": "80"
  },
  {
   "price": "0.00000131",
   "amount": "80"
  },
  {
   "price": "0.00000121",
   "amount": "80"
  },
  {
   "price": "0.00000111",
   "amount": "80"
  },
  {
   "price": "0.0000011",
   "amount": "6200"
  },
  {
   "price": "0.00000101",
   "amount": "80"
  },
  {
   "price": "9.1e-7",
   "amount": "80"
  },
  {
   "price": "8.1e-7",
   "amount": "80"
  }
 ],
 "asks": [
  {
   "price": "0.00000423",
   "amount": "978.03037802"
  },
  {
   "price": "0.00000424",
   "amount": "1000"
  },
  {
   "price": "0.00000471",
   "amount": "2000"
  },
  {
   "price": "0.00000477",
   "amount": "348.7945608"
  },
  {
   "price": "0.00000488",
   "amount": "200"
  },
  {
   "price": "0.000005",
   "amount": "500"
  },
  {
   "price": "0.00000538",
   "amount": "1402.23625737"
  },
  {
   "price": "0.0000054",
   "amount": "998.99"
  },
  {
   "price": "0.00000576",
   "amount": "10000"
  },
  {
   "price": "0.00000591",
   "amount": "5000"
  },
  {
   "price": "0.000006",
   "amount": "1000"
  },
  {
   "price": "0.000007",
   "amount": "1500"
  },
  {
   "price": "0.00000747",
   "amount": "8774.706967"
  },
  {
   "price": "0.00000763",
   "amount": "999"
  },
  {
   "price": "0.00000785",
   "amount": "2497.5"
  },
  {
   "price": "0.00000797",
   "amount": "5150.3"
  },
  {
   "price": "0.000008",
   "amount": "846.59275"
  },
  {
   "price": "0.0000082",
   "amount": "2301.86297423"
  },
  {
   "price": "0.00000826",
   "amount": "150"
  },
  {
   "price": "0.00000828",
   "amount": "5000"
  },
  {
   "price": "0.00000883",
   "amount": "600.97593582"
  },
  {
   "price": "0.00000898",
   "amount": "1500"
  },
  {
   "price": "0.000009",
   "amount": "399.6"
  },
  {
   "price": "0.00000938",
   "amount": "94"
  },
  {
   "price": "0.00000945",
   "amount": "100"
  }
 ]
}