{
 "pair": "xvggbp",
 "bids": [
  {
   "price": "0.0031424",
   "amount": "7250"
  },
  {
   "price": "0.0030383",
   "amount": "30000"
  },
  {
   "price": "0.0030245",
   "amount": "10000"
  },
  {
   "price": "0.0029991",
   "amount": "20000"
  },
  {
   "price": "0.0029608",
   "amount": "57000"
  },
  {
   "price": "0.002912",
   "amount": "1713.221837"
  },
  {
   "price": "0.0028864",
   "amount": "40209.984065"
  },
  {
   "price": "0.0028104",
   "amount": "524940.431218"
  },
  {
   "price": "0.0027983",
   "amount": "1326.57797959"
  },
  {
   "price": "0.0025793",
   "amount": "127051.38360408"
  },
  {
   "price": "0.0025792",
   "amount": "1300"
  },
  {
   "price": "0.0025656",
   "amount": "53500"
  },
  {
   "price": "0.0025653",
   "amount": "760"
  },
  {
   "price": "0.0025623",
   "amount": "2739"
  },
  {
   "price": "0.0024387",
   "amount": "175742.02612376"
  },
  {
   "price": "0.0024351",
   "amount": "1900"
  },
  {
   "price": "0.0022873",
   "amount": "310972.0894025"
  },
  {
   "price": "0.002281",
   "amount": "1380"
  },
  {
   "price": "0.0022734",
   "amount": "105859.401076"
  },
  {
   "price": "0.0021853",
   "amount": "16100"
  },
  {
   "price": "0.0021346",
   "amount": "106750.04164802"
  },
  {
   "price": "0.0021341",
   "amount": "60000"
  },
  {
   "price": "0.0021269",
   "amount": "107139.0307489"
  },
  {
   "price": "0.0021232",
   "amount": "11659.07000504"
  },
  {
   "price": "0.0019335",
   "amount": "5000"
  }
 ],
 "asks": [
  {
   "price": "0.0038041",
   "amount": "31917.062642"
  },
  {
   "price": "0.0038739",
   "amount": "38870.27098"
  },
  {
   "price": "0.0040833",
   "amount": "18668.57142857"
  },
  {
   "price": "0.0040834",
   "amount": "5993.98801201"
  },
  {
   "price": "0.0040837",
   "amount": "10000"
  },
  {
   "price": "0.0040843",
   "amount": "1750"
  },
  {
   "price": "0.0041064",
   "amount": "91478.63252705"
  },
  {
   "price": "0.0041692",
   "amount": "1000"
  },
  {
   "price": "0.0041778",
   "amount": "1000"
  },
  {
   "price": "0.004183",
   "amount": "9989.99999999"
  },
  {
   "price": "0.0041842",
   "amount": "4500"
  },
  {
   "price": "0.0041866",
   "amount": "5000"
  },
  {
   "price": "0.0043829",
   "amount": "3999"
  },
  {
   "price": "0.0045058",
   "amount": "56005.71428571"
  },
  {
   "price": "0.0045062",
   "amount": "1000"
  },
  {
   "price": "0.0045138",
   "amount": "4000"
  },
  {
   "price": "0.0045517",
   "amount": "107617.545343"
  },
  {
   "price": "0.0046261",
   "amount": "2000"
  },
  {
   "price": "0.0047035",
   "amount": "900"
  },
  {
   "price": "0.0047186",
   "amount": "20000"
  },
  {
   "price": "0.0047225",
   "amount": "30000"
  },
  {
   "price": "0.004788",
   "amount": "1996"
  },
  {
   "price": "0.0048408",
   "amount": "16000"
  },
  {
   "price": "0.0053862",
   "amount": "25145.00000022"
  },
  {
   "price": "0.0056369",
   "amount": "1081.957645"
  }
 ]
}