{
 "pair": "leousd",
 "bids": [
  {
   "price": "0.892",
   "amount": "6"
  },
  {
   "price": "0.89",
   "amount": "2937.28744729"
  },
  {
   "price": "0.8895",
   "amount": "14.1011815"
  },
  {
   "price": "0.88927",
   "amount": "405"
  },
  {
   "price": "0.88914",
   "amount": "555"
  },
  {
   "price": "0.889",
   "amount": "3290.50124035"
  },
  {
   "price": "0.8888",
   "amount": "114.26121275"
  },
  {
   "price": "0.88861",
   "amount": "196.779703"
  },
  {
   "price": "0.88849",
   "amount": "555"
  },
  {
   "price": "0.888",
   "amount": "3938.5994995"
  },
  {
   "price": "0.88782",
   "amount": "6264.16136144"
  },
  {
   "price": "0.88772",
   "amount": "18.83936744"
  },
  {
   "price": "0.8876",
   "amount": "228.51819017"
  },
  {
   "price": "0.887",
   "amount": "5707.40753364"
  },
  {
   "price": "0.88663",
   "amount": "2222"
  },
  {
   "price": "0.88657",
   "amount": "555"
  },
  {
   "price": "0.88637",
   "amount": "1998"
  },
  {
   "price": "0.88633",
   "amount": "555"
  },
  {
   "price": "0.88629",
   "amount": "555"
  },
  {
   "price": "0.88623",
   "amount": "3996"
  },
  {
   "price": "0.88617",
   "amount": "139.96536298"
  },
  {
   "price": "0.88614",
   "amount": "666"
  },
  {
   "price": "0.886",
   "amount": "5240.53762062"
  },
  {
   "price": "0.88598",
   "amount": "555"
  },
  {
   "price": "0.88597",
   "amount": "2777"
  }
 ],
 "asks": [
  {
   "price": "0.89201",
   "amount": "2505.60004922"
  },
  {
   "price": "0.89202",
   "amount": "382.07500615"
  },
  {
   "price": "0.89217",
   "amount": "1934.44978443"
  },
  {
   "price": "0.8924",
   "amount": "572"
  },
  {
   "price": "0.89262",
   "amount": "432"
  },
  {
   "price": "0.89281",
   "amount": "496"
  },
  {
   "price": "0.89322",
   "amount": "148.27534749"
  },
  {
   "price": "0.89341",
   "amount": "555"
  },
  {
   "price": "0.89391",
   "amount": "114.22734092"
  },
  {
   "price": "0.89419",
   "amount": "555"
  },
  {
   "price": "0.89458",
   "amount": "6264.16136144"
  },
  {
   "price": "0.89468",
   "amount": "228.4517249"
  },
  {
   "price": "0.8949",
   "amount": "262.87166859"
  },
  {
   "price": "0.895",
   "amount": "7515.12202408"
  },
  {
   "price": "0.89501",
   "amount": "2958.49142645"
  },
  {
   "price": "0.89502",
   "amount": "647.58699914"
  },
  {
   "price": "0.89532",
   "amount": "555"
  },
  {
   "price": "0.89534",
   "amount": "499.69639758"
  },
  {
   "price": "0.89539",
   "amount": "52.86820641"
  },
  {
   "price": "0.89541",
   "amount": "294.6564131"
  },
  {
   "price": "0.8955",
   "amount": "555"
  },
  {
   "price": "0.89576",
   "amount": "1908.20635618"
  },
  {
   "price": "0.89628",
   "amount": "555"
  },
  {
   "price": "0.89658",
   "amount": "222"
  },
  {
   "price": "0.89692",
   "amount": "10022.44013074"
  }
 ]
}