{
 "pair": "zileth",
 "bids": [
  {
   "price": "0.00004736",
   "amount": "20299.822087"
  },
  {
   "price": "0.00004734",
   "amount": "3802.28136882"
  },
  {
   "price": "0.0000471",
   "amount": "1061.57112526"
  },
  {
   "price": "0.0000355",
   "amount": "48477.56401228"
  },
  {
   "price": "0.00003524",
   "amount": "1000"
  },
  {
   "price": "0.0000312",
   "amount": "7283.948665"
  },
  {
   "price": "0.00003",
   "amount": "2000"
  },
  {
   "price": "0.0000112",
   "amount": "900"
  },
  {
   "price": "0.00001113",
   "amount": "7200"
  },
  {
   "price": "0.00001112",
   "amount": "1000"
  },
  {
   "price": "0.00001111",
   "amount": "10223.97572118"
  },
  {
   "price": "0.00000211",
   "amount": "7500"
  },
  {
   "price": "0.0000021",
   "amount": "12500"
  },
  {
   "price": "0.000002",
   "amount": "5000"
  },
  {
   "price": "0.00000114",
   "amount": "17000"
  },
  {
   "price": "0.00000113",
   "amount": "10000"
  },
  {
   "price": "0.00000111",
   "amount": "188775.16885547"
  },
  {
   "price": "2.1e-7",
   "amount": "35000"
  },
  {
   "price": "2e-7",
   "amount": "200000"
  },
  {
   "price": "1.7e-7",
   "amount": "60"
  },
  {
   "price": "1.2e-7",
   "amount": "65000"
  },
  {
   "price": "1.1e-7",
   "amount": "551609.27425094"
  },
  {
   "price": "1e-7",
   "amount": "100000"
  },
  {
   "price": "2e-8",
   "amount": "600000"
  }
 ],
 "asks": [
  {
   "price": "0.00007968",
   "amount": "954.78052486"
  },
  {
   "price": "0.0000897",
   "amount": "417.58"
  },
  {
   "price": "0.000093",
   "amount": "3000"
  },
  {
   "price": "0.0001195",
   "amount": "997"
  },
  {
   "price": "0.0001593",
   "amount": "920"
  },
  {
   "price": "0.0001699",
   "amount": "13885.981109"
  },
  {
   "price": "0.000183",
   "amount": "1003"
  },
  {
   "price": "0.00018799",
   "amount": "30000"
  },
  {
   "price": "0.000188",
   "amount": "20000"
  },
  {
   "price": "0.000189",
   "amount": "2390"
  },
  {
   "price": "0.00018903",
   "amount": "15000"
  },
  {
   "price": "0.00019",
   "amount": "1200.798"
  },
  {
   "price": "0.00019899",
   "amount": "416"
  },
  {
   "price": "0.000215",
   "amount": "300"
  },
  {
   "price": "0.00022177",
   "amount": "30000"
  },
  {
   "price": "0.00022877",
   "amount": "8086.58266"
  },
  {
   "price": "0.00025209",
   "amount": "50000"
  },
  {
   "price": "0.0002998",
   "amount": "5994"
  },
  {
   "price": "0.000485",
   "amount": "300"
  },
  {
   "price": "0.00072532",
   "amount": "1387.2"
  },
  {
   "price": "0.000726",
   "amount": "300"
  },
  {
   "price": "0.00099",
   "amount": "1200"
  },
  {
   "price": "0.000999",
   "amount": "2030.25089544"
  },
  {
   "price": "0.00139",
   "amount": "357.78415207"
  },
  {
   "price": "0.0014532",
   "amount": "1000"
  }
 ]
}