{
 "pair": "knceth",
 "bids": [
  {
   "price": "0.001444",
   "amount": "692.5207756"
  },
  {
   "price": "0.001442",
   "amount": "347.55"
  },
  {
   "price": "0.001441",
   "amount": "1073.47328244"
  },
  {
   "price": "0.0014403",
   "amount": "666"
  },
  {
   "price": "0.0014351",
   "amount": "1398.77"
  },
  {
   "price": "0.0014322",
   "amount": "841.77"
  },
  {
   "price": "0.001333",
   "amount": "135.03274544"
  },
  {
   "price": "0.0009109",
   "amount": "5000"
  },
  {
   "price": "0.00079761",
   "amount": "10000"
  },
  {
   "price": "0.0003335",
   "amount": "11"
  },
  {
   "price": "0.000111",
   "amount": "440.89704052"
  },
  {
   "price": "0.00008001",
   "amount": "100"
  },
  {
   "price": "0.0000511",
   "amount": "1485.52623356"
  },
  {
   "price": "0.00002024",
   "amount": "200"
  },
  {
   "price": "0.00002023",
   "amount": "4900"
  },
  {
   "price": "0.0000111",
   "amount": "7847.85606484"
  },
  {
   "price": "8.9e-7",
   "amount": "10000"
  },
  {
   "price": "1.7e-7",
   "amount": "19000"
  },
  {
   "price": "1.4e-7",
   "amount": "100000"
  },
  {
   "price": "3e-8",
   "amount": "6000"
  },
  {
   "price": "2e-8",
   "amount": "10000"
  },
  {
   "price": "1e-8",
   "amount": "20000"
  }
 ],
 "asks": [
  {
   "price": "0.0022977",
   "amount": "118.39501007"
  },
  {
   "price": "0.0022979",
   "amount": "61.9973829"
  },
  {
   "price": "0.002298",
   "amount": "9250.49"
  },
  {
   "price": "0.0024",
   "amount": "105.86329213"
  },
  {
   "price": "0.003",
   "amount": "479.63397328"
  },
  {
   "price": "0.0031",
   "amount": "151"
  },
  {
   "price": "0.0062",
   "amount": "76"
  },
  {
   "price": "0.0098973",
   "amount": "29.9704995"
  },
  {
   "price": "0.0121",
   "amount": "38"
  },
  {
   "price": "0.019",
   "amount": "569.20583"
  },
  {
   "price": "0.032991",
   "amount": "14.98524975"
  },
  {
   "price": "0.1",
   "amount": "14.98524975"
  },
  {
   "price": "0.34568",
   "amount": "84.915"
  },
  {
   "price": "0.948",
   "amount": "20"
  },
  {
   "price": "1.89",
   "amount": "21"
  },
  {
   "price": "4.985",
   "amount": "23.87"
  }
 ]
}