{
 "pair": "bttbtc",
 "bids": [
  {
   "price": "3e-8",
   "amount": "421494.78902372"
  },
  {
   "price": "2e-8",
   "amount": "1119999.99999803"
  },
  {
   "price": "1e-8",
   "amount": "30703758.90450974"
  }
 ],
 "asks": [
  {
   "price": "5e-8",
   "amount": "14380587.90821515"
  },
  {
   "price": "6e-8",
   "amount": "3784326.63856367"
  },
  {
   "price": "7e-8",
   "amount": "380690.544797"
  },
  {
   "price": "8e-8",
   "amount": "762521.3825408"
  },
  {
   "price": "9e-8",
   "amount": "319931.51091389"
  },
  {
   "price": "1e-7",
   "amount": "346801.425417"
  },
  {
   "price": "1.2e-7",
   "amount": "772458.98225352"
  },
  {
   "price": "1.3e-7",
   "amount": "1289911.21173845"
  },
  {
   "price": "1.4e-7",
   "amount": "585059.0154397"
  },
  {
   "price": "1.5e-7",
   "amount": "849048.05988573"
  },
  {
   "price": "1.6e-7",
   "amount": "557736.85163791"
  },
  {
   "price": "1.7e-7",
   "amount": "657900"
  },
  {
   "price": "1.8e-7",
   "amount": "4851460.27730338"
  },
  {
   "price": "1.9e-7",
   "amount": "618751.1985"
  },
  {
   "price": "2e-7",
   "amount": "834331.69609892"
  },
  {
   "price": "2.1e-7",
   "amount": "98380.5110475"
  },
  {
   "price": "2.2e-7",
   "amount": "1604339.924"
  },
  {
   "price": "2.3e-7",
   "amount": "497293.72043915"
  },
  {
   "price": "2.4e-7",
   "amount": "7404546.20015743"
  },
  {
   "price": "2.5e-7",
   "amount": "77847.16250987"
  },
  {
   "price": "2.6e-7",
   "amount": "28278.3321"
  },
  {
   "price": "2.7e-7",
   "amount": "997002"
  },
  {
   "price": "3e-7",
   "amount": "2003000"
  },
  {
   "price": "3.3e-7",
   "amount": "755752.051008"
  },
  {
   "price": "3.4e-7",
   "amount": "6507785.780714"
  }
 ]
}