{
 "pair": "rteeth",
 "bids": [
  {
   "price": "0.00000118",
   "amount": "931260.88135593"
  },
  {
   "price": "8.8e-7",
   "amount": "11000"
  },
  {
   "price": "8.5e-7",
   "amount": "25000"
  },
  {
   "price": "5.2e-7",
   "amount": "40000"
  },
  {
   "price": "5e-7",
   "amount": "20000"
  },
  {
   "price": "1e-7",
   "amount": "200000"
  },
  {
   "price": "2e-8",
   "amount": "2000000"
  }
 ],
 "asks": [
  {
   "price": "0.00001197",
   "amount": "89925.44531981"
  },
  {
   "price": "0.000012",
   "amount": "11381.31836962"
  },
  {
   "price": "0.00001397",
   "amount": "4498.12080227"
  },
  {
   "price": "0.00001399",
   "amount": "4555.9015869"
  },
  {
   "price": "0.000014",
   "amount": "8830.401259"
  },
  {
   "price": "0.00001401",
   "amount": "4578.83398876"
  },
  {
   "price": "0.00001404",
   "amount": "4452.6363939"
  },
  {
   "price": "0.00001406",
   "amount": "4605.23420682"
  },
  {
   "price": "0.00001408",
   "amount": "4513.00918939"
  },
  {
   "price": "0.0000141",
   "amount": "4545.89750622"
  },
  {
   "price": "0.00001412",
   "amount": "4716.60652832"
  },
  {
   "price": "0.00001414",
   "amount": "4502.21764058"
  },
  {
   "price": "0.00001416",
   "amount": "4454.45373225"
  },
  {
   "price": "0.00001419",
   "amount": "4628.28891011"
  },
  {
   "price": "0.00001421",
   "amount": "4490.75816346"
  },
  {
   "price": "0.00001423",
   "amount": "4744.59839644"
  },
  {
   "price": "0.00001425",
   "amount": "4505.77351044"
  },
  {
   "price": "0.00001427",
   "amount": "4784.45415706"
  },
  {
   "price": "0.00001429",
   "amount": "4515.62476037"
  },
  {
   "price": "0.00001431",
   "amount": "4782.64710527"
  },
  {
   "price": "0.00001433",
   "amount": "4544.15318734"
  },
  {
   "price": "0.00001435",
   "amount": "4653.07684776"
  },
  {
   "price": "0.00001437",
   "amount": "4469.03398768"
  },
  {
   "price": "0.00001439",
   "amount": "4466.49510586"
  },
  {
   "price": "0.00001441",
   "amount": "4655.03574598"
  }
 ]
}