{
 "pair": "ethjpy",
 "bids": [
  {
   "price": "15966",
   "amount": "26.5265"
  },
  {
   "price": "15958",
   "amount": "0.64288807"
  },
  {
   "price": "15957",
   "amount": "1.87784177"
  },
  {
   "price": "15956",
   "amount": "13.45297421"
  },
  {
   "price": "15955",
   "amount": "1.36921923"
  },
  {
   "price": "15954",
   "amount": "17.12243"
  },
  {
   "price": "15951",
   "amount": "73.2348"
  },
  {
   "price": "15950",
   "amount": "1.23"
  },
  {
   "price": "15949",
   "amount": "28.12031673"
  },
  {
   "price": "15948",
   "amount": "30.92771001"
  },
  {
   "price": "15947",
   "amount": "96.58862494"
  },
  {
   "price": "15946",
   "amount": "71.54807626"
  },
  {
   "price": "15945",
   "amount": "17.13851"
  },
  {
   "price": "15944",
   "amount": "183.455"
  },
  {
   "price": "15943",
   "amount": "160.8806016"
  },
  {
   "price": "15942",
   "amount": "18.40257"
  },
  {
   "price": "15941",
   "amount": "125"
  },
  {
   "price": "15940",
   "amount": "55.38"
  },
  {
   "price": "15939",
   "amount": "47.25057"
  },
  {
   "price": "15937",
   "amount": "300.85634552"
  },
  {
   "price": "15936",
   "amount": "74.91111264"
  },
  {
   "price": "15935",
   "amount": "30.58224421"
  },
  {
   "price": "15933",
   "amount": "10.512185"
  },
  {
   "price": "15932",
   "amount": "20.18507944"
  },
  {
   "price": "15931",
   "amount": "77.49018234"
  }
 ],
 "asks": [
  {
   "price": "15968",
   "amount": "38.29243389"
  },
  {
   "price": "15969",
   "amount": "5"
  },
  {
   "price": "15971",
   "amount": "0.08679361"
  },
  {
   "price": "15972",
   "amount": "17.18986662"
  },
  {
   "price": "15973",
   "amount": "16.956236"
  },
  {
   "price": "15975",
   "amount": "1.29726969"
  },
  {
   "price": "15977",
   "amount": "30"
  },
  {
   "price": "15978",
   "amount": "17"
  },
  {
   "price": "15979",
   "amount": "40.89611052"
  },
  {
   "price": "15980",
   "amount": "27.53177746"
  },
  {
   "price": "15981",
   "amount": "70"
  },
  {
   "price": "15982",
   "amount": "62"
  },
  {
   "price": "15983",
   "amount": "6.36252785"
  },
  {
   "price": "15984",
   "amount": "26.78977274"
  },
  {
   "price": "15985",
   "amount": "200"
  },
  {
   "price": "15986",
   "amount": "5.927"
  },
  {
   "price": "15987",
   "amount": "40.21"
  },
  {
   "price": "15988",
   "amount": "43.315"
  },
  {
   "price": "15992",
   "amount": "46.052"
  },
  {
   "price": "15993",
   "amount": "71.89600909"
  },
  {
   "price": "15994",
   "amount": "143.63444203"
  },
  {
   "price": "15998",
   "amount": "42.35680607"
  },
  {
   "price": "15999",
   "amount": "90"
  },
  {
   "price": "16001",
   "amount": "152.999"
  },
  {
   "price": "16002",
   "amount": "0.07341703"
  }
 ]
}