{
 "pair": "avtusd",
 "bids": [
  {
   "price": "0.1",
   "amount": "681.11474648"
  },
  {
   "price": "0.095469",
   "amount": "100"
  },
  {
   "price": "0.09545",
   "amount": "230"
  },
  {
   "price": "0.095",
   "amount": "457.094192"
  },
  {
   "price": "0.0901",
   "amount": "300"
  },
  {
   "price": "0.09",
   "amount": "25"
  },
  {
   "price": "0.08388",
   "amount": "119.21056854"
  },
  {
   "price": "0.060008",
   "amount": "3394.69397992"
  },
  {
   "price": "0.060006",
   "amount": "200"
  },
  {
   "price": "0.06",
   "amount": "1000"
  },
  {
   "price": "0.0519",
   "amount": "96.34"
  },
  {
   "price": "0.05",
   "amount": "1080"
  },
  {
   "price": "0.03",
   "amount": "2167"
  },
  {
   "price": "0.02612",
   "amount": "10000"
  },
  {
   "price": "0.025",
   "amount": "530"
  },
  {
   "price": "0.023124",
   "amount": "100"
  },
  {
   "price": "0.021",
   "amount": "1000"
  },
  {
   "price": "0.0201",
   "amount": "100"
  },
  {
   "price": "0.0134",
   "amount": "10331.20260194"
  },
  {
   "price": "0.013",
   "amount": "1300"
  },
  {
   "price": "0.0123",
   "amount": "30000"
  },
  {
   "price": "0.0121",
   "amount": "2000"
  },
  {
   "price": "0.0111",
   "amount": "2000"
  },
  {
   "price": "0.011",
   "amount": "1100"
  },
  {
   "price": "0.01",
   "amount": "4040"
  }
 ],
 "asks": [
  {
   "price": "0.13199",
   "amount": "262.222363"
  },
  {
   "price": "0.1325",
   "amount": "88.2665994"
  },
  {
   "price": "0.13289",
   "amount": "521"
  },
  {
   "price": "0.133",
   "amount": "1341.66"
  },
  {
   "price": "0.13899",
   "amount": "722.7"
  },
  {
   "price": "0.139",
   "amount": "819.089263"
  },
  {
   "price": "0.145",
   "amount": "623.871937"
  },
  {
   "price": "0.14648",
   "amount": "111"
  },
  {
   "price": "0.149",
   "amount": "238"
  },
  {
   "price": "0.1498",
   "amount": "129.88"
  },
  {
   "price": "0.1515",
   "amount": "407.592"
  },
  {
   "price": "0.15199",
   "amount": "5000"
  },
  {
   "price": "0.154",
   "amount": "9738.95582041"
  },
  {
   "price": "0.156",
   "amount": "997.99"
  },
  {
   "price": "0.1582",
   "amount": "1500"
  },
  {
   "price": "0.159",
   "amount": "70"
  },
  {
   "price": "0.17252",
   "amount": "119.88"
  },
  {
   "price": "0.18",
   "amount": "10197.3086"
  },
  {
   "price": "0.19",
   "amount": "1200"
  },
  {
   "price": "0.2",
   "amount": "768.285296"
  },
  {
   "price": "0.2064",
   "amount": "9"
  },
  {
   "price": "0.208",
   "amount": "360.10940429"
  },
  {
   "price": "0.21",
   "amount": "37814.970713"
  },
  {
   "price": "0.21665",
   "amount": "49.95"
  },
  {
   "price": "0.21668",
   "amount": "51.34240552"
  }
 ]
}