{
 "pair": "requsd",
 "bids": [
  {
   "price": "0.009999",
   "amount": "33333"
  },
  {
   "price": "0.0099969",
   "amount": "2016.85379808"
  },
  {
   "price": "0.0099911",
   "amount": "33333"
  },
  {
   "price": "0.0095",
   "amount": "6000"
  },
  {
   "price": "0.009382",
   "amount": "22222"
  },
  {
   "price": "0.00921",
   "amount": "55555"
  },
  {
   "price": "0.0087415",
   "amount": "2251.16814"
  },
  {
   "price": "0.0087414",
   "amount": "22222"
  },
  {
   "price": "0.0084289",
   "amount": "22222"
  },
  {
   "price": "0.0081592",
   "amount": "22352.23733672"
  },
  {
   "price": "0.008157",
   "amount": "204.74319369"
  },
  {
   "price": "0.0079291",
   "amount": "22222"
  },
  {
   "price": "0.0076478",
   "amount": "443.34357972"
  },
  {
   "price": "0.0075615",
   "amount": "12111"
  },
  {
   "price": "0.0072561",
   "amount": "81777"
  },
  {
   "price": "0.0072232",
   "amount": "33333"
  },
  {
   "price": "0.0070454",
   "amount": "22222"
  },
  {
   "price": "0.0070228",
   "amount": "22222"
  },
  {
   "price": "0.0068439",
   "amount": "44444"
  },
  {
   "price": "0.0068418",
   "amount": "12111"
  },
  {
   "price": "0.0067589",
   "amount": "12111"
  },
  {
   "price": "0.0067504",
   "amount": "2222.07079221"
  },
  {
   "price": "0.0063747",
   "amount": "12111"
  },
  {
   "price": "0.0061684",
   "amount": "34000"
  },
  {
   "price": "0.0059517",
   "amount": "33333"
  }
 ],
 "asks": [
  {
   "price": "0.017423",
   "amount": "648.19169802"
  },
  {
   "price": "0.017442",
   "amount": "478.584848"
  },
  {
   "price": "0.017455",
   "amount": "2222"
  },
  {
   "price": "0.017721",
   "amount": "4444"
  },
  {
   "price": "0.018",
   "amount": "3258.23"
  },
  {
   "price": "0.018385",
   "amount": "4444"
  },
  {
   "price": "0.018784",
   "amount": "2222"
  },
  {
   "price": "0.019",
   "amount": "10000"
  },
  {
   "price": "0.02",
   "amount": "10000"
  },
  {
   "price": "0.021088",
   "amount": "6666"
  },
  {
   "price": "0.022019",
   "amount": "2222"
  },
  {
   "price": "0.022418",
   "amount": "4444"
  },
  {
   "price": "0.022865",
   "amount": "4444"
  },
  {
   "price": "0.022916",
   "amount": "4444"
  },
  {
   "price": "0.023205",
   "amount": "2222"
  },
  {
   "price": "0.024267",
   "amount": "2222"
  },
  {
   "price": "0.025363",
   "amount": "666.038274"
  },
  {
   "price": "0.025908",
   "amount": "2222"
  },
  {
   "price": "0.026326",
   "amount": "2222"
  },
  {
   "price": "0.027037",
   "amount": "8888"
  },
  {
   "price": "0.027714",
   "amount": "4444"
  },
  {
   "price": "0.028167",
   "amount": "4444"
  },
  {
   "price": "0.028177",
   "amount": "6666"
  },
  {
   "price": "0.028639",
   "amount": "4444"
  },
  {
   "price": "0.029108",
   "amount": "5000"
  }
 ]
}