{
 "pair": "btcxch",
 "bids": [
  {
   "price": "7106.5",
   "amount": "0.08968"
  },
  {
   "price": "7105.1",
   "amount": "0.001"
  },
  {
   "price": "7071",
   "amount": "0.09963"
  },
  {
   "price": "7035.5",
   "amount": "0.11069"
  },
  {
   "price": "2",
   "amount": "4.250947"
  },
  {
   "price": "1",
   "amount": "2.85639971"
  }
 ],
 "asks": [
  {
   "price": "7195.2",
   "amount": "0.001"
  },
  {
   "price": "7196.7",
   "amount": "0.09064"
  },
  {
   "price": "7232.6",
   "amount": "0.0997"
  },
  {
   "price": "7268.6",
   "amount": "0.10966"
  },
  {
   "price": "9097.8",
   "amount": "0.00034043"
  },
  {
   "price": "10432",
   "amount": "0.0004"
  },
  {
   "price": "12500",
   "amount": "0.0147186"
  },
  {
   "price": "12840",
   "amount": "0.0004"
  },
  {
   "price": "14835",
   "amount": "0.0004"
  },
  {
   "price": "99840",
   "amount": "0.001"
  },
  {
   "price": "107500",
   "amount": "0.0004"
  },
  {
   "price": "2000000",
   "amount": "0.001"
  },
  {
   "price": "9110500",
   "amount": "0.001"
  }
 ]
}