{
 "pair": "ioteth",
 "bids": [
  {
   "price": "0.0013362",
   "amount": "314.64847144"
  },
  {
   "price": "0.0013344",
   "amount": "5000"
  },
  {
   "price": "0.0013339",
   "amount": "1107"
  },
  {
   "price": "0.0013329",
   "amount": "8000"
  },
  {
   "price": "0.0013301",
   "amount": "10987"
  },
  {
   "price": "0.00133",
   "amount": "950"
  },
  {
   "price": "0.0013278",
   "amount": "100.36068561"
  },
  {
   "price": "0.0013272",
   "amount": "1000"
  },
  {
   "price": "0.001322",
   "amount": "271.65198248"
  },
  {
   "price": "0.00132",
   "amount": "210"
  },
  {
   "price": "0.0013177",
   "amount": "11156"
  },
  {
   "price": "0.0013137",
   "amount": "857.6854529"
  },
  {
   "price": "0.00131",
   "amount": "11327"
  },
  {
   "price": "0.0013001",
   "amount": "1269.1331436"
  },
  {
   "price": "0.0013",
   "amount": "919.459615"
  },
  {
   "price": "0.0012911",
   "amount": "5528"
  },
  {
   "price": "0.001291",
   "amount": "5513"
  },
  {
   "price": "0.0012902",
   "amount": "10235.338289"
  },
  {
   "price": "0.0012893",
   "amount": "120"
  },
  {
   "price": "0.001283",
   "amount": "108.29149931"
  },
  {
   "price": "0.00128",
   "amount": "6653.90625"
  },
  {
   "price": "0.00127",
   "amount": "222"
  },
  {
   "price": "0.0012676",
   "amount": "5697.30096249"
  },
  {
   "price": "0.0012556",
   "amount": "200"
  },
  {
   "price": "0.0012537",
   "amount": "5593"
  }
 ],
 "asks": [
  {
   "price": "0.0013438",
   "amount": "1000"
  },
  {
   "price": "0.0013443",
   "amount": "257.73705775"
  },
  {
   "price": "0.0013444",
   "amount": "5000"
  },
  {
   "price": "0.0013458",
   "amount": "1106"
  },
  {
   "price": "0.0013563",
   "amount": "2375.27463781"
  },
  {
   "price": "0.0013564",
   "amount": "10986"
  },
  {
   "price": "0.0013566",
   "amount": "11155"
  },
  {
   "price": "0.00136",
   "amount": "999"
  },
  {
   "price": "0.001365",
   "amount": "263.09601454"
  },
  {
   "price": "0.00137",
   "amount": "26"
  },
  {
   "price": "0.0013703",
   "amount": "11176"
  },
  {
   "price": "0.0013721",
   "amount": "26"
  },
  {
   "price": "0.0013741",
   "amount": "26"
  },
  {
   "price": "0.0013762",
   "amount": "26"
  },
  {
   "price": "0.0013782",
   "amount": "26"
  },
  {
   "price": "0.0013803",
   "amount": "26"
  },
  {
   "price": "0.0013823",
   "amount": "26"
  },
  {
   "price": "0.0013844",
   "amount": "26"
  },
  {
   "price": "0.0013864",
   "amount": "26"
  },
  {
   "price": "0.0013885",
   "amount": "27.73471235"
  },
  {
   "price": "0.0013905",
   "amount": "30.8051713"
  },
  {
   "price": "0.0013926",
   "amount": "33.87563025"
  },
  {
   "price": "0.0013927",
   "amount": "5527"
  },
  {
   "price": "0.001393",
   "amount": "81.07767908"
  },
  {
   "price": "0.0013946",
   "amount": "36.9460892"
  }
 ]
}