{
 "pair": "xrpusd",
 "bids": [
  {
   "price": "0.22115",
   "amount": "15000"
  },
  {
   "price": "0.22114",
   "amount": "25344.09756825"
  },
  {
   "price": "0.22113",
   "amount": "2000"
  },
  {
   "price": "0.2211",
   "amount": "40000"
  },
  {
   "price": "0.22102",
   "amount": "3911.66511253"
  },
  {
   "price": "0.22097",
   "amount": "22333.08689355"
  },
  {
   "price": "0.22092",
   "amount": "9051.41202"
  },
  {
   "price": "0.2209",
   "amount": "904.68783497"
  },
  {
   "price": "0.22089",
   "amount": "27295"
  },
  {
   "price": "0.22088",
   "amount": "9051.41202"
  },
  {
   "price": "0.22084",
   "amount": "69161"
  },
  {
   "price": "0.22083",
   "amount": "40045.5062"
  },
  {
   "price": "0.22078",
   "amount": "30000"
  },
  {
   "price": "0.22074",
   "amount": "69059.61224"
  },
  {
   "price": "0.22072",
   "amount": "10010"
  },
  {
   "price": "0.2207",
   "amount": "9059.61224"
  },
  {
   "price": "0.22066",
   "amount": "9063.71793"
  },
  {
   "price": "0.22062",
   "amount": "58473.4211"
  },
  {
   "price": "0.22061",
   "amount": "9063.71793"
  },
  {
   "price": "0.22057",
   "amount": "9067.00516"
  },
  {
   "price": "0.22055",
   "amount": "59100"
  },
  {
   "price": "0.22052",
   "amount": "11087.16200054"
  },
  {
   "price": "0.2205",
   "amount": "50867.7904762"
  },
  {
   "price": "0.22049",
   "amount": "15000"
  },
  {
   "price": "0.22048",
   "amount": "9067.82734"
  }
 ],
 "asks": [
  {
   "price": "0.2213",
   "amount": "903.91242397"
  },
  {
   "price": "0.22142",
   "amount": "8184.03402506"
  },
  {
   "price": "0.22143",
   "amount": "22300"
  },
  {
   "price": "0.22146",
   "amount": "9033.01567"
  },
  {
   "price": "0.22149",
   "amount": "121.978"
  },
  {
   "price": "0.2215",
   "amount": "9040.77389"
  },
  {
   "price": "0.22152",
   "amount": "69040.77389"
  },
  {
   "price": "0.22153",
   "amount": "29967"
  },
  {
   "price": "0.22156",
   "amount": "2844.05226938"
  },
  {
   "price": "0.22158",
   "amount": "4038.55801017"
  },
  {
   "price": "0.22164",
   "amount": "26206"
  },
  {
   "price": "0.22165",
   "amount": "3000"
  },
  {
   "price": "0.22166",
   "amount": "27662.423485"
  },
  {
   "price": "0.22174",
   "amount": "14000"
  },
  {
   "price": "0.22177",
   "amount": "15000"
  },
  {
   "price": "0.22178",
   "amount": "10010"
  },
  {
   "price": "0.2218",
   "amount": "16300"
  },
  {
   "price": "0.22181",
   "amount": "20000"
  },
  {
   "price": "0.22187",
   "amount": "18081.95646769"
  },
  {
   "price": "0.22188",
   "amount": "20000"
  },
  {
   "price": "0.22189",
   "amount": "20000"
  },
  {
   "price": "0.222",
   "amount": "100"
  },
  {
   "price": "0.22206",
   "amount": "57339.27662195"
  },
  {
   "price": "0.22207",
   "amount": "67111.88705793"
  },
  {
   "price": "0.22209",
   "amount": "52500"
  }
 ]
}