{
 "pair": "mkreth",
 "bids": [
  {
   "price": "3.422",
   "amount": "2"
  },
  {
   "price": "3.416",
   "amount": "2"
  },
  {
   "price": "3.4109",
   "amount": "0.20537243"
  },
  {
   "price": "3.4108",
   "amount": "0.0157"
  },
  {
   "price": "3.41",
   "amount": "2"
  },
  {
   "price": "3.3997",
   "amount": "0.577"
  },
  {
   "price": "3.3995",
   "amount": "0.267"
  },
  {
   "price": "3.395",
   "amount": "0.331"
  },
  {
   "price": "3.3896",
   "amount": "0.05847953"
  },
  {
   "price": "3.356",
   "amount": "3.4722"
  },
  {
   "price": "3.346",
   "amount": "8.965929"
  },
  {
   "price": "3.3439",
   "amount": "3.9619"
  },
  {
   "price": "3.3295",
   "amount": "5.0448"
  },
  {
   "price": "3.3264",
   "amount": "6.8096"
  },
  {
   "price": "3.3212",
   "amount": "2.9522"
  },
  {
   "price": "3.3211",
   "amount": "4.0191"
  },
  {
   "price": "3.2711",
   "amount": "0.4829529"
  },
  {
   "price": "3.271",
   "amount": "3.97432"
  },
  {
   "price": "3.2705",
   "amount": "6.82318388"
  },
  {
   "price": "3.2693",
   "amount": "2.0723"
  },
  {
   "price": "3.05",
   "amount": "4.05901639"
  },
  {
   "price": "3.0296",
   "amount": "0.00018468"
  },
  {
   "price": "2.9584",
   "amount": "0.025126"
  },
  {
   "price": "2.95",
   "amount": "0.01"
  },
  {
   "price": "2.8414",
   "amount": "0.038131"
  }
 ],
 "asks": [
  {
   "price": "3.4269",
   "amount": "0.049803"
  },
  {
   "price": "3.4412",
   "amount": "0.331"
  },
  {
   "price": "3.4419",
   "amount": "0.296"
  },
  {
   "price": "3.4502",
   "amount": "0.0101"
  },
  {
   "price": "3.453",
   "amount": "0.0259"
  },
  {
   "price": "3.4783",
   "amount": "0.08"
  },
  {
   "price": "3.4838",
   "amount": "2.8085"
  },
  {
   "price": "3.4947",
   "amount": "0.88077255"
  },
  {
   "price": "3.4967",
   "amount": "4"
  },
  {
   "price": "3.5009",
   "amount": "0.05847953"
  },
  {
   "price": "3.5054",
   "amount": "2"
  },
  {
   "price": "3.5108",
   "amount": "3.96885912"
  },
  {
   "price": "3.5127",
   "amount": "3.1392"
  },
  {
   "price": "3.5184",
   "amount": "5.2169"
  },
  {
   "price": "3.5192",
   "amount": "2.2253"
  },
  {
   "price": "3.5233",
   "amount": "7.0857"
  },
  {
   "price": "3.5237",
   "amount": "2.1012"
  },
  {
   "price": "3.5302",
   "amount": "2.0155"
  },
  {
   "price": "3.542",
   "amount": "2.64573897"
  },
  {
   "price": "3.5473",
   "amount": "4.5993"
  },
  {
   "price": "3.5573",
   "amount": "0.01484838"
  },
  {
   "price": "3.5575",
   "amount": "4.3509"
  },
  {
   "price": "3.566",
   "amount": "1.093359"
  },
  {
   "price": "3.6103",
   "amount": "0.05447227"
  },
  {
   "price": "3.6107",
   "amount": "2.9608"
  }
 ]
}