{
 "pair": "uosbtc",
 "bids": [
  {
   "price": "0.00000535",
   "amount": "3078.11355207"
  },
  {
   "price": "0.00000532",
   "amount": "927.8212836"
  },
  {
   "price": "0.00000531",
   "amount": "712.1438"
  },
  {
   "price": "0.0000053",
   "amount": "419.5919"
  },
  {
   "price": "0.00000521",
   "amount": "50000"
  },
  {
   "price": "0.00000518",
   "amount": "20000"
  },
  {
   "price": "0.00000516",
   "amount": "2615.5259"
  },
  {
   "price": "0.0000051",
   "amount": "16634.83853258"
  },
  {
   "price": "0.00000508",
   "amount": "42365.8664"
  },
  {
   "price": "0.00000502",
   "amount": "52528.29083665"
  },
  {
   "price": "0.00000501",
   "amount": "200000"
  },
  {
   "price": "0.000005",
   "amount": "81526.4169"
  },
  {
   "price": "0.00000495",
   "amount": "3590.90909"
  },
  {
   "price": "0.00000487",
   "amount": "160268.47116701"
  },
  {
   "price": "0.00000485",
   "amount": "17500"
  },
  {
   "price": "0.00000482",
   "amount": "2500"
  },
  {
   "price": "0.0000048",
   "amount": "43885.772916"
  },
  {
   "price": "0.00000478",
   "amount": "242819.6538"
  },
  {
   "price": "0.00000468",
   "amount": "15000"
  },
  {
   "price": "0.00000464",
   "amount": "41158.07447805"
  },
  {
   "price": "0.00000461",
   "amount": "28000"
  },
  {
   "price": "0.00000453",
   "amount": "1986.65773149"
  },
  {
   "price": "0.00000451",
   "amount": "40910.85144124"
  },
  {
   "price": "0.0000045",
   "amount": "15000"
  },
  {
   "price": "0.00000446",
   "amount": "72526.8964"
  }
 ],
 "asks": [
  {
   "price": "0.00000541",
   "amount": "27400"
  },
  {
   "price": "0.00000543",
   "amount": "378.1794"
  },
  {
   "price": "0.00000546",
   "amount": "53876.472969"
  },
  {
   "price": "0.00000549",
   "amount": "150580.907226"
  },
  {
   "price": "0.0000055",
   "amount": "77841.62398"
  },
  {
   "price": "0.00000551",
   "amount": "506.4286"
  },
  {
   "price": "0.00000556",
   "amount": "20000"
  },
  {
   "price": "0.00000557",
   "amount": "99431.6976"
  },
  {
   "price": "0.00000561",
   "amount": "20000"
  },
  {
   "price": "0.00000562",
   "amount": "23791.49235984"
  },
  {
   "price": "0.00000566",
   "amount": "11530.2816"
  },
  {
   "price": "0.00000571",
   "amount": "52924.8618"
  },
  {
   "price": "0.00000572",
   "amount": "49045.08369651"
  },
  {
   "price": "0.00000574",
   "amount": "39901.452"
  },
  {
   "price": "0.0000058",
   "amount": "40800"
  },
  {
   "price": "0.00000582",
   "amount": "378.62737"
  },
  {
   "price": "0.00000587",
   "amount": "113026.7269"
  },
  {
   "price": "0.0000059",
   "amount": "20000"
  },
  {
   "price": "0.00000591",
   "amount": "122322.4198"
  },
  {
   "price": "0.00000596",
   "amount": "64169.6625"
  },
  {
   "price": "0.00000597",
   "amount": "164043.4937"
  },
  {
   "price": "0.000006",
   "amount": "11983"
  },
  {
   "price": "0.0000062",
   "amount": "10000"
  },
  {
   "price": "0.0000063",
   "amount": "20000"
  },
  {
   "price": "0.0000065",
   "amount": "20000"
  }
 ]
}