{
 "pair": "fsnbtc",
 "bids": [
  {
   "price": "0.00003298",
   "amount": "1232.28562765"
  },
  {
   "price": "0.00003297",
   "amount": "500"
  },
  {
   "price": "0.00002801",
   "amount": "480"
  },
  {
   "price": "0.00001511",
   "amount": "6000"
  },
  {
   "price": "0.0000151",
   "amount": "450"
  },
  {
   "price": "0.000002",
   "amount": "2500"
  },
  {
   "price": "0.000001",
   "amount": "5000"
  },
  {
   "price": "1e-7",
   "amount": "10000"
  },
  {
   "price": "9e-8",
   "amount": "10000"
  },
  {
   "price": "2e-8",
   "amount": "120000"
  }
 ],
 "asks": [
  {
   "price": "0.00013158",
   "amount": "28.64746555"
  },
  {
   "price": "0.00013159",
   "amount": "299.48909181"
  },
  {
   "price": "0.00013477",
   "amount": "149.62556165"
  },
  {
   "price": "0.0001382",
   "amount": "30"
  },
  {
   "price": "0.0001698",
   "amount": "178.74618148"
  },
  {
   "price": "0.00017",
   "amount": "2099.939816"
  },
  {
   "price": "0.00022244",
   "amount": "47"
  },
  {
   "price": "0.00022936",
   "amount": "15.116062"
  },
  {
   "price": "0.00023726",
   "amount": "100"
  },
  {
   "price": "0.00025",
   "amount": "2360.31976974"
  },
  {
   "price": "0.0002668",
   "amount": "177.32791909"
  },
  {
   "price": "0.0003",
   "amount": "989.43568409"
  },
  {
   "price": "0.00038693",
   "amount": "1000"
  },
  {
   "price": "0.0004",
   "amount": "3000"
  },
  {
   "price": "0.0005",
   "amount": "1000"
  },
  {
   "price": "0.00072",
   "amount": "490"
  },
  {
   "price": "0.0008",
   "amount": "50"
  },
  {
   "price": "0.00098",
   "amount": "37"
  },
  {
   "price": "0.0011",
   "amount": "20"
  },
  {
   "price": "0.0012",
   "amount": "500"
  },
  {
   "price": "0.002",
   "amount": "20.892"
  },
  {
   "price": "0.0039",
   "amount": "15"
  },
  {
   "price": "0.0399",
   "amount": "50"
  },
  {
   "price": "0.04121",
   "amount": "24.975"
  },
  {
   "price": "0.1",
   "amount": "9"
  }
 ]
}