{
 "pair": "gnteth",
 "bids": [
  {
   "price": "0.00022815",
   "amount": "856.34767716"
  },
  {
   "price": "0.00022814",
   "amount": "950"
  },
  {
   "price": "0.0002279",
   "amount": "250"
  },
  {
   "price": "0.00021343",
   "amount": "3221.22885732"
  },
  {
   "price": "0.00021341",
   "amount": "843.44688628"
  },
  {
   "price": "0.00021183",
   "amount": "236.03833262"
  },
  {
   "price": "0.0002101",
   "amount": "250"
  },
  {
   "price": "0.00020704",
   "amount": "917.697063"
  },
  {
   "price": "0.0001111",
   "amount": "1822.788028"
  },
  {
   "price": "0.00011085",
   "amount": "18"
  },
  {
   "price": "0.00011",
   "amount": "6601.78667485"
  },
  {
   "price": "0.00010111",
   "amount": "30"
  },
  {
   "price": "0.0001",
   "amount": "20"
  },
  {
   "price": "0.00008111",
   "amount": "30"
  },
  {
   "price": "0.00006111",
   "amount": "30"
  },
  {
   "price": "0.00006",
   "amount": "1000"
  },
  {
   "price": "0.00005111",
   "amount": "30"
  },
  {
   "price": "0.0000503",
   "amount": "500"
  },
  {
   "price": "0.0000435",
   "amount": "229.89"
  },
  {
   "price": "0.000035",
   "amount": "170"
  },
  {
   "price": "0.00002111",
   "amount": "30"
  },
  {
   "price": "0.000021",
   "amount": "5000"
  },
  {
   "price": "0.00001139",
   "amount": "1000"
  },
  {
   "price": "0.000011",
   "amount": "90668.95585006"
  },
  {
   "price": "0.00001",
   "amount": "150"
  }
 ],
 "asks": [
  {
   "price": "0.00024592",
   "amount": "856.42101657"
  },
  {
   "price": "0.00024593",
   "amount": "3973.06303983"
  },
  {
   "price": "0.00024601",
   "amount": "920.68403635"
  },
  {
   "price": "0.00026494",
   "amount": "152.3731999"
  },
  {
   "price": "0.00026497",
   "amount": "133.44563259"
  },
  {
   "price": "0.00027967",
   "amount": "686.30968284"
  },
  {
   "price": "0.0002797",
   "amount": "350"
  },
  {
   "price": "0.00029496",
   "amount": "1881"
  },
  {
   "price": "0.00029497",
   "amount": "300"
  },
  {
   "price": "0.0003097",
   "amount": "300"
  },
  {
   "price": "0.0003249",
   "amount": "300"
  },
  {
   "price": "0.00034497",
   "amount": "300"
  },
  {
   "price": "0.000347",
   "amount": "219.68314532"
  },
  {
   "price": "0.00036",
   "amount": "105.894"
  },
  {
   "price": "0.00036497",
   "amount": "300"
  },
  {
   "price": "0.000379",
   "amount": "2295.309492"
  },
  {
   "price": "0.00038",
   "amount": "11000"
  },
  {
   "price": "0.0003849",
   "amount": "129.87"
  },
  {
   "price": "0.00038497",
   "amount": "300"
  },
  {
   "price": "0.000399",
   "amount": "2624.11955399"
  },
  {
   "price": "0.000404",
   "amount": "372.880446"
  },
  {
   "price": "0.00040497",
   "amount": "300"
  },
  {
   "price": "0.000415",
   "amount": "998.49135277"
  },
  {
   "price": "0.00042",
   "amount": "11000"
  },
  {
   "price": "0.00042536",
   "amount": "2997"
  }
 ]
}