{
 "pair": "xlmeth",
 "bids": [
  {
   "price": "0.00035944",
   "amount": "2440.16812"
  },
  {
   "price": "0.00035877",
   "amount": "23000"
  },
  {
   "price": "0.0003579",
   "amount": "45000"
  },
  {
   "price": "0.00035713",
   "amount": "554.0166205"
  },
  {
   "price": "0.0003493",
   "amount": "4428.49985686"
  },
  {
   "price": "0.00034929",
   "amount": "26519.11431462"
  },
  {
   "price": "0.00034913",
   "amount": "143.21312977"
  },
  {
   "price": "0.0003415",
   "amount": "2282.5738"
  },
  {
   "price": "0.00032512",
   "amount": "553.64173228"
  },
  {
   "price": "0.000325",
   "amount": "946.90732"
  },
  {
   "price": "0.000318",
   "amount": "574.89622"
  },
  {
   "price": "0.00031",
   "amount": "630.0145"
  },
  {
   "price": "0.000299",
   "amount": "200"
  },
  {
   "price": "0.00028626",
   "amount": "9900"
  },
  {
   "price": "0.00026902",
   "amount": "9999"
  },
  {
   "price": "0.00025",
   "amount": "1500"
  },
  {
   "price": "0.00022",
   "amount": "50"
  },
  {
   "price": "0.0001001",
   "amount": "1922.797446"
  },
  {
   "price": "0.0001",
   "amount": "100"
  },
  {
   "price": "0.00009795",
   "amount": "20"
  },
  {
   "price": "0.000095",
   "amount": "105.263"
  },
  {
   "price": "0.0000506",
   "amount": "300"
  },
  {
   "price": "0.00004316",
   "amount": "750"
  },
  {
   "price": "0.00002",
   "amount": "2500"
  },
  {
   "price": "0.00001",
   "amount": "1000"
  }
 ],
 "asks": [
  {
   "price": "0.00036179",
   "amount": "60334"
  },
  {
   "price": "0.0003618",
   "amount": "3820.9684"
  },
  {
   "price": "0.00036233",
   "amount": "31895.98771974"
  },
  {
   "price": "0.00036253",
   "amount": "32895.98772074"
  },
  {
   "price": "0.00036419",
   "amount": "555.10838491"
  },
  {
   "price": "0.00038345",
   "amount": "7660.10418402"
  },
  {
   "price": "0.0003835",
   "amount": "115.30988314"
  },
  {
   "price": "0.00043907",
   "amount": "1209.21428571"
  },
  {
   "price": "0.00043909",
   "amount": "102.5223084"
  },
  {
   "price": "0.00044763",
   "amount": "2343.97337"
  },
  {
   "price": "0.000466",
   "amount": "260.3394"
  },
  {
   "price": "0.00049",
   "amount": "3647"
  },
  {
   "price": "0.000504",
   "amount": "4498.571879"
  },
  {
   "price": "0.00050781",
   "amount": "19980"
  },
  {
   "price": "0.00051",
   "amount": "169.83"
  },
  {
   "price": "0.00052222",
   "amount": "71.928"
  },
  {
   "price": "0.00055",
   "amount": "3938.234404"
  },
  {
   "price": "0.00058",
   "amount": "99.9"
  },
  {
   "price": "0.00058989",
   "amount": "191.98334359"
  },
  {
   "price": "0.00061",
   "amount": "400"
  },
  {
   "price": "0.00063926",
   "amount": "299"
  },
  {
   "price": "0.00067",
   "amount": "251"
  },
  {
   "price": "0.0007134",
   "amount": "527.99263163"
  },
  {
   "price": "0.00074",
   "amount": "2048.04937047"
  },
  {
   "price": "0.00075",
   "amount": "200"
  }
 ]
}