{
 "pair": "kanusd",
 "bids": [
  {
   "price": "0.001905",
   "amount": "35300"
  },
  {
   "price": "0.001904",
   "amount": "4360"
  },
  {
   "price": "0.001902",
   "amount": "8600"
  },
  {
   "price": "0.001901",
   "amount": "4120"
  },
  {
   "price": "0.0019",
   "amount": "2680"
  },
  {
   "price": "0.001897",
   "amount": "6000"
  },
  {
   "price": "0.001888",
   "amount": "2880"
  },
  {
   "price": "0.001886",
   "amount": "5200"
  },
  {
   "price": "0.001883",
   "amount": "3040"
  },
  {
   "price": "0.001882",
   "amount": "4520"
  },
  {
   "price": "0.00188",
   "amount": "4520"
  },
  {
   "price": "0.001878",
   "amount": "6199.26402"
  },
  {
   "price": "0.001877",
   "amount": "1540"
  },
  {
   "price": "0.001876",
   "amount": "4816"
  },
  {
   "price": "0.001875",
   "amount": "5340"
  },
  {
   "price": "0.001871",
   "amount": "1800"
  },
  {
   "price": "0.001869",
   "amount": "2160"
  },
  {
   "price": "0.001863",
   "amount": "4200"
  },
  {
   "price": "0.001862",
   "amount": "1580"
  },
  {
   "price": "0.001859",
   "amount": "2982"
  },
  {
   "price": "0.001857",
   "amount": "2200"
  },
  {
   "price": "0.001852",
   "amount": "3900"
  },
  {
   "price": "0.001851",
   "amount": "3920"
  },
  {
   "price": "0.001848",
   "amount": "2226"
  },
  {
   "price": "0.001845",
   "amount": "4972"
  }
 ],
 "asks": [
  {
   "price": "0.001906",
   "amount": "160"
  },
  {
   "price": "0.001907",
   "amount": "3040"
  },
  {
   "price": "0.001908",
   "amount": "920"
  },
  {
   "price": "0.001909",
   "amount": "80"
  },
  {
   "price": "0.00191",
   "amount": "4520"
  },
  {
   "price": "0.001912",
   "amount": "3880"
  },
  {
   "price": "0.001918",
   "amount": "2423.574341"
  },
  {
   "price": "0.001919",
   "amount": "560"
  },
  {
   "price": "0.001921",
   "amount": "9760"
  },
  {
   "price": "0.001922",
   "amount": "4160"
  },
  {
   "price": "0.001926",
   "amount": "785.789474"
  },
  {
   "price": "0.001928",
   "amount": "2080"
  },
  {
   "price": "0.001929",
   "amount": "4320"
  },
  {
   "price": "0.00193",
   "amount": "3640"
  },
  {
   "price": "0.001932",
   "amount": "4160"
  },
  {
   "price": "0.001933",
   "amount": "8580"
  },
  {
   "price": "0.001945",
   "amount": "9940"
  },
  {
   "price": "0.001947",
   "amount": "7260"
  },
  {
   "price": "0.00195",
   "amount": "6500"
  },
  {
   "price": "0.001959",
   "amount": "7700"
  },
  {
   "price": "0.001962",
   "amount": "7920"
  },
  {
   "price": "0.001974",
   "amount": "9730"
  },
  {
   "price": "0.001978",
   "amount": "2281.54895021"
  },
  {
   "price": "0.001981",
   "amount": "7770"
  },
  {
   "price": "0.001999",
   "amount": "19754.57301424"
  }
 ]
}