{
 "pair": "waxusd",
 "bids": [
  {
   "price": "0.024",
   "amount": "300"
  },
  {
   "price": "0.02306",
   "amount": "10095.29444684"
  },
  {
   "price": "0.0225",
   "amount": "5000"
  },
  {
   "price": "0.0222",
   "amount": "500"
  },
  {
   "price": "0.022",
   "amount": "300"
  },
  {
   "price": "0.0206",
   "amount": "462.484165"
  },
  {
   "price": "0.020116",
   "amount": "14550.97240674"
  },
  {
   "price": "0.02",
   "amount": "500"
  },
  {
   "price": "0.019001",
   "amount": "15788.64270302"
  },
  {
   "price": "0.019",
   "amount": "2500"
  },
  {
   "price": "0.01844",
   "amount": "5000"
  },
  {
   "price": "0.018",
   "amount": "500"
  },
  {
   "price": "0.016002",
   "amount": "50000"
  },
  {
   "price": "0.016",
   "amount": "3500"
  },
  {
   "price": "0.0155",
   "amount": "7500"
  },
  {
   "price": "0.015155",
   "amount": "5000"
  },
  {
   "price": "0.0151",
   "amount": "50000"
  },
  {
   "price": "0.015",
   "amount": "10000"
  },
  {
   "price": "0.014",
   "amount": "500"
  },
  {
   "price": "0.01392",
   "amount": "5000"
  },
  {
   "price": "0.0121",
   "amount": "200"
  },
  {
   "price": "0.012",
   "amount": "500"
  },
  {
   "price": "0.011998",
   "amount": "3000"
  },
  {
   "price": "0.011",
   "amount": "800"
  },
  {
   "price": "0.010266",
   "amount": "5000"
  }
 ],
 "asks": [
  {
   "price": "0.034998",
   "amount": "988.131153"
  },
  {
   "price": "0.034999",
   "amount": "963.32108452"
  },
  {
   "price": "0.035",
   "amount": "1000"
  },
  {
   "price": "0.036",
   "amount": "274.083886"
  },
  {
   "price": "0.038",
   "amount": "1500"
  },
  {
   "price": "0.039999",
   "amount": "834.07221524"
  },
  {
   "price": "0.04",
   "amount": "1140.570616"
  },
  {
   "price": "0.040451",
   "amount": "1000"
  },
  {
   "price": "0.041",
   "amount": "1000"
  },
  {
   "price": "0.042",
   "amount": "5000"
  },
  {
   "price": "0.045",
   "amount": "1000"
  },
  {
   "price": "0.05",
   "amount": "2000"
  },
  {
   "price": "0.05047",
   "amount": "100"
  },
  {
   "price": "0.0514",
   "amount": "374.9"
  },
  {
   "price": "0.051991",
   "amount": "166.438191"
  },
  {
   "price": "0.0533",
   "amount": "96"
  },
  {
   "price": "0.056",
   "amount": "1000"
  },
  {
   "price": "0.056395",
   "amount": "2319.906497"
  },
  {
   "price": "0.057233",
   "amount": "4121.84326579"
  },
  {
   "price": "0.0581",
   "amount": "124.875311"
  },
  {
   "price": "0.058935",
   "amount": "1000"
  },
  {
   "price": "0.059",
   "amount": "4000"
  },
  {
   "price": "0.05962",
   "amount": "1882.10179186"
  },
  {
   "price": "0.06",
   "amount": "144227.66658359"
  },
  {
   "price": "0.068958",
   "amount": "1417.08801396"
  }
 ]
}