{
 "pair": "aiobtc",
 "bids": [
  {
   "price": "0.00000731",
   "amount": "6786.19015048"
  },
  {
   "price": "0.00000724",
   "amount": "500"
  },
  {
   "price": "0.00000251",
   "amount": "200"
  },
  {
   "price": "0.0000025",
   "amount": "3600"
  },
  {
   "price": "0.00000234",
   "amount": "9700"
  },
  {
   "price": "0.000001",
   "amount": "5000"
  },
  {
   "price": "8.2e-7",
   "amount": "300"
  },
  {
   "price": "8.1e-7",
   "amount": "4291.037037"
  },
  {
   "price": "8e-7",
   "amount": "6250"
  },
  {
   "price": "6.8e-7",
   "amount": "8000"
  },
  {
   "price": "3.9e-7",
   "amount": "300"
  },
  {
   "price": "3.8e-7",
   "amount": "9000"
  },
  {
   "price": "1.6e-7",
   "amount": "600"
  },
  {
   "price": "1.5e-7",
   "amount": "40000"
  },
  {
   "price": "9e-8",
   "amount": "10000"
  },
  {
   "price": "4e-8",
   "amount": "2000"
  },
  {
   "price": "3e-8",
   "amount": "120000"
  }
 ],
 "asks": [
  {
   "price": "0.0000117",
   "amount": "6281.854837"
  },
  {
   "price": "0.00001171",
   "amount": "2497.4999999"
  },
  {
   "price": "0.0000118",
   "amount": "213.72099999"
  },
  {
   "price": "0.000012",
   "amount": "9990.511088"
  },
  {
   "price": "0.0000125",
   "amount": "213"
  },
  {
   "price": "0.000013",
   "amount": "7971.64"
  },
  {
   "price": "0.0000139",
   "amount": "213"
  },
  {
   "price": "0.000014",
   "amount": "20000"
  },
  {
   "price": "0.0000283",
   "amount": "109.89"
  },
  {
   "price": "0.000032",
   "amount": "981.92501"
  },
  {
   "price": "0.000035",
   "amount": "2997"
  },
  {
   "price": "0.00004008",
   "amount": "11799.34591"
  },
  {
   "price": "0.0000441",
   "amount": "237.07548913"
  },
  {
   "price": "0.0000464",
   "amount": "205.68013"
  },
  {
   "price": "0.0000472",
   "amount": "400.17894"
  },
  {
   "price": "0.0000539",
   "amount": "4630.28966595"
  },
  {
   "price": "0.00005488",
   "amount": "559.00468964"
  },
  {
   "price": "0.00005588",
   "amount": "800"
  },
  {
   "price": "0.0000614",
   "amount": "2995"
  },
  {
   "price": "0.00006283",
   "amount": "6016.84798108"
  },
  {
   "price": "0.0000779",
   "amount": "2000"
  },
  {
   "price": "0.000079",
   "amount": "399.6"
  },
  {
   "price": "0.00008",
   "amount": "20000"
  },
  {
   "price": "0.00008158",
   "amount": "146.2270724"
  },
  {
   "price": "0.00009",
   "amount": "699.3"
  }
 ]
}