{
 "pair": "pnketh",
 "bids": [
  {
   "price": "0.00004897",
   "amount": "2042.00559598"
  },
  {
   "price": "0.00004876",
   "amount": "2050.8583192"
  },
  {
   "price": "0.00004855",
   "amount": "5242.35140695"
  },
  {
   "price": "0.00004854",
   "amount": "2059.76873637"
  },
  {
   "price": "0.00004844",
   "amount": "10000"
  },
  {
   "price": "0.00004833",
   "amount": "12068.73734993"
  },
  {
   "price": "0.00004822",
   "amount": "10000"
  },
  {
   "price": "0.00004812",
   "amount": "2077.76466777"
  },
  {
   "price": "0.00004811",
   "amount": "10000"
  },
  {
   "price": "0.000048",
   "amount": "10000"
  },
  {
   "price": "0.00004791",
   "amount": "2086.85120334"
  },
  {
   "price": "0.0000477",
   "amount": "2095.99747573"
  },
  {
   "price": "0.00004751",
   "amount": "10000"
  },
  {
   "price": "0.0000475",
   "amount": "2105.20400971"
  },
  {
   "price": "0.00004741",
   "amount": "10000"
  },
  {
   "price": "0.00004731",
   "amount": "10000"
  },
  {
   "price": "0.00004729",
   "amount": "2114.47133585"
  },
  {
   "price": "0.0000472",
   "amount": "10000"
  },
  {
   "price": "0.0000471",
   "amount": "10000"
  },
  {
   "price": "0.00004708",
   "amount": "2123.79999054"
  },
  {
   "price": "0.000047",
   "amount": "10000"
  },
  {
   "price": "0.00004687",
   "amount": "2133.19051612"
  },
  {
   "price": "0.00004686",
   "amount": "10000"
  },
  {
   "price": "0.00004676",
   "amount": "10000"
  },
  {
   "price": "0.00004667",
   "amount": "2142.64346095"
  }
 ],
 "asks": [
  {
   "price": "0.00004939",
   "amount": "2996.98124874"
  },
  {
   "price": "0.0000496",
   "amount": "2015.78864664"
  },
  {
   "price": "0.00004982",
   "amount": "2007.16178223"
  },
  {
   "price": "0.00005",
   "amount": "16666.66666657"
  },
  {
   "price": "0.00005003",
   "amount": "1998.59017946"
  },
  {
   "price": "0.00005006",
   "amount": "6666.66666667"
  },
  {
   "price": "0.00005013",
   "amount": "6666.66666667"
  },
  {
   "price": "0.00005014",
   "amount": "10000"
  },
  {
   "price": "0.0000502",
   "amount": "6666.66666667"
  },
  {
   "price": "0.00005024",
   "amount": "1990.07336733"
  },
  {
   "price": "0.00005027",
   "amount": "6666.66666667"
  },
  {
   "price": "0.00005028",
   "amount": "10000"
  },
  {
   "price": "0.00005034",
   "amount": "6666.66666667"
  },
  {
   "price": "0.00005041",
   "amount": "6666.66666667"
  },
  {
   "price": "0.00005042",
   "amount": "10000"
  },
  {
   "price": "0.00005046",
   "amount": "1981.61087988"
  },
  {
   "price": "0.00005048",
   "amount": "6666.66666667"
  },
  {
   "price": "0.00005055",
   "amount": "6666.66666667"
  },
  {
   "price": "0.00005057",
   "amount": "10000"
  },
  {
   "price": "0.00005062",
   "amount": "6666.66666667"
  },
  {
   "price": "0.00005067",
   "amount": "1973.20225606"
  },
  {
   "price": "0.00005069",
   "amount": "6666.66666667"
  },
  {
   "price": "0.00005071",
   "amount": "10000"
  },
  {
   "price": "0.00005075",
   "amount": "6666.66666667"
  },
  {
   "price": "0.00005082",
   "amount": "6666.66666667"
  }
 ]
}