{
 "pair": "agibtc",
 "bids": [
  {
   "price": "0.00000205",
   "amount": "39376.27764499"
  },
  {
   "price": "0.00000203",
   "amount": "500"
  },
  {
   "price": "0.00000201",
   "amount": "158465.913494"
  },
  {
   "price": "0.000002",
   "amount": "200000"
  },
  {
   "price": "0.00000199",
   "amount": "2500"
  },
  {
   "price": "0.00000198",
   "amount": "24727.09549886"
  },
  {
   "price": "0.000001",
   "amount": "5653.3"
  },
  {
   "price": "8e-7",
   "amount": "1000"
  },
  {
   "price": "7.9e-7",
   "amount": "27000"
  },
  {
   "price": "7.8e-7",
   "amount": "200000"
  },
  {
   "price": "5.7e-7",
   "amount": "8000"
  },
  {
   "price": "5.4e-7",
   "amount": "200000"
  },
  {
   "price": "2.6e-7",
   "amount": "2000"
  },
  {
   "price": "2.5e-7",
   "amount": "10000"
  },
  {
   "price": "2.1e-7",
   "amount": "10000"
  },
  {
   "price": "2e-7",
   "amount": "20000"
  },
  {
   "price": "9e-8",
   "amount": "10000"
  },
  {
   "price": "8e-8",
   "amount": "50000"
  },
  {
   "price": "6e-8",
   "amount": "10000"
  },
  {
   "price": "5e-8",
   "amount": "100000"
  },
  {
   "price": "2e-8",
   "amount": "100000"
  },
  {
   "price": "1e-8",
   "amount": "100000"
  }
 ],
 "asks": [
  {
   "price": "0.0000039",
   "amount": "502"
  },
  {
   "price": "0.00000393",
   "amount": "3293.01"
  },
  {
   "price": "0.00000394",
   "amount": "3800"
  },
  {
   "price": "0.00000395",
   "amount": "4000"
  },
  {
   "price": "0.00000396",
   "amount": "5022.88005628"
  },
  {
   "price": "0.00000397",
   "amount": "5022.88005628"
  },
  {
   "price": "0.00000398",
   "amount": "5600.00133116"
  },
  {
   "price": "0.00000399",
   "amount": "3022.88005628"
  },
  {
   "price": "0.000004",
   "amount": "2000.828973"
  },
  {
   "price": "0.00000509",
   "amount": "2996.99999999"
  },
  {
   "price": "0.00000512",
   "amount": "5211.492514"
  },
  {
   "price": "0.00000513",
   "amount": "1832.69154397"
  },
  {
   "price": "0.000006",
   "amount": "2684.829149"
  },
  {
   "price": "0.00000766",
   "amount": "3120.0726"
  },
  {
   "price": "0.0000079",
   "amount": "95.346"
  },
  {
   "price": "0.0000098",
   "amount": "4990"
  },
  {
   "price": "0.00001168",
   "amount": "329.34"
  },
  {
   "price": "0.0000124",
   "amount": "94"
  },
  {
   "price": "0.000013",
   "amount": "499.5"
  },
  {
   "price": "0.00001314",
   "amount": "2000"
  },
  {
   "price": "0.00001321",
   "amount": "29985.95103098"
  },
  {
   "price": "0.000015",
   "amount": "999"
  },
  {
   "price": "0.00001538",
   "amount": "249.5"
  },
  {
   "price": "0.00001583",
   "amount": "397.75327714"
  },
  {
   "price": "0.000017",
   "amount": "1066.518"
  }
 ]
}