{
 "pair": "ethust",
 "bids": [
  {
   "price": "145.17",
   "amount": "16.41366226"
  },
  {
   "price": "145.16",
   "amount": "11.06379532"
  },
  {
   "price": "145.09",
   "amount": "9.96195558"
  },
  {
   "price": "145.08",
   "amount": "7.88604353"
  },
  {
   "price": "145.03",
   "amount": "30.41102291"
  },
  {
   "price": "145.02",
   "amount": "19.73381"
  },
  {
   "price": "145",
   "amount": "6.11039725"
  },
  {
   "price": "144.99",
   "amount": "19.77537"
  },
  {
   "price": "144.98",
   "amount": "41.03386437"
  },
  {
   "price": "144.97",
   "amount": "50.56029107"
  },
  {
   "price": "144.96",
   "amount": "26.40940293"
  },
  {
   "price": "144.95",
   "amount": "41.03425938"
  },
  {
   "price": "144.94",
   "amount": "225.5325618"
  },
  {
   "price": "144.93",
   "amount": "46.23662"
  },
  {
   "price": "144.92",
   "amount": "5"
  },
  {
   "price": "144.9",
   "amount": "17.23662"
  },
  {
   "price": "144.88",
   "amount": "6"
  },
  {
   "price": "144.87",
   "amount": "17.23662"
  },
  {
   "price": "144.85",
   "amount": "17.23662"
  },
  {
   "price": "144.83",
   "amount": "17.23662"
  },
  {
   "price": "144.78",
   "amount": "9.95939237"
  },
  {
   "price": "144.75",
   "amount": "3.97"
  },
  {
   "price": "144.59",
   "amount": "11.74"
  },
  {
   "price": "144.57",
   "amount": "3"
  },
  {
   "price": "144.56",
   "amount": "66.26591315"
  }
 ],
 "asks": [
  {
   "price": "145.27",
   "amount": "12.65381638"
  },
  {
   "price": "145.28",
   "amount": "192.48936433"
  },
  {
   "price": "145.29",
   "amount": "4.97635533"
  },
  {
   "price": "145.3",
   "amount": "6.60570034"
  },
  {
   "price": "145.32",
   "amount": "17.20459"
  },
  {
   "price": "145.34",
   "amount": "17.20222"
  },
  {
   "price": "145.36",
   "amount": "2.121"
  },
  {
   "price": "145.37",
   "amount": "17.20578"
  },
  {
   "price": "145.39",
   "amount": "2.027"
  },
  {
   "price": "145.4",
   "amount": "17.20578"
  },
  {
   "price": "145.42",
   "amount": "3.96"
  },
  {
   "price": "145.43",
   "amount": "17.19158"
  },
  {
   "price": "145.46",
   "amount": "17.18803"
  },
  {
   "price": "145.49",
   "amount": "17.18449"
  },
  {
   "price": "145.51",
   "amount": "11.73"
  },
  {
   "price": "145.52",
   "amount": "17.18094"
  },
  {
   "price": "145.53",
   "amount": "6"
  },
  {
   "price": "145.55",
   "amount": "17.1774"
  },
  {
   "price": "145.57",
   "amount": "17.17504"
  },
  {
   "price": "145.66",
   "amount": "69.9"
  },
  {
   "price": "145.73",
   "amount": "8.4"
  },
  {
   "price": "145.81",
   "amount": "3"
  },
  {
   "price": "145.92",
   "amount": "5"
  },
  {
   "price": "145.93",
   "amount": "16"
  },
  {
   "price": "145.95",
   "amount": "35"
  }
 ]
}