{
 "pair": "trxeur",
 "bids": [
  {
   "price": "0.012421",
   "amount": "24787.79307"
  },
  {
   "price": "0.01242",
   "amount": "12174.21888"
  },
  {
   "price": "0.012414",
   "amount": "51599.39231664"
  },
  {
   "price": "0.012406",
   "amount": "32201.03128162"
  },
  {
   "price": "0.012398",
   "amount": "206462.21911062"
  },
  {
   "price": "0.012371",
   "amount": "46735"
  },
  {
   "price": "0.01237",
   "amount": "100000"
  },
  {
   "price": "0.012359",
   "amount": "6041.25768738"
  },
  {
   "price": "0.012356",
   "amount": "50000"
  },
  {
   "price": "0.012348",
   "amount": "1107.705334"
  },
  {
   "price": "0.012344",
   "amount": "52493.43832021"
  },
  {
   "price": "0.012341",
   "amount": "99000"
  },
  {
   "price": "0.012336",
   "amount": "468779"
  },
  {
   "price": "0.012335",
   "amount": "10080.90314493"
  },
  {
   "price": "0.012312",
   "amount": "12028.98551"
  },
  {
   "price": "0.012309",
   "amount": "14341.78545634"
  },
  {
   "price": "0.012306",
   "amount": "475983"
  },
  {
   "price": "0.0123",
   "amount": "64329.69312189"
  },
  {
   "price": "0.012298",
   "amount": "96603.09384486"
  },
  {
   "price": "0.012288",
   "amount": "5000"
  },
  {
   "price": "0.012285",
   "amount": "16182.96422107"
  },
  {
   "price": "0.012266",
   "amount": "21981.40950299"
  },
  {
   "price": "0.012265",
   "amount": "112180.54041548"
  },
  {
   "price": "0.012261",
   "amount": "17006.83466908"
  },
  {
   "price": "0.012223",
   "amount": "22057.20167635"
  }
 ],
 "asks": [
  {
   "price": "0.012453",
   "amount": "36275.01280193"
  },
  {
   "price": "0.012454",
   "amount": "26639.017591"
  },
  {
   "price": "0.012455",
   "amount": "32192.98662998"
  },
  {
   "price": "0.012466",
   "amount": "12174.21888"
  },
  {
   "price": "0.012467",
   "amount": "3747.56030131"
  },
  {
   "price": "0.012469",
   "amount": "100000"
  },
  {
   "price": "0.012487",
   "amount": "47719"
  },
  {
   "price": "0.012488",
   "amount": "50000"
  },
  {
   "price": "0.012493",
   "amount": "14754.034332"
  },
  {
   "price": "0.012496",
   "amount": "782.45596929"
  },
  {
   "price": "0.012502",
   "amount": "46734"
  },
  {
   "price": "0.012504",
   "amount": "23728.145668"
  },
  {
   "price": "0.01252",
   "amount": "976.15329699"
  },
  {
   "price": "0.012544",
   "amount": "468778"
  },
  {
   "price": "0.012545",
   "amount": "1725.61791288"
  },
  {
   "price": "0.012569",
   "amount": "1240.44700002"
  },
  {
   "price": "0.012594",
   "amount": "1687.72677533"
  },
  {
   "price": "0.012656",
   "amount": "11625.42857143"
  },
  {
   "price": "0.012657",
   "amount": "11625.42857143"
  },
  {
   "price": "0.012658",
   "amount": "23250.85714286"
  },
  {
   "price": "0.012673",
   "amount": "10000"
  },
  {
   "price": "0.012745",
   "amount": "25000"
  },
  {
   "price": "0.012763",
   "amount": "10000"
  },
  {
   "price": "0.012789",
   "amount": "9994"
  },
  {
   "price": "0.012852",
   "amount": "461106.7072003"
  }
 ]
}