{
 "pair": "omnusd",
 "bids": [
  {
   "price": "3.01",
   "amount": "4.0934719"
  },
  {
   "price": "3",
   "amount": "3.0934719"
  },
  {
   "price": "2.7",
   "amount": "10"
  },
  {
   "price": "2.52",
   "amount": "300"
  },
  {
   "price": "1.5",
   "amount": "86.875537"
  },
  {
   "price": "1.35",
   "amount": "2"
  },
  {
   "price": "1.23",
   "amount": "22.571382"
  },
  {
   "price": "1.21",
   "amount": "23.523969"
  },
  {
   "price": "1.2",
   "amount": "24"
  },
  {
   "price": "0.51",
   "amount": "11.77111639"
  },
  {
   "price": "0.15",
   "amount": "10"
  },
  {
   "price": "0.13",
   "amount": "100"
  },
  {
   "price": "0.121",
   "amount": "10"
  },
  {
   "price": "0.1",
   "amount": "750"
  },
  {
   "price": "0.013",
   "amount": "1000"
  },
  {
   "price": "0.01213",
   "amount": "100"
  },
  {
   "price": "0.00121",
   "amount": "1000"
  },
  {
   "price": "0.00103",
   "amount": "20000"
  },
  {
   "price": "0.00061501",
   "amount": "3625"
  },
  {
   "price": "0.0001",
   "amount": "2000"
  },
  {
   "price": "0.0000189",
   "amount": "20000"
  },
  {
   "price": "0.0000111",
   "amount": "20000"
  },
  {
   "price": "0.000011",
   "amount": "20000"
  },
  {
   "price": "0.00001",
   "amount": "20000"
  },
  {
   "price": "0.0000011",
   "amount": "260000"
  }
 ],
 "asks": [
  {
   "price": "4",
   "amount": "2"
  },
  {
   "price": "5.44",
   "amount": "472.1174"
  },
  {
   "price": "6",
   "amount": "10"
  },
  {
   "price": "6.19",
   "amount": "11.23422"
  },
  {
   "price": "6.5",
   "amount": "4"
  },
  {
   "price": "6.777",
   "amount": "5.95"
  },
  {
   "price": "6.9",
   "amount": "40"
  },
  {
   "price": "7.99",
   "amount": "50"
  },
  {
   "price": "8",
   "amount": "60"
  },
  {
   "price": "8.44",
   "amount": "2"
  },
  {
   "price": "9",
   "amount": "3.99"
  },
  {
   "price": "9.44",
   "amount": "2"
  },
  {
   "price": "10",
   "amount": "5"
  },
  {
   "price": "11.44",
   "amount": "2"
  },
  {
   "price": "13.44",
   "amount": "2"
  },
  {
   "price": "15.44",
   "amount": "2"
  },
  {
   "price": "15.821",
   "amount": "3"
  },
  {
   "price": "16.78",
   "amount": "1"
  },
  {
   "price": "17",
   "amount": "3.996"
  },
  {
   "price": "17.44",
   "amount": "2"
  },
  {
   "price": "17.78",
   "amount": "1"
  },
  {
   "price": "18.78",
   "amount": "1"
  },
  {
   "price": "19.44",
   "amount": "2"
  },
  {
   "price": "19.77",
   "amount": "78"
  },
  {
   "price": "19.78",
   "amount": "2"
  }
 ]
}