{
 "pair": "dgxeth",
 "bids": [
  {
   "price": "0.31893",
   "amount": "0.63929091"
  },
  {
   "price": "0.31861",
   "amount": "5"
  },
  {
   "price": "0.31854",
   "amount": "5"
  },
  {
   "price": "0.31777",
   "amount": "5"
  },
  {
   "price": "0.31763",
   "amount": "5"
  },
  {
   "price": "0.31742",
   "amount": "5"
  },
  {
   "price": "0.3174",
   "amount": "5"
  },
  {
   "price": "0.31715",
   "amount": "10"
  },
  {
   "price": "0.317",
   "amount": "1.427189"
  },
  {
   "price": "0.31456",
   "amount": "10"
  },
  {
   "price": "0.3145",
   "amount": "10"
  },
  {
   "price": "0.31358",
   "amount": "5"
  },
  {
   "price": "0.31327",
   "amount": "15"
  },
  {
   "price": "0.31322",
   "amount": "10"
  },
  {
   "price": "0.31286",
   "amount": "5"
  },
  {
   "price": "0.31279",
   "amount": "10"
  },
  {
   "price": "0.31265",
   "amount": "10"
  },
  {
   "price": "0.3125",
   "amount": "5"
  },
  {
   "price": "0.31206",
   "amount": "10"
  },
  {
   "price": "0.31185",
   "amount": "10"
  },
  {
   "price": "0.31099",
   "amount": "10"
  },
  {
   "price": "0.31092",
   "amount": "10"
  },
  {
   "price": "0.31083",
   "amount": "10"
  },
  {
   "price": "0.31022",
   "amount": "5"
  },
  {
   "price": "0.31019",
   "amount": "10"
  }
 ],
 "asks": [
  {
   "price": "0.32006",
   "amount": "5"
  },
  {
   "price": "0.32031",
   "amount": "5"
  },
  {
   "price": "0.32239",
   "amount": "5"
  },
  {
   "price": "0.32329",
   "amount": "5"
  },
  {
   "price": "0.32377",
   "amount": "10"
  },
  {
   "price": "0.32384",
   "amount": "5"
  },
  {
   "price": "0.32417",
   "amount": "1.09460258"
  },
  {
   "price": "0.32445",
   "amount": "9.17861"
  },
  {
   "price": "0.32455",
   "amount": "5"
  },
  {
   "price": "0.32465",
   "amount": "10"
  },
  {
   "price": "0.32474",
   "amount": "5"
  },
  {
   "price": "0.32482",
   "amount": "10"
  },
  {
   "price": "0.32487",
   "amount": "10"
  },
  {
   "price": "0.32507",
   "amount": "10"
  },
  {
   "price": "0.32514",
   "amount": "5"
  },
  {
   "price": "0.32529",
   "amount": "5"
  },
  {
   "price": "0.32541",
   "amount": "5"
  },
  {
   "price": "0.32558",
   "amount": "5"
  },
  {
   "price": "0.32566",
   "amount": "5"
  },
  {
   "price": "0.32585",
   "amount": "10"
  },
  {
   "price": "0.326",
   "amount": "5"
  },
  {
   "price": "0.32632",
   "amount": "10"
  },
  {
   "price": "0.32639",
   "amount": "5"
  },
  {
   "price": "0.32827",
   "amount": "7"
  },
  {
   "price": "0.32915",
   "amount": "10"
  }
 ]
}