{
 "pair": "kanust",
 "bids": [
  {
   "price": "0.001899",
   "amount": "30682.21696911"
  },
  {
   "price": "0.001894",
   "amount": "8520"
  },
  {
   "price": "0.001889",
   "amount": "3640"
  },
  {
   "price": "0.001888",
   "amount": "4680"
  },
  {
   "price": "0.001887",
   "amount": "5820"
  },
  {
   "price": "0.001882",
   "amount": "4020"
  },
  {
   "price": "0.001877",
   "amount": "5050"
  },
  {
   "price": "0.001875",
   "amount": "4270"
  },
  {
   "price": "0.001871",
   "amount": "5236.39862301"
  },
  {
   "price": "0.001866",
   "amount": "1640"
  },
  {
   "price": "0.001865",
   "amount": "1944"
  },
  {
   "price": "0.001858",
   "amount": "1800"
  },
  {
   "price": "0.001856",
   "amount": "2478"
  },
  {
   "price": "0.001855",
   "amount": "3606"
  },
  {
   "price": "0.00185",
   "amount": "1512"
  },
  {
   "price": "0.001848",
   "amount": "1728"
  },
  {
   "price": "0.001847",
   "amount": "4970"
  },
  {
   "price": "0.001845",
   "amount": "1860"
  },
  {
   "price": "0.001842",
   "amount": "5268"
  },
  {
   "price": "0.001839",
   "amount": "2280"
  },
  {
   "price": "0.001838",
   "amount": "2730"
  },
  {
   "price": "0.001836",
   "amount": "4038"
  },
  {
   "price": "0.001835",
   "amount": "2280"
  },
  {
   "price": "0.001834",
   "amount": "5348"
  },
  {
   "price": "0.001833",
   "amount": "2058"
  }
 ],
 "asks": [
  {
   "price": "0.0019",
   "amount": "3640"
  },
  {
   "price": "0.001901",
   "amount": "3183.56056018"
  },
  {
   "price": "0.001912",
   "amount": "5750"
  },
  {
   "price": "0.001919",
   "amount": "3680"
  },
  {
   "price": "0.001922",
   "amount": "4520"
  },
  {
   "price": "0.001924",
   "amount": "7020"
  },
  {
   "price": "0.001931",
   "amount": "5150"
  },
  {
   "price": "0.001936",
   "amount": "6860"
  },
  {
   "price": "0.001942",
   "amount": "19183.82769253"
  },
  {
   "price": "0.001943",
   "amount": "8640"
  },
  {
   "price": "0.001946",
   "amount": "3760"
  },
  {
   "price": "0.001955",
   "amount": "9870"
  },
  {
   "price": "0.001957",
   "amount": "20055.09535712"
  },
  {
   "price": "0.001966",
   "amount": "4600"
  },
  {
   "price": "0.001969",
   "amount": "25694.44444444"
  },
  {
   "price": "0.00199",
   "amount": "20889.08797424"
  },
  {
   "price": "0.002006",
   "amount": "3680"
  },
  {
   "price": "0.002025",
   "amount": "4680"
  },
  {
   "price": "0.002037",
   "amount": "5150"
  },
  {
   "price": "0.002045",
   "amount": "1355.09093406"
  },
  {
   "price": "0.002046",
   "amount": "1358"
  },
  {
   "price": "0.002047",
   "amount": "2609"
  },
  {
   "price": "0.00205",
   "amount": "8580"
  },
  {
   "price": "0.002053",
   "amount": "5500"
  },
  {
   "price": "0.002063",
   "amount": "10080"
  }
 ]
}