{
 "pair": "xvgjpy",
 "bids": [
  {
   "price": "0.45223",
   "amount": "7250"
  },
  {
   "price": "0.43725",
   "amount": "30000"
  },
  {
   "price": "0.43526",
   "amount": "10000"
  },
  {
   "price": "0.43161",
   "amount": "20000"
  },
  {
   "price": "0.4261",
   "amount": "57000"
  },
  {
   "price": "0.41908",
   "amount": "1713.221837"
  },
  {
   "price": "0.41539",
   "amount": "40209.984065"
  },
  {
   "price": "0.40446",
   "amount": "524940.431218"
  },
  {
   "price": "0.40271",
   "amount": "1326.57797959"
  },
  {
   "price": "0.37172",
   "amount": "1300"
  },
  {
   "price": "0.37119",
   "amount": "127051.38360408"
  },
  {
   "price": "0.36976",
   "amount": "53500"
  },
  {
   "price": "0.36971",
   "amount": "760"
  },
  {
   "price": "0.36929",
   "amount": "2739"
  },
  {
   "price": "0.35097",
   "amount": "175742.02612376"
  },
  {
   "price": "0.35095",
   "amount": "1900"
  },
  {
   "price": "0.32918",
   "amount": "160334.47389426"
  },
  {
   "price": "0.32917",
   "amount": "150637.61550824"
  },
  {
   "price": "0.32675",
   "amount": "1380"
  },
  {
   "price": "0.32567",
   "amount": "105859.401076"
  },
  {
   "price": "0.31246",
   "amount": "16100"
  },
  {
   "price": "0.3072",
   "amount": "106750.04164802"
  },
  {
   "price": "0.30609",
   "amount": "107139.0307489"
  },
  {
   "price": "0.30546",
   "amount": "11659.07000504"
  },
  {
   "price": "0.30477",
   "amount": "60000"
  }
 ],
 "asks": [
  {
   "price": "0.54745",
   "amount": "30000"
  },
  {
   "price": "0.54746",
   "amount": "1917.062642"
  },
  {
   "price": "0.55751",
   "amount": "38870.27098"
  },
  {
   "price": "0.58764",
   "amount": "24662.55944058"
  },
  {
   "price": "0.58769",
   "amount": "10000"
  },
  {
   "price": "0.58779",
   "amount": "1750"
  },
  {
   "price": "0.59096",
   "amount": "91478.63252705"
  },
  {
   "price": "0.6",
   "amount": "1000"
  },
  {
   "price": "0.60123",
   "amount": "1000"
  },
  {
   "price": "0.60199",
   "amount": "9989.99999999"
  },
  {
   "price": "0.60216",
   "amount": "4500"
  },
  {
   "price": "0.6025",
   "amount": "5000"
  },
  {
   "price": "0.63075",
   "amount": "3999"
  },
  {
   "price": "0.64843",
   "amount": "18668.57142857"
  },
  {
   "price": "0.64844",
   "amount": "37337.14285714"
  },
  {
   "price": "0.64944",
   "amount": "1000"
  },
  {
   "price": "0.65053",
   "amount": "4000"
  },
  {
   "price": "0.656",
   "amount": "107617.545343"
  },
  {
   "price": "0.66671",
   "amount": "2000"
  },
  {
   "price": "0.67786",
   "amount": "900"
  },
  {
   "price": "0.68005",
   "amount": "20000"
  },
  {
   "price": "0.68061",
   "amount": "30000"
  },
  {
   "price": "0.69004",
   "amount": "1996"
  },
  {
   "price": "0.69766",
   "amount": "16000"
  },
  {
   "price": "0.77626",
   "amount": "25145.00000022"
  }
 ]
}