{
 "pair": "leobtc",
 "bids": [
  {
   "price": "0.00012208",
   "amount": "626.23636855"
  },
  {
   "price": "0.00012207",
   "amount": "56.50096226"
  },
  {
   "price": "0.00012206",
   "amount": "199"
  },
  {
   "price": "0.00012203",
   "amount": "195"
  },
  {
   "price": "0.000122",
   "amount": "222"
  },
  {
   "price": "0.00012161",
   "amount": "6264.02467222"
  },
  {
   "price": "0.00012053",
   "amount": "1533.5511387"
  },
  {
   "price": "0.00012052",
   "amount": "2025.06720876"
  },
  {
   "price": "0.0001205",
   "amount": "1878.82600858"
  },
  {
   "price": "0.00012049",
   "amount": "9801"
  },
  {
   "price": "0.00012048",
   "amount": "2505.66627108"
  },
  {
   "price": "0.00012047",
   "amount": "9952"
  },
  {
   "price": "0.00012039",
   "amount": "12527.94164755"
  },
  {
   "price": "0.00011983",
   "amount": "2505.00813218"
  },
  {
   "price": "0.00011982",
   "amount": "9970"
  },
  {
   "price": "0.00011916",
   "amount": "18792.13414535"
  },
  {
   "price": "0.00011755",
   "amount": "9862"
  },
  {
   "price": "0.00011702",
   "amount": "5"
  },
  {
   "price": "0.00011575",
   "amount": "5"
  },
  {
   "price": "0.00011449",
   "amount": "5"
  },
  {
   "price": "0.00011323",
   "amount": "5"
  },
  {
   "price": "0.00011201",
   "amount": "5"
  },
  {
   "price": "0.00011136",
   "amount": "9836"
  },
  {
   "price": "0.00011079",
   "amount": "5"
  },
  {
   "price": "0.0001101",
   "amount": "500"
  }
 ],
 "asks": [
  {
   "price": "0.00012327",
   "amount": "3057.26324869"
  },
  {
   "price": "0.00012328",
   "amount": "184"
  },
  {
   "price": "0.00012329",
   "amount": "499.41151247"
  },
  {
   "price": "0.00012331",
   "amount": "240"
  },
  {
   "price": "0.00012333",
   "amount": "998.82302495"
  },
  {
   "price": "0.00012335",
   "amount": "181"
  },
  {
   "price": "0.0001235",
   "amount": "1498.23453742"
  },
  {
   "price": "0.00012407",
   "amount": "9801"
  },
  {
   "price": "0.00012408",
   "amount": "6264.02467222"
  },
  {
   "price": "0.00012494",
   "amount": "9171.78992297"
  },
  {
   "price": "0.00012496",
   "amount": "11809.98382162"
  },
  {
   "price": "0.00012497",
   "amount": "9951"
  },
  {
   "price": "0.000125",
   "amount": "5000"
  },
  {
   "price": "0.00012531",
   "amount": "12528.08943023"
  },
  {
   "price": "0.00012599",
   "amount": "12031.98242684"
  },
  {
   "price": "0.000126",
   "amount": "10000"
  },
  {
   "price": "0.00012636",
   "amount": "9969"
  },
  {
   "price": "0.00012654",
   "amount": "18792.13414535"
  },
  {
   "price": "0.00012799",
   "amount": "9203.44799151"
  },
  {
   "price": "0.000128",
   "amount": "30000"
  },
  {
   "price": "0.00012913",
   "amount": "5"
  },
  {
   "price": "0.00013151",
   "amount": "9861"
  },
  {
   "price": "0.00013299",
   "amount": "6114.61270533"
  },
  {
   "price": "0.000133",
   "amount": "45517.91324"
  },
  {
   "price": "0.0001385",
   "amount": "1797.45"
  }
 ]
}