{
 "pair": "ethusd",
 "bids": [
  {
   "price": "146.04",
   "amount": "31.9131"
  },
  {
   "price": "145.95",
   "amount": "0.14288807"
  },
  {
   "price": "145.94",
   "amount": "6.171592"
  },
  {
   "price": "145.93",
   "amount": "45.15759321"
  },
  {
   "price": "145.92",
   "amount": "56.6272852"
  },
  {
   "price": "145.9",
   "amount": "230.53366777"
  },
  {
   "price": "145.89",
   "amount": "12.50032943"
  },
  {
   "price": "145.88",
   "amount": "96.823"
  },
  {
   "price": "145.87",
   "amount": "151.3810961"
  },
  {
   "price": "145.86",
   "amount": "137.191"
  },
  {
   "price": "145.85",
   "amount": "119.79034"
  },
  {
   "price": "145.84",
   "amount": "30.81055624"
  },
  {
   "price": "145.83",
   "amount": "74.61121573"
  },
  {
   "price": "145.82",
   "amount": "125.12157139"
  },
  {
   "price": "145.81",
   "amount": "160.13957"
  },
  {
   "price": "145.79",
   "amount": "108.47"
  },
  {
   "price": "145.78",
   "amount": "17.12927"
  },
  {
   "price": "145.77",
   "amount": "12.71421079"
  },
  {
   "price": "145.76",
   "amount": "40.352185"
  },
  {
   "price": "145.75",
   "amount": "152.12927"
  },
  {
   "price": "145.74",
   "amount": "59.17827"
  },
  {
   "price": "145.73",
   "amount": "124.5318852"
  },
  {
   "price": "145.72",
   "amount": "9.16795355"
  },
  {
   "price": "145.71",
   "amount": "18.1"
  },
  {
   "price": "145.69",
   "amount": "134.91111264"
  }
 ],
 "asks": [
  {
   "price": "146.05",
   "amount": "20.757989"
  },
  {
   "price": "146.09",
   "amount": "0.58679361"
  },
  {
   "price": "146.1",
   "amount": "9.91593853"
  },
  {
   "price": "146.11",
   "amount": "11.82674009"
  },
  {
   "price": "146.12",
   "amount": "10.766646"
  },
  {
   "price": "146.13",
   "amount": "4.30757575"
  },
  {
   "price": "146.14",
   "amount": "17.93230554"
  },
  {
   "price": "146.15",
   "amount": "3"
  },
  {
   "price": "146.17",
   "amount": "11.19204036"
  },
  {
   "price": "146.18",
   "amount": "14"
  },
  {
   "price": "146.19",
   "amount": "22.96807586"
  },
  {
   "price": "146.2",
   "amount": "276.79335715"
  },
  {
   "price": "146.21",
   "amount": "76.15646843"
  },
  {
   "price": "146.23",
   "amount": "200"
  },
  {
   "price": "146.24",
   "amount": "81.08322778"
  },
  {
   "price": "146.26",
   "amount": "49.52"
  },
  {
   "price": "146.27",
   "amount": "36.3209533"
  },
  {
   "price": "146.28",
   "amount": "62"
  },
  {
   "price": "146.29",
   "amount": "45.375"
  },
  {
   "price": "146.3",
   "amount": "4.72"
  },
  {
   "price": "146.31",
   "amount": "134.92542571"
  },
  {
   "price": "146.32",
   "amount": "129.999"
  },
  {
   "price": "146.33",
   "amount": "2.827"
  },
  {
   "price": "146.36",
   "amount": "30"
  },
  {
   "price": "146.37",
   "amount": "10"
  }
 ]
}