{
 "pair": "tnbeth",
 "bids": [
  {
   "price": "0.00001333",
   "amount": "1200"
  },
  {
   "price": "0.0000128",
   "amount": "26530"
  },
  {
   "price": "0.00001279",
   "amount": "2586"
  },
  {
   "price": "0.00001211",
   "amount": "4128.81915772"
  },
  {
   "price": "0.0000121",
   "amount": "5000"
  },
  {
   "price": "0.00001144",
   "amount": "15734.26573427"
  },
  {
   "price": "0.00001142",
   "amount": "43500"
  },
  {
   "price": "0.0000111",
   "amount": "49401.65032498"
  },
  {
   "price": "0.00000836",
   "amount": "201570.06021459"
  },
  {
   "price": "0.0000075",
   "amount": "2666.66"
  },
  {
   "price": "0.00000212",
   "amount": "9500"
  },
  {
   "price": "0.00000211",
   "amount": "2500"
  },
  {
   "price": "0.0000012",
   "amount": "15000"
  },
  {
   "price": "0.00000111",
   "amount": "196689.62027606"
  },
  {
   "price": "0.00000106",
   "amount": "10000"
  },
  {
   "price": "0.000001",
   "amount": "24508"
  },
  {
   "price": "2.5e-7",
   "amount": "80000"
  },
  {
   "price": "2.3e-7",
   "amount": "175803.26015193"
  },
  {
   "price": "2.1e-7",
   "amount": "25000"
  },
  {
   "price": "2e-7",
   "amount": "100000"
  },
  {
   "price": "1.4e-7",
   "amount": "162059.30107927"
  },
  {
   "price": "1.1e-7",
   "amount": "83149.20411805"
  },
  {
   "price": "1e-7",
   "amount": "200000"
  },
  {
   "price": "8e-8",
   "amount": "200046"
  },
  {
   "price": "5e-8",
   "amount": "200000"
  }
 ],
 "asks": [
  {
   "price": "0.00001364",
   "amount": "16116.30457503"
  },
  {
   "price": "0.00001365",
   "amount": "2590"
  },
  {
   "price": "0.00001369",
   "amount": "2581"
  },
  {
   "price": "0.00001373",
   "amount": "2777"
  },
  {
   "price": "0.00001417",
   "amount": "2359"
  },
  {
   "price": "0.00001673",
   "amount": "34868.36186791"
  },
  {
   "price": "0.00001814",
   "amount": "17461.59525683"
  },
  {
   "price": "0.00001858",
   "amount": "4326"
  },
  {
   "price": "0.00001913",
   "amount": "3471.16052813"
  },
  {
   "price": "0.0000208",
   "amount": "4994.99999999"
  },
  {
   "price": "0.000024",
   "amount": "7495.880144"
  },
  {
   "price": "0.00002488",
   "amount": "1000"
  },
  {
   "price": "0.00002489",
   "amount": "1037.11461078"
  },
  {
   "price": "0.00002561",
   "amount": "1007"
  },
  {
   "price": "0.00002562",
   "amount": "999.10203792"
  },
  {
   "price": "0.00002852",
   "amount": "3395.03271934"
  },
  {
   "price": "0.000029",
   "amount": "1248.75"
  },
  {
   "price": "0.00003",
   "amount": "10000"
  },
  {
   "price": "0.00003579",
   "amount": "1144.112196"
  },
  {
   "price": "0.0000358",
   "amount": "999"
  },
  {
   "price": "0.00004",
   "amount": "782"
  },
  {
   "price": "0.00004006",
   "amount": "9392.307692"
  },
  {
   "price": "0.00004206",
   "amount": "18844.02911697"
  },
  {
   "price": "0.000045",
   "amount": "2122.0335756"
  },
  {
   "price": "0.0000485",
   "amount": "35006.36561052"
  }
 ]
}