{
 "pair": "lymbtc",
 "bids": [
  {
   "price": "3.6e-7",
   "amount": "1526.97222222"
  },
  {
   "price": "3.2e-7",
   "amount": "126111"
  },
  {
   "price": "2.9e-7",
   "amount": "400000"
  },
  {
   "price": "2.3e-7",
   "amount": "22000"
  },
  {
   "price": "1.5e-7",
   "amount": "35000"
  },
  {
   "price": "1.4e-7",
   "amount": "400000"
  },
  {
   "price": "1.1e-7",
   "amount": "400000"
  },
  {
   "price": "1e-7",
   "amount": "50000"
  },
  {
   "price": "9e-8",
   "amount": "10000"
  },
  {
   "price": "8e-8",
   "amount": "400000"
  },
  {
   "price": "6e-8",
   "amount": "80000"
  },
  {
   "price": "5e-8",
   "amount": "400000"
  },
  {
   "price": "3e-8",
   "amount": "200000"
  },
  {
   "price": "2e-8",
   "amount": "650000"
  }
 ],
 "asks": [
  {
   "price": "9.8e-7",
   "amount": "29968.91676711"
  },
  {
   "price": "0.00000103",
   "amount": "589"
  },
  {
   "price": "0.00000118",
   "amount": "32291.05355358"
  },
  {
   "price": "0.00000132",
   "amount": "28725.38159727"
  },
  {
   "price": "0.00000153",
   "amount": "27026.59000092"
  },
  {
   "price": "0.00000179",
   "amount": "24679.68738218"
  },
  {
   "price": "0.0000018",
   "amount": "25"
  },
  {
   "price": "0.00000197",
   "amount": "23754.52939934"
  },
  {
   "price": "0.000002",
   "amount": "5210"
  },
  {
   "price": "0.00000214",
   "amount": "23193.37498769"
  },
  {
   "price": "0.00000219",
   "amount": "22301.79291932"
  },
  {
   "price": "0.00000238",
   "amount": "5300"
  },
  {
   "price": "0.0000026",
   "amount": "30"
  },
  {
   "price": "0.00000305",
   "amount": "5000"
  },
  {
   "price": "0.0000031",
   "amount": "295335.91331448"
  },
  {
   "price": "0.00000358",
   "amount": "11004.58335818"
  },
  {
   "price": "0.00000498",
   "amount": "3000"
  },
  {
   "price": "0.000005",
   "amount": "200000"
  },
  {
   "price": "0.00000799",
   "amount": "1065.6"
  },
  {
   "price": "0.000016",
   "amount": "1065.6"
  },
  {
   "price": "0.0000167",
   "amount": "1998"
  },
  {
   "price": "0.0000231",
   "amount": "3624"
  },
  {
   "price": "0.00002393",
   "amount": "630.578147"
  },
  {
   "price": "0.000024",
   "amount": "880"
  },
  {
   "price": "0.0000498",
   "amount": "3000"
  }
 ]
}