{
 "pair": "nioeth",
 "bids": [
  {
   "price": "0.00000853",
   "amount": "5861.66471277"
  },
  {
   "price": "0.00000852",
   "amount": "2800"
  },
  {
   "price": "0.00000799",
   "amount": "22528.16020025"
  },
  {
   "price": "0.00000797",
   "amount": "27263.06856506"
  },
  {
   "price": "0.0000077",
   "amount": "3000"
  },
  {
   "price": "0.000007",
   "amount": "132760.66"
  },
  {
   "price": "0.0000027",
   "amount": "751.4111111"
  }
 ],
 "asks": [
  {
   "price": "0.0000151",
   "amount": "2994.313828"
  },
  {
   "price": "0.0000169",
   "amount": "9990"
  },
  {
   "price": "0.00006489",
   "amount": "11266.91729323"
  },
  {
   "price": "0.0000649",
   "amount": "5160.21534019"
  },
  {
   "price": "0.00008",
   "amount": "3116.11002075"
  },
  {
   "price": "0.000096",
   "amount": "51948"
  },
  {
   "price": "0.00015251",
   "amount": "3484.22144933"
  },
  {
   "price": "0.00015299",
   "amount": "7989"
  },
  {
   "price": "0.000197",
   "amount": "12000"
  },
  {
   "price": "0.0002326",
   "amount": "9990"
  },
  {
   "price": "0.00024067",
   "amount": "9990"
  },
  {
   "price": "0.00033416",
   "amount": "1200"
  },
  {
   "price": "0.0087531",
   "amount": "1200"
  },
  {
   "price": "0.015",
   "amount": "3000"
  },
  {
   "price": "0.024522",
   "amount": "1200"
  },
  {
   "price": "0.047329",
   "amount": "1400"
  },
  {
   "price": "0.087642",
   "amount": "1493.5"
  },
  {
   "price": "0.089373",
   "amount": "3648.43944008"
  },
  {
   "price": "2.2897",
   "amount": "1400"
  }
 ]
}