{
 "pair": "gntbtc",
 "bids": [
  {
   "price": "0.00000466",
   "amount": "4246.28450106"
  },
  {
   "price": "0.00000464",
   "amount": "12501.17292321"
  },
  {
   "price": "0.00000447",
   "amount": "138"
  },
  {
   "price": "0.00000446",
   "amount": "300"
  },
  {
   "price": "0.00000431",
   "amount": "350"
  },
  {
   "price": "0.00000422",
   "amount": "11000"
  },
  {
   "price": "0.00000416",
   "amount": "450"
  },
  {
   "price": "0.00000411",
   "amount": "1262"
  },
  {
   "price": "0.00000401",
   "amount": "2500"
  },
  {
   "price": "0.00000323",
   "amount": "44470.29122914"
  },
  {
   "price": "0.00000311",
   "amount": "12"
  },
  {
   "price": "0.00000215",
   "amount": "37718.5948569"
  },
  {
   "price": "0.00000212",
   "amount": "50000"
  },
  {
   "price": "0.00000211",
   "amount": "12"
  },
  {
   "price": "0.0000021",
   "amount": "500"
  },
  {
   "price": "0.000002",
   "amount": "2500"
  },
  {
   "price": "0.00000119",
   "amount": "91477.12951026"
  },
  {
   "price": "0.00000111",
   "amount": "76888.85997097"
  },
  {
   "price": "0.000001",
   "amount": "5000"
  },
  {
   "price": "7.7e-7",
   "amount": "649.351"
  },
  {
   "price": "6.7e-7",
   "amount": "39"
  },
  {
   "price": "2.3e-7",
   "amount": "1000"
  },
  {
   "price": "2.2e-7",
   "amount": "11709.89763023"
  },
  {
   "price": "2e-7",
   "amount": "25000"
  },
  {
   "price": "1.1e-7",
   "amount": "129532.02364741"
  }
 ],
 "asks": [
  {
   "price": "0.00000475",
   "amount": "1398.967509"
  },
  {
   "price": "0.00000477",
   "amount": "4237.28813559"
  },
  {
   "price": "0.00000509",
   "amount": "232.621271"
  },
  {
   "price": "0.00000524",
   "amount": "2486.042312"
  },
  {
   "price": "0.00000549",
   "amount": "400"
  },
  {
   "price": "0.0000055",
   "amount": "972.0778"
  },
  {
   "price": "0.00000588",
   "amount": "18847.51196538"
  },
  {
   "price": "0.00000593",
   "amount": "11000"
  },
  {
   "price": "0.00000599",
   "amount": "350"
  },
  {
   "price": "0.000006",
   "amount": "1098.9"
  },
  {
   "price": "0.00000649",
   "amount": "350"
  },
  {
   "price": "0.00000658",
   "amount": "50"
  },
  {
   "price": "0.00000699",
   "amount": "350"
  },
  {
   "price": "0.00000711",
   "amount": "399.6995"
  },
  {
   "price": "0.00000715",
   "amount": "1546.4"
  },
  {
   "price": "0.00000725",
   "amount": "3000"
  },
  {
   "price": "0.00000727",
   "amount": "1727.663185"
  },
  {
   "price": "0.00000729",
   "amount": "400"
  },
  {
   "price": "0.00000748",
   "amount": "3014.6"
  },
  {
   "price": "0.00000749",
   "amount": "350"
  },
  {
   "price": "0.0000075",
   "amount": "500"
  },
  {
   "price": "0.00000799",
   "amount": "350"
  },
  {
   "price": "0.00000849",
   "amount": "300"
  },
  {
   "price": "0.00000899",
   "amount": "300"
  },
  {
   "price": "0.00000917",
   "amount": "67.93269879"
  }
 ]
}