{
 "pair": "poyusd",
 "bids": [
  {
   "price": "0.019678",
   "amount": "11111"
  },
  {
   "price": "0.019598",
   "amount": "5000"
  },
  {
   "price": "0.018932",
   "amount": "5000"
  },
  {
   "price": "0.018837",
   "amount": "5000"
  },
  {
   "price": "0.01743",
   "amount": "573.44710524"
  },
  {
   "price": "0.0174",
   "amount": "25000"
  },
  {
   "price": "0.017111",
   "amount": "5236.6761279"
  },
  {
   "price": "0.01711",
   "amount": "46742.821146"
  },
  {
   "price": "0.0121",
   "amount": "100"
  },
  {
   "price": "0.00881",
   "amount": "500"
  },
  {
   "price": "0.0088",
   "amount": "20000"
  },
  {
   "price": "0.0085208",
   "amount": "100000"
  },
  {
   "price": "0.0043358",
   "amount": "100000"
  },
  {
   "price": "0.00133",
   "amount": "300"
  },
  {
   "price": "0.00123",
   "amount": "1000"
  },
  {
   "price": "0.00121",
   "amount": "101000"
  },
  {
   "price": "0.0001",
   "amount": "1000"
  },
  {
   "price": "0.000023",
   "amount": "1000"
  },
  {
   "price": "0.000022",
   "amount": "50000"
  },
  {
   "price": "0.00001",
   "amount": "20000"
  },
  {
   "price": "0.00000273",
   "amount": "100000"
  },
  {
   "price": "0.0000011",
   "amount": "5000"
  },
  {
   "price": "0.000001",
   "amount": "100000"
  },
  {
   "price": "1.2e-7",
   "amount": "95000"
  },
  {
   "price": "1.1e-7",
   "amount": "800000"
  }
 ],
 "asks": [
  {
   "price": "0.029062",
   "amount": "1897.22187232"
  },
  {
   "price": "0.029071",
   "amount": "14499.015693"
  },
  {
   "price": "0.029435",
   "amount": "554"
  },
  {
   "price": "0.032994",
   "amount": "559.44"
  },
  {
   "price": "0.033",
   "amount": "511.101"
  },
  {
   "price": "0.047723",
   "amount": "2736.72924122"
  },
  {
   "price": "0.049985",
   "amount": "573.750681"
  },
  {
   "price": "0.076136",
   "amount": "2608.01407222"
  },
  {
   "price": "0.08396",
   "amount": "899"
  },
  {
   "price": "0.083999",
   "amount": "12757.384527"
  },
  {
   "price": "0.085",
   "amount": "339.60245"
  },
  {
   "price": "0.094737",
   "amount": "131.868"
  },
  {
   "price": "0.098",
   "amount": "249.5"
  },
  {
   "price": "0.099324",
   "amount": "249.75"
  },
  {
   "price": "0.118",
   "amount": "500"
  },
  {
   "price": "0.14",
   "amount": "48"
  },
  {
   "price": "0.145",
   "amount": "499"
  },
  {
   "price": "0.14926",
   "amount": "65.868"
  },
  {
   "price": "0.14989",
   "amount": "49.95"
  },
  {
   "price": "0.17",
   "amount": "382.21810274"
  },
  {
   "price": "0.18",
   "amount": "1000"
  },
  {
   "price": "0.185",
   "amount": "1000"
  },
  {
   "price": "0.18785",
   "amount": "253.5454"
  },
  {
   "price": "0.19",
   "amount": "2500"
  },
  {
   "price": "0.19447",
   "amount": "165.80590649"
  }
 ]
}