{
 "pair": "vsyusd",
 "bids": [
  {
   "price": "0.044377",
   "amount": "408.45"
  },
  {
   "price": "0.044258",
   "amount": "370.44"
  },
  {
   "price": "0.04417",
   "amount": "303.14"
  },
  {
   "price": "0.044146",
   "amount": "525.05"
  },
  {
   "price": "0.044116",
   "amount": "374.63"
  },
  {
   "price": "0.044079",
   "amount": "250"
  },
  {
   "price": "0.044026",
   "amount": "219.77"
  },
  {
   "price": "0.043972",
   "amount": "136.93"
  },
  {
   "price": "0.043925",
   "amount": "246.36"
  },
  {
   "price": "0.0439",
   "amount": "500"
  },
  {
   "price": "0.043863",
   "amount": "290.99"
  },
  {
   "price": "0.043793",
   "amount": "297.03914546"
  },
  {
   "price": "0.04369",
   "amount": "241.84"
  },
  {
   "price": "0.043557",
   "amount": "343.32"
  },
  {
   "price": "0.043393",
   "amount": "296.83"
  },
  {
   "price": "0.043",
   "amount": "125"
  },
  {
   "price": "0.0426",
   "amount": "285"
  },
  {
   "price": "0.0425",
   "amount": "150.8"
  },
  {
   "price": "0.0402",
   "amount": "3000"
  },
  {
   "price": "0.039",
   "amount": "1800"
  },
  {
   "price": "0.03884",
   "amount": "608.95779501"
  },
  {
   "price": "0.038111",
   "amount": "19358.196745"
  },
  {
   "price": "0.0378",
   "amount": "502.39018088"
  },
  {
   "price": "0.0369",
   "amount": "1000"
  },
  {
   "price": "0.036",
   "amount": "98924.14002568"
  }
 ],
 "asks": [
  {
   "price": "0.044487",
   "amount": "18.50193724"
  },
  {
   "price": "0.04457",
   "amount": "500"
  },
  {
   "price": "0.044603",
   "amount": "342.63336"
  },
  {
   "price": "0.04474",
   "amount": "1000"
  },
  {
   "price": "0.044753",
   "amount": "426.64557597"
  },
  {
   "price": "0.045",
   "amount": "616.24137105"
  },
  {
   "price": "0.045016",
   "amount": "600"
  },
  {
   "price": "0.045026",
   "amount": "175.05945431"
  },
  {
   "price": "0.045187",
   "amount": "1200"
  },
  {
   "price": "0.04527",
   "amount": "121.61"
  },
  {
   "price": "0.045409",
   "amount": "187.813286"
  },
  {
   "price": "0.045639",
   "amount": "1400"
  },
  {
   "price": "0.04592",
   "amount": "201.8"
  },
  {
   "price": "0.045972",
   "amount": "282.27"
  },
  {
   "price": "0.04604",
   "amount": "10.48676"
  },
  {
   "price": "0.046086",
   "amount": "295.52"
  },
  {
   "price": "0.046096",
   "amount": "1600"
  },
  {
   "price": "0.046163",
   "amount": "225.9"
  },
  {
   "price": "0.046276",
   "amount": "44.52781551"
  },
  {
   "price": "0.046375",
   "amount": "305.56"
  },
  {
   "price": "0.046557",
   "amount": "1800"
  },
  {
   "price": "0.0468",
   "amount": "232.7"
  },
  {
   "price": "0.04688",
   "amount": "141.13"
  },
  {
   "price": "0.0469",
   "amount": "217.6"
  },
  {
   "price": "0.047038",
   "amount": "222.08"
  }
 ]
}