{
 "pair": "xlmusd",
 "bids": [
  {
   "price": "0.052609",
   "amount": "150.2"
  },
  {
   "price": "0.052533",
   "amount": "3080"
  },
  {
   "price": "0.052521",
   "amount": "3120"
  },
  {
   "price": "0.052509",
   "amount": "3570"
  },
  {
   "price": "0.052433",
   "amount": "7997"
  },
  {
   "price": "0.052407",
   "amount": "15300"
  },
  {
   "price": "0.052198",
   "amount": "160071"
  },
  {
   "price": "0.052153",
   "amount": "11000"
  },
  {
   "price": "0.052101",
   "amount": "30000"
  },
  {
   "price": "0.052057",
   "amount": "39940"
  },
  {
   "price": "0.052",
   "amount": "10600"
  },
  {
   "price": "0.051763",
   "amount": "29575.71692232"
  },
  {
   "price": "0.051762",
   "amount": "5795.63165432"
  },
  {
   "price": "0.051761",
   "amount": "5795.86947702"
  },
  {
   "price": "0.051759",
   "amount": "100000"
  },
  {
   "price": "0.051729",
   "amount": "100000"
  },
  {
   "price": "0.051443",
   "amount": "71269.36103257"
  },
  {
   "price": "0.051442",
   "amount": "8386.5293341"
  },
  {
   "price": "0.051441",
   "amount": "10968.6801182"
  },
  {
   "price": "0.051386",
   "amount": "39835"
  },
  {
   "price": "0.051294",
   "amount": "2000"
  },
  {
   "price": "0.051212",
   "amount": "1952.67631518"
  },
  {
   "price": "0.051127",
   "amount": "40373"
  },
  {
   "price": "0.051123",
   "amount": "2300"
  },
  {
   "price": "0.0511",
   "amount": "145"
  }
 ],
 "asks": [
  {
   "price": "0.052696",
   "amount": "15300"
  },
  {
   "price": "0.052807",
   "amount": "3680"
  },
  {
   "price": "0.052927",
   "amount": "11000"
  },
  {
   "price": "0.052962",
   "amount": "30000"
  },
  {
   "price": "0.052966",
   "amount": "7996"
  },
  {
   "price": "0.053196",
   "amount": "79388"
  },
  {
   "price": "0.053197",
   "amount": "40303"
  },
  {
   "price": "0.053267",
   "amount": "40377"
  },
  {
   "price": "0.053281",
   "amount": "1914.3885443"
  },
  {
   "price": "0.053716",
   "amount": "39939"
  },
  {
   "price": "0.053913",
   "amount": "39834"
  },
  {
   "price": "0.054277",
   "amount": "30000"
  },
  {
   "price": "0.054347",
   "amount": "1876.84165087"
  },
  {
   "price": "0.05435",
   "amount": "40372"
  },
  {
   "price": "0.054705",
   "amount": "4890.2"
  },
  {
   "price": "0.054835",
   "amount": "4986.91110489"
  },
  {
   "price": "0.054843",
   "amount": "4143.99078358"
  },
  {
   "price": "0.055026",
   "amount": "100000"
  },
  {
   "price": "0.055027",
   "amount": "40410"
  },
  {
   "price": "0.055331",
   "amount": "60000"
  },
  {
   "price": "0.055433",
   "amount": "5507.37440574"
  },
  {
   "price": "0.055434",
   "amount": "1840.02796843"
  },
  {
   "price": "0.055523",
   "amount": "230.472321"
  },
  {
   "price": "0.055633",
   "amount": "39932"
  },
  {
   "price": "0.055925",
   "amount": "105.074822"
  }
 ]
}