{
 "pair": "kncusd",
 "bids": [
  {
   "price": "0.22037",
   "amount": "1361.34682578"
  },
  {
   "price": "0.22036",
   "amount": "1372.352271"
  },
  {
   "price": "0.175",
   "amount": "2"
  },
  {
   "price": "0.172",
   "amount": "30"
  },
  {
   "price": "0.169",
   "amount": "30"
  },
  {
   "price": "0.15",
   "amount": "25000"
  },
  {
   "price": "0.135",
   "amount": "500"
  },
  {
   "price": "0.13368",
   "amount": "1039.6217487"
  },
  {
   "price": "0.12842",
   "amount": "1142.04545455"
  },
  {
   "price": "0.12316",
   "amount": "1244.31818182"
  },
  {
   "price": "0.11789",
   "amount": "1346.59090909"
  },
  {
   "price": "0.11263",
   "amount": "1448.86363636"
  },
  {
   "price": "0.10737",
   "amount": "1551.13636364"
  },
  {
   "price": "0.10211",
   "amount": "1653.40909091"
  },
  {
   "price": "0.096842",
   "amount": "1755.68181818"
  },
  {
   "price": "0.091579",
   "amount": "1857.95454545"
  },
  {
   "price": "0.086316",
   "amount": "1960.22727273"
  },
  {
   "price": "0.081053",
   "amount": "2062.5"
  },
  {
   "price": "0.075789",
   "amount": "2164.77272727"
  },
  {
   "price": "0.070526",
   "amount": "2267.04545455"
  },
  {
   "price": "0.065263",
   "amount": "2369.31818182"
  },
  {
   "price": "0.06",
   "amount": "2471.59090909"
  },
  {
   "price": "0.05712",
   "amount": "10000"
  },
  {
   "price": "0.052",
   "amount": "60"
  },
  {
   "price": "0.025001",
   "amount": "100"
  }
 ],
 "asks": [
  {
   "price": "0.27553",
   "amount": "412.48058171"
  },
  {
   "price": "0.27559",
   "amount": "59.9798"
  },
  {
   "price": "0.276",
   "amount": "40"
  },
  {
   "price": "0.29",
   "amount": "99.9"
  },
  {
   "price": "0.291",
   "amount": "2894.30381775"
  },
  {
   "price": "0.2976",
   "amount": "800"
  },
  {
   "price": "0.3",
   "amount": "41.958"
  },
  {
   "price": "0.3187",
   "amount": "600"
  },
  {
   "price": "0.3399",
   "amount": "78.17504196"
  },
  {
   "price": "0.459",
   "amount": "871.28103697"
  },
  {
   "price": "0.47113",
   "amount": "149.17682"
  },
  {
   "price": "0.5",
   "amount": "244.755"
  },
  {
   "price": "0.5177",
   "amount": "428.37013421"
  },
  {
   "price": "0.5352",
   "amount": "699.3"
  },
  {
   "price": "0.5576",
   "amount": "790"
  },
  {
   "price": "0.565",
   "amount": "301.37719168"
  },
  {
   "price": "0.57986",
   "amount": "100"
  },
  {
   "price": "0.62699",
   "amount": "99.9"
  },
  {
   "price": "0.6676",
   "amount": "400"
  },
  {
   "price": "0.7337",
   "amount": "200"
  },
  {
   "price": "0.7342",
   "amount": "761.78161357"
  },
  {
   "price": "0.94999",
   "amount": "149.35450001"
  },
  {
   "price": "1.1165",
   "amount": "999"
  },
  {
   "price": "1.2028",
   "amount": "19.98"
  },
  {
   "price": "1.276",
   "amount": "200"
  }
 ]
}