{
 "pair": "miteth",
 "bids": [
  {
   "price": "0.00006331",
   "amount": "789.76465013"
  },
  {
   "price": "0.00001511",
   "amount": "30000"
  },
  {
   "price": "0.0000151",
   "amount": "1000"
  },
  {
   "price": "0.00000399",
   "amount": "10000"
  },
  {
   "price": "0.00000258",
   "amount": "30000"
  },
  {
   "price": "0.00000256",
   "amount": "60000"
  },
  {
   "price": "9.7e-7",
   "amount": "10000"
  },
  {
   "price": "3e-8",
   "amount": "6000"
  },
  {
   "price": "2e-8",
   "amount": "10000"
  }
 ],
 "asks": [
  {
   "price": "0.00019",
   "amount": "1312.59648991"
  },
  {
   "price": "0.0002",
   "amount": "534.863"
  },
  {
   "price": "0.000264",
   "amount": "3146.255417"
  },
  {
   "price": "0.00041",
   "amount": "158.1"
  },
  {
   "price": "0.000567",
   "amount": "800"
  },
  {
   "price": "0.0006628",
   "amount": "999"
  },
  {
   "price": "0.000667",
   "amount": "199"
  },
  {
   "price": "0.00067",
   "amount": "672"
  },
  {
   "price": "0.00069647",
   "amount": "287.16201067"
  },
  {
   "price": "0.00078",
   "amount": "700.07144021"
  },
  {
   "price": "0.00099",
   "amount": "999"
  },
  {
   "price": "0.001",
   "amount": "1000"
  },
  {
   "price": "0.00107",
   "amount": "158.1"
  },
  {
   "price": "0.0011",
   "amount": "1000"
  },
  {
   "price": "0.0012",
   "amount": "1000"
  },
  {
   "price": "0.0013",
   "amount": "169.05321108"
  },
  {
   "price": "0.00135",
   "amount": "341"
  },
  {
   "price": "0.001498",
   "amount": "171.8"
  },
  {
   "price": "0.0015277",
   "amount": "879.12"
  },
  {
   "price": "0.00157",
   "amount": "40.89377493"
  },
  {
   "price": "0.00189",
   "amount": "66.20040853"
  },
  {
   "price": "0.002",
   "amount": "113.86577202"
  },
  {
   "price": "0.0020691",
   "amount": "60"
  },
  {
   "price": "0.00207",
   "amount": "999"
  },
  {
   "price": "0.0020704",
   "amount": "500"
  }
 ]
}