{
 "pair": "rrbust",
 "bids": [
  {
   "price": "1.17",
   "amount": "1000"
  },
  {
   "price": "1.169",
   "amount": "216"
  },
  {
   "price": "1.1671",
   "amount": "242.7"
  },
  {
   "price": "1.1641",
   "amount": "122.4"
  },
  {
   "price": "1.1639",
   "amount": "538.3"
  },
  {
   "price": "1.1636",
   "amount": "43.7"
  },
  {
   "price": "1.1606",
   "amount": "308.3"
  },
  {
   "price": "1.16",
   "amount": "2019.9753"
  },
  {
   "price": "1.1583",
   "amount": "291"
  },
  {
   "price": "1.154",
   "amount": "172.7"
  },
  {
   "price": "1.1518",
   "amount": "221.5"
  },
  {
   "price": "1.1515",
   "amount": "12.2"
  },
  {
   "price": "1.15",
   "amount": "100"
  },
  {
   "price": "1.1493",
   "amount": "39"
  },
  {
   "price": "1.1463",
   "amount": "258"
  },
  {
   "price": "1.1447",
   "amount": "270"
  },
  {
   "price": "1.144",
   "amount": "240"
  },
  {
   "price": "1.1436",
   "amount": "203"
  },
  {
   "price": "1.1431",
   "amount": "26"
  },
  {
   "price": "1.1403",
   "amount": "176.8"
  },
  {
   "price": "1.14",
   "amount": "587"
  },
  {
   "price": "1.1376",
   "amount": "33"
  },
  {
   "price": "1.1325",
   "amount": "881.32546202"
  },
  {
   "price": "1.132",
   "amount": "995"
  },
  {
   "price": "1.1314",
   "amount": "923.69717567"
  }
 ],
 "asks": [
  {
   "price": "1.1758",
   "amount": "952.83182124"
  },
  {
   "price": "1.1796",
   "amount": "196"
  },
  {
   "price": "1.1807",
   "amount": "7.7"
  },
  {
   "price": "1.182",
   "amount": "245"
  },
  {
   "price": "1.1831",
   "amount": "346"
  },
  {
   "price": "1.1847",
   "amount": "240"
  },
  {
   "price": "1.1854",
   "amount": "34"
  },
  {
   "price": "1.1878",
   "amount": "369"
  },
  {
   "price": "1.1898",
   "amount": "178"
  },
  {
   "price": "1.19",
   "amount": "1000"
  },
  {
   "price": "1.1925",
   "amount": "77.5"
  },
  {
   "price": "1.195",
   "amount": "211.7"
  },
  {
   "price": "1.1976",
   "amount": "116.5"
  },
  {
   "price": "1.1999",
   "amount": "421"
  },
  {
   "price": "1.2",
   "amount": "1000"
  },
  {
   "price": "1.2002",
   "amount": "230.2"
  },
  {
   "price": "1.2087",
   "amount": "750"
  },
  {
   "price": "1.2091",
   "amount": "54"
  },
  {
   "price": "1.2095",
   "amount": "14"
  },
  {
   "price": "1.21",
   "amount": "7391.46622"
  },
  {
   "price": "1.2126",
   "amount": "151"
  },
  {
   "price": "1.2133",
   "amount": "139"
  },
  {
   "price": "1.2149",
   "amount": "267.1"
  },
  {
   "price": "1.2187",
   "amount": "562.5"
  },
  {
   "price": "1.22",
   "amount": "431.073"
  }
 ]
}