{
 "pair": "looeth",
 "bids": [
  {
   "price": "0.0000872",
   "amount": "400"
  },
  {
   "price": "0.00008711",
   "amount": "573.98691309"
  },
  {
   "price": "0.0000564",
   "amount": "800"
  },
  {
   "price": "0.0000282",
   "amount": "2560.881544"
  },
  {
   "price": "9.1e-7",
   "amount": "500"
  },
  {
   "price": "9e-7",
   "amount": "10000"
  },
  {
   "price": "3e-7",
   "amount": "1903"
  }
 ],
 "asks": [
  {
   "price": "0.0002415",
   "amount": "3815.181"
  },
  {
   "price": "0.0004",
   "amount": "808.23"
  },
  {
   "price": "0.00049",
   "amount": "2047.67644"
  },
  {
   "price": "0.00049055",
   "amount": "800.81407"
  },
  {
   "price": "0.0007332",
   "amount": "1000"
  },
  {
   "price": "0.0010156",
   "amount": "500"
  },
  {
   "price": "0.0010332",
   "amount": "1000"
  },
  {
   "price": "0.0014332",
   "amount": "909.315773"
  },
  {
   "price": "0.0719",
   "amount": "99.8"
  },
  {
   "price": "0.0874",
   "amount": "100"
  },
  {
   "price": "0.36831",
   "amount": "149.65"
  }
 ]
}