{
 "pair": "poaeth",
 "bids": [
  {
   "price": "0.00006009",
   "amount": "11111"
  },
  {
   "price": "0.00006001",
   "amount": "833.19446758"
  },
  {
   "price": "0.00006",
   "amount": "1607.05645625"
  },
  {
   "price": "0.000059",
   "amount": "250"
  },
  {
   "price": "0.00001111",
   "amount": "6091.38699789"
  },
  {
   "price": "0.00000112",
   "amount": "9000"
  },
  {
   "price": "0.00000111",
   "amount": "89004.26862583"
  },
  {
   "price": "9e-8",
   "amount": "10000"
  },
  {
   "price": "4e-8",
   "amount": "25000"
  },
  {
   "price": "3e-8",
   "amount": "31000"
  },
  {
   "price": "1e-8",
   "amount": "65000"
  }
 ],
 "asks": [
  {
   "price": "0.0001898",
   "amount": "1518.196996"
  },
  {
   "price": "0.0001987",
   "amount": "4034.069199"
  },
  {
   "price": "0.00022",
   "amount": "108"
  },
  {
   "price": "0.00027964",
   "amount": "369.63"
  },
  {
   "price": "0.00034287",
   "amount": "4949.99999999"
  },
  {
   "price": "0.0003815",
   "amount": "122.3819889"
  },
  {
   "price": "0.000393",
   "amount": "4388.85591316"
  },
  {
   "price": "0.000421",
   "amount": "501"
  },
  {
   "price": "0.00048251",
   "amount": "372.48264734"
  },
  {
   "price": "0.00049711",
   "amount": "379.62"
  },
  {
   "price": "0.00051898",
   "amount": "15000"
  },
  {
   "price": "0.000538",
   "amount": "366"
  },
  {
   "price": "0.000588",
   "amount": "2623.37400001"
  },
  {
   "price": "0.0007",
   "amount": "449.55"
  },
  {
   "price": "0.000738",
   "amount": "367.77336177"
  },
  {
   "price": "0.00078",
   "amount": "483.76209796"
  },
  {
   "price": "0.0008",
   "amount": "3297.83887393"
  },
  {
   "price": "0.000842",
   "amount": "251"
  },
  {
   "price": "0.00085",
   "amount": "999.36880217"
  },
  {
   "price": "0.000855",
   "amount": "4159.52222428"
  },
  {
   "price": "0.00085782",
   "amount": "30000"
  },
  {
   "price": "0.00086",
   "amount": "271.90723027"
  },
  {
   "price": "0.00087",
   "amount": "258.09276973"
  },
  {
   "price": "0.000879",
   "amount": "2408.41596784"
  },
  {
   "price": "0.00087977",
   "amount": "190.83757898"
  }
 ]
}