{
 "pair": "rrtbtc",
 "bids": [
  {
   "price": "0.00000306",
   "amount": "980.39215686"
  },
  {
   "price": "0.00000305",
   "amount": "17194.5770492"
  },
  {
   "price": "0.00000301",
   "amount": "1.38029422"
  },
  {
   "price": "0.000003",
   "amount": "1000"
  },
  {
   "price": "0.00000294",
   "amount": "1309.86"
  },
  {
   "price": "0.00000279",
   "amount": "759.0681"
  },
  {
   "price": "0.00000257",
   "amount": "309.980545"
  },
  {
   "price": "0.00000221",
   "amount": "1793.05"
  },
  {
   "price": "0.00000206",
   "amount": "1071"
  },
  {
   "price": "0.000002",
   "amount": "500"
  },
  {
   "price": "0.00000147",
   "amount": "2852.58"
  },
  {
   "price": "0.00000101",
   "amount": "5000"
  },
  {
   "price": "0.000001",
   "amount": "51000"
  },
  {
   "price": "8.4e-7",
   "amount": "98"
  },
  {
   "price": "7.4e-7",
   "amount": "7335.21"
  },
  {
   "price": "6.6e-7",
   "amount": "1000"
  },
  {
   "price": "6.5e-7",
   "amount": "295"
  },
  {
   "price": "5.1e-7",
   "amount": "1000"
  },
  {
   "price": "5e-7",
   "amount": "11000"
  },
  {
   "price": "1e-7",
   "amount": "53700"
  },
  {
   "price": "9e-8",
   "amount": "10000"
  },
  {
   "price": "5e-8",
   "amount": "2500"
  },
  {
   "price": "3e-8",
   "amount": "254001"
  },
  {
   "price": "2e-8",
   "amount": "1410000"
  },
  {
   "price": "1e-8",
   "amount": "16098"
  }
 ],
 "asks": [
  {
   "price": "0.00000414",
   "amount": "87595.20417718"
  },
  {
   "price": "0.0000042",
   "amount": "300"
  },
  {
   "price": "0.00000426",
   "amount": "300"
  },
  {
   "price": "0.00000432",
   "amount": "300"
  },
  {
   "price": "0.00000438",
   "amount": "300"
  },
  {
   "price": "0.0000044",
   "amount": "6165.1865977"
  },
  {
   "price": "0.00000444",
   "amount": "300"
  },
  {
   "price": "0.0000045",
   "amount": "300"
  },
  {
   "price": "0.00000456",
   "amount": "300"
  },
  {
   "price": "0.00000458",
   "amount": "888.63636364"
  },
  {
   "price": "0.0000046",
   "amount": "373.5031011"
  },
  {
   "price": "0.00000462",
   "amount": "300"
  },
  {
   "price": "0.00000468",
   "amount": "300"
  },
  {
   "price": "0.00000474",
   "amount": "300"
  },
  {
   "price": "0.00000477",
   "amount": "951.421517"
  },
  {
   "price": "0.0000048",
   "amount": "600"
  },
  {
   "price": "0.00000486",
   "amount": "600"
  },
  {
   "price": "0.00000492",
   "amount": "600"
  },
  {
   "price": "0.00000504",
   "amount": "1600"
  },
  {
   "price": "0.0000053",
   "amount": "1600"
  },
  {
   "price": "0.00000554",
   "amount": "1600"
  },
  {
   "price": "0.0000058",
   "amount": "600"
  },
  {
   "price": "0.00000604",
   "amount": "1600"
  },
  {
   "price": "0.0000063",
   "amount": "600"
  },
  {
   "price": "0.00000654",
   "amount": "3600"
  }
 ]
}