{
 "pair": "eosusd",
 "bids": [
  {
   "price": "2.6192",
   "amount": "17.5842439"
  },
  {
   "price": "2.6191",
   "amount": "100.6658"
  },
  {
   "price": "2.6186",
   "amount": "271.08930735"
  },
  {
   "price": "2.6184",
   "amount": "450"
  },
  {
   "price": "2.6179",
   "amount": "100"
  },
  {
   "price": "2.6178",
   "amount": "300"
  },
  {
   "price": "2.6177",
   "amount": "100"
  },
  {
   "price": "2.6176",
   "amount": "1526.64614016"
  },
  {
   "price": "2.6169",
   "amount": "86.4"
  },
  {
   "price": "2.6167",
   "amount": "50"
  },
  {
   "price": "2.6166",
   "amount": "1090.6"
  },
  {
   "price": "2.6165",
   "amount": "3362.48328651"
  },
  {
   "price": "2.6164",
   "amount": "88.3"
  },
  {
   "price": "2.6162",
   "amount": "300.62451865"
  },
  {
   "price": "2.6159",
   "amount": "1084"
  },
  {
   "price": "2.6154",
   "amount": "2000"
  },
  {
   "price": "2.6144",
   "amount": "2000"
  },
  {
   "price": "2.6141",
   "amount": "601.2490373"
  },
  {
   "price": "2.6135",
   "amount": "350"
  },
  {
   "price": "2.6134",
   "amount": "13132.998"
  },
  {
   "price": "2.613",
   "amount": "170.39757417"
  },
  {
   "price": "2.6128",
   "amount": "1940"
  },
  {
   "price": "2.6127",
   "amount": "204.05414474"
  },
  {
   "price": "2.6126",
   "amount": "1200"
  },
  {
   "price": "2.6116",
   "amount": "6600"
  }
 ],
 "asks": [
  {
   "price": "2.621",
   "amount": "144"
  },
  {
   "price": "2.6211",
   "amount": "16.3745381"
  },
  {
   "price": "2.6212",
   "amount": "139.88790357"
  },
  {
   "price": "2.6213",
   "amount": "763.01221"
  },
  {
   "price": "2.6218",
   "amount": "121.89169058"
  },
  {
   "price": "2.6219",
   "amount": "762.8376"
  },
  {
   "price": "2.6224",
   "amount": "947.5283343"
  },
  {
   "price": "2.6225",
   "amount": "1000"
  },
  {
   "price": "2.6226",
   "amount": "558.194817"
  },
  {
   "price": "2.6227",
   "amount": "1620.9"
  },
  {
   "price": "2.6229",
   "amount": "2048.54675"
  },
  {
   "price": "2.6231",
   "amount": "62.9"
  },
  {
   "price": "2.6234",
   "amount": "884.57582"
  },
  {
   "price": "2.6235",
   "amount": "1453.1"
  },
  {
   "price": "2.6237",
   "amount": "358.0801921"
  },
  {
   "price": "2.6238",
   "amount": "1066"
  },
  {
   "price": "2.6239",
   "amount": "762.57582"
  },
  {
   "price": "2.624",
   "amount": "3659.5566"
  },
  {
   "price": "2.6241",
   "amount": "3000"
  },
  {
   "price": "2.6242",
   "amount": "50"
  },
  {
   "price": "2.6244",
   "amount": "4516.40328"
  },
  {
   "price": "2.6245",
   "amount": "1307.62405138"
  },
  {
   "price": "2.6248",
   "amount": "73"
  },
  {
   "price": "2.625",
   "amount": "761.99474"
  },
  {
   "price": "2.6255",
   "amount": "2288.60958403"
  }
 ]
}