{
 "pair": "rrbusd",
 "bids": [
  {
   "price": "1.1167",
   "amount": "268.64869705"
  },
  {
   "price": "1.1166",
   "amount": "1399.92646851"
  },
  {
   "price": "1.1156",
   "amount": "903.93603616"
  },
  {
   "price": "1.1143",
   "amount": "1117.86386912"
  },
  {
   "price": "1.1007",
   "amount": "904.66929986"
  },
  {
   "price": "1.0999",
   "amount": "1062.28100296"
  },
  {
   "price": "1.0731",
   "amount": "940.45991341"
  },
  {
   "price": "1.066",
   "amount": "1043.01773808"
  },
  {
   "price": "1.061",
   "amount": "955.48646074"
  },
  {
   "price": "1.0566",
   "amount": "978.21044486"
  },
  {
   "price": "1.0538",
   "amount": "1181.88691987"
  },
  {
   "price": "1.049",
   "amount": "920.40654977"
  },
  {
   "price": "1.0283",
   "amount": "1149.74100922"
  },
  {
   "price": "1",
   "amount": "12052.43129755"
  },
  {
   "price": "0.93822",
   "amount": "10.65843506"
  },
  {
   "price": "0.13",
   "amount": "100"
  },
  {
   "price": "0.013",
   "amount": "2000"
  },
  {
   "price": "0.01111",
   "amount": "100"
  },
  {
   "price": "0.00111",
   "amount": "1000"
  },
  {
   "price": "0.00011",
   "amount": "5000"
  },
  {
   "price": "0.0001",
   "amount": "50451"
  },
  {
   "price": "0.00002",
   "amount": "150000"
  },
  {
   "price": "0.00001",
   "amount": "564999"
  },
  {
   "price": "0.000001",
   "amount": "5000"
  },
  {
   "price": "1e-7",
   "amount": "650599.9999887"
  }
 ],
 "asks": [
  {
   "price": "1.4221",
   "amount": "50.416"
  },
  {
   "price": "1.4252",
   "amount": "25.510725"
  },
  {
   "price": "1.5637",
   "amount": "64.68635341"
  },
  {
   "price": "1.5638",
   "amount": "72.41472256"
  },
  {
   "price": "1.5646",
   "amount": "114.45677155"
  },
  {
   "price": "1.5802",
   "amount": "91.2629673"
  },
  {
   "price": "1.5809",
   "amount": "99.16321152"
  },
  {
   "price": "1.5923",
   "amount": "188.34848285"
  },
  {
   "price": "1.6034",
   "amount": "106.35454443"
  },
  {
   "price": "1.6053",
   "amount": "89.68560031"
  },
  {
   "price": "1.6058",
   "amount": "95.48521427"
  },
  {
   "price": "1.6092",
   "amount": "108.98270262"
  },
  {
   "price": "1.6174",
   "amount": "93.1890704"
  },
  {
   "price": "1.6216",
   "amount": "82.90565302"
  },
  {
   "price": "1.6251",
   "amount": "111.58645632"
  },
  {
   "price": "1.6399",
   "amount": "112.49310045"
  },
  {
   "price": "1.6434",
   "amount": "116.29775511"
  },
  {
   "price": "1.6458",
   "amount": "110.20768376"
  },
  {
   "price": "1.6513",
   "amount": "104.05877956"
  },
  {
   "price": "1.6608",
   "amount": "101.56682749"
  },
  {
   "price": "1.6621",
   "amount": "87.15949759"
  },
  {
   "price": "1.6623",
   "amount": "84.66612829"
  },
  {
   "price": "1.6633",
   "amount": "103.31502006"
  },
  {
   "price": "1.672",
   "amount": "96.95112355"
  },
  {
   "price": "1.6726",
   "amount": "92.00364609"
  }
 ]
}