{
 "pair": "trxusd",
 "bids": [
  {
   "price": "0.01386",
   "amount": "12174.21888"
  },
  {
   "price": "0.013853",
   "amount": "51600.00447274"
  },
  {
   "price": "0.013826",
   "amount": "47720"
  },
  {
   "price": "0.013821",
   "amount": "146735"
  },
  {
   "price": "0.013797",
   "amount": "52493.43832021"
  },
  {
   "price": "0.013793",
   "amount": "50000"
  },
  {
   "price": "0.013781",
   "amount": "99000"
  },
  {
   "price": "0.013779",
   "amount": "468779"
  },
  {
   "price": "0.013759",
   "amount": "64323.29328307"
  },
  {
   "price": "0.01374",
   "amount": "1107.705334"
  },
  {
   "price": "0.013724",
   "amount": "96520.8628774"
  },
  {
   "price": "0.013702",
   "amount": "21894.61392496"
  },
  {
   "price": "0.013701",
   "amount": "111738.40121524"
  },
  {
   "price": "0.0137",
   "amount": "12028.98551"
  },
  {
   "price": "0.013693",
   "amount": "475983"
  },
  {
   "price": "0.013673",
   "amount": "5000"
  },
  {
   "price": "0.013672",
   "amount": "21938.22394713"
  },
  {
   "price": "0.013617",
   "amount": "41435.02546597"
  },
  {
   "price": "0.013616",
   "amount": "300932.48266289"
  },
  {
   "price": "0.0136",
   "amount": "10000"
  },
  {
   "price": "0.01352",
   "amount": "1009.45121951"
  },
  {
   "price": "0.013508",
   "amount": "476848"
  },
  {
   "price": "0.013382",
   "amount": "497407.2646331"
  },
  {
   "price": "0.013381",
   "amount": "1000000"
  },
  {
   "price": "0.013373",
   "amount": "235839"
  }
 ],
 "asks": [
  {
   "price": "0.013889",
   "amount": "40380.30927"
  },
  {
   "price": "0.01389",
   "amount": "36274.40064583"
  },
  {
   "price": "0.013891",
   "amount": "72904.34268"
  },
  {
   "price": "0.013899",
   "amount": "132154.41762132"
  },
  {
   "price": "0.0139",
   "amount": "14754.034332"
  },
  {
   "price": "0.013911",
   "amount": "47719"
  },
  {
   "price": "0.013912",
   "amount": "23728.145668"
  },
  {
   "price": "0.013938",
   "amount": "46734"
  },
  {
   "price": "0.013939",
   "amount": "50000"
  },
  {
   "price": "0.014095",
   "amount": "11625.42857143"
  },
  {
   "price": "0.014097",
   "amount": "11625.42857143"
  },
  {
   "price": "0.014098",
   "amount": "23250.85714286"
  },
  {
   "price": "0.014099",
   "amount": "468778"
  },
  {
   "price": "0.0141",
   "amount": "10000"
  },
  {
   "price": "0.014181",
   "amount": "25000"
  },
  {
   "price": "0.0142",
   "amount": "10000"
  },
  {
   "price": "0.01423",
   "amount": "9994"
  },
  {
   "price": "0.0143",
   "amount": "16270"
  },
  {
   "price": "0.014323",
   "amount": "239030.6414636"
  },
  {
   "price": "0.014324",
   "amount": "345015.3501045"
  },
  {
   "price": "0.014331",
   "amount": "444836.7072003"
  },
  {
   "price": "0.014333",
   "amount": "15504.48"
  },
  {
   "price": "0.014343",
   "amount": "16168.598"
  },
  {
   "price": "0.0144",
   "amount": "15000"
  },
  {
   "price": "0.01441",
   "amount": "1162.451162"
  }
 ]
}