{
 "pair": "sngeth",
 "bids": [
  {
   "price": "0.00004968",
   "amount": "1006.44122383"
  },
  {
   "price": "0.00004636",
   "amount": "506"
  },
  {
   "price": "0.00004634",
   "amount": "3884.33318947"
  },
  {
   "price": "0.00004631",
   "amount": "22222"
  },
  {
   "price": "0.00004",
   "amount": "1860.265509"
  },
  {
   "price": "0.00003",
   "amount": "6428.225825"
  },
  {
   "price": "0.00002422",
   "amount": "1200"
  },
  {
   "price": "0.00002",
   "amount": "380"
  },
  {
   "price": "0.0000065",
   "amount": "3000"
  },
  {
   "price": "0.00000626",
   "amount": "1598.4"
  },
  {
   "price": "0.0000025",
   "amount": "8000"
  },
  {
   "price": "0.00000226",
   "amount": "80000"
  },
  {
   "price": "0.0000012",
   "amount": "15000"
  },
  {
   "price": "0.00000117",
   "amount": "5000"
  },
  {
   "price": "0.00000106",
   "amount": "900"
  },
  {
   "price": "2.5e-7",
   "amount": "80000"
  },
  {
   "price": "2.3e-7",
   "amount": "1000"
  },
  {
   "price": "2e-7",
   "amount": "100000"
  },
  {
   "price": "1.7e-7",
   "amount": "100000"
  },
  {
   "price": "1e-7",
   "amount": "200000"
  },
  {
   "price": "5e-8",
   "amount": "400000"
  },
  {
   "price": "4e-8",
   "amount": "600000"
  },
  {
   "price": "3e-8",
   "amount": "406000"
  },
  {
   "price": "2e-8",
   "amount": "1010000"
  },
  {
   "price": "1e-8",
   "amount": "220000"
  }
 ],
 "asks": [
  {
   "price": "0.00014995",
   "amount": "8755.325457"
  },
  {
   "price": "0.00015",
   "amount": "32281.53647231"
  },
  {
   "price": "0.00016",
   "amount": "428.57"
  },
  {
   "price": "0.000296",
   "amount": "9990"
  },
  {
   "price": "0.000297",
   "amount": "1007.98"
  },
  {
   "price": "0.0003",
   "amount": "20156.8264349"
  },
  {
   "price": "0.00032",
   "amount": "428.57"
  },
  {
   "price": "0.00057",
   "amount": "441.55"
  },
  {
   "price": "0.00085665",
   "amount": "1495.86139062"
  },
  {
   "price": "0.00088",
   "amount": "3996"
  },
  {
   "price": "0.00098843",
   "amount": "599.4"
  },
  {
   "price": "0.000989",
   "amount": "500"
  },
  {
   "price": "0.001",
   "amount": "10000"
  },
  {
   "price": "0.00115",
   "amount": "999"
  },
  {
   "price": "0.0015",
   "amount": "500"
  },
  {
   "price": "0.0016259",
   "amount": "328"
  },
  {
   "price": "0.00177",
   "amount": "100"
  },
  {
   "price": "0.002",
   "amount": "500"
  },
  {
   "price": "0.015",
   "amount": "500"
  },
  {
   "price": "0.0177",
   "amount": "99.8"
  },
  {
   "price": "0.02",
   "amount": "500"
  },
  {
   "price": "0.0985",
   "amount": "320"
  },
  {
   "price": "0.1",
   "amount": "42"
  },
  {
   "price": "0.834",
   "amount": "999"
  },
  {
   "price": "1",
   "amount": "600"
  }
 ]
}