{
 "pair": "xtzusd",
 "bids": [
  {
   "price": "1.7257",
   "amount": "212.50113919"
  },
  {
   "price": "1.7225",
   "amount": "257.53128758"
  },
  {
   "price": "1.7219",
   "amount": "63.21005631"
  },
  {
   "price": "1.7218",
   "amount": "1383.03604391"
  },
  {
   "price": "1.7217",
   "amount": "2300"
  },
  {
   "price": "1.7202",
   "amount": "2212"
  },
  {
   "price": "1.719",
   "amount": "182.3"
  },
  {
   "price": "1.7185",
   "amount": "214.2"
  },
  {
   "price": "1.7146",
   "amount": "4000"
  },
  {
   "price": "1.7094",
   "amount": "21994.27340692"
  },
  {
   "price": "1.7042",
   "amount": "176.03567656"
  },
  {
   "price": "1.7041",
   "amount": "22228"
  },
  {
   "price": "1.7035",
   "amount": "3994.06481968"
  },
  {
   "price": "1.6922",
   "amount": "904.69674687"
  },
  {
   "price": "1.6921",
   "amount": "70"
  },
  {
   "price": "1.6876",
   "amount": "22268"
  },
  {
   "price": "1.687",
   "amount": "1700"
  },
  {
   "price": "1.68",
   "amount": "25"
  },
  {
   "price": "1.6769",
   "amount": "11014"
  },
  {
   "price": "1.6733",
   "amount": "286.33959537"
  },
  {
   "price": "1.6723",
   "amount": "286.42337314"
  },
  {
   "price": "1.67",
   "amount": "110"
  },
  {
   "price": "1.667",
   "amount": "100"
  },
  {
   "price": "1.6659",
   "amount": "100"
  },
  {
   "price": "1.6648",
   "amount": "100"
  }
 ],
 "asks": [
  {
   "price": "1.73",
   "amount": "394.781095"
  },
  {
   "price": "1.7308",
   "amount": "185.3"
  },
  {
   "price": "1.7322",
   "amount": "501.52655756"
  },
  {
   "price": "1.7332",
   "amount": "257.4251882"
  },
  {
   "price": "1.7343",
   "amount": "2300"
  },
  {
   "price": "1.7344",
   "amount": "514.91524279"
  },
  {
   "price": "1.7383",
   "amount": "150"
  },
  {
   "price": "1.7399",
   "amount": "2211"
  },
  {
   "price": "1.74",
   "amount": "1322.37783313"
  },
  {
   "price": "1.7415",
   "amount": "70"
  },
  {
   "price": "1.7433",
   "amount": "4000"
  },
  {
   "price": "1.749",
   "amount": "21891"
  },
  {
   "price": "1.7491",
   "amount": "30"
  },
  {
   "price": "1.75",
   "amount": "10"
  },
  {
   "price": "1.7511",
   "amount": "100"
  },
  {
   "price": "1.7548",
   "amount": "25"
  },
  {
   "price": "1.7555",
   "amount": "22227"
  },
  {
   "price": "1.7565",
   "amount": "4"
  },
  {
   "price": "1.7579",
   "amount": "35100"
  },
  {
   "price": "1.758",
   "amount": "1500"
  },
  {
   "price": "1.7594",
   "amount": "30"
  },
  {
   "price": "1.76",
   "amount": "25"
  },
  {
   "price": "1.7615",
   "amount": "4"
  },
  {
   "price": "1.7636",
   "amount": "20"
  },
  {
   "price": "1.7637",
   "amount": "85"
  }
 ]
}