{
 "pair": "mitbtc",
 "bids": [
  {
   "price": "0.00000122",
   "amount": "3875.96899225"
  },
  {
   "price": "0.00000116",
   "amount": "5074"
  },
  {
   "price": "8.6e-7",
   "amount": "3767.8372093"
  },
  {
   "price": "8.5e-7",
   "amount": "10.01176471"
  },
  {
   "price": "6.2e-7",
   "amount": "8000"
  },
  {
   "price": "6.1e-7",
   "amount": "20000"
  },
  {
   "price": "5.1e-7",
   "amount": "20000"
  },
  {
   "price": "4.2e-7",
   "amount": "12000"
  },
  {
   "price": "4.1e-7",
   "amount": "20000"
  },
  {
   "price": "3.2e-7",
   "amount": "16500"
  },
  {
   "price": "3.1e-7",
   "amount": "20000"
  },
  {
   "price": "2.2e-7",
   "amount": "22000"
  },
  {
   "price": "2.1e-7",
   "amount": "20000"
  },
  {
   "price": "2e-7",
   "amount": "60000"
  },
  {
   "price": "1.4e-7",
   "amount": "30000"
  },
  {
   "price": "1.3e-7",
   "amount": "60030"
  },
  {
   "price": "1.1e-7",
   "amount": "20000"
  },
  {
   "price": "1e-7",
   "amount": "190913.2"
  },
  {
   "price": "9e-8",
   "amount": "30000"
  },
  {
   "price": "8e-8",
   "amount": "20000"
  },
  {
   "price": "7e-8",
   "amount": "20000"
  },
  {
   "price": "6e-8",
   "amount": "80000"
  },
  {
   "price": "5e-8",
   "amount": "20000"
  },
  {
   "price": "4e-8",
   "amount": "20000"
  },
  {
   "price": "3e-8",
   "amount": "50000"
  }
 ],
 "asks": [
  {
   "price": "0.00000135",
   "amount": "3875.96899225"
  },
  {
   "price": "0.00000137",
   "amount": "2655.90371009"
  },
  {
   "price": "0.00000169",
   "amount": "179669.288"
  },
  {
   "price": "0.00000423",
   "amount": "6047.4987853"
  },
  {
   "price": "0.00000484",
   "amount": "5803.27989399"
  },
  {
   "price": "0.00000554",
   "amount": "4686.65824205"
  },
  {
   "price": "0.00000591",
   "amount": "4366.76598707"
  },
  {
   "price": "0.00000664",
   "amount": "5785.67685589"
  },
  {
   "price": "0.00000825",
   "amount": "5140.89891496"
  },
  {
   "price": "0.00001226",
   "amount": "606.48094"
  },
  {
   "price": "0.00001392",
   "amount": "7500"
  },
  {
   "price": "0.000014",
   "amount": "109.89"
  },
  {
   "price": "0.00002784",
   "amount": "3750"
  },
  {
   "price": "0.000035",
   "amount": "250"
  },
  {
   "price": "0.0000374",
   "amount": "4994.65047408"
  },
  {
   "price": "0.00004",
   "amount": "2732.1594"
  },
  {
   "price": "0.000042",
   "amount": "7640.88223308"
  },
  {
   "price": "0.000044",
   "amount": "999"
  },
  {
   "price": "0.000046",
   "amount": "250"
  },
  {
   "price": "0.000047",
   "amount": "2993.8778438"
  },
  {
   "price": "0.00005568",
   "amount": "1950"
  },
  {
   "price": "0.00005977",
   "amount": "625.6462"
  },
  {
   "price": "0.000062",
   "amount": "3000"
  },
  {
   "price": "0.00006975",
   "amount": "449.5"
  },
  {
   "price": "0.000072",
   "amount": "406.64409172"
  }
 ]
}