{
 "pair": "ncabtc",
 "bids": [
  {
   "price": "1.1e-7",
   "amount": "283487.34045544"
  },
  {
   "price": "8e-8",
   "amount": "154996.5"
  },
  {
   "price": "7e-8",
   "amount": "250000"
  },
  {
   "price": "6e-8",
   "amount": "400000"
  },
  {
   "price": "5e-8",
   "amount": "100000"
  },
  {
   "price": "4e-8",
   "amount": "200000"
  },
  {
   "price": "3e-8",
   "amount": "210000"
  },
  {
   "price": "2e-8",
   "amount": "400000"
  },
  {
   "price": "1e-8",
   "amount": "300000"
  }
 ],
 "asks": [
  {
   "price": "1.4e-7",
   "amount": "211049.13840359"
  },
  {
   "price": "1.5e-7",
   "amount": "38745.48007204"
  },
  {
   "price": "1.9e-7",
   "amount": "11099.889"
  },
  {
   "price": "3.3e-7",
   "amount": "7097.31085917"
  },
  {
   "price": "3.4e-7",
   "amount": "31323.68300186"
  },
  {
   "price": "3.5e-7",
   "amount": "2657.9394"
  },
  {
   "price": "3.6e-7",
   "amount": "19271.4765238"
  },
  {
   "price": "3.8e-7",
   "amount": "20479.00054048"
  },
  {
   "price": "3.9e-7",
   "amount": "113425.81287333"
  },
  {
   "price": "4.1e-7",
   "amount": "83674.1809567"
  },
  {
   "price": "4.2e-7",
   "amount": "286884.47619048"
  },
  {
   "price": "5e-7",
   "amount": "89138.57023271"
  },
  {
   "price": "5.5e-7",
   "amount": "6686.26908"
  },
  {
   "price": "6.4e-7",
   "amount": "71267.63197814"
  },
  {
   "price": "8.4e-7",
   "amount": "107899.50868384"
  },
  {
   "price": "0.00000122",
   "amount": "68164.24127524"
  },
  {
   "price": "0.00000141",
   "amount": "14515.47"
  },
  {
   "price": "0.00000168",
   "amount": "25000"
  },
  {
   "price": "0.00000336",
   "amount": "12500"
  },
  {
   "price": "0.00000672",
   "amount": "12500"
  },
  {
   "price": "0.0000162",
   "amount": "1015.21977714"
  },
  {
   "price": "0.000049",
   "amount": "3000"
  },
  {
   "price": "0.00005",
   "amount": "120978.9"
  },
  {
   "price": "0.00022373",
   "amount": "3000"
  },
  {
   "price": "0.00028354",
   "amount": "3000"
  }
 ]
}