{
 "pair": "utkbtc",
 "bids": [
  {
   "price": "0.00000208",
   "amount": "4085.81798988"
  },
  {
   "price": "0.00000207",
   "amount": "701.3813"
  },
  {
   "price": "0.00000206",
   "amount": "882.05286"
  },
  {
   "price": "0.00000205",
   "amount": "2834.50878"
  },
  {
   "price": "0.00000204",
   "amount": "1393.7822"
  },
  {
   "price": "0.00000203",
   "amount": "1347.78873"
  },
  {
   "price": "0.00000202",
   "amount": "1334.60413"
  },
  {
   "price": "0.00000201",
   "amount": "2730.73656"
  },
  {
   "price": "0.000002",
   "amount": "822.82947"
  },
  {
   "price": "0.00000199",
   "amount": "1187.51631"
  },
  {
   "price": "0.00000198",
   "amount": "1586.35859"
  },
  {
   "price": "0.00000197",
   "amount": "2259.53336"
  },
  {
   "price": "0.00000196",
   "amount": "4265.25302"
  },
  {
   "price": "0.00000195",
   "amount": "1636.58309"
  },
  {
   "price": "0.00000194",
   "amount": "1399.47505"
  },
  {
   "price": "0.00000193",
   "amount": "3120.91937"
  },
  {
   "price": "0.00000192",
   "amount": "18938.50395035"
  },
  {
   "price": "0.00000191",
   "amount": "1697.02712"
  },
  {
   "price": "0.0000019",
   "amount": "3482.90162"
  },
  {
   "price": "0.00000189",
   "amount": "806.75318"
  },
  {
   "price": "0.00000188",
   "amount": "8374.72907503"
  },
  {
   "price": "0.00000187",
   "amount": "5574.11848"
  },
  {
   "price": "0.00000186",
   "amount": "701.3813"
  },
  {
   "price": "0.00000185",
   "amount": "701.3813"
  },
  {
   "price": "0.00000184",
   "amount": "1599.23887"
  }
 ],
 "asks": [
  {
   "price": "0.00000212",
   "amount": "5569.61693999"
  },
  {
   "price": "0.00000213",
   "amount": "701.3813"
  },
  {
   "price": "0.00000214",
   "amount": "1734.83473"
  },
  {
   "price": "0.00000215",
   "amount": "720.42876"
  },
  {
   "price": "0.00000216",
   "amount": "2121.27494"
  },
  {
   "price": "0.00000217",
   "amount": "2308.24804"
  },
  {
   "price": "0.00000218",
   "amount": "1194.10414"
  },
  {
   "price": "0.00000219",
   "amount": "11859.7394418"
  },
  {
   "price": "0.0000022",
   "amount": "1724.25378"
  },
  {
   "price": "0.00000221",
   "amount": "1027.14083"
  },
  {
   "price": "0.00000222",
   "amount": "2771.5139"
  },
  {
   "price": "0.00000223",
   "amount": "1049.14141"
  },
  {
   "price": "0.00000224",
   "amount": "11255.552824"
  },
  {
   "price": "0.00000225",
   "amount": "752.24217"
  },
  {
   "price": "0.00000226",
   "amount": "3535.13706"
  },
  {
   "price": "0.00000227",
   "amount": "1415.26084"
  },
  {
   "price": "0.00000228",
   "amount": "995.04213"
  },
  {
   "price": "0.0000023",
   "amount": "1835.98524"
  },
  {
   "price": "0.00000231",
   "amount": "1167.92231"
  },
  {
   "price": "0.00000232",
   "amount": "3380.02696"
  },
  {
   "price": "0.00000233",
   "amount": "1134.69413"
  },
  {
   "price": "0.00000234",
   "amount": "1445.63176"
  },
  {
   "price": "0.00000235",
   "amount": "1094.27776"
  },
  {
   "price": "0.00000236",
   "amount": "701.3813"
  },
  {
   "price": "0.00000237",
   "amount": "701.3813"
  }
 ]
}