{
 "pair": "btcgbp",
 "bids": [
  {
   "price": "5528.4",
   "amount": "1.42655139"
  },
  {
   "price": "5528.3",
   "amount": "0.01"
  },
  {
   "price": "5528.2",
   "amount": "0.2"
  },
  {
   "price": "5526.7",
   "amount": "2.08661229"
  },
  {
   "price": "5525.9",
   "amount": "0.5857645"
  },
  {
   "price": "5525.6",
   "amount": "0.50314815"
  },
  {
   "price": "5525.3",
   "amount": "1.64873198"
  },
  {
   "price": "5524.6",
   "amount": "0.02747846"
  },
  {
   "price": "5523.3",
   "amount": "0.54786799"
  },
  {
   "price": "5522.7",
   "amount": "0.37287773"
  },
  {
   "price": "5522.6",
   "amount": "0.15"
  },
  {
   "price": "5522.5",
   "amount": "0.13333333"
  },
  {
   "price": "5522.3",
   "amount": "0.002"
  },
  {
   "price": "5522.1",
   "amount": "0.02"
  },
  {
   "price": "5521.8",
   "amount": "0.18231074"
  },
  {
   "price": "5521.7",
   "amount": "0.85"
  },
  {
   "price": "5521.6",
   "amount": "0.51034754"
  },
  {
   "price": "5521.5",
   "amount": "0.18340063"
  },
  {
   "price": "5521.4",
   "amount": "0.63"
  },
  {
   "price": "5521.3",
   "amount": "0.0026"
  },
  {
   "price": "5520.7",
   "amount": "12"
  },
  {
   "price": "5520.5",
   "amount": "0.08791606"
  },
  {
   "price": "5519.8",
   "amount": "0.41282"
  },
  {
   "price": "5519.5",
   "amount": "0.3972618"
  },
  {
   "price": "5518.8",
   "amount": "2.93617525"
  }
 ],
 "asks": [
  {
   "price": "5528.6",
   "amount": "5.68342445"
  },
  {
   "price": "5528.8",
   "amount": "1.64873199"
  },
  {
   "price": "5528.9",
   "amount": "3.1978"
  },
  {
   "price": "5529.1",
   "amount": "0.19270349"
  },
  {
   "price": "5529.3",
   "amount": "0.7101"
  },
  {
   "price": "5529.4",
   "amount": "2.4433"
  },
  {
   "price": "5529.8",
   "amount": "1.01209"
  },
  {
   "price": "5530",
   "amount": "0.2"
  },
  {
   "price": "5530.1",
   "amount": "0.146"
  },
  {
   "price": "5530.3",
   "amount": "2.1832"
  },
  {
   "price": "5530.6",
   "amount": "1"
  },
  {
   "price": "5530.7",
   "amount": "2.40460509"
  },
  {
   "price": "5531",
   "amount": "4.8496"
  },
  {
   "price": "5531.1",
   "amount": "0.0735"
  },
  {
   "price": "5531.3",
   "amount": "1.14108108"
  },
  {
   "price": "5531.4",
   "amount": "0.41197"
  },
  {
   "price": "5531.5",
   "amount": "0.1591"
  },
  {
   "price": "5531.8",
   "amount": "0.8"
  },
  {
   "price": "5532.3",
   "amount": "0.0647"
  },
  {
   "price": "5532.5",
   "amount": "0.39725889"
  },
  {
   "price": "5532.7",
   "amount": "3"
  },
  {
   "price": "5532.8",
   "amount": "4.8563"
  },
  {
   "price": "5532.9",
   "amount": "0.02747348"
  },
  {
   "price": "5533",
   "amount": "0.675"
  },
  {
   "price": "5533.1",
   "amount": "0.41385"
  }
 ]
}