{
 "pair": "qtmusd",
 "bids": [
  {
   "price": "1.776",
   "amount": "406.65983693"
  },
  {
   "price": "1.7759",
   "amount": "34.14334195"
  },
  {
   "price": "1.765",
   "amount": "9.00886844"
  },
  {
   "price": "1.7609",
   "amount": "4.05773823"
  },
  {
   "price": "1.7568",
   "amount": "4.68283629"
  },
  {
   "price": "1.7367",
   "amount": "3.50174466"
  },
  {
   "price": "1.7333",
   "amount": "5.50712378"
  },
  {
   "price": "1.7326",
   "amount": "5.96960014"
  },
  {
   "price": "1.722",
   "amount": "20"
  },
  {
   "price": "1.7194",
   "amount": "2.77097438"
  },
  {
   "price": "1.7182",
   "amount": "7.07481623"
  },
  {
   "price": "1.6737",
   "amount": "2"
  },
  {
   "price": "1.5",
   "amount": "80"
  },
  {
   "price": "1.4824",
   "amount": "11.60877533"
  },
  {
   "price": "1.45",
   "amount": "30"
  },
  {
   "price": "1.445",
   "amount": "420"
  },
  {
   "price": "1.431",
   "amount": "209.64360587"
  },
  {
   "price": "1.4309",
   "amount": "6.98842425"
  },
  {
   "price": "1.425",
   "amount": "50"
  },
  {
   "price": "1.406",
   "amount": "80"
  },
  {
   "price": "1.4",
   "amount": "257.2"
  },
  {
   "price": "1.353",
   "amount": "229.5745"
  },
  {
   "price": "1.35",
   "amount": "30"
  },
  {
   "price": "1.3443",
   "amount": "18.75"
  },
  {
   "price": "1.341",
   "amount": "20"
  }
 ],
 "asks": [
  {
   "price": "1.8153",
   "amount": "282.17528664"
  },
  {
   "price": "1.8154",
   "amount": "248.79368095"
  },
  {
   "price": "1.8177",
   "amount": "4.87860839"
  },
  {
   "price": "1.834",
   "amount": "6.1895778"
  },
  {
   "price": "1.8468",
   "amount": "5.62050359"
  },
  {
   "price": "1.8621",
   "amount": "5.57196188"
  },
  {
   "price": "1.8802",
   "amount": "3.06903378"
  },
  {
   "price": "1.9101",
   "amount": "150"
  },
  {
   "price": "1.9108",
   "amount": "5.779584"
  },
  {
   "price": "1.929",
   "amount": "19.97"
  },
  {
   "price": "1.93",
   "amount": "40"
  },
  {
   "price": "1.9699",
   "amount": "290.77068218"
  },
  {
   "price": "1.97",
   "amount": "249"
  },
  {
   "price": "2",
   "amount": "50"
  },
  {
   "price": "2.1194",
   "amount": "123.75"
  },
  {
   "price": "2.1195",
   "amount": "9.99"
  },
  {
   "price": "2.173",
   "amount": "50"
  },
  {
   "price": "2.1738",
   "amount": "2.54"
  },
  {
   "price": "2.3",
   "amount": "21.844696"
  },
  {
   "price": "2.3388",
   "amount": "9.98"
  },
  {
   "price": "2.3396",
   "amount": "12.14310099"
  },
  {
   "price": "2.351",
   "amount": "6.993"
  },
  {
   "price": "2.394",
   "amount": "25"
  },
  {
   "price": "2.4103",
   "amount": "21.94061319"
  },
  {
   "price": "2.435",
   "amount": "20.003111"
  }
 ]
}