{
 "pair": "cbtusd",
 "bids": [
  {
   "price": "0.021185",
   "amount": "800"
  },
  {
   "price": "0.021184",
   "amount": "300"
  },
  {
   "price": "0.021183",
   "amount": "800"
  },
  {
   "price": "0.021181",
   "amount": "300"
  },
  {
   "price": "0.021",
   "amount": "1051"
  },
  {
   "price": "0.02",
   "amount": "1651"
  },
  {
   "price": "0.01985",
   "amount": "1500"
  },
  {
   "price": "0.019656",
   "amount": "1000"
  },
  {
   "price": "0.015185",
   "amount": "2000"
  },
  {
   "price": "0.01189",
   "amount": "4000"
  },
  {
   "price": "0.01089",
   "amount": "4000"
  },
  {
   "price": "0.008751",
   "amount": "1750"
  },
  {
   "price": "0.008651",
   "amount": "750"
  },
  {
   "price": "0.0044",
   "amount": "5000"
  },
  {
   "price": "0.0043",
   "amount": "5000"
  },
  {
   "price": "0.004298",
   "amount": "13214"
  },
  {
   "price": "0.004278",
   "amount": "2214"
  },
  {
   "price": "0.00231",
   "amount": "15000"
  },
  {
   "price": "0.00221",
   "amount": "15000"
  },
  {
   "price": "0.001501",
   "amount": "22000"
  },
  {
   "price": "0.001201",
   "amount": "2000"
  },
  {
   "price": "0.0001141",
   "amount": "90000"
  },
  {
   "price": "0.0001121",
   "amount": "10000"
  },
  {
   "price": "0.0001",
   "amount": "11000"
  },
  {
   "price": "0.00001",
   "amount": "374857"
  }
 ],
 "asks": [
  {
   "price": "0.04",
   "amount": "1047.975806"
  },
  {
   "price": "0.047999",
   "amount": "415.12478849"
  },
  {
   "price": "0.048",
   "amount": "180"
  },
  {
   "price": "0.06",
   "amount": "1000"
  },
  {
   "price": "0.07",
   "amount": "1000"
  },
  {
   "price": "0.074995",
   "amount": "3000"
  },
  {
   "price": "0.08",
   "amount": "1000"
  },
  {
   "price": "0.08248",
   "amount": "62"
  },
  {
   "price": "0.082488",
   "amount": "1000"
  },
  {
   "price": "0.082489",
   "amount": "1500"
  },
  {
   "price": "0.092",
   "amount": "251.54378"
  },
  {
   "price": "0.09876",
   "amount": "4210.30474045"
  },
  {
   "price": "0.1",
   "amount": "1299.7"
  },
  {
   "price": "0.15",
   "amount": "1336.55"
  },
  {
   "price": "0.19",
   "amount": "250"
  },
  {
   "price": "0.2",
   "amount": "1000"
  },
  {
   "price": "0.23",
   "amount": "5960.22"
  },
  {
   "price": "0.3",
   "amount": "1000"
  },
  {
   "price": "0.4",
   "amount": "1000"
  },
  {
   "price": "0.5",
   "amount": "1000"
  },
  {
   "price": "0.6",
   "amount": "1000"
  },
  {
   "price": "0.7",
   "amount": "1000"
  },
  {
   "price": "0.8",
   "amount": "1000"
  },
  {
   "price": "0.9",
   "amount": "7000"
  },
  {
   "price": "0.99",
   "amount": "1998"
  }
 ]
}