{
 "pair": "wloxlm",
 "bids": [
  {
   "price": "0.07",
   "amount": "2634.60375"
  },
  {
   "price": "0.06952",
   "amount": "3049.482163"
  },
  {
   "price": "0.0151",
   "amount": "300"
  },
  {
   "price": "0.003011",
   "amount": "1100"
  },
  {
   "price": "0.0001201",
   "amount": "595000"
  },
  {
   "price": "0.00011",
   "amount": "600000"
  },
  {
   "price": "0.000011",
   "amount": "600000"
  },
  {
   "price": "1e-7",
   "amount": "10000"
  }
 ],
 "asks": [
  {
   "price": "0.25",
   "amount": "2000"
  },
  {
   "price": "0.3",
   "amount": "6939.030232"
  },
  {
   "price": "0.30533",
   "amount": "797.483058"
  },
  {
   "price": "0.34",
   "amount": "9877"
  },
  {
   "price": "0.35913",
   "amount": "1722.413794"
  },
  {
   "price": "0.3778",
   "amount": "800"
  },
  {
   "price": "0.4246",
   "amount": "998.033404"
  },
  {
   "price": "0.45345",
   "amount": "1000.380695"
  },
  {
   "price": "0.4747",
   "amount": "1379.019682"
  },
  {
   "price": "0.49",
   "amount": "1450.36"
  },
  {
   "price": "0.52352",
   "amount": "333.787375"
  },
  {
   "price": "0.68432",
   "amount": "189.86"
  },
  {
   "price": "0.88",
   "amount": "1408.88827415"
  },
  {
   "price": "0.888",
   "amount": "1383.52355016"
  },
  {
   "price": "1.45",
   "amount": "295"
  },
  {
   "price": "1.5525",
   "amount": "189.87"
  },
  {
   "price": "1.9905",
   "amount": "2494.95000002"
  },
  {
   "price": "3.25",
   "amount": "189.86685038"
  }
 ]
}