{
 "pair": "dshbtc",
 "bids": [
  {
   "price": "0.0069119",
   "amount": "18.91397181"
  },
  {
   "price": "0.0069118",
   "amount": "3"
  },
  {
   "price": "0.0069117",
   "amount": "11.5470414"
  },
  {
   "price": "0.0069101",
   "amount": "8.86210921"
  },
  {
   "price": "0.0069079",
   "amount": "2.75"
  },
  {
   "price": "0.0069065",
   "amount": "2.85"
  },
  {
   "price": "0.0069048",
   "amount": "3.68"
  },
  {
   "price": "0.006901",
   "amount": "0.29750099"
  },
  {
   "price": "0.0068997",
   "amount": "58.45076736"
  },
  {
   "price": "0.0068996",
   "amount": "9"
  },
  {
   "price": "0.0068971",
   "amount": "30"
  },
  {
   "price": "0.0068954",
   "amount": "19.52"
  },
  {
   "price": "0.0068945",
   "amount": "15"
  },
  {
   "price": "0.0068886",
   "amount": "24"
  },
  {
   "price": "0.0068877",
   "amount": "47"
  },
  {
   "price": "0.0068838",
   "amount": "0.72634697"
  },
  {
   "price": "0.006872",
   "amount": "2.99"
  },
  {
   "price": "0.0068715",
   "amount": "196.02"
  },
  {
   "price": "0.0068652",
   "amount": "2.88683603"
  },
  {
   "price": "0.0068578",
   "amount": "199.04"
  },
  {
   "price": "0.006855",
   "amount": "178.369"
  },
  {
   "price": "0.0068509",
   "amount": "4.9392547"
  },
  {
   "price": "0.0068477",
   "amount": "636"
  },
  {
   "price": "0.0068475",
   "amount": "1.72298083"
  },
  {
   "price": "0.006847",
   "amount": "36.03667153"
  }
 ],
 "asks": [
  {
   "price": "0.0069298",
   "amount": "4"
  },
  {
   "price": "0.0069299",
   "amount": "28.89325617"
  },
  {
   "price": "0.0069305",
   "amount": "2.94"
  },
  {
   "price": "0.0069312",
   "amount": "27.19508856"
  },
  {
   "price": "0.0069318",
   "amount": "11.21406138"
  },
  {
   "price": "0.0069319",
   "amount": "3.96"
  },
  {
   "price": "0.0069323",
   "amount": "9.11953081"
  },
  {
   "price": "0.0069441",
   "amount": "30"
  },
  {
   "price": "0.0069442",
   "amount": "28.88750401"
  },
  {
   "price": "0.0069485",
   "amount": "19.51"
  },
  {
   "price": "0.0069504",
   "amount": "9"
  },
  {
   "price": "0.0069523",
   "amount": "15"
  },
  {
   "price": "0.0069565",
   "amount": "53.91554362"
  },
  {
   "price": "0.0069566",
   "amount": "48"
  },
  {
   "price": "0.0069615",
   "amount": "47"
  },
  {
   "price": "0.0069636",
   "amount": "50"
  },
  {
   "price": "0.0069661",
   "amount": "40"
  },
  {
   "price": "0.0069723",
   "amount": "0.1"
  },
  {
   "price": "0.0069845",
   "amount": "196.02"
  },
  {
   "price": "0.0069855",
   "amount": "2.88862891"
  },
  {
   "price": "0.0069995",
   "amount": "636"
  },
  {
   "price": "0.0069996",
   "amount": "40"
  },
  {
   "price": "0.007",
   "amount": "2.8"
  },
  {
   "price": "0.0070031",
   "amount": "6.07981597"
  },
  {
   "price": "0.0070032",
   "amount": "178.369"
  }
 ]
}