{
 "pair": "aideth",
 "bids": [
  {
   "price": "0.00005501",
   "amount": "908.92564988"
  },
  {
   "price": "0.000055",
   "amount": "947.30359663"
  },
  {
   "price": "0.00004168",
   "amount": "4318.61804223"
  },
  {
   "price": "0.000041",
   "amount": "10000"
  },
  {
   "price": "0.00004",
   "amount": "4821.16936874"
  },
  {
   "price": "0.00003411",
   "amount": "31099.00107075"
  },
  {
   "price": "0.00003",
   "amount": "10000"
  },
  {
   "price": "0.0000203",
   "amount": "14000"
  },
  {
   "price": "0.000015",
   "amount": "666.67"
  },
  {
   "price": "0.0000025",
   "amount": "8000"
  },
  {
   "price": "0.00000122",
   "amount": "16000"
  },
  {
   "price": "0.00000121",
   "amount": "150"
  },
  {
   "price": "5.2e-7",
   "amount": "40000"
  },
  {
   "price": "5.1e-7",
   "amount": "10000"
  },
  {
   "price": "4.2e-7",
   "amount": "50000"
  },
  {
   "price": "4e-7",
   "amount": "5000"
  },
  {
   "price": "3.9e-7",
   "amount": "200000"
  },
  {
   "price": "2e-7",
   "amount": "100000"
  },
  {
   "price": "1.4e-7",
   "amount": "100000"
  },
  {
   "price": "1.2e-7",
   "amount": "10000"
  },
  {
   "price": "1e-7",
   "amount": "200000"
  },
  {
   "price": "5e-8",
   "amount": "200000"
  },
  {
   "price": "3e-8",
   "amount": "203500"
  },
  {
   "price": "2e-8",
   "amount": "305000"
  }
 ],
 "asks": [
  {
   "price": "0.00007",
   "amount": "570"
  },
  {
   "price": "0.0000799",
   "amount": "2496.69931012"
  },
  {
   "price": "0.0001",
   "amount": "550"
  },
  {
   "price": "0.00011",
   "amount": "9540"
  },
  {
   "price": "0.0001199",
   "amount": "4995"
  },
  {
   "price": "0.00012",
   "amount": "3000"
  },
  {
   "price": "0.0001339",
   "amount": "1998"
  },
  {
   "price": "0.00014",
   "amount": "26855.751959"
  },
  {
   "price": "0.0001684",
   "amount": "2997"
  },
  {
   "price": "0.000185",
   "amount": "7500"
  },
  {
   "price": "0.00023785",
   "amount": "5000"
  },
  {
   "price": "0.00026341",
   "amount": "1969.99999999"
  },
  {
   "price": "0.00028764",
   "amount": "6676.62"
  },
  {
   "price": "0.00035138",
   "amount": "5000"
  },
  {
   "price": "0.0003998",
   "amount": "10000"
  },
  {
   "price": "0.0003999",
   "amount": "1098.9"
  },
  {
   "price": "0.0004",
   "amount": "4138.9"
  },
  {
   "price": "0.0004577",
   "amount": "9000"
  },
  {
   "price": "0.000499",
   "amount": "899.1"
  },
  {
   "price": "0.000508",
   "amount": "5112.99"
  },
  {
   "price": "0.00054228",
   "amount": "211.1771704"
  },
  {
   "price": "0.00055857",
   "amount": "14000"
  },
  {
   "price": "0.0006",
   "amount": "62.11290213"
  },
  {
   "price": "0.00061375",
   "amount": "599.4"
  },
  {
   "price": "0.00061675",
   "amount": "1000"
  }
 ]
}