{
 "pair": "cnnusd",
 "bids": [
  {
   "price": "0.0000404",
   "amount": "301207.69"
  },
  {
   "price": "0.00004",
   "amount": "380000"
  },
  {
   "price": "0.000034",
   "amount": "446317.941176"
  },
  {
   "price": "0.00003334",
   "amount": "115000"
  },
  {
   "price": "0.0000305",
   "amount": "3349501.9637861"
  },
  {
   "price": "0.00003",
   "amount": "101000"
  },
  {
   "price": "0.000026",
   "amount": "10000"
  },
  {
   "price": "0.0000252",
   "amount": "24100"
  },
  {
   "price": "0.000025",
   "amount": "247458"
  },
  {
   "price": "0.000021",
   "amount": "200000"
  },
  {
   "price": "0.00002",
   "amount": "352112.67605634"
  },
  {
   "price": "0.0000178",
   "amount": "25000"
  },
  {
   "price": "0.0000162",
   "amount": "24100"
  },
  {
   "price": "0.00001601",
   "amount": "47458"
  },
  {
   "price": "0.000016",
   "amount": "1000000"
  },
  {
   "price": "0.00001506",
   "amount": "78255.92430279"
  },
  {
   "price": "0.0000113",
   "amount": "45000"
  },
  {
   "price": "0.0000112",
   "amount": "806000"
  },
  {
   "price": "0.000011",
   "amount": "5024032"
  },
  {
   "price": "0.00001001",
   "amount": "500000"
  },
  {
   "price": "0.00001",
   "amount": "1436270"
  },
  {
   "price": "0.0000079",
   "amount": "100000"
  },
  {
   "price": "0.00000741",
   "amount": "44100"
  },
  {
   "price": "0.0000032",
   "amount": "241000"
  },
  {
   "price": "0.00000299",
   "amount": "30000"
  }
 ],
 "asks": [
  {
   "price": "0.000049",
   "amount": "300000"
  },
  {
   "price": "0.0000515",
   "amount": "2468030"
  },
  {
   "price": "0.000052",
   "amount": "3177415.2917731"
  },
  {
   "price": "0.0000725",
   "amount": "350000"
  },
  {
   "price": "0.0000729",
   "amount": "406062.961816"
  },
  {
   "price": "0.000073",
   "amount": "328090"
  },
  {
   "price": "0.0000765",
   "amount": "159246.102422"
  },
  {
   "price": "0.0000785",
   "amount": "751194.481998"
  },
  {
   "price": "0.00008",
   "amount": "504347.0888711"
  },
  {
   "price": "0.0000825",
   "amount": "449390.409765"
  },
  {
   "price": "0.00008279",
   "amount": "64554.497325"
  },
  {
   "price": "0.0000895",
   "amount": "450000"
  },
  {
   "price": "0.00008989",
   "amount": "91455.491426"
  },
  {
   "price": "0.00009289",
   "amount": "36137.011252"
  },
  {
   "price": "0.00012199",
   "amount": "86899.574779"
  },
  {
   "price": "0.000155",
   "amount": "1131985.68753"
  },
  {
   "price": "0.00016",
   "amount": "706248.53"
  },
  {
   "price": "0.00017",
   "amount": "1077591.234625"
  },
  {
   "price": "0.00017797",
   "amount": "91901.797831"
  },
  {
   "price": "0.00018",
   "amount": "200000"
  },
  {
   "price": "0.00018948",
   "amount": "101604.254455"
  },
  {
   "price": "0.00019",
   "amount": "831861.9232832"
  },
  {
   "price": "0.0001975",
   "amount": "349649.99999999"
  },
  {
   "price": "0.0002",
   "amount": "1498766.173077"
  },
  {
   "price": "0.00020355",
   "amount": "149800"
  }
 ]
}