{
 "pair": "lrceth",
 "bids": [
  {
   "price": "0.00015774",
   "amount": "628.41701753"
  },
  {
   "price": "0.00015684",
   "amount": "7864.77"
  },
  {
   "price": "0.00011239",
   "amount": "1601.56597562"
  },
  {
   "price": "0.00011186",
   "amount": "2789.76379377"
  },
  {
   "price": "0.00011185",
   "amount": "447.02726866"
  },
  {
   "price": "0.00011121",
   "amount": "1640.06096592"
  },
  {
   "price": "0.000111",
   "amount": "90.60683699"
  },
  {
   "price": "0.0000506",
   "amount": "1500"
  },
  {
   "price": "0.00001113",
   "amount": "30000"
  },
  {
   "price": "0.00001112",
   "amount": "22844.93908274"
  },
  {
   "price": "0.0000111",
   "amount": "1261.97841949"
  },
  {
   "price": "0.00001021",
   "amount": "1150"
  },
  {
   "price": "0.0000102",
   "amount": "1000"
  },
  {
   "price": "0.00001",
   "amount": "50000"
  },
  {
   "price": "0.00000122",
   "amount": "37528.56960127"
  },
  {
   "price": "0.00000111",
   "amount": "18195.7083041"
  },
  {
   "price": "3.1e-7",
   "amount": "1500"
  },
  {
   "price": "1.2e-7",
   "amount": "28403.24921451"
  },
  {
   "price": "1.1e-7",
   "amount": "27337.36701908"
  },
  {
   "price": "9e-8",
   "amount": "50000"
  },
  {
   "price": "3e-8",
   "amount": "6000"
  },
  {
   "price": "2e-8",
   "amount": "10000"
  },
  {
   "price": "1e-8",
   "amount": "20000"
  }
 ],
 "asks": [
  {
   "price": "0.00016243",
   "amount": "628.93081761"
  },
  {
   "price": "0.00036603",
   "amount": "5454.60061689"
  },
  {
   "price": "0.00036696",
   "amount": "430.88929098"
  },
  {
   "price": "0.00038237",
   "amount": "299.7"
  },
  {
   "price": "0.000644",
   "amount": "913.97222398"
  },
  {
   "price": "0.00064444",
   "amount": "170"
  },
  {
   "price": "0.000899",
   "amount": "1561.28020958"
  },
  {
   "price": "0.000949",
   "amount": "999"
  },
  {
   "price": "0.00095",
   "amount": "200"
  },
  {
   "price": "0.00099",
   "amount": "272.40170744"
  },
  {
   "price": "0.001",
   "amount": "399.6"
  },
  {
   "price": "0.0014",
   "amount": "79.92"
  },
  {
   "price": "0.00179",
   "amount": "294"
  },
  {
   "price": "0.0018",
   "amount": "250"
  },
  {
   "price": "0.0019",
   "amount": "249"
  },
  {
   "price": "0.094",
   "amount": "100"
  },
  {
   "price": "0.18909",
   "amount": "150"
  },
  {
   "price": "0.4909",
   "amount": "150"
  },
  {
   "price": "0.999",
   "amount": "179.04"
  },
  {
   "price": "9",
   "amount": "100"
  }
 ]
}