{
 "pair": "ampbtc",
 "bids": [
  {
   "price": "0.00014568",
   "amount": "0.03763503"
  },
  {
   "price": "0.00014422",
   "amount": "0.1150579"
  },
  {
   "price": "0.00014374",
   "amount": "56.28336"
  },
  {
   "price": "0.00014307",
   "amount": "76.47672719"
  },
  {
   "price": "0.00014306",
   "amount": "52.92545333"
  },
  {
   "price": "0.00014275",
   "amount": "58.0569"
  },
  {
   "price": "0.00014135",
   "amount": "239.39398656"
  },
  {
   "price": "0.00014134",
   "amount": "62.2917"
  },
  {
   "price": "0.00013998",
   "amount": "65.4295"
  },
  {
   "price": "0.00013684",
   "amount": "72.824"
  },
  {
   "price": "0.00013461",
   "amount": "62.242"
  },
  {
   "price": "0.00013251",
   "amount": "1925.55120368"
  },
  {
   "price": "0.0001325",
   "amount": "69.6573"
  },
  {
   "price": "0.00013037",
   "amount": "63.3471"
  },
  {
   "price": "0.00012824",
   "amount": "75.7463"
  },
  {
   "price": "0.0000171",
   "amount": "30"
  },
  {
   "price": "5.1e-7",
   "amount": "1000"
  }
 ],
 "asks": [
  {
   "price": "0.00014687",
   "amount": "59.5622"
  },
  {
   "price": "0.00014828",
   "amount": "12.481791"
  },
  {
   "price": "0.00014829",
   "amount": "36.16309091"
  },
  {
   "price": "0.00014984",
   "amount": "59.1432"
  },
  {
   "price": "0.00015131",
   "amount": "53.6248"
  },
  {
   "price": "0.00015282",
   "amount": "52.834"
  },
  {
   "price": "0.00015427",
   "amount": "90.75876253"
  },
  {
   "price": "0.00015679",
   "amount": "59.2631"
  },
  {
   "price": "0.00015927",
   "amount": "57.5573"
  },
  {
   "price": "0.00016177",
   "amount": "56.0751"
  },
  {
   "price": "0.00016442",
   "amount": "51.8932"
  },
  {
   "price": "0.00023972",
   "amount": "200"
  },
  {
   "price": "0.0003",
   "amount": "13.474992"
  },
  {
   "price": "0.00037",
   "amount": "8"
  },
  {
   "price": "0.00069",
   "amount": "25.5"
  },
  {
   "price": "0.0905",
   "amount": "11.976"
  }
 ]
}