{
 "pair": "ltcusd",
 "bids": [
  {
   "price": "44.162",
   "amount": "217.32279562"
  },
  {
   "price": "44.161",
   "amount": "211"
  },
  {
   "price": "44.16",
   "amount": "362.6901"
  },
  {
   "price": "44.146",
   "amount": "19.74699557"
  },
  {
   "price": "44.133",
   "amount": "4.52845474"
  },
  {
   "price": "44.131",
   "amount": "20.58501508"
  },
  {
   "price": "44.122",
   "amount": "361.28156974"
  },
  {
   "price": "44.121",
   "amount": "91.23674"
  },
  {
   "price": "44.113",
   "amount": "45.33156"
  },
  {
   "price": "44.112",
   "amount": "67.21"
  },
  {
   "price": "44.104",
   "amount": "45.34202"
  },
  {
   "price": "44.103",
   "amount": "62.29"
  },
  {
   "price": "44.102",
   "amount": "180"
  },
  {
   "price": "44.095",
   "amount": "45.34788"
  },
  {
   "price": "44.094",
   "amount": "30"
  },
  {
   "price": "44.087",
   "amount": "45.36043"
  },
  {
   "price": "44.085",
   "amount": "90.5745825"
  },
  {
   "price": "44.083",
   "amount": "176.9307"
  },
  {
   "price": "44.08",
   "amount": "90"
  },
  {
   "price": "44.078",
   "amount": "45.37076"
  },
  {
   "price": "44.076",
   "amount": "140"
  },
  {
   "price": "44.071",
   "amount": "70.82522774"
  },
  {
   "price": "44.069",
   "amount": "45.38108"
  },
  {
   "price": "44.068",
   "amount": "22.8"
  },
  {
   "price": "44.065",
   "amount": "48.57"
  }
 ],
 "asks": [
  {
   "price": "44.163",
   "amount": "7.2865742"
  },
  {
   "price": "44.17",
   "amount": "4"
  },
  {
   "price": "44.213",
   "amount": "20"
  },
  {
   "price": "44.235",
   "amount": "4.4"
  },
  {
   "price": "44.237",
   "amount": "468.999"
  },
  {
   "price": "44.238",
   "amount": "47.54"
  },
  {
   "price": "44.257",
   "amount": "10.9957518"
  },
  {
   "price": "44.258",
   "amount": "92.8274"
  },
  {
   "price": "44.26",
   "amount": "120"
  },
  {
   "price": "44.264",
   "amount": "50.37657693"
  },
  {
   "price": "44.276",
   "amount": "0.34443929"
  },
  {
   "price": "44.279",
   "amount": "351.3362412"
  },
  {
   "price": "44.28",
   "amount": "227.3946"
  },
  {
   "price": "44.284",
   "amount": "103.19732367"
  },
  {
   "price": "44.288",
   "amount": "202.8655"
  },
  {
   "price": "44.295",
   "amount": "200"
  },
  {
   "price": "44.299",
   "amount": "2.37695505"
  },
  {
   "price": "44.303",
   "amount": "140"
  },
  {
   "price": "44.316",
   "amount": "1.89484222"
  },
  {
   "price": "44.319",
   "amount": "0.9"
  },
  {
   "price": "44.326",
   "amount": "0.56850572"
  },
  {
   "price": "44.33",
   "amount": "15.71"
  },
  {
   "price": "44.333",
   "amount": "90"
  },
  {
   "price": "44.338",
   "amount": "48.56"
  },
  {
   "price": "44.346",
   "amount": "60"
  }
 ]
}