{
 "pair": "poabtc",
 "bids": [
  {
   "price": "0.0000018",
   "amount": "306"
  },
  {
   "price": "0.00000179",
   "amount": "1675.97765363"
  },
  {
   "price": "0.00000119",
   "amount": "3813.275226"
  },
  {
   "price": "0.00000112",
   "amount": "1943.75000005"
  },
  {
   "price": "0.00000111",
   "amount": "10651.38871692"
  },
  {
   "price": "0.000001",
   "amount": "868.46"
  },
  {
   "price": "5.5e-7",
   "amount": "500"
  },
  {
   "price": "5.4e-7",
   "amount": "150000"
  },
  {
   "price": "5.2e-7",
   "amount": "10000"
  },
  {
   "price": "5.1e-7",
   "amount": "25804.5884666"
  },
  {
   "price": "2.9e-7",
   "amount": "150000"
  },
  {
   "price": "2.3e-7",
   "amount": "1000"
  },
  {
   "price": "2.2e-7",
   "amount": "101970.28778645"
  },
  {
   "price": "1.8e-7",
   "amount": "150000"
  },
  {
   "price": "1.3e-7",
   "amount": "2000"
  },
  {
   "price": "1.2e-7",
   "amount": "42500"
  },
  {
   "price": "1.1e-7",
   "amount": "156852.75099195"
  },
  {
   "price": "1e-7",
   "amount": "50000"
  },
  {
   "price": "9e-8",
   "amount": "10000"
  },
  {
   "price": "3e-8",
   "amount": "2500"
  },
  {
   "price": "2e-8",
   "amount": "450000"
  },
  {
   "price": "1e-8",
   "amount": "60000"
  }
 ],
 "asks": [
  {
   "price": "0.00000425",
   "amount": "475.76670129"
  },
  {
   "price": "0.00000426",
   "amount": "411.898866"
  },
  {
   "price": "0.00000429",
   "amount": "7761.24153326"
  },
  {
   "price": "0.00000514",
   "amount": "9727.62645914"
  },
  {
   "price": "0.00000615",
   "amount": "8088.83451165"
  },
  {
   "price": "0.00000701",
   "amount": "9878.59546899"
  },
  {
   "price": "0.00000772",
   "amount": "12550.47815449"
  },
  {
   "price": "0.00000799",
   "amount": "54703.49207998"
  },
  {
   "price": "0.00000888",
   "amount": "805.194"
  },
  {
   "price": "0.00002318",
   "amount": "459.84507042"
  },
  {
   "price": "0.00002811",
   "amount": "299.7"
  },
  {
   "price": "0.00005937",
   "amount": "250"
  },
  {
   "price": "0.0000658",
   "amount": "333.110682"
  },
  {
   "price": "0.00006591",
   "amount": "449.8"
  },
  {
   "price": "0.0000666",
   "amount": "998.99999999"
  },
  {
   "price": "0.000072",
   "amount": "2069.566612"
  },
  {
   "price": "0.000089",
   "amount": "1250"
  },
  {
   "price": "0.000117",
   "amount": "700"
  },
  {
   "price": "0.0001185",
   "amount": "299.7"
  },
  {
   "price": "0.000128",
   "amount": "400"
  },
  {
   "price": "0.000148",
   "amount": "400"
  },
  {
   "price": "0.000188",
   "amount": "104.05477499"
  },
  {
   "price": "0.00024",
   "amount": "551.86455199"
  },
  {
   "price": "0.00034",
   "amount": "300"
  },
  {
   "price": "0.00148",
   "amount": "333"
  }
 ]
}