{
 "pair": "zecbtc",
 "bids": [
  {
   "price": "0.0043617",
   "amount": "1.25"
  },
  {
   "price": "0.0043616",
   "amount": "2.27556284"
  },
  {
   "price": "0.0043613",
   "amount": "30"
  },
  {
   "price": "0.0043594",
   "amount": "30"
  },
  {
   "price": "0.0043521",
   "amount": "15.2476921"
  },
  {
   "price": "0.004352",
   "amount": "14.06463984"
  },
  {
   "price": "0.0043514",
   "amount": "28.11581776"
  },
  {
   "price": "0.0043489",
   "amount": "79.61033342"
  },
  {
   "price": "0.0043488",
   "amount": "53.5"
  },
  {
   "price": "0.0043472",
   "amount": "80"
  },
  {
   "price": "0.0043471",
   "amount": "20"
  },
  {
   "price": "0.0043443",
   "amount": "10"
  },
  {
   "price": "0.0043421",
   "amount": "38"
  },
  {
   "price": "0.0043379",
   "amount": "79"
  },
  {
   "price": "0.0043324",
   "amount": "18.77"
  },
  {
   "price": "0.0043251",
   "amount": "4.58295142"
  },
  {
   "price": "0.0043239",
   "amount": "62.44333901"
  },
  {
   "price": "0.0043238",
   "amount": "529.3"
  },
  {
   "price": "0.0043237",
   "amount": "28.77"
  },
  {
   "price": "0.0043158",
   "amount": "30"
  },
  {
   "price": "0.0043138",
   "amount": "57.19854653"
  },
  {
   "price": "0.0043137",
   "amount": "1180"
  },
  {
   "price": "0.0043136",
   "amount": "30"
  },
  {
   "price": "0.0043095",
   "amount": "7.85203388"
  },
  {
   "price": "0.004305",
   "amount": "19.2242687"
  }
 ],
 "asks": [
  {
   "price": "0.0043699",
   "amount": "17.12931757"
  },
  {
   "price": "0.00437",
   "amount": "67"
  },
  {
   "price": "0.0043708",
   "amount": "80"
  },
  {
   "price": "0.0043729",
   "amount": "62.44333901"
  },
  {
   "price": "0.004376",
   "amount": "14"
  },
  {
   "price": "0.0043791",
   "amount": "53.4"
  },
  {
   "price": "0.0043806",
   "amount": "20"
  },
  {
   "price": "0.0043813",
   "amount": "79"
  },
  {
   "price": "0.0043831",
   "amount": "89.64648996"
  },
  {
   "price": "0.0043832",
   "amount": "76"
  },
  {
   "price": "0.0043869",
   "amount": "1.15114539"
  },
  {
   "price": "0.0043916",
   "amount": "5"
  },
  {
   "price": "0.0043979",
   "amount": "4.58400183"
  },
  {
   "price": "0.0044021",
   "amount": "5.77"
  },
  {
   "price": "0.0044153",
   "amount": "6.6"
  },
  {
   "price": "0.0044154",
   "amount": "1180"
  },
  {
   "price": "0.0044157",
   "amount": "529.2"
  },
  {
   "price": "0.0044197",
   "amount": "5.77"
  },
  {
   "price": "0.0044212",
   "amount": "268.6"
  },
  {
   "price": "0.0044308",
   "amount": "1.13975701"
  },
  {
   "price": "0.0044452",
   "amount": "1.35"
  },
  {
   "price": "0.004449",
   "amount": "10"
  },
  {
   "price": "0.0044642",
   "amount": "269.1"
  },
  {
   "price": "0.0044729",
   "amount": "266.2"
  },
  {
   "price": "0.0044751",
   "amount": "1.12846439"
  }
 ]
}