{
 "pair": "bsvbtc",
 "bids": [
  {
   "price": "0.0128",
   "amount": "6.37281622"
  },
  {
   "price": "0.012799",
   "amount": "4.58797276"
  },
  {
   "price": "0.012793",
   "amount": "3.48030587"
  },
  {
   "price": "0.012789",
   "amount": "2.61624265"
  },
  {
   "price": "0.012788",
   "amount": "4.78559876"
  },
  {
   "price": "0.012784",
   "amount": "9.57119751"
  },
  {
   "price": "0.012781",
   "amount": "14.35326513"
  },
  {
   "price": "0.012769",
   "amount": "2.5"
  },
  {
   "price": "0.012768",
   "amount": "40"
  },
  {
   "price": "0.012764",
   "amount": "12.58"
  },
  {
   "price": "0.012755",
   "amount": "7"
  },
  {
   "price": "0.012754",
   "amount": "51.94881619"
  },
  {
   "price": "0.012753",
   "amount": "46.38417145"
  },
  {
   "price": "0.01275",
   "amount": "0.0000062"
  },
  {
   "price": "0.012739",
   "amount": "1.838"
  },
  {
   "price": "0.012718",
   "amount": "124.43"
  },
  {
   "price": "0.012714",
   "amount": "63.17"
  },
  {
   "price": "0.01271",
   "amount": "15"
  },
  {
   "price": "0.012709",
   "amount": "0.06036"
  },
  {
   "price": "0.012704",
   "amount": "0.21021021"
  },
  {
   "price": "0.012703",
   "amount": "1.55921104"
  },
  {
   "price": "0.012685",
   "amount": "2.6675869"
  },
  {
   "price": "0.012684",
   "amount": "19.2416509"
  },
  {
   "price": "0.01268",
   "amount": "15"
  },
  {
   "price": "0.012637",
   "amount": "4.39567499"
  }
 ],
 "asks": [
  {
   "price": "0.012823",
   "amount": "5.74756964"
  },
  {
   "price": "0.012824",
   "amount": "49.41836464"
  },
  {
   "price": "0.012826",
   "amount": "7.10846425"
  },
  {
   "price": "0.012827",
   "amount": "2.96803981"
  },
  {
   "price": "0.012836",
   "amount": "11.62071149"
  },
  {
   "price": "0.01284",
   "amount": "2.5"
  },
  {
   "price": "0.012841",
   "amount": "4.78527015"
  },
  {
   "price": "0.012842",
   "amount": "9.57101105"
  },
  {
   "price": "0.012845",
   "amount": "14.35679627"
  },
  {
   "price": "0.012861",
   "amount": "5"
  },
  {
   "price": "0.012864",
   "amount": "52.57"
  },
  {
   "price": "0.012879",
   "amount": "2.03"
  },
  {
   "price": "0.01288",
   "amount": "47.33504659"
  },
  {
   "price": "0.012882",
   "amount": "2.344"
  },
  {
   "price": "0.012885",
   "amount": "1.887"
  },
  {
   "price": "0.01289",
   "amount": "124.42"
  },
  {
   "price": "0.012891",
   "amount": "0.39175743"
  },
  {
   "price": "0.012941",
   "amount": "31.84126576"
  },
  {
   "price": "0.012943",
   "amount": "1.56128025"
  },
  {
   "price": "0.012953",
   "amount": "63.16"
  },
  {
   "price": "0.013015",
   "amount": "3.96"
  },
  {
   "price": "0.013016",
   "amount": "63.28"
  },
  {
   "price": "0.013017",
   "amount": "906.16899572"
  },
  {
   "price": "0.01302",
   "amount": "0.38786751"
  },
  {
   "price": "0.013028",
   "amount": "10"
  }
 ]
}