{
 "pair": "btcusd",
 "bids": [
  {
   "price": "7278.3",
   "amount": "3.01463927"
  },
  {
   "price": "7276.2",
   "amount": "0.10691878"
  },
  {
   "price": "7276.1",
   "amount": "0.561969"
  },
  {
   "price": "7276",
   "amount": "2.08661229"
  },
  {
   "price": "7275.6",
   "amount": "0.2"
  },
  {
   "price": "7275.1",
   "amount": "1.1802"
  },
  {
   "price": "7274.7",
   "amount": "0.17287773"
  },
  {
   "price": "7274.6",
   "amount": "0.50314815"
  },
  {
   "price": "7273.3",
   "amount": "0.15"
  },
  {
   "price": "7273.2",
   "amount": "0.02747846"
  },
  {
   "price": "7272.8",
   "amount": "1.64872532"
  },
  {
   "price": "7272.3",
   "amount": "0.18340063"
  },
  {
   "price": "7272.2",
   "amount": "3.0006"
  },
  {
   "price": "7271.6",
   "amount": "0.54786799"
  },
  {
   "price": "7271.5",
   "amount": "3.999"
  },
  {
   "price": "7271.1",
   "amount": "0.9951"
  },
  {
   "price": "7271",
   "amount": "6.9996"
  },
  {
   "price": "7270.6",
   "amount": "3.2468"
  },
  {
   "price": "7270.5",
   "amount": "2.63333333"
  },
  {
   "price": "7270.3",
   "amount": "0.51163494"
  },
  {
   "price": "7270.2",
   "amount": "0.002"
  },
  {
   "price": "7269.7",
   "amount": "0.1496"
  },
  {
   "price": "7269.6",
   "amount": "0.19098774"
  },
  {
   "price": "7269.3",
   "amount": "0.51034754"
  },
  {
   "price": "7269.2",
   "amount": "12.7055"
  }
 ],
 "asks": [
  {
   "price": "7278.4",
   "amount": "4.64883499"
  },
  {
   "price": "7278.8",
   "amount": "0.001"
  },
  {
   "price": "7279",
   "amount": "0.67210349"
  },
  {
   "price": "7279.3",
   "amount": "1.9998"
  },
  {
   "price": "7279.4",
   "amount": "0.4991"
  },
  {
   "price": "7279.5",
   "amount": "0.2242"
  },
  {
   "price": "7280.1",
   "amount": "0.15"
  },
  {
   "price": "7280.2",
   "amount": "0.2"
  },
  {
   "price": "7280.6",
   "amount": "0.2"
  },
  {
   "price": "7280.8",
   "amount": "0.85"
  },
  {
   "price": "7280.9",
   "amount": "0.3"
  },
  {
   "price": "7281",
   "amount": "1.3"
  },
  {
   "price": "7281.1",
   "amount": "0.002"
  },
  {
   "price": "7282",
   "amount": "0.2"
  },
  {
   "price": "7282.1",
   "amount": "0.41201"
  },
  {
   "price": "7282.2",
   "amount": "0.1538"
  },
  {
   "price": "7282.6",
   "amount": "0.8"
  },
  {
   "price": "7282.8",
   "amount": "0.39727593"
  },
  {
   "price": "7283.3",
   "amount": "0.48120957"
  },
  {
   "price": "7283.4",
   "amount": "0.85"
  },
  {
   "price": "7283.5",
   "amount": "0.17132809"
  },
  {
   "price": "7283.7",
   "amount": "0.46091623"
  },
  {
   "price": "7283.8",
   "amount": "1.5"
  },
  {
   "price": "7283.9",
   "amount": "3.9996"
  },
  {
   "price": "7284",
   "amount": "0.02747348"
  }
 ]
}