{
 "pair": "etpbtc",
 "bids": [
  {
   "price": "0.00005267",
   "amount": "1000"
  },
  {
   "price": "0.00005266",
   "amount": "1446.92109041"
  },
  {
   "price": "0.00005258",
   "amount": "32.40003156"
  },
  {
   "price": "0.00005248",
   "amount": "12.62359196"
  },
  {
   "price": "0.00005245",
   "amount": "61.0862873"
  },
  {
   "price": "0.00005237",
   "amount": "694.28657181"
  },
  {
   "price": "0.00005235",
   "amount": "1161.74741043"
  },
  {
   "price": "0.00005224",
   "amount": "61.0862873"
  },
  {
   "price": "0.0000522",
   "amount": "3649.19327988"
  },
  {
   "price": "0.00005219",
   "amount": "4727.69423846"
  },
  {
   "price": "0.00005218",
   "amount": "12.62359196"
  },
  {
   "price": "0.00005216",
   "amount": "32.40003156"
  },
  {
   "price": "0.00005212",
   "amount": "19.39827968"
  },
  {
   "price": "0.00005203",
   "amount": "61.0862873"
  },
  {
   "price": "0.00005195",
   "amount": "32.40003156"
  },
  {
   "price": "0.00005189",
   "amount": "12.62359196"
  },
  {
   "price": "0.00005183",
   "amount": "58.92254884"
  },
  {
   "price": "0.00005173",
   "amount": "32.40003156"
  },
  {
   "price": "0.00005162",
   "amount": "61.0862873"
  },
  {
   "price": "0.00005161",
   "amount": "19.39827968"
  },
  {
   "price": "0.00005159",
   "amount": "12.62359196"
  },
  {
   "price": "0.00005152",
   "amount": "32.40003156"
  },
  {
   "price": "0.00005141",
   "amount": "61.0862873"
  },
  {
   "price": "0.00005131",
   "amount": "32.40003156"
  },
  {
   "price": "0.0000513",
   "amount": "12.62359196"
  }
 ],
 "asks": [
  {
   "price": "0.00005287",
   "amount": "45.19709949"
  },
  {
   "price": "0.00005301",
   "amount": "32.40003156"
  },
  {
   "price": "0.00005308",
   "amount": "73.70987926"
  },
  {
   "price": "0.00005316",
   "amount": "19.39827968"
  },
  {
   "price": "0.00005323",
   "amount": "176.09588165"
  },
  {
   "price": "0.00005324",
   "amount": "1000"
  },
  {
   "price": "0.0000533",
   "amount": "61.0862873"
  },
  {
   "price": "0.00005339",
   "amount": "12.62359196"
  },
  {
   "price": "0.00005345",
   "amount": "32.40003156"
  },
  {
   "price": "0.00005347",
   "amount": "3204.00158968"
  },
  {
   "price": "0.00005348",
   "amount": "1137.90148127"
  },
  {
   "price": "0.00005349",
   "amount": "2323.77642075"
  },
  {
   "price": "0.00005351",
   "amount": "61.0862873"
  },
  {
   "price": "0.00005367",
   "amount": "11.90003156"
  },
  {
   "price": "0.00005368",
   "amount": "19.39827968"
  },
  {
   "price": "0.00005369",
   "amount": "12.62359196"
  },
  {
   "price": "0.00005372",
   "amount": "61.0862873"
  },
  {
   "price": "0.00005389",
   "amount": "32.40003156"
  },
  {
   "price": "0.00005394",
   "amount": "61.0862873"
  },
  {
   "price": "0.000054",
   "amount": "12.62359196"
  },
  {
   "price": "0.00005411",
   "amount": "154.1143294"
  },
  {
   "price": "0.00005416",
   "amount": "61.0862873"
  },
  {
   "price": "0.00005422",
   "amount": "19.39827968"
  },
  {
   "price": "0.00005431",
   "amount": "12.62359196"
  },
  {
   "price": "0.00005433",
   "amount": "32.40003156"
  }
 ]
}