{
 "pair": "zrxeth",
 "bids": [
  {
   "price": "0.0014915",
   "amount": "500"
  },
  {
   "price": "0.0014914",
   "amount": "2023.36024678"
  },
  {
   "price": "0.0014907",
   "amount": "2968.24259085"
  },
  {
   "price": "0.0014906",
   "amount": "1175.77"
  },
  {
   "price": "0.0014877",
   "amount": "1010.77"
  },
  {
   "price": "0.0014857",
   "amount": "133.47570742"
  },
  {
   "price": "0.0014817",
   "amount": "820.77"
  },
  {
   "price": "0.0014539",
   "amount": "1110.20732513"
  },
  {
   "price": "0.0014538",
   "amount": "5000"
  },
  {
   "price": "0.0014314",
   "amount": "22"
  },
  {
   "price": "0.0014082",
   "amount": "35.50606798"
  },
  {
   "price": "0.0014017",
   "amount": "500"
  },
  {
   "price": "0.0013054",
   "amount": "637.88771344"
  },
  {
   "price": "0.0012543",
   "amount": "500"
  },
  {
   "price": "0.0012501",
   "amount": "35"
  },
  {
   "price": "0.00108",
   "amount": "104"
  },
  {
   "price": "0.001",
   "amount": "119.02092"
  },
  {
   "price": "0.000991",
   "amount": "21"
  },
  {
   "price": "0.000855",
   "amount": "20"
  },
  {
   "price": "0.000803",
   "amount": "500"
  },
  {
   "price": "0.00078",
   "amount": "14.1"
  },
  {
   "price": "0.00052",
   "amount": "25"
  },
  {
   "price": "0.00051146",
   "amount": "156842.80463282"
  },
  {
   "price": "0.0005",
   "amount": "20"
  },
  {
   "price": "0.0002451",
   "amount": "23.76609547"
  }
 ],
 "asks": [
  {
   "price": "0.001499",
   "amount": "0.00000516"
  },
  {
   "price": "0.0015079",
   "amount": "500"
  },
  {
   "price": "0.0015168",
   "amount": "133.4338535"
  },
  {
   "price": "0.00153",
   "amount": "500"
  },
  {
   "price": "0.0015399",
   "amount": "330.66"
  },
  {
   "price": "0.00154",
   "amount": "500"
  },
  {
   "price": "0.001555",
   "amount": "500"
  },
  {
   "price": "0.0015809",
   "amount": "108.6434551"
  },
  {
   "price": "0.0015819",
   "amount": "500"
  },
  {
   "price": "0.0016086",
   "amount": "500"
  },
  {
   "price": "0.0016638",
   "amount": "31.81305767"
  },
  {
   "price": "0.0016639",
   "amount": "500"
  },
  {
   "price": "0.0016972",
   "amount": "500"
  },
  {
   "price": "0.0017523",
   "amount": "500"
  },
  {
   "price": "0.00182",
   "amount": "18"
  },
  {
   "price": "0.001829",
   "amount": "500"
  },
  {
   "price": "0.0018399",
   "amount": "20"
  },
  {
   "price": "0.00184",
   "amount": "6793.1999"
  },
  {
   "price": "0.001897",
   "amount": "500"
  },
  {
   "price": "0.001899",
   "amount": "20"
  },
  {
   "price": "0.0019",
   "amount": "30.321653"
  },
  {
   "price": "0.0019377",
   "amount": "500"
  },
  {
   "price": "0.001939",
   "amount": "20"
  },
  {
   "price": "0.00201",
   "amount": "20"
  },
  {
   "price": "0.00207",
   "amount": "707.03803083"
  }
 ]
}