{
 "pair": "asteth",
 "bids": [
  {
   "price": "0.00013941",
   "amount": "1291.15558425"
  },
  {
   "price": "0.00013912",
   "amount": "5547.77"
  },
  {
   "price": "0.00013884",
   "amount": "7515.77"
  },
  {
   "price": "0.00013801",
   "amount": "11749.77"
  },
  {
   "price": "0.00011",
   "amount": "200"
  },
  {
   "price": "0.0001",
   "amount": "400"
  },
  {
   "price": "0.0000272",
   "amount": "750"
  },
  {
   "price": "0.00001",
   "amount": "2000"
  },
  {
   "price": "0.0000025",
   "amount": "8000"
  },
  {
   "price": "0.0000021",
   "amount": "15000"
  },
  {
   "price": "0.000001",
   "amount": "20000"
  },
  {
   "price": "1.1e-7",
   "amount": "250000"
  },
  {
   "price": "1e-7",
   "amount": "200000"
  },
  {
   "price": "2e-8",
   "amount": "500000"
  }
 ],
 "asks": [
  {
   "price": "0.0002331",
   "amount": "1192.68498089"
  },
  {
   "price": "0.00023407",
   "amount": "645.76398318"
  },
  {
   "price": "0.00023669",
   "amount": "1117.10256568"
  },
  {
   "price": "0.00024198",
   "amount": "1000"
  },
  {
   "price": "0.000242",
   "amount": "1984.014"
  },
  {
   "price": "0.000245",
   "amount": "2648.349"
  },
  {
   "price": "0.000399",
   "amount": "2559.425172"
  },
  {
   "price": "0.00089",
   "amount": "200"
  },
  {
   "price": "0.00099",
   "amount": "300"
  },
  {
   "price": "0.0011799",
   "amount": "859.4161"
  },
  {
   "price": "0.00176",
   "amount": "660"
  },
  {
   "price": "0.0017799",
   "amount": "800"
  },
  {
   "price": "0.002",
   "amount": "2000"
  },
  {
   "price": "0.0088",
   "amount": "300"
  },
  {
   "price": "0.0089",
   "amount": "6025.64117"
  },
  {
   "price": "0.02",
   "amount": "2000"
  },
  {
   "price": "0.31",
   "amount": "100"
  },
  {
   "price": "0.314",
   "amount": "101.796"
  },
  {
   "price": "5",
   "amount": "100"
  },
  {
   "price": "10",
   "amount": "103.79959678"
  }
 ]
}