{
 "pair": "neogbp",
 "bids": [
  {
   "price": "6.5637",
   "amount": "61.58576165"
  },
  {
   "price": "6.5636",
   "amount": "7.20657959"
  },
  {
   "price": "6.5613",
   "amount": "4"
  },
  {
   "price": "6.5548",
   "amount": "4.44031955"
  },
  {
   "price": "6.5461",
   "amount": "192.20421301"
  },
  {
   "price": "6.546",
   "amount": "20"
  },
  {
   "price": "6.5431",
   "amount": "200"
  },
  {
   "price": "6.5363",
   "amount": "200"
  },
  {
   "price": "6.5361",
   "amount": "200"
  },
  {
   "price": "6.5346",
   "amount": "553.3"
  },
  {
   "price": "6.5345",
   "amount": "400"
  },
  {
   "price": "6.5329",
   "amount": "200"
  },
  {
   "price": "6.53",
   "amount": "669.93042055"
  },
  {
   "price": "6.5299",
   "amount": "100"
  },
  {
   "price": "6.5285",
   "amount": "3.24198953"
  },
  {
   "price": "6.5278",
   "amount": "68.6"
  },
  {
   "price": "6.5258",
   "amount": "501.19349737"
  },
  {
   "price": "6.5247",
   "amount": "200"
  },
  {
   "price": "6.5223",
   "amount": "103.56593648"
  },
  {
   "price": "6.522",
   "amount": "100"
  },
  {
   "price": "6.5217",
   "amount": "155.35831627"
  },
  {
   "price": "6.5206",
   "amount": "1002.38699474"
  },
  {
   "price": "6.5201",
   "amount": "100"
  },
  {
   "price": "6.5162",
   "amount": "100"
  },
  {
   "price": "6.5155",
   "amount": "385.4723822"
  }
 ],
 "asks": [
  {
   "price": "6.5639",
   "amount": "268.47701621"
  },
  {
   "price": "6.5646",
   "amount": "16"
  },
  {
   "price": "6.5664",
   "amount": "419.9605994"
  },
  {
   "price": "6.5674",
   "amount": "100"
  },
  {
   "price": "6.5705",
   "amount": "201.55610968"
  },
  {
   "price": "6.5749",
   "amount": "382.32166556"
  },
  {
   "price": "6.5758",
   "amount": "10"
  },
  {
   "price": "6.5759",
   "amount": "8.41936775"
  },
  {
   "price": "6.5791",
   "amount": "100"
  },
  {
   "price": "6.5812",
   "amount": "1115.52023884"
  },
  {
   "price": "6.5813",
   "amount": "15.08603441"
  },
  {
   "price": "6.5857",
   "amount": "43.99"
  },
  {
   "price": "6.5868",
   "amount": "65.2"
  },
  {
   "price": "6.5885",
   "amount": "73.5"
  },
  {
   "price": "6.5898",
   "amount": "80.1"
  },
  {
   "price": "6.5932",
   "amount": "84"
  },
  {
   "price": "6.597",
   "amount": "0.6"
  },
  {
   "price": "6.5975",
   "amount": "2778.5"
  },
  {
   "price": "6.5976",
   "amount": "31.71668667"
  },
  {
   "price": "6.6008",
   "amount": "84"
  },
  {
   "price": "6.6138",
   "amount": "24.20968387"
  },
  {
   "price": "6.615",
   "amount": "5.72995902"
  },
  {
   "price": "6.6179",
   "amount": "4"
  },
  {
   "price": "6.6193",
   "amount": "15.71828731"
  },
  {
   "price": "6.6208",
   "amount": "1.97318"
  }
 ]
}