{
 "pair": "ioseth",
 "bids": [
  {
   "price": "0.00003447",
   "amount": "1450.53669857"
  },
  {
   "price": "0.00002112",
   "amount": "9697.64799594"
  },
  {
   "price": "0.00002111",
   "amount": "8526.76456656"
  },
  {
   "price": "0.000021",
   "amount": "10000"
  },
  {
   "price": "0.00000799",
   "amount": "500"
  },
  {
   "price": "0.00000501",
   "amount": "10000"
  },
  {
   "price": "2.4e-7",
   "amount": "10000"
  },
  {
   "price": "9e-8",
   "amount": "10000"
  },
  {
   "price": "4e-8",
   "amount": "6000"
  },
  {
   "price": "3e-8",
   "amount": "16000"
  },
  {
   "price": "1e-8",
   "amount": "70000"
  }
 ],
 "asks": [
  {
   "price": "0.00006228",
   "amount": "22452.75"
  },
  {
   "price": "0.00008",
   "amount": "1500"
  },
  {
   "price": "0.00009182",
   "amount": "904.61270985"
  },
  {
   "price": "0.0001",
   "amount": "16744.99648168"
  },
  {
   "price": "0.00012",
   "amount": "1500"
  },
  {
   "price": "0.000123",
   "amount": "1005"
  },
  {
   "price": "0.00015555",
   "amount": "323.676"
  },
  {
   "price": "0.000175",
   "amount": "770.61280752"
  },
  {
   "price": "0.00018",
   "amount": "1000"
  },
  {
   "price": "0.00025",
   "amount": "500"
  },
  {
   "price": "0.0005",
   "amount": "500"
  },
  {
   "price": "0.006",
   "amount": "499.5"
  },
  {
   "price": "0.049",
   "amount": "500"
  },
  {
   "price": "0.19",
   "amount": "500"
  },
  {
   "price": "0.49",
   "amount": "500"
  }
 ]
}