{
 "pair": "btcf0:ustf0",
 "bids": [
  {
   "price": "7227",
   "amount": "0.0006"
  },
  {
   "price": "7226.6",
   "amount": "1.54012016"
  },
  {
   "price": "7226",
   "amount": "0.15401187"
  },
  {
   "price": "7224.9",
   "amount": "0.2310178"
  },
  {
   "price": "7223.3",
   "amount": "0.30802373"
  },
  {
   "price": "7222.6",
   "amount": "3.08023599"
  },
  {
   "price": "7222.5",
   "amount": "1.1551872"
  },
  {
   "price": "7222.2",
   "amount": "0.4620356"
  },
  {
   "price": "7221.1",
   "amount": "0.61604746"
  },
  {
   "price": "7219.5",
   "amount": "0.77005933"
  },
  {
   "price": "7219.3",
   "amount": "0.0853"
  },
  {
   "price": "7219",
   "amount": "0.0006"
  },
  {
   "price": "7217.9",
   "amount": "1.0010838"
  },
  {
   "price": "7217.2",
   "amount": "0.0859"
  },
  {
   "price": "7216.8",
   "amount": "4.62035399"
  },
  {
   "price": "7216.7",
   "amount": "1.54024961"
  },
  {
   "price": "7215.2",
   "amount": "0.92407699"
  },
  {
   "price": "7212.5",
   "amount": "1.00107538"
  },
  {
   "price": "7211",
   "amount": "1.84829878"
  },
  {
   "price": "7209.8",
   "amount": "1.07808401"
  },
  {
   "price": "7205.2",
   "amount": "2.31037348"
  },
  {
   "price": "7204.3",
   "amount": "1.155089"
  },
  {
   "price": "7201.6",
   "amount": "1.23209493"
  },
  {
   "price": "7199.4",
   "amount": "3.08049843"
  },
  {
   "price": "7198.9",
   "amount": "1.30910086"
  }
 ],
 "asks": [
  {
   "price": "7230.8",
   "amount": "1.15595674"
  },
  {
   "price": "7234.1",
   "amount": "0.15402488"
  },
  {
   "price": "7234.2",
   "amount": "0.154012"
  },
  {
   "price": "7235",
   "amount": "0.0741"
  },
  {
   "price": "7235.2",
   "amount": "0.2310178"
  },
  {
   "price": "7236.3",
   "amount": "0.23103746"
  },
  {
   "price": "7236.4",
   "amount": "1.15508869"
  },
  {
   "price": "7236.5",
   "amount": "1.54102028"
  },
  {
   "price": "7236.9",
   "amount": "0.30802319"
  },
  {
   "price": "7237.9",
   "amount": "0.46203544"
  },
  {
   "price": "7239",
   "amount": "0.61604746"
  },
  {
   "price": "7240.7",
   "amount": "0.77005798"
  },
  {
   "price": "7242.2",
   "amount": "0.30805013"
  },
  {
   "price": "7242.3",
   "amount": "2.69614251"
  },
  {
   "price": "7245",
   "amount": "0.9240712"
  },
  {
   "price": "7247.7",
   "amount": "1.00107713"
  },
  {
   "price": "7248.1",
   "amount": "2.31114843"
  },
  {
   "price": "7250.3",
   "amount": "0.3850608"
  },
  {
   "price": "7250.4",
   "amount": "1.07808306"
  },
  {
   "price": "7253.8",
   "amount": "0.77006446"
  },
  {
   "price": "7253.9",
   "amount": "3.08128249"
  },
  {
   "price": "7255.8",
   "amount": "1.155089"
  },
  {
   "price": "7258.6",
   "amount": "1.23209601"
  },
  {
   "price": "7260",
   "amount": "0.1"
  },
  {
   "price": "7261.1",
   "amount": "3.85139822"
  }
 ]
}