{
 "pair": "dateth",
 "bids": [
  {
   "price": "0.0000964",
   "amount": "2000"
  },
  {
   "price": "0.00009051",
   "amount": "1988.73052701"
  },
  {
   "price": "0.0000901",
   "amount": "750"
  },
  {
   "price": "0.00008146",
   "amount": "33774.09139343"
  },
  {
   "price": "0.00008",
   "amount": "5378.8854865"
  },
  {
   "price": "0.0000799",
   "amount": "274"
  },
  {
   "price": "0.000072",
   "amount": "40000"
  },
  {
   "price": "0.0000712",
   "amount": "1000"
  },
  {
   "price": "0.0000711",
   "amount": "500"
  },
  {
   "price": "0.0000706",
   "amount": "600"
  },
  {
   "price": "0.00007046",
   "amount": "135000"
  },
  {
   "price": "0.00007045",
   "amount": "346936.377431"
  },
  {
   "price": "0.00007",
   "amount": "2090.950922"
  },
  {
   "price": "0.00006995",
   "amount": "6200"
  },
  {
   "price": "0.00006994",
   "amount": "432721.954675"
  },
  {
   "price": "0.000068",
   "amount": "1834.96632"
  },
  {
   "price": "0.000065",
   "amount": "5000"
  },
  {
   "price": "0.00006453",
   "amount": "23000"
  },
  {
   "price": "0.00005666",
   "amount": "4900"
  },
  {
   "price": "0.000055",
   "amount": "5000"
  },
  {
   "price": "0.00005351",
   "amount": "5000"
  },
  {
   "price": "0.00005081",
   "amount": "100"
  },
  {
   "price": "0.00005",
   "amount": "4000"
  },
  {
   "price": "0.00004544",
   "amount": "22000"
  },
  {
   "price": "0.000034",
   "amount": "1000"
  }
 ],
 "asks": [
  {
   "price": "0.00010641",
   "amount": "2000"
  },
  {
   "price": "0.00016422",
   "amount": "11312.1531652"
  },
  {
   "price": "0.00016425",
   "amount": "7369.92799894"
  },
  {
   "price": "0.00016427",
   "amount": "781.18373037"
  },
  {
   "price": "0.00016481",
   "amount": "1497.98709481"
  },
  {
   "price": "0.00016491",
   "amount": "335.00000001"
  },
  {
   "price": "0.00018",
   "amount": "21000"
  },
  {
   "price": "0.000188",
   "amount": "9990.0000007"
  },
  {
   "price": "0.00019",
   "amount": "19959.9999999"
  },
  {
   "price": "0.000198",
   "amount": "5000"
  },
  {
   "price": "0.00021",
   "amount": "5000"
  },
  {
   "price": "0.00023",
   "amount": "2000"
  },
  {
   "price": "0.00024",
   "amount": "5000"
  },
  {
   "price": "0.00027",
   "amount": "5000"
  },
  {
   "price": "0.000289",
   "amount": "4994.99999999"
  },
  {
   "price": "0.0003",
   "amount": "5663.942344"
  },
  {
   "price": "0.00032",
   "amount": "997"
  },
  {
   "price": "0.00033",
   "amount": "308.296"
  },
  {
   "price": "0.00033117",
   "amount": "500"
  },
  {
   "price": "0.000347",
   "amount": "302.6382"
  },
  {
   "price": "0.000349",
   "amount": "1500"
  },
  {
   "price": "0.00034925",
   "amount": "1000"
  },
  {
   "price": "0.000359",
   "amount": "12831.797857"
  },
  {
   "price": "0.00039",
   "amount": "682"
  },
  {
   "price": "0.00039505",
   "amount": "102434.79203"
  }
 ]
}