{
 "pair": "sanbtc",
 "bids": [
  {
   "price": "0.00003108",
   "amount": "40.46616949"
  },
  {
   "price": "0.00003086",
   "amount": "5000"
  },
  {
   "price": "0.00003003",
   "amount": "2423.44434731"
  },
  {
   "price": "0.00002976",
   "amount": "70"
  },
  {
   "price": "0.0000295",
   "amount": "1998"
  },
  {
   "price": "0.00002901",
   "amount": "80"
  },
  {
   "price": "0.00002815",
   "amount": "189.609236"
  },
  {
   "price": "0.00002803",
   "amount": "2998"
  },
  {
   "price": "0.00002799",
   "amount": "200"
  },
  {
   "price": "0.00002676",
   "amount": "290"
  },
  {
   "price": "0.0000267",
   "amount": "608.652434"
  },
  {
   "price": "0.00002577",
   "amount": "100"
  },
  {
   "price": "0.00002553",
   "amount": "12662.45066781"
  },
  {
   "price": "0.00002509",
   "amount": "10"
  },
  {
   "price": "0.000025",
   "amount": "597.2739286"
  },
  {
   "price": "0.00002174",
   "amount": "200"
  },
  {
   "price": "0.00002013",
   "amount": "2998"
  },
  {
   "price": "0.00002011",
   "amount": "800"
  },
  {
   "price": "0.00002",
   "amount": "148"
  },
  {
   "price": "0.00001982",
   "amount": "500"
  },
  {
   "price": "0.00001468",
   "amount": "500"
  },
  {
   "price": "0.00001083",
   "amount": "4998"
  },
  {
   "price": "0.00001067",
   "amount": "3915.51602772"
  },
  {
   "price": "0.0000106",
   "amount": "100"
  },
  {
   "price": "0.00001011",
   "amount": "5000"
  }
 ],
 "asks": [
  {
   "price": "0.00003387",
   "amount": "460"
  },
  {
   "price": "0.00003389",
   "amount": "952.74296131"
  },
  {
   "price": "0.00003409",
   "amount": "92.85188022"
  },
  {
   "price": "0.00003504",
   "amount": "527.5505853"
  },
  {
   "price": "0.00003619",
   "amount": "40"
  },
  {
   "price": "0.00003699",
   "amount": "575.32336627"
  },
  {
   "price": "0.000037",
   "amount": "200"
  },
  {
   "price": "0.00003739",
   "amount": "40"
  },
  {
   "price": "0.00003859",
   "amount": "40"
  },
  {
   "price": "0.0000388",
   "amount": "5000"
  },
  {
   "price": "0.00003979",
   "amount": "35"
  },
  {
   "price": "0.00004",
   "amount": "710.35627079"
  },
  {
   "price": "0.00004097",
   "amount": "35"
  },
  {
   "price": "0.000042",
   "amount": "8"
  },
  {
   "price": "0.00004263",
   "amount": "71.45084698"
  },
  {
   "price": "0.000045",
   "amount": "100"
  },
  {
   "price": "0.00004509",
   "amount": "100"
  },
  {
   "price": "0.00004938",
   "amount": "55.10309461"
  },
  {
   "price": "0.00004968",
   "amount": "13.7896466"
  },
  {
   "price": "0.00005",
   "amount": "261.8660807"
  },
  {
   "price": "0.00005171",
   "amount": "300"
  },
  {
   "price": "0.00005179",
   "amount": "1000"
  },
  {
   "price": "0.00005198",
   "amount": "998"
  },
  {
   "price": "0.00005212",
   "amount": "15450.13048144"
  },
  {
   "price": "0.00005679",
   "amount": "28643.32971894"
  }
 ]
}