{
 "pair": "paibtc",
 "bids": [
  {
   "price": "0.00000136",
   "amount": "33333"
  },
  {
   "price": "0.00000124",
   "amount": "4032.25806452"
  },
  {
   "price": "9.3e-7",
   "amount": "100000"
  },
  {
   "price": "9.2e-7",
   "amount": "5200"
  },
  {
   "price": "6.2e-7",
   "amount": "8200"
  },
  {
   "price": "2.6e-7",
   "amount": "100000"
  },
  {
   "price": "1.7e-7",
   "amount": "50000"
  },
  {
   "price": "1.2e-7",
   "amount": "100000"
  },
  {
   "price": "1e-7",
   "amount": "50000"
  },
  {
   "price": "9e-8",
   "amount": "10000"
  },
  {
   "price": "2e-8",
   "amount": "300000"
  }
 ],
 "asks": [
  {
   "price": "0.00000289",
   "amount": "2615.18324607"
  },
  {
   "price": "0.0000029",
   "amount": "651.91107547"
  },
  {
   "price": "0.000003",
   "amount": "1791.26644987"
  },
  {
   "price": "0.00000666",
   "amount": "6086"
  },
  {
   "price": "0.00000775",
   "amount": "4000"
  },
  {
   "price": "0.00000777",
   "amount": "86"
  },
  {
   "price": "0.00000778",
   "amount": "99.9"
  },
  {
   "price": "0.00000813",
   "amount": "1700"
  },
  {
   "price": "0.00000815",
   "amount": "5317.30776698"
  },
  {
   "price": "0.00000824",
   "amount": "12500"
  },
  {
   "price": "0.00000857",
   "amount": "20"
  },
  {
   "price": "0.00000978",
   "amount": "5089.11443869"
  },
  {
   "price": "0.0000099",
   "amount": "760"
  },
  {
   "price": "0.0000114",
   "amount": "4310.88884579"
  },
  {
   "price": "0.0000115",
   "amount": "900"
  },
  {
   "price": "0.0000124",
   "amount": "1700"
  },
  {
   "price": "0.00001321",
   "amount": "3865.24330226"
  },
  {
   "price": "0.00001483",
   "amount": "1433.71903064"
  },
  {
   "price": "0.00001595",
   "amount": "1700"
  },
  {
   "price": "0.00001638",
   "amount": "3984.51188161"
  },
  {
   "price": "0.00001648",
   "amount": "6250"
  },
  {
   "price": "0.00001698",
   "amount": "290.22374295"
  },
  {
   "price": "0.0000185",
   "amount": "742.71780771"
  },
  {
   "price": "0.00001852",
   "amount": "3877.11718072"
  },
  {
   "price": "0.000028",
   "amount": "60"
  }
 ]
}