{
 "pair": "zrxbtc",
 "bids": [
  {
   "price": "0.00003",
   "amount": "4111.47092367"
  },
  {
   "price": "0.00002993",
   "amount": "1762.77"
  },
  {
   "price": "0.00002985",
   "amount": "663.57000664"
  },
  {
   "price": "0.00002981",
   "amount": "1779.77"
  },
  {
   "price": "0.0000297",
   "amount": "11789.42573549"
  },
  {
   "price": "0.000029",
   "amount": "180.853448"
  },
  {
   "price": "0.00002828",
   "amount": "25"
  },
  {
   "price": "0.000028",
   "amount": "120"
  },
  {
   "price": "0.0000253",
   "amount": "14229"
  },
  {
   "price": "0.00002305",
   "amount": "150"
  },
  {
   "price": "0.00002111",
   "amount": "30"
  },
  {
   "price": "0.0000211",
   "amount": "543"
  },
  {
   "price": "0.00002095",
   "amount": "109.997614"
  },
  {
   "price": "0.00002002",
   "amount": "22"
  },
  {
   "price": "0.00001895",
   "amount": "154.275461"
  },
  {
   "price": "0.00001612",
   "amount": "50"
  },
  {
   "price": "0.00001405",
   "amount": "21"
  },
  {
   "price": "0.000014",
   "amount": "2000"
  },
  {
   "price": "0.00001311",
   "amount": "6"
  },
  {
   "price": "0.00001111",
   "amount": "6"
  },
  {
   "price": "0.00001001",
   "amount": "22"
  },
  {
   "price": "0.00001",
   "amount": "688.786"
  },
  {
   "price": "0.00000961",
   "amount": "6"
  },
  {
   "price": "0.00000911",
   "amount": "6"
  },
  {
   "price": "0.00000861",
   "amount": "6"
  }
 ],
 "asks": [
  {
   "price": "0.00003019",
   "amount": "1293.31227307"
  },
  {
   "price": "0.0000302",
   "amount": "2023.19759323"
  },
  {
   "price": "0.00003032",
   "amount": "1500"
  },
  {
   "price": "0.00003035",
   "amount": "3005.77"
  },
  {
   "price": "0.00003038",
   "amount": "663.57000664"
  },
  {
   "price": "0.00003041",
   "amount": "2839.77"
  },
  {
   "price": "0.00003047",
   "amount": "3280.77"
  },
  {
   "price": "0.00003059",
   "amount": "7772.77"
  },
  {
   "price": "0.00003077",
   "amount": "1786.77"
  },
  {
   "price": "0.00003096",
   "amount": "4284.43"
  },
  {
   "price": "0.00003499",
   "amount": "26967.09"
  },
  {
   "price": "0.00003833",
   "amount": "47.13590743"
  },
  {
   "price": "0.00004",
   "amount": "1320"
  },
  {
   "price": "0.00004041",
   "amount": "19.98"
  },
  {
   "price": "0.00004072",
   "amount": "3600"
  },
  {
   "price": "0.00004345",
   "amount": "21076.03249083"
  },
  {
   "price": "0.000044",
   "amount": "300"
  },
  {
   "price": "0.00004467",
   "amount": "44"
  },
  {
   "price": "0.00004522",
   "amount": "50"
  },
  {
   "price": "0.00004545",
   "amount": "14"
  },
  {
   "price": "0.00004713",
   "amount": "1000.05"
  },
  {
   "price": "0.00004756",
   "amount": "33"
  },
  {
   "price": "0.00004772",
   "amount": "14"
  },
  {
   "price": "0.00005",
   "amount": "1691.535"
  },
  {
   "price": "0.00005088",
   "amount": "21"
  }
 ]
}