{
 "pair": "gsdusd",
 "bids": [
  {
   "price": "0.992",
   "amount": "200"
  },
  {
   "price": "0.991",
   "amount": "50"
  },
  {
   "price": "0.99",
   "amount": "200"
  },
  {
   "price": "0.985",
   "amount": "200"
  },
  {
   "price": "0.98466",
   "amount": "8212.19260297"
  },
  {
   "price": "0.975",
   "amount": "200"
  },
  {
   "price": "0.965",
   "amount": "200"
  },
  {
   "price": "0.961",
   "amount": "200"
  },
  {
   "price": "0.96",
   "amount": "23341.32467485"
  },
  {
   "price": "0.95",
   "amount": "50000"
  },
  {
   "price": "0.55",
   "amount": "500"
  },
  {
   "price": "0.54321",
   "amount": "12.3456789"
  },
  {
   "price": "0.00030146",
   "amount": "10000"
  },
  {
   "price": "0.0001",
   "amount": "10000"
  },
  {
   "price": "0.00001",
   "amount": "100000"
  },
  {
   "price": "0.000001",
   "amount": "1000000"
  },
  {
   "price": "1.2e-7",
   "amount": "1000000"
  },
  {
   "price": "1.1e-7",
   "amount": "1000000"
  },
  {
   "price": "1e-7",
   "amount": "1000000"
  },
  {
   "price": "2e-8",
   "amount": "1110.4995"
  }
 ],
 "asks": [
  {
   "price": "0.998",
   "amount": "3850.23127354"
  },
  {
   "price": "1.0059",
   "amount": "159.85020354"
  },
  {
   "price": "1.0099",
   "amount": "399.6"
  },
  {
   "price": "1.01",
   "amount": "23001.295"
  },
  {
   "price": "1.02",
   "amount": "100"
  },
  {
   "price": "1.1699",
   "amount": "19.75849682"
  },
  {
   "price": "1.17",
   "amount": "42.311171"
  },
  {
   "price": "1.2",
   "amount": "100"
  },
  {
   "price": "123.46",
   "amount": "11.976"
  }
 ]
}