{
 "pair": "ethf0:ustf0",
 "bids": [
  {
   "price": "145.12",
   "amount": "19.17"
  },
  {
   "price": "145.1",
   "amount": "38.341"
  },
  {
   "price": "145.07",
   "amount": "57.513"
  },
  {
   "price": "145.02",
   "amount": "76.682"
  },
  {
   "price": "144.96",
   "amount": "115.027"
  },
  {
   "price": "144.85",
   "amount": "153.365"
  },
  {
   "price": "144.77",
   "amount": "1"
  },
  {
   "price": "144.69",
   "amount": "191.711"
  },
  {
   "price": "144.68",
   "amount": "1.583"
  },
  {
   "price": "144.65",
   "amount": "1.218"
  },
  {
   "price": "144.42",
   "amount": "230.054"
  },
  {
   "price": "144.14",
   "amount": "268.389"
  },
  {
   "price": "143.6",
   "amount": "306.739"
  },
  {
   "price": "133.82",
   "amount": "1"
  },
  {
   "price": "133.66",
   "amount": "0.12"
  },
  {
   "price": "130.01",
   "amount": "92.138"
  },
  {
   "price": "130",
   "amount": "98.656"
  },
  {
   "price": "125",
   "amount": "20"
  },
  {
   "price": "120.01",
   "amount": "92.138"
  },
  {
   "price": "120",
   "amount": "100"
  },
  {
   "price": "112.28",
   "amount": "2"
  },
  {
   "price": "110",
   "amount": "100"
  },
  {
   "price": "109.57",
   "amount": "4"
  },
  {
   "price": "104.92",
   "amount": "8"
  },
  {
   "price": "104.75",
   "amount": "2"
  }
 ],
 "asks": [
  {
   "price": "145.3",
   "amount": "19.17"
  },
  {
   "price": "145.32",
   "amount": "38.341"
  },
  {
   "price": "145.35",
   "amount": "57.511"
  },
  {
   "price": "145.4",
   "amount": "9.585"
  },
  {
   "price": "145.41",
   "amount": "78.393"
  },
  {
   "price": "145.45",
   "amount": "1.732"
  },
  {
   "price": "145.46",
   "amount": "115.023"
  },
  {
   "price": "145.49",
   "amount": "2.548"
  },
  {
   "price": "145.57",
   "amount": "153.365"
  },
  {
   "price": "145.73",
   "amount": "191.706"
  },
  {
   "price": "146.01",
   "amount": "230.047"
  },
  {
   "price": "146.28",
   "amount": "268.389"
  },
  {
   "price": "146.82",
   "amount": "306.73"
  },
  {
   "price": "147.24",
   "amount": "5"
  },
  {
   "price": "224.34",
   "amount": "2"
  },
  {
   "price": "225",
   "amount": "20"
  },
  {
   "price": "235.2",
   "amount": "2"
  },
  {
   "price": "248.68",
   "amount": "2"
  },
  {
   "price": "249.99",
   "amount": "38.34"
  },
  {
   "price": "250",
   "amount": "120"
  },
  {
   "price": "261.3",
   "amount": "50"
  },
  {
   "price": "264.82",
   "amount": "2"
  },
  {
   "price": "271.08",
   "amount": "2"
  },
  {
   "price": "275",
   "amount": "100"
  },
  {
   "price": "279.45",
   "amount": "50"
  }
 ]
}