{
 "pair": "mtnbtc",
 "bids": [
  {
   "price": "3.6e-7",
   "amount": "111111"
  },
  {
   "price": "2.9e-7",
   "amount": "49799.31719664"
  },
  {
   "price": "1.9e-7",
   "amount": "10000"
  },
  {
   "price": "1.1e-7",
   "amount": "220000"
  },
  {
   "price": "1e-7",
   "amount": "250000"
  },
  {
   "price": "9e-8",
   "amount": "10000"
  },
  {
   "price": "8e-8",
   "amount": "200000"
  },
  {
   "price": "6e-8",
   "amount": "200000"
  },
  {
   "price": "5e-8",
   "amount": "240000"
  },
  {
   "price": "4e-8",
   "amount": "325000"
  },
  {
   "price": "3e-8",
   "amount": "400000"
  },
  {
   "price": "2e-8",
   "amount": "400000"
  },
  {
   "price": "1e-8",
   "amount": "800000"
  }
 ],
 "asks": [
  {
   "price": "5.4e-7",
   "amount": "1497.158628"
  },
  {
   "price": "7e-7",
   "amount": "58843.49132446"
  },
  {
   "price": "8e-7",
   "amount": "1998.106415"
  },
  {
   "price": "0.000001",
   "amount": "1998"
  },
  {
   "price": "0.00000114",
   "amount": "11593.12128524"
  },
  {
   "price": "0.00000116",
   "amount": "100000"
  },
  {
   "price": "0.00000118",
   "amount": "31231.56295568"
  },
  {
   "price": "0.00000126",
   "amount": "122213.92220327"
  },
  {
   "price": "0.0000014",
   "amount": "19376.8659095"
  },
  {
   "price": "0.00000153",
   "amount": "27301.28373259"
  },
  {
   "price": "0.00000168",
   "amount": "20499.3347897"
  },
  {
   "price": "0.00000179",
   "amount": "15841.44165245"
  },
  {
   "price": "0.0000018",
   "amount": "5000"
  },
  {
   "price": "0.00000195",
   "amount": "21668.03251035"
  },
  {
   "price": "0.00000232",
   "amount": "50000"
  },
  {
   "price": "0.00000252",
   "amount": "50000"
  },
  {
   "price": "0.0000026",
   "amount": "8000"
  },
  {
   "price": "0.00000275",
   "amount": "2500"
  },
  {
   "price": "0.0000029",
   "amount": "20291.51612413"
  },
  {
   "price": "0.000003",
   "amount": "1000"
  },
  {
   "price": "0.00000309",
   "amount": "3404.9144"
  },
  {
   "price": "0.0000038",
   "amount": "5000"
  },
  {
   "price": "0.00000464",
   "amount": "25000"
  },
  {
   "price": "0.00000504",
   "amount": "25000"
  },
  {
   "price": "0.00000528",
   "amount": "2897.1"
  }
 ]
}