{
 "pair": "xmrusd",
 "bids": [
  {
   "price": "53.591",
   "amount": "2"
  },
  {
   "price": "53.59",
   "amount": "11.10142811"
  },
  {
   "price": "53.557",
   "amount": "5.03"
  },
  {
   "price": "53.486",
   "amount": "60"
  },
  {
   "price": "53.466",
   "amount": "56.91"
  },
  {
   "price": "53.463",
   "amount": "8.32258325"
  },
  {
   "price": "53.459",
   "amount": "66.33019323"
  },
  {
   "price": "53.447",
   "amount": "10"
  },
  {
   "price": "53.394",
   "amount": "67.27288791"
  },
  {
   "price": "53.393",
   "amount": "72.66051702"
  },
  {
   "price": "53.377",
   "amount": "305.46702781"
  },
  {
   "price": "53.355",
   "amount": "60.81452993"
  },
  {
   "price": "53.164",
   "amount": "290.19"
  },
  {
   "price": "53.141",
   "amount": "331.81"
  },
  {
   "price": "53.112",
   "amount": "571.6"
  },
  {
   "price": "53.094",
   "amount": "1400"
  },
  {
   "price": "53.083",
   "amount": "428.602"
  },
  {
   "price": "53.074",
   "amount": "290.72"
  },
  {
   "price": "53.072",
   "amount": "0.24070742"
  },
  {
   "price": "52.981",
   "amount": "5.66240728"
  },
  {
   "price": "52.98",
   "amount": "553.629"
  },
  {
   "price": "52.901",
   "amount": "28.93948763"
  },
  {
   "price": "52.9",
   "amount": "0.661"
  },
  {
   "price": "52.843",
   "amount": "715.128"
  },
  {
   "price": "52.8",
   "amount": "0.5"
  }
 ],
 "asks": [
  {
   "price": "53.742",
   "amount": "0.588941"
  },
  {
   "price": "53.743",
   "amount": "3"
  },
  {
   "price": "53.761",
   "amount": "3.51"
  },
  {
   "price": "53.762",
   "amount": "8.78766867"
  },
  {
   "price": "53.776",
   "amount": "5.47"
  },
  {
   "price": "53.79",
   "amount": "5.41"
  },
  {
   "price": "53.829",
   "amount": "60"
  },
  {
   "price": "53.85",
   "amount": "0.529604"
  },
  {
   "price": "53.852",
   "amount": "72.1086665"
  },
  {
   "price": "53.853",
   "amount": "56.9"
  },
  {
   "price": "53.868",
   "amount": "11"
  },
  {
   "price": "53.88",
   "amount": "10"
  },
  {
   "price": "53.884",
   "amount": "36.31311028"
  },
  {
   "price": "53.886",
   "amount": "1.89289974"
  },
  {
   "price": "53.927",
   "amount": "61.28902971"
  },
  {
   "price": "53.943",
   "amount": "0.24070742"
  },
  {
   "price": "53.992",
   "amount": "0.72988876"
  },
  {
   "price": "54",
   "amount": "200.588941"
  },
  {
   "price": "54.02",
   "amount": "1"
  },
  {
   "price": "54.053",
   "amount": "571.59"
  },
  {
   "price": "54.13",
   "amount": "13"
  },
  {
   "price": "54.178",
   "amount": "290.18"
  },
  {
   "price": "54.206",
   "amount": "1374.33330584"
  },
  {
   "price": "54.207",
   "amount": "1.00845069"
  },
  {
   "price": "54.222",
   "amount": "1"
  }
 ]
}