{
 "pair": "babbtc",
 "bids": [
  {
   "price": "0.028529",
   "amount": "3.09546284"
  },
  {
   "price": "0.028528",
   "amount": "0.86913476"
  },
  {
   "price": "0.028522",
   "amount": "1.25"
  },
  {
   "price": "0.028521",
   "amount": "2.35431"
  },
  {
   "price": "0.028506",
   "amount": "1.08841757"
  },
  {
   "price": "0.028505",
   "amount": "2.14822486"
  },
  {
   "price": "0.028504",
   "amount": "0.942"
  },
  {
   "price": "0.0285",
   "amount": "23.56919324"
  },
  {
   "price": "0.028493",
   "amount": "4.29637673"
  },
  {
   "price": "0.02849",
   "amount": "19.42178"
  },
  {
   "price": "0.02848",
   "amount": "33.9553"
  },
  {
   "price": "0.028471",
   "amount": "18.84172573"
  },
  {
   "price": "0.02847",
   "amount": "19.36938"
  },
  {
   "price": "0.02846",
   "amount": "39.38612"
  },
  {
   "price": "0.028451",
   "amount": "11.31979153"
  },
  {
   "price": "0.02845",
   "amount": "9.69306"
  },
  {
   "price": "0.028448",
   "amount": "74.999"
  },
  {
   "price": "0.028447",
   "amount": "25.57943555"
  },
  {
   "price": "0.028423",
   "amount": "5.8"
  },
  {
   "price": "0.028414",
   "amount": "4"
  },
  {
   "price": "0.028411",
   "amount": "12"
  },
  {
   "price": "0.028392",
   "amount": "16.12030361"
  },
  {
   "price": "0.028391",
   "amount": "24.07"
  },
  {
   "price": "0.028345",
   "amount": "238.17"
  },
  {
   "price": "0.028339",
   "amount": "3.77"
  }
 ],
 "asks": [
  {
   "price": "0.028547",
   "amount": "1.25"
  },
  {
   "price": "0.028548",
   "amount": "2"
  },
  {
   "price": "0.028551",
   "amount": "24.15"
  },
  {
   "price": "0.028561",
   "amount": "5.241753"
  },
  {
   "price": "0.028562",
   "amount": "3.10879533"
  },
  {
   "price": "0.028563",
   "amount": "8.21431972"
  },
  {
   "price": "0.028565",
   "amount": "11.14988495"
  },
  {
   "price": "0.028566",
   "amount": "0.874"
  },
  {
   "price": "0.028573",
   "amount": "1.214"
  },
  {
   "price": "0.028575",
   "amount": "0.73667739"
  },
  {
   "price": "0.028579",
   "amount": "0.849"
  },
  {
   "price": "0.028582",
   "amount": "2.14850773"
  },
  {
   "price": "0.02859",
   "amount": "19.37616"
  },
  {
   "price": "0.028598",
   "amount": "20"
  },
  {
   "price": "0.028599",
   "amount": "74.999"
  },
  {
   "price": "0.0286",
   "amount": "25.37493"
  },
  {
   "price": "0.028621",
   "amount": "16.21338161"
  },
  {
   "price": "0.028622",
   "amount": "24.06"
  },
  {
   "price": "0.02863",
   "amount": "19.26534"
  },
  {
   "price": "0.02864",
   "amount": "23.15363978"
  },
  {
   "price": "0.028662",
   "amount": "12"
  },
  {
   "price": "0.028669",
   "amount": "238.16"
  },
  {
   "price": "0.028672",
   "amount": "12"
  },
  {
   "price": "0.02868",
   "amount": "9.63131"
  },
  {
   "price": "0.02869",
   "amount": "9.64336"
  }
 ]
}