{
 "pair": "wbteth",
 "bids": [
  {
   "price": "48.001",
   "amount": "0.00904011"
  },
  {
   "price": "47.5",
   "amount": "0.14947"
  },
  {
   "price": "30",
   "amount": "0.016"
  },
  {
   "price": "0.1",
   "amount": "3"
  },
  {
   "price": "0.01",
   "amount": "10"
  }
 ],
 "asks": [
  {
   "price": "49.8",
   "amount": "0.28787"
  },
  {
   "price": "50",
   "amount": "0.09342"
  },
  {
   "price": "50.5",
   "amount": "0.15"
  },
  {
   "price": "51",
   "amount": "0.15"
  },
  {
   "price": "51.5",
   "amount": "0.15"
  },
  {
   "price": "53",
   "amount": "0.15"
  },
  {
   "price": "54.5",
   "amount": "0.15"
  },
  {
   "price": "55",
   "amount": "0.15"
  },
  {
   "price": "57",
   "amount": "0.1"
  },
  {
   "price": "61.2",
   "amount": "0.1"
  }
 ]
}