{
 "pair": "goteth",
 "bids": [
  {
   "price": "0.001",
   "amount": "24"
  },
  {
   "price": "0.00063008",
   "amount": "285.67800914"
  },
  {
   "price": "0.00063007",
   "amount": "2618.75664608"
  },
  {
   "price": "0.00063",
   "amount": "400"
  },
  {
   "price": "0.00062",
   "amount": "1778.4"
  },
  {
   "price": "0.000013",
   "amount": "500"
  },
  {
   "price": "0.00001082",
   "amount": "27000"
  },
  {
   "price": "0.00001081",
   "amount": "7919.71140472"
  },
  {
   "price": "0.00000801",
   "amount": "26807.23470662"
  },
  {
   "price": "8e-7",
   "amount": "10000"
  }
 ],
 "asks": [
  {
   "price": "0.0014088",
   "amount": "232.04076077"
  },
  {
   "price": "0.00141",
   "amount": "224.75"
  },
  {
   "price": "0.00191",
   "amount": "159.38538205"
  },
  {
   "price": "0.00221",
   "amount": "133.45016077"
  },
  {
   "price": "0.0047",
   "amount": "125.040398"
  },
  {
   "price": "0.0048852",
   "amount": "300"
  },
  {
   "price": "0.0069",
   "amount": "43.6348985"
  },
  {
   "price": "0.0071658",
   "amount": "199.5"
  },
  {
   "price": "0.0077142",
   "amount": "1650"
  },
  {
   "price": "0.0097142",
   "amount": "1650"
  },
  {
   "price": "0.012714",
   "amount": "1650"
  },
  {
   "price": "0.015714",
   "amount": "1650"
  },
  {
   "price": "1.4571",
   "amount": "21.978"
  }
 ]
}