{
 "pair": "xchusd",
 "bids": [
  {
   "price": "1.0089",
   "amount": "4305.46598"
  },
  {
   "price": "1.0039",
   "amount": "4735.6712"
  },
  {
   "price": "0.9988",
   "amount": "5208.86282"
  },
  {
   "price": "0.97825",
   "amount": "306.6700741"
  },
  {
   "price": "0.97824",
   "amount": "463.70595629"
  },
  {
   "price": "0.0945",
   "amount": "4"
  },
  {
   "price": "0.00098",
   "amount": "10000"
  },
  {
   "price": "0.0001",
   "amount": "6000"
  },
  {
   "price": "0.00001",
   "amount": "30000"
  },
  {
   "price": "0.0000011",
   "amount": "570000"
  },
  {
   "price": "0.000001",
   "amount": "30000"
  },
  {
   "price": "1e-7",
   "amount": "150000"
  }
 ],
 "asks": [
  {
   "price": "1.0218",
   "amount": "4283.68688"
  },
  {
   "price": "1.0269",
   "amount": "4734.20616"
  },
  {
   "price": "1.032",
   "amount": "5232.10697"
  },
  {
   "price": "1.085",
   "amount": "27.64191922"
  },
  {
   "price": "1.5",
   "amount": "50"
  }
 ]
}