{
 "pair": "inteth",
 "bids": [
  {
   "price": "0.00012501",
   "amount": "399.96800255"
  },
  {
   "price": "0.000125",
   "amount": "120"
  },
  {
   "price": "0.000123",
   "amount": "400"
  },
  {
   "price": "0.000111",
   "amount": "500"
  },
  {
   "price": "0.00011042",
   "amount": "1630.13946749"
  },
  {
   "price": "0.00011033",
   "amount": "3000"
  },
  {
   "price": "0.000102",
   "amount": "3000"
  },
  {
   "price": "0.00009301",
   "amount": "6384.05113007"
  },
  {
   "price": "0.00008501",
   "amount": "5606.94647058"
  },
  {
   "price": "0.00008101",
   "amount": "1749.9"
  },
  {
   "price": "0.00008013",
   "amount": "99.36131432"
  },
  {
   "price": "0.00008012",
   "amount": "1256"
  },
  {
   "price": "0.0000751",
   "amount": "6637.816245"
  },
  {
   "price": "0.00007013",
   "amount": "1877"
  },
  {
   "price": "0.00006025",
   "amount": "1798"
  },
  {
   "price": "0.00006013",
   "amount": "1569"
  },
  {
   "price": "0.0000601",
   "amount": "4907.60239335"
  },
  {
   "price": "0.00000791",
   "amount": "1000"
  },
  {
   "price": "3e-7",
   "amount": "10000"
  }
 ],
 "asks": [
  {
   "price": "0.0001685",
   "amount": "3058.87874366"
  },
  {
   "price": "0.0001796",
   "amount": "3437.454554"
  },
  {
   "price": "0.0001989",
   "amount": "1500"
  },
  {
   "price": "0.0002224",
   "amount": "3000"
  },
  {
   "price": "0.0002449",
   "amount": "1500"
  },
  {
   "price": "0.0002698",
   "amount": "2000"
  },
  {
   "price": "0.0002929",
   "amount": "5130.65892659"
  },
  {
   "price": "0.000295",
   "amount": "1998"
  },
  {
   "price": "0.0003498",
   "amount": "3500"
  },
  {
   "price": "0.0003979",
   "amount": "9984"
  },
  {
   "price": "0.0004987",
   "amount": "9727"
  },
  {
   "price": "0.0005977",
   "amount": "9927"
  },
  {
   "price": "0.0006889",
   "amount": "9427"
  },
  {
   "price": "0.0008222",
   "amount": "6142.329998"
  },
  {
   "price": "0.000825",
   "amount": "3580.979"
  },
  {
   "price": "0.0009798",
   "amount": "9843"
  },
  {
   "price": "0.0012",
   "amount": "399.2"
  },
  {
   "price": "0.002048",
   "amount": "180"
  },
  {
   "price": "0.036245",
   "amount": "847.907244"
  }
 ]
}