{
 "pair": "sanusd",
 "bids": [
  {
   "price": "0.229",
   "amount": "40.46616949"
  },
  {
   "price": "0.2289",
   "amount": "1816.920031"
  },
  {
   "price": "0.22501",
   "amount": "52.17127704"
  },
  {
   "price": "0.225",
   "amount": "6050.690056"
  },
  {
   "price": "0.216",
   "amount": "400"
  },
  {
   "price": "0.21555",
   "amount": "190"
  },
  {
   "price": "0.21107",
   "amount": "50"
  },
  {
   "price": "0.21001",
   "amount": "1428.5034046"
  },
  {
   "price": "0.21",
   "amount": "9332.02130243"
  },
  {
   "price": "0.20977",
   "amount": "5000"
  },
  {
   "price": "0.205",
   "amount": "50"
  },
  {
   "price": "0.2001",
   "amount": "40"
  },
  {
   "price": "0.2",
   "amount": "1710"
  },
  {
   "price": "0.192",
   "amount": "1613.329846"
  },
  {
   "price": "0.1911",
   "amount": "10000"
  },
  {
   "price": "0.185",
   "amount": "800"
  },
  {
   "price": "0.18312",
   "amount": "54.60899956"
  },
  {
   "price": "0.18",
   "amount": "100"
  },
  {
   "price": "0.17887",
   "amount": "1933.05820557"
  },
  {
   "price": "0.17165",
   "amount": "5945.95781994"
  },
  {
   "price": "0.17163",
   "amount": "5198.21756672"
  },
  {
   "price": "0.17118",
   "amount": "2350"
  },
  {
   "price": "0.17092",
   "amount": "100"
  },
  {
   "price": "0.16372",
   "amount": "4777.61272815"
  },
  {
   "price": "0.16",
   "amount": "800"
  }
 ],
 "asks": [
  {
   "price": "0.24497",
   "amount": "54.95725496"
  },
  {
   "price": "0.24498",
   "amount": "282.63192651"
  },
  {
   "price": "0.245",
   "amount": "1.56200224"
  },
  {
   "price": "0.25299",
   "amount": "950"
  },
  {
   "price": "0.253",
   "amount": "856.722751"
  },
  {
   "price": "0.255",
   "amount": "311.410989"
  },
  {
   "price": "0.26",
   "amount": "252.04771855"
  },
  {
   "price": "0.26399",
   "amount": "487.5505853"
  },
  {
   "price": "0.264",
   "amount": "150"
  },
  {
   "price": "0.269",
   "amount": "155"
  },
  {
   "price": "0.27",
   "amount": "20"
  },
  {
   "price": "0.275",
   "amount": "122.43615398"
  },
  {
   "price": "0.281",
   "amount": "20"
  },
  {
   "price": "0.284",
   "amount": "128"
  },
  {
   "price": "0.289",
   "amount": "80"
  },
  {
   "price": "0.292",
   "amount": "322"
  },
  {
   "price": "0.297",
   "amount": "21.41447"
  },
  {
   "price": "0.299",
   "amount": "1071.409"
  },
  {
   "price": "0.2995",
   "amount": "333.92"
  },
  {
   "price": "0.2997",
   "amount": "135"
  },
  {
   "price": "0.3",
   "amount": "109.9"
  },
  {
   "price": "0.3025",
   "amount": "330.61"
  },
  {
   "price": "0.3046",
   "amount": "6243"
  },
  {
   "price": "0.305",
   "amount": "100"
  },
  {
   "price": "0.312",
   "amount": "580"
  }
 ]
}