{
 "pair": "vetusd",
 "bids": [
  {
   "price": "0.0061789",
   "amount": "44935.08466926"
  },
  {
   "price": "0.0061786",
   "amount": "503575.88567604"
  },
  {
   "price": "0.0060601",
   "amount": "49504.13359516"
  },
  {
   "price": "0.00606",
   "amount": "5550"
  },
  {
   "price": "0.0059301",
   "amount": "258162.22914453"
  },
  {
   "price": "0.00593",
   "amount": "17923.741598"
  },
  {
   "price": "0.0059",
   "amount": "66487.27350046"
  },
  {
   "price": "0.0058",
   "amount": "100000"
  },
  {
   "price": "0.0055",
   "amount": "200000"
  },
  {
   "price": "0.00528",
   "amount": "31302.115765"
  },
  {
   "price": "0.00501",
   "amount": "152346.894229"
  },
  {
   "price": "0.0050088",
   "amount": "4654.93069"
  },
  {
   "price": "0.005",
   "amount": "5000"
  },
  {
   "price": "0.0048835",
   "amount": "1620.705655"
  },
  {
   "price": "0.00484",
   "amount": "2062.40848062"
  },
  {
   "price": "0.0048",
   "amount": "570"
  },
  {
   "price": "0.00412",
   "amount": "2836.966019"
  },
  {
   "price": "0.0039",
   "amount": "4800"
  },
  {
   "price": "0.00389",
   "amount": "3000"
  },
  {
   "price": "0.0038673",
   "amount": "129289"
  },
  {
   "price": "0.00381",
   "amount": "10104.264607"
  },
  {
   "price": "0.0035",
   "amount": "3000"
  },
  {
   "price": "0.003301",
   "amount": "2062.54"
  },
  {
   "price": "0.0033",
   "amount": "38800"
  },
  {
   "price": "0.0032",
   "amount": "5000"
  }
 ],
 "asks": [
  {
   "price": "0.006508",
   "amount": "142263.05731933"
  },
  {
   "price": "0.0065082",
   "amount": "70447.81977666"
  },
  {
   "price": "0.0065088",
   "amount": "21903.75"
  },
  {
   "price": "0.00674",
   "amount": "25980"
  },
  {
   "price": "0.0067451",
   "amount": "562290.10124"
  },
  {
   "price": "0.0068",
   "amount": "41695.483115"
  },
  {
   "price": "0.007",
   "amount": "20000"
  },
  {
   "price": "0.0073897",
   "amount": "4245.45741722"
  },
  {
   "price": "0.0073898",
   "amount": "3990"
  },
  {
   "price": "0.0074749",
   "amount": "1718"
  },
  {
   "price": "0.0074751",
   "amount": "4444"
  },
  {
   "price": "0.0079999",
   "amount": "5687.5247763"
  },
  {
   "price": "0.008",
   "amount": "148851"
  },
  {
   "price": "0.00849",
   "amount": "31184.68"
  },
  {
   "price": "0.0085",
   "amount": "22612.68"
  },
  {
   "price": "0.0088",
   "amount": "9990.00048085"
  },
  {
   "price": "0.008948",
   "amount": "100000"
  },
  {
   "price": "0.00895",
   "amount": "674077.23123585"
  },
  {
   "price": "0.009",
   "amount": "72034.027593"
  },
  {
   "price": "0.009072",
   "amount": "500000"
  },
  {
   "price": "0.0093003",
   "amount": "33116.866239"
  },
  {
   "price": "0.00939",
   "amount": "7000"
  },
  {
   "price": "0.0094",
   "amount": "43756.2"
  },
  {
   "price": "0.00945",
   "amount": "15984"
  },
  {
   "price": "0.0095",
   "amount": "158112.87858458"
  }
 ]
}