{
 "pair": "rifbtc",
 "bids": [
  {
   "price": "0.00000767",
   "amount": "201.47109714"
  },
  {
   "price": "0.00000755",
   "amount": "201.47109714"
  },
  {
   "price": "0.00000753",
   "amount": "3490"
  },
  {
   "price": "0.00000743",
   "amount": "1141.47109714"
  },
  {
   "price": "0.00000732",
   "amount": "101.79109714"
  },
  {
   "price": "0.00000721",
   "amount": "105.37109714"
  },
  {
   "price": "0.00000709",
   "amount": "201.47109714"
  },
  {
   "price": "0.00000699",
   "amount": "201.47109714"
  },
  {
   "price": "0.0000066",
   "amount": "602"
  },
  {
   "price": "0.00000634",
   "amount": "712"
  },
  {
   "price": "0.0000055",
   "amount": "1200"
  },
  {
   "price": "0.00000502",
   "amount": "1324"
  },
  {
   "price": "0.00000476",
   "amount": "2534"
  },
  {
   "price": "0.00000415",
   "amount": "514"
  },
  {
   "price": "0.00000414",
   "amount": "9331.38220273"
  },
  {
   "price": "0.00000369",
   "amount": "678"
  },
  {
   "price": "0.00000321",
   "amount": "145"
  },
  {
   "price": "0.00000317",
   "amount": "10671.19651652"
  },
  {
   "price": "0.00000243",
   "amount": "20000"
  },
  {
   "price": "0.00000201",
   "amount": "10000"
  },
  {
   "price": "0.00000149",
   "amount": "20000"
  },
  {
   "price": "0.00000118",
   "amount": "3717.19028"
  },
  {
   "price": "0.00000115",
   "amount": "10000"
  },
  {
   "price": "0.000001",
   "amount": "30000"
  },
  {
   "price": "9.1e-7",
   "amount": "20000"
  }
 ],
 "asks": [
  {
   "price": "0.00000791",
   "amount": "201.47109714"
  },
  {
   "price": "0.00000802",
   "amount": "31560"
  },
  {
   "price": "0.00000803",
   "amount": "201.47109714"
  },
  {
   "price": "0.00000804",
   "amount": "2980"
  },
  {
   "price": "0.00000805",
   "amount": "2520"
  },
  {
   "price": "0.00000816",
   "amount": "1201.47109714"
  },
  {
   "price": "0.00000828",
   "amount": "201.47109714"
  },
  {
   "price": "0.00000841",
   "amount": "201.47109714"
  },
  {
   "price": "0.00000855",
   "amount": "187.15300369"
  },
  {
   "price": "0.00000868",
   "amount": "201.47109714"
  },
  {
   "price": "0.00000882",
   "amount": "201.47109714"
  },
  {
   "price": "0.00000895",
   "amount": "201.47109714"
  },
  {
   "price": "0.000009",
   "amount": "200"
  },
  {
   "price": "0.00000909",
   "amount": "201.47109714"
  },
  {
   "price": "0.0000091",
   "amount": "99.810178"
  },
  {
   "price": "0.00000921",
   "amount": "1594.132197"
  },
  {
   "price": "0.00000924",
   "amount": "201.47109714"
  },
  {
   "price": "0.00000938",
   "amount": "201.47109714"
  },
  {
   "price": "0.00000953",
   "amount": "201.47109714"
  },
  {
   "price": "0.0000096",
   "amount": "100"
  },
  {
   "price": "0.00000968",
   "amount": "201.47109714"
  },
  {
   "price": "0.00000983",
   "amount": "201.47109714"
  },
  {
   "price": "0.00000984",
   "amount": "6847.79273746"
  },
  {
   "price": "0.00000998",
   "amount": "201.47109714"
  },
  {
   "price": "0.00001001",
   "amount": "140"
  }
 ]
}