{
 "pair": "rcnusd",
 "bids": [
  {
   "price": "0.0385",
   "amount": "1979"
  },
  {
   "price": "0.034001",
   "amount": "3953.01537615"
  },
  {
   "price": "0.034",
   "amount": "495"
  },
  {
   "price": "0.030304",
   "amount": "2249.691876"
  },
  {
   "price": "0.0302",
   "amount": "14500"
  },
  {
   "price": "0.0281",
   "amount": "12830"
  },
  {
   "price": "0.025",
   "amount": "1281"
  },
  {
   "price": "0.021",
   "amount": "700"
  },
  {
   "price": "0.0196",
   "amount": "600"
  },
  {
   "price": "0.019234",
   "amount": "501.211685"
  },
  {
   "price": "0.016122",
   "amount": "1884.163993"
  },
  {
   "price": "0.0151",
   "amount": "500"
  },
  {
   "price": "0.0131",
   "amount": "4126.564886"
  },
  {
   "price": "0.0121",
   "amount": "30000"
  },
  {
   "price": "0.011",
   "amount": "20000"
  },
  {
   "price": "0.01",
   "amount": "1138"
  },
  {
   "price": "0.006031",
   "amount": "1354"
  },
  {
   "price": "0.003236",
   "amount": "1000"
  },
  {
   "price": "0.0031",
   "amount": "5000"
  },
  {
   "price": "0.002626",
   "amount": "1000"
  },
  {
   "price": "0.00211",
   "amount": "2000"
  },
  {
   "price": "0.0019525",
   "amount": "2560.82"
  },
  {
   "price": "0.0018",
   "amount": "250"
  },
  {
   "price": "0.0013434",
   "amount": "1000"
  },
  {
   "price": "0.0012",
   "amount": "9000"
  }
 ],
 "asks": [
  {
   "price": "0.059786",
   "amount": "558.15242421"
  },
  {
   "price": "0.059787",
   "amount": "810.10742084"
  },
  {
   "price": "0.059788",
   "amount": "810.10742083"
  },
  {
   "price": "0.0647",
   "amount": "2996.58"
  },
  {
   "price": "0.07",
   "amount": "2000"
  },
  {
   "price": "0.070458",
   "amount": "300"
  },
  {
   "price": "0.071425",
   "amount": "375.76135429"
  },
  {
   "price": "0.075545",
   "amount": "300"
  },
  {
   "price": "0.076",
   "amount": "138"
  },
  {
   "price": "0.0765",
   "amount": "350"
  },
  {
   "price": "0.08",
   "amount": "1000"
  },
  {
   "price": "0.080632",
   "amount": "300"
  },
  {
   "price": "0.085718",
   "amount": "300"
  },
  {
   "price": "0.089",
   "amount": "3000"
  },
  {
   "price": "0.09",
   "amount": "1000"
  },
  {
   "price": "0.090805",
   "amount": "300"
  },
  {
   "price": "0.095892",
   "amount": "300"
  },
  {
   "price": "0.09876",
   "amount": "474.32391226"
  },
  {
   "price": "0.1",
   "amount": "3004.495"
  },
  {
   "price": "0.10097",
   "amount": "300"
  },
  {
   "price": "0.10606",
   "amount": "300"
  },
  {
   "price": "0.10855",
   "amount": "6038.110458"
  },
  {
   "price": "0.11",
   "amount": "449.55"
  },
  {
   "price": "0.11068",
   "amount": "2700"
  },
  {
   "price": "0.11115",
   "amount": "300"
  }
 ]
}