{
 "pair": "qshusd",
 "bids": [
  {
   "price": "0.043586",
   "amount": "6666"
  },
  {
   "price": "0.0435",
   "amount": "21057.98291"
  },
  {
   "price": "0.043",
   "amount": "100"
  },
  {
   "price": "0.04",
   "amount": "3000"
  },
  {
   "price": "0.037591",
   "amount": "7980.63366231"
  },
  {
   "price": "0.03759",
   "amount": "100"
  },
  {
   "price": "0.037469",
   "amount": "15000"
  },
  {
   "price": "0.033692",
   "amount": "20195.27410881"
  },
  {
   "price": "0.03369",
   "amount": "2000"
  },
  {
   "price": "0.032455",
   "amount": "16100"
  },
  {
   "price": "0.03243",
   "amount": "25841.76519171"
  },
  {
   "price": "0.03",
   "amount": "4045.6"
  },
  {
   "price": "0.02625",
   "amount": "27472.761911"
  },
  {
   "price": "0.026191",
   "amount": "50000"
  },
  {
   "price": "0.0243",
   "amount": "100"
  },
  {
   "price": "0.02198",
   "amount": "7000"
  },
  {
   "price": "0.021",
   "amount": "100"
  },
  {
   "price": "0.0205",
   "amount": "20000"
  },
  {
   "price": "0.020491",
   "amount": "24400.36112534"
  },
  {
   "price": "0.016",
   "amount": "100"
  },
  {
   "price": "0.01598",
   "amount": "48318.09049273"
  },
  {
   "price": "0.0151",
   "amount": "1506.64768212"
  },
  {
   "price": "0.01301",
   "amount": "1500"
  },
  {
   "price": "0.013",
   "amount": "1000"
  },
  {
   "price": "0.011882",
   "amount": "50000"
  }
 ],
 "asks": [
  {
   "price": "0.05472",
   "amount": "4500"
  },
  {
   "price": "0.054729",
   "amount": "6368.32501398"
  },
  {
   "price": "0.055",
   "amount": "100"
  },
  {
   "price": "0.056201",
   "amount": "272.900912"
  },
  {
   "price": "0.059133",
   "amount": "600"
  },
  {
   "price": "0.06",
   "amount": "212.787"
  },
  {
   "price": "0.069",
   "amount": "74804.635141"
  },
  {
   "price": "0.069997",
   "amount": "399.04213341"
  },
  {
   "price": "0.07",
   "amount": "199.9"
  },
  {
   "price": "0.07044",
   "amount": "100"
  },
  {
   "price": "0.07088",
   "amount": "100"
  },
  {
   "price": "0.0713",
   "amount": "96.79274"
  },
  {
   "price": "0.071321",
   "amount": "100"
  },
  {
   "price": "0.071761",
   "amount": "100"
  },
  {
   "price": "0.072201",
   "amount": "100"
  },
  {
   "price": "0.072641",
   "amount": "100"
  },
  {
   "price": "0.073081",
   "amount": "100"
  },
  {
   "price": "0.073522",
   "amount": "100"
  },
  {
   "price": "0.073962",
   "amount": "100"
  },
  {
   "price": "0.074402",
   "amount": "100"
  },
  {
   "price": "0.074842",
   "amount": "100"
  },
  {
   "price": "0.07485",
   "amount": "199.79999999"
  },
  {
   "price": "0.075282",
   "amount": "100"
  },
  {
   "price": "0.075723",
   "amount": "100"
  },
  {
   "price": "0.076163",
   "amount": "100"
  }
 ]
}