{
 "pair": "rlcbtc",
 "bids": [
  {
   "price": "0.00007968",
   "amount": "245.7002457"
  },
  {
   "price": "0.00007967",
   "amount": "221.77"
  },
  {
   "price": "0.00007951",
   "amount": "283.77"
  },
  {
   "price": "0.00007937",
   "amount": "8"
  },
  {
   "price": "0.00007935",
   "amount": "271.77"
  },
  {
   "price": "0.0000792",
   "amount": "253.77"
  },
  {
   "price": "0.00007904",
   "amount": "219.77"
  },
  {
   "price": "0.00007888",
   "amount": "256.77"
  },
  {
   "price": "0.00007872",
   "amount": "372.77"
  },
  {
   "price": "0.00007857",
   "amount": "220.77"
  },
  {
   "price": "0.00007841",
   "amount": "201.77"
  },
  {
   "price": "0.0000781",
   "amount": "223.77"
  },
  {
   "price": "0.00004641",
   "amount": "6307.79901317"
  },
  {
   "price": "0.0000464",
   "amount": "5656.60688496"
  },
  {
   "price": "0.00004541",
   "amount": "40"
  },
  {
   "price": "0.0000454",
   "amount": "1610.77"
  },
  {
   "price": "0.000041",
   "amount": "40"
  },
  {
   "price": "0.00003954",
   "amount": "1610.77"
  },
  {
   "price": "0.0000151",
   "amount": "10"
  },
  {
   "price": "0.0000111",
   "amount": "60"
  },
  {
   "price": "0.00001051",
   "amount": "10000"
  },
  {
   "price": "0.00001045",
   "amount": "265.84784689"
  },
  {
   "price": "0.0000101",
   "amount": "10"
  },
  {
   "price": "0.00001",
   "amount": "2537.26726536"
  },
  {
   "price": "0.0000081",
   "amount": "10"
  }
 ],
 "asks": [
  {
   "price": "0.00008192",
   "amount": "733.77"
  },
  {
   "price": "0.00008209",
   "amount": "331.77"
  },
  {
   "price": "0.00008218",
   "amount": "245.7002457"
  },
  {
   "price": "0.00008225",
   "amount": "693.77"
  },
  {
   "price": "0.000122",
   "amount": "30"
  },
  {
   "price": "0.00012491",
   "amount": "407.128905"
  },
  {
   "price": "0.000125",
   "amount": "5994"
  },
  {
   "price": "0.00013788",
   "amount": "392.07109475"
  },
  {
   "price": "0.000138",
   "amount": "300"
  },
  {
   "price": "0.000153",
   "amount": "399"
  },
  {
   "price": "0.00015878",
   "amount": "19.98"
  },
  {
   "price": "0.00016282",
   "amount": "300"
  },
  {
   "price": "0.0001645",
   "amount": "45.01291208"
  },
  {
   "price": "0.00016478",
   "amount": "19"
  },
  {
   "price": "0.00016882",
   "amount": "400"
  },
  {
   "price": "0.000169",
   "amount": "12"
  },
  {
   "price": "0.000177",
   "amount": "30"
  },
  {
   "price": "0.00018",
   "amount": "725"
  },
  {
   "price": "0.00018882",
   "amount": "300"
  },
  {
   "price": "0.00019",
   "amount": "248.83156935"
  },
  {
   "price": "0.00019452",
   "amount": "15.38865834"
  },
  {
   "price": "0.00019685",
   "amount": "600"
  },
  {
   "price": "0.00020675",
   "amount": "45.01291208"
  },
  {
   "price": "0.000207",
   "amount": "14"
  },
  {
   "price": "0.00020732",
   "amount": "500"
  }
 ]
}