{
 "pair": "etcbtc",
 "bids": [
  {
   "price": "0.00053033",
   "amount": "51.75932032"
  },
  {
   "price": "0.00053017",
   "amount": "50"
  },
  {
   "price": "0.00053016",
   "amount": "51.4"
  },
  {
   "price": "0.00053005",
   "amount": "36.6"
  },
  {
   "price": "0.00053",
   "amount": "38.833"
  },
  {
   "price": "0.00052989",
   "amount": "84.8136624"
  },
  {
   "price": "0.0005295",
   "amount": "180"
  },
  {
   "price": "0.00052939",
   "amount": "800"
  },
  {
   "price": "0.00052889",
   "amount": "100"
  },
  {
   "price": "0.0005286",
   "amount": "260"
  },
  {
   "price": "0.00052765",
   "amount": "640"
  },
  {
   "price": "0.00052727",
   "amount": "2070.80263516"
  },
  {
   "price": "0.00052726",
   "amount": "581.6"
  },
  {
   "price": "0.00052725",
   "amount": "2"
  },
  {
   "price": "0.00052699",
   "amount": "55"
  },
  {
   "price": "0.0005265",
   "amount": "5756.6"
  },
  {
   "price": "0.00052649",
   "amount": "18.83239171"
  },
  {
   "price": "0.00052564",
   "amount": "4652.1"
  },
  {
   "price": "0.00052517",
   "amount": "5845"
  },
  {
   "price": "0.00052502",
   "amount": "64.45152566"
  },
  {
   "price": "0.00052501",
   "amount": "6009.2"
  },
  {
   "price": "0.00052431",
   "amount": "470.60534798"
  },
  {
   "price": "0.0005243",
   "amount": "9310"
  },
  {
   "price": "0.0005234",
   "amount": "7757.7"
  },
  {
   "price": "0.00052282",
   "amount": "2927.9"
  }
 ],
 "asks": [
  {
   "price": "0.00053127",
   "amount": "80.43702594"
  },
  {
   "price": "0.00053128",
   "amount": "50"
  },
  {
   "price": "0.00053133",
   "amount": "581.5"
  },
  {
   "price": "0.00053142",
   "amount": "54.2"
  },
  {
   "price": "0.0005315",
   "amount": "38.078"
  },
  {
   "price": "0.00053154",
   "amount": "58.4"
  },
  {
   "price": "0.00053165",
   "amount": "52.1"
  },
  {
   "price": "0.0005319",
   "amount": "809.49415161"
  },
  {
   "price": "0.000532",
   "amount": "300"
  },
  {
   "price": "0.00053233",
   "amount": "1886.20688689"
  },
  {
   "price": "0.00053234",
   "amount": "5756.5"
  },
  {
   "price": "0.00053286",
   "amount": "100"
  },
  {
   "price": "0.00053305",
   "amount": "435.86313708"
  },
  {
   "price": "0.00053375",
   "amount": "44.955"
  },
  {
   "price": "0.00053435",
   "amount": "3.3"
  },
  {
   "price": "0.00053466",
   "amount": "5844.9"
  },
  {
   "price": "0.00053498",
   "amount": "195.803"
  },
  {
   "price": "0.000535",
   "amount": "15.6115174"
  },
  {
   "price": "0.00053512",
   "amount": "6"
  },
  {
   "price": "0.00053518",
   "amount": "18.85831746"
  },
  {
   "price": "0.00053561",
   "amount": "4649.5"
  },
  {
   "price": "0.00053658",
   "amount": "9310"
  },
  {
   "price": "0.00053664",
   "amount": "2927.8"
  },
  {
   "price": "0.00053674",
   "amount": "6009.2"
  },
  {
   "price": "0.00053734",
   "amount": "130.94222833"
  }
 ]
}