{
 "pair": "omgeth",
 "bids": [
  {
   "price": "0.0048821",
   "amount": "922.4899609"
  },
  {
   "price": "0.004856",
   "amount": "8"
  },
  {
   "price": "0.0048549",
   "amount": "426.77"
  },
  {
   "price": "0.0048484",
   "amount": "40.87471899"
  },
  {
   "price": "0.0047511",
   "amount": "347.28799646"
  },
  {
   "price": "0.004751",
   "amount": "35"
  },
  {
   "price": "0.004675",
   "amount": "23.695"
  },
  {
   "price": "0.0046331",
   "amount": "43600"
  },
  {
   "price": "0.0046305",
   "amount": "2000"
  },
  {
   "price": "0.0045002",
   "amount": "11.11059261"
  },
  {
   "price": "0.0045",
   "amount": "240"
  },
  {
   "price": "0.004395",
   "amount": "4.03"
  },
  {
   "price": "0.004302",
   "amount": "4041.84090692"
  },
  {
   "price": "0.004249",
   "amount": "38"
  },
  {
   "price": "0.004003",
   "amount": "1"
  },
  {
   "price": "0.0036",
   "amount": "100"
  },
  {
   "price": "0.003311",
   "amount": "1"
  },
  {
   "price": "0.003128",
   "amount": "0.8"
  },
  {
   "price": "0.0031213",
   "amount": "2"
  },
  {
   "price": "0.0031",
   "amount": "386.6"
  },
  {
   "price": "0.002733",
   "amount": "3"
  },
  {
   "price": "0.0027",
   "amount": "2"
  },
  {
   "price": "0.002514",
   "amount": "14.9495634"
  },
  {
   "price": "0.002511",
   "amount": "430.96523877"
  },
  {
   "price": "0.0021",
   "amount": "11"
  }
 ],
 "asks": [
  {
   "price": "0.0049409",
   "amount": "319.20720653"
  },
  {
   "price": "0.0052758",
   "amount": "59.59037266"
  },
  {
   "price": "0.0052768",
   "amount": "68.50799999"
  },
  {
   "price": "0.0054889",
   "amount": "10.00458667"
  },
  {
   "price": "0.005497",
   "amount": "30"
  },
  {
   "price": "0.0055",
   "amount": "20"
  },
  {
   "price": "0.005598",
   "amount": "13.78248019"
  },
  {
   "price": "0.005599",
   "amount": "50"
  },
  {
   "price": "0.0056",
   "amount": "50"
  },
  {
   "price": "0.005897",
   "amount": "25"
  },
  {
   "price": "0.005985",
   "amount": "150.85"
  },
  {
   "price": "0.0059999",
   "amount": "50"
  },
  {
   "price": "0.006",
   "amount": "49.95"
  },
  {
   "price": "0.006089",
   "amount": "400"
  },
  {
   "price": "0.006297",
   "amount": "23"
  },
  {
   "price": "0.006488",
   "amount": "65.974434"
  },
  {
   "price": "0.0065",
   "amount": "50"
  },
  {
   "price": "0.00655",
   "amount": "4"
  },
  {
   "price": "0.0066265",
   "amount": "43600"
  },
  {
   "price": "0.0066267",
   "amount": "1000"
  },
  {
   "price": "0.0067",
   "amount": "91.279667"
  },
  {
   "price": "0.007",
   "amount": "50"
  },
  {
   "price": "0.007022",
   "amount": "149.85"
  },
  {
   "price": "0.00712",
   "amount": "31.106528"
  },
  {
   "price": "0.0074",
   "amount": "10"
  }
 ]
}