{
 "pair": "btgusd",
 "bids": [
  {
   "price": "5.7049",
   "amount": "23.37172"
  },
  {
   "price": "5.7048",
   "amount": "34.99660318"
  },
  {
   "price": "5.6829",
   "amount": "170"
  },
  {
   "price": "5.6818",
   "amount": "77.91155418"
  },
  {
   "price": "5.6708",
   "amount": "191.74871796"
  },
  {
   "price": "5.6707",
   "amount": "100"
  },
  {
   "price": "5.6702",
   "amount": "100"
  },
  {
   "price": "5.6606",
   "amount": "100"
  },
  {
   "price": "5.658",
   "amount": "100"
  },
  {
   "price": "5.6498",
   "amount": "53.09922475"
  },
  {
   "price": "5.618",
   "amount": "14.2"
  },
  {
   "price": "5.6171",
   "amount": "272.54772659"
  },
  {
   "price": "5.6164",
   "amount": "0.801225"
  },
  {
   "price": "5.5708",
   "amount": "17.9507937"
  },
  {
   "price": "5.5459",
   "amount": "851.1"
  },
  {
   "price": "5.5458",
   "amount": "1"
  },
  {
   "price": "5.5388",
   "amount": "864.1"
  },
  {
   "price": "5.4647",
   "amount": "865.7"
  },
  {
   "price": "5.46",
   "amount": "0.8"
  },
  {
   "price": "5.3594",
   "amount": "428.2"
  },
  {
   "price": "5.2846",
   "amount": "433.2"
  },
  {
   "price": "5.2794",
   "amount": "427.1"
  },
  {
   "price": "5.2697",
   "amount": "432.8"
  },
  {
   "price": "5.2484",
   "amount": "300"
  },
  {
   "price": "5.2268",
   "amount": "428.1"
  }
 ],
 "asks": [
  {
   "price": "5.7369",
   "amount": "17.69735264"
  },
  {
   "price": "5.737",
   "amount": "200"
  },
  {
   "price": "5.7372",
   "amount": "166"
  },
  {
   "price": "5.742",
   "amount": "34.85391269"
  },
  {
   "price": "5.7571",
   "amount": "170"
  },
  {
   "price": "5.7572",
   "amount": "1.13886"
  },
  {
   "price": "5.7674",
   "amount": "186.2055837"
  },
  {
   "price": "5.7675",
   "amount": "100"
  },
  {
   "price": "5.7708",
   "amount": "77.89792332"
  },
  {
   "price": "5.7956",
   "amount": "58.52455229"
  },
  {
   "price": "5.7957",
   "amount": "851"
  },
  {
   "price": "5.7958",
   "amount": "17.59881736"
  },
  {
   "price": "5.83",
   "amount": "20"
  },
  {
   "price": "5.8399",
   "amount": "864"
  },
  {
   "price": "5.8791",
   "amount": "58.54558207"
  },
  {
   "price": "5.8792",
   "amount": "865.6"
  },
  {
   "price": "5.9116",
   "amount": "8.37822436"
  },
  {
   "price": "5.9117",
   "amount": "17.2538735"
  },
  {
   "price": "5.95",
   "amount": "8"
  },
  {
   "price": "5.9991",
   "amount": "428.1"
  },
  {
   "price": "6",
   "amount": "20"
  },
  {
   "price": "6.0299",
   "amount": "16.91560804"
  },
  {
   "price": "6.0367",
   "amount": "427"
  },
  {
   "price": "6.0942",
   "amount": "432.7"
  },
  {
   "price": "6.1",
   "amount": "67.41149"
  }
 ]
}