{
 "pair": "ethbtc",
 "bids": [
  {
   "price": "0.020066",
   "amount": "51.39597097"
  },
  {
   "price": "0.020065",
   "amount": "0.66078602"
  },
  {
   "price": "0.020063",
   "amount": "0.891"
  },
  {
   "price": "0.020062",
   "amount": "1.188"
  },
  {
   "price": "0.020061",
   "amount": "0.797"
  },
  {
   "price": "0.020059",
   "amount": "1.188"
  },
  {
   "price": "0.020058",
   "amount": "1.188"
  },
  {
   "price": "0.020057",
   "amount": "9.51264416"
  },
  {
   "price": "0.020054",
   "amount": "1.782"
  },
  {
   "price": "0.020053",
   "amount": "7.648"
  },
  {
   "price": "0.020052",
   "amount": "3"
  },
  {
   "price": "0.020051",
   "amount": "6.098"
  },
  {
   "price": "0.02005",
   "amount": "0.297"
  },
  {
   "price": "0.020049",
   "amount": "8.45917592"
  },
  {
   "price": "0.020048",
   "amount": "12.38661884"
  },
  {
   "price": "0.020047",
   "amount": "8.45846786"
  },
  {
   "price": "0.020045",
   "amount": "0.297"
  },
  {
   "price": "0.020043",
   "amount": "45.44501932"
  },
  {
   "price": "0.020042",
   "amount": "143.89"
  },
  {
   "price": "0.020041",
   "amount": "0.594"
  },
  {
   "price": "0.02004",
   "amount": "27.26734"
  },
  {
   "price": "0.020039",
   "amount": "16.64983708"
  },
  {
   "price": "0.020031",
   "amount": "21"
  },
  {
   "price": "0.02003",
   "amount": "35.63138"
  },
  {
   "price": "0.020025",
   "amount": "0.297"
  }
 ],
 "asks": [
  {
   "price": "0.020067",
   "amount": "0.783"
  },
  {
   "price": "0.020068",
   "amount": "2.1"
  },
  {
   "price": "0.020074",
   "amount": "0.27"
  },
  {
   "price": "0.020075",
   "amount": "1.36798225"
  },
  {
   "price": "0.020079",
   "amount": "0.81"
  },
  {
   "price": "0.020084",
   "amount": "5.46839152"
  },
  {
   "price": "0.020087",
   "amount": "0.1"
  },
  {
   "price": "0.020089",
   "amount": "30"
  },
  {
   "price": "0.020094",
   "amount": "5"
  },
  {
   "price": "0.020095",
   "amount": "4.15466025"
  },
  {
   "price": "0.020099",
   "amount": "7.866"
  },
  {
   "price": "0.0201",
   "amount": "60.16968"
  },
  {
   "price": "0.020102",
   "amount": "0.81"
  },
  {
   "price": "0.020105",
   "amount": "4.33"
  },
  {
   "price": "0.020107",
   "amount": "300"
  },
  {
   "price": "0.02011",
   "amount": "17.1952"
  },
  {
   "price": "0.020113",
   "amount": "12.8"
  },
  {
   "price": "0.020118",
   "amount": "42.23071646"
  },
  {
   "price": "0.020119",
   "amount": "43.25"
  },
  {
   "price": "0.02012",
   "amount": "34.58496"
  },
  {
   "price": "0.020124",
   "amount": "1.08"
  },
  {
   "price": "0.020127",
   "amount": "5.0179"
  },
  {
   "price": "0.020128",
   "amount": "24.54"
  },
  {
   "price": "0.02013",
   "amount": "17.19095"
  },
  {
   "price": "0.020131",
   "amount": "0.54"
  }
 ]
}