{
 "pair": "dshusd",
 "bids": [
  {
   "price": "50.374",
   "amount": "6.93315618"
  },
  {
   "price": "50.35",
   "amount": "2.961"
  },
  {
   "price": "50.346",
   "amount": "5.54"
  },
  {
   "price": "50.334",
   "amount": "3.45"
  },
  {
   "price": "50.304",
   "amount": "5"
  },
  {
   "price": "50.303",
   "amount": "9.59048609"
  },
  {
   "price": "50.245",
   "amount": "1.96"
  },
  {
   "price": "50.244",
   "amount": "8.85924003"
  },
  {
   "price": "50.161",
   "amount": "100.43665626"
  },
  {
   "price": "50.16",
   "amount": "39"
  },
  {
   "price": "50.151",
   "amount": "15"
  },
  {
   "price": "50.146",
   "amount": "19.99"
  },
  {
   "price": "50.072",
   "amount": "30"
  },
  {
   "price": "50.034",
   "amount": "5"
  },
  {
   "price": "50.009",
   "amount": "196.02"
  },
  {
   "price": "49.974",
   "amount": "11"
  },
  {
   "price": "49.939",
   "amount": "176.626"
  },
  {
   "price": "49.926",
   "amount": "11"
  },
  {
   "price": "49.892",
   "amount": "228.149"
  },
  {
   "price": "49.87",
   "amount": "0.85"
  },
  {
   "price": "49.851",
   "amount": "199.04"
  },
  {
   "price": "49.805",
   "amount": "294.703"
  },
  {
   "price": "49.783",
   "amount": "30.75202047"
  },
  {
   "price": "49.781",
   "amount": "6.02639561"
  },
  {
   "price": "49.78",
   "amount": "636"
  }
 ],
 "asks": [
  {
   "price": "50.459",
   "amount": "2.04612461"
  },
  {
   "price": "50.46",
   "amount": "14.17894601"
  },
  {
   "price": "50.466",
   "amount": "4.17"
  },
  {
   "price": "50.479",
   "amount": "5.48"
  },
  {
   "price": "50.49",
   "amount": "4.05"
  },
  {
   "price": "50.497",
   "amount": "30"
  },
  {
   "price": "50.5",
   "amount": "5"
  },
  {
   "price": "50.537",
   "amount": "1.95"
  },
  {
   "price": "50.538",
   "amount": "5.29"
  },
  {
   "price": "50.55",
   "amount": "5.82"
  },
  {
   "price": "50.569",
   "amount": "9"
  },
  {
   "price": "50.574",
   "amount": "86.86982677"
  },
  {
   "price": "50.575",
   "amount": "15"
  },
  {
   "price": "50.599",
   "amount": "19.98"
  },
  {
   "price": "50.6",
   "amount": "4"
  },
  {
   "price": "50.813",
   "amount": "196.02"
  },
  {
   "price": "50.814",
   "amount": "0.28"
  },
  {
   "price": "50.862",
   "amount": "0.61959399"
  },
  {
   "price": "50.928",
   "amount": "6.07981597"
  },
  {
   "price": "50.929",
   "amount": "176.626"
  },
  {
   "price": "50.977",
   "amount": "427.179"
  },
  {
   "price": "50.978",
   "amount": "561.0028248"
  },
  {
   "price": "50.979",
   "amount": "6"
  },
  {
   "price": "51",
   "amount": "4.5"
  },
  {
   "price": "51.034",
   "amount": "0.72970701"
  }
 ]
}