{
 "pair": "uosusd",
 "bids": [
  {
   "price": "0.039185",
   "amount": "1576.7037285"
  },
  {
   "price": "0.039183",
   "amount": "1256.5901"
  },
  {
   "price": "0.039174",
   "amount": "406.8257"
  },
  {
   "price": "0.037411",
   "amount": "45233.29332976"
  },
  {
   "price": "0.03741",
   "amount": "22725.156748"
  },
  {
   "price": "0.037287",
   "amount": "37414.4545"
  },
  {
   "price": "0.036809",
   "amount": "8150.18066234"
  },
  {
   "price": "0.036808",
   "amount": "50006.3237"
  },
  {
   "price": "0.035516",
   "amount": "3342.99036074"
  },
  {
   "price": "0.035515",
   "amount": "128610.6814"
  },
  {
   "price": "0.035509",
   "amount": "95321.2972"
  },
  {
   "price": "0.035268",
   "amount": "122968.6989"
  },
  {
   "price": "0.033819",
   "amount": "35742.55790112"
  },
  {
   "price": "0.033811",
   "amount": "38017.673791"
  },
  {
   "price": "0.033746",
   "amount": "36931.5806"
  },
  {
   "price": "0.032374",
   "amount": "58721.8221"
  },
  {
   "price": "0.032193",
   "amount": "79195.8095"
  },
  {
   "price": "0.03117",
   "amount": "320.73486773"
  },
  {
   "price": "0.031",
   "amount": "15000"
  },
  {
   "price": "0.029731",
   "amount": "400"
  },
  {
   "price": "0.029",
   "amount": "10534.684465"
  },
  {
   "price": "0.028413",
   "amount": "27775.041168"
  },
  {
   "price": "0.028045",
   "amount": "6190"
  },
  {
   "price": "0.028039",
   "amount": "101742.421659"
  },
  {
   "price": "0.028",
   "amount": "400"
  }
 ],
 "asks": [
  {
   "price": "0.040148",
   "amount": "390.067"
  },
  {
   "price": "0.040188",
   "amount": "13404.35971019"
  },
  {
   "price": "0.040189",
   "amount": "428.2887"
  },
  {
   "price": "0.040196",
   "amount": "485.3966"
  },
  {
   "price": "0.04046",
   "amount": "76519.7523"
  },
  {
   "price": "0.041746",
   "amount": "65124.7232"
  },
  {
   "price": "0.041792",
   "amount": "61666.4033"
  },
  {
   "price": "0.042125",
   "amount": "43771.628"
  },
  {
   "price": "0.04263",
   "amount": "5000"
  },
  {
   "price": "0.043854",
   "amount": "10000"
  },
  {
   "price": "0.043855",
   "amount": "94736.9115"
  },
  {
   "price": "0.043878",
   "amount": "93784.2957"
  },
  {
   "price": "0.043983",
   "amount": "94679.03"
  },
  {
   "price": "0.044",
   "amount": "199.24"
  },
  {
   "price": "0.04539",
   "amount": "8800"
  },
  {
   "price": "0.0479",
   "amount": "4700.549"
  },
  {
   "price": "0.0489",
   "amount": "11042"
  },
  {
   "price": "0.049",
   "amount": "202.20000013"
  },
  {
   "price": "0.04925",
   "amount": "5618.625635"
  },
  {
   "price": "0.0497",
   "amount": "30380.3782"
  },
  {
   "price": "0.049702",
   "amount": "19195.549"
  },
  {
   "price": "0.0498",
   "amount": "36000"
  },
  {
   "price": "0.0499",
   "amount": "199196.1726"
  },
  {
   "price": "0.04999",
   "amount": "11000"
  },
  {
   "price": "0.049999",
   "amount": "11000"
  }
 ]
}