{
 "pair": "aidbtc",
 "bids": [
  {
   "price": "0.00000108",
   "amount": "1000"
  },
  {
   "price": "6.2e-7",
   "amount": "51000"
  },
  {
   "price": "5.7e-7",
   "amount": "1999"
  },
  {
   "price": "2.8e-7",
   "amount": "717.57142857"
  },
  {
   "price": "1.9e-7",
   "amount": "1000"
  },
  {
   "price": "1.8e-7",
   "amount": "2777.778"
  },
  {
   "price": "9e-8",
   "amount": "10000"
  },
  {
   "price": "8e-8",
   "amount": "3000"
  },
  {
   "price": "7e-8",
   "amount": "70000"
  },
  {
   "price": "5e-8",
   "amount": "120000"
  },
  {
   "price": "4e-8",
   "amount": "100000"
  },
  {
   "price": "2e-8",
   "amount": "400000"
  },
  {
   "price": "1e-8",
   "amount": "410000"
  }
 ],
 "asks": [
  {
   "price": "0.00000146",
   "amount": "11248.13809416"
  },
  {
   "price": "0.00000147",
   "amount": "1096.51629452"
  },
  {
   "price": "0.0000016",
   "amount": "3410.79255116"
  },
  {
   "price": "0.0000019",
   "amount": "9360.35482162"
  },
  {
   "price": "0.00000245",
   "amount": "2190.11578"
  },
  {
   "price": "0.0000025",
   "amount": "550.944346"
  },
  {
   "price": "0.000003",
   "amount": "601.53936715"
  },
  {
   "price": "0.000004",
   "amount": "1164.36767513"
  },
  {
   "price": "0.00000495",
   "amount": "196"
  },
  {
   "price": "0.000005",
   "amount": "27896.43501"
  },
  {
   "price": "0.00000569",
   "amount": "120"
  },
  {
   "price": "0.00000819",
   "amount": "426.573"
  },
  {
   "price": "0.000009",
   "amount": "1021.239856"
  },
  {
   "price": "0.00000929",
   "amount": "2997.92"
  },
  {
   "price": "0.00000966",
   "amount": "9620.37"
  },
  {
   "price": "0.00000968",
   "amount": "600.64063662"
  },
  {
   "price": "0.00001",
   "amount": "327.67203834"
  },
  {
   "price": "0.0000118",
   "amount": "78"
  },
  {
   "price": "0.000015",
   "amount": "510"
  },
  {
   "price": "0.00001573",
   "amount": "737.35"
  },
  {
   "price": "0.00001587",
   "amount": "464.53582185"
  },
  {
   "price": "0.0000163",
   "amount": "1482.659"
  },
  {
   "price": "0.00001987",
   "amount": "374.57"
  },
  {
   "price": "0.000022",
   "amount": "96"
  },
  {
   "price": "0.00002436",
   "amount": "101.00244043"
  }
 ]
}