{
 "pair": "btcjpy",
 "bids": [
  {
   "price": "795590",
   "amount": "1.63683927"
  },
  {
   "price": "795370",
   "amount": "0.10691878"
  },
  {
   "price": "795360",
   "amount": "0.58122945"
  },
  {
   "price": "795350",
   "amount": "1.1802"
  },
  {
   "price": "795250",
   "amount": "1.64872532"
  },
  {
   "price": "795240",
   "amount": "0.37287773"
  },
  {
   "price": "795200",
   "amount": "0.15"
  },
  {
   "price": "795190",
   "amount": "0.68654878"
  },
  {
   "price": "795040",
   "amount": "0.02747846"
  },
  {
   "price": "795020",
   "amount": "3.9984"
  },
  {
   "price": "794900",
   "amount": "0.39721982"
  },
  {
   "price": "794860",
   "amount": "0.54846799"
  },
  {
   "price": "794850",
   "amount": "4.849"
  },
  {
   "price": "794820",
   "amount": "0.41251"
  },
  {
   "price": "794800",
   "amount": "0.50362572"
  },
  {
   "price": "794790",
   "amount": "0.1656"
  },
  {
   "price": "794750",
   "amount": "2.7297"
  },
  {
   "price": "794740",
   "amount": "2.63333333"
  },
  {
   "price": "794720",
   "amount": "0.68738774"
  },
  {
   "price": "794710",
   "amount": "0.002"
  },
  {
   "price": "794690",
   "amount": "0.02"
  },
  {
   "price": "794610",
   "amount": "1.55125332"
  },
  {
   "price": "794600",
   "amount": "12"
  },
  {
   "price": "794590",
   "amount": "4.4151"
  },
  {
   "price": "794570",
   "amount": "0.002"
  }
 ],
 "asks": [
  {
   "price": "795610",
   "amount": "1.76579422"
  },
  {
   "price": "795660",
   "amount": "0.001"
  },
  {
   "price": "795680",
   "amount": "0.19210349"
  },
  {
   "price": "795710",
   "amount": "0.3"
  },
  {
   "price": "795720",
   "amount": "0.4991"
  },
  {
   "price": "795730",
   "amount": "0.2242"
  },
  {
   "price": "795760",
   "amount": "0.48120957"
  },
  {
   "price": "795770",
   "amount": "1.64872533"
  },
  {
   "price": "795800",
   "amount": "0.2"
  },
  {
   "price": "795810",
   "amount": "0.2"
  },
  {
   "price": "795840",
   "amount": "0.15"
  },
  {
   "price": "795850",
   "amount": "0.2"
  },
  {
   "price": "795880",
   "amount": "1.15"
  },
  {
   "price": "795900",
   "amount": "1"
  },
  {
   "price": "795910",
   "amount": "0.002"
  },
  {
   "price": "795930",
   "amount": "1.9998"
  },
  {
   "price": "796070",
   "amount": "0.8"
  },
  {
   "price": "796120",
   "amount": "0.9343"
  },
  {
   "price": "796130",
   "amount": "0.0006"
  },
  {
   "price": "796150",
   "amount": "0.3"
  },
  {
   "price": "796230",
   "amount": "0.19880157"
  },
  {
   "price": "796240",
   "amount": "0.38404029"
  },
  {
   "price": "796250",
   "amount": "0.1532"
  },
  {
   "price": "796260",
   "amount": "0.41385"
  },
  {
   "price": "796300",
   "amount": "0.40304821"
  }
 ]
}