{
 "pair": "tsdusd",
 "bids": [
  {
   "price": "0.98775",
   "amount": "573"
  },
  {
   "price": "0.98773",
   "amount": "303.72672694"
  },
  {
   "price": "0.9877",
   "amount": "7903.03651436"
  },
  {
   "price": "0.98768",
   "amount": "2659.04165515"
  },
  {
   "price": "0.9801",
   "amount": "1500"
  },
  {
   "price": "0.96001",
   "amount": "315.0087462"
  },
  {
   "price": "0.96",
   "amount": "28899.1317171"
  },
  {
   "price": "0.95",
   "amount": "50000"
  },
  {
   "price": "0.94",
   "amount": "30100"
  },
  {
   "price": "0.93249",
   "amount": "10"
  },
  {
   "price": "0.93",
   "amount": "30000"
  },
  {
   "price": "0.92",
   "amount": "30000"
  },
  {
   "price": "0.9",
   "amount": "50000"
  },
  {
   "price": "0.78991",
   "amount": "10"
  },
  {
   "price": "0.59966",
   "amount": "10"
  },
  {
   "price": "0.51001",
   "amount": "1701.37367377"
  },
  {
   "price": "0.31443",
   "amount": "15.902"
  },
  {
   "price": "0.211",
   "amount": "10779.18886928"
  },
  {
   "price": "0.13",
   "amount": "100"
  },
  {
   "price": "0.028",
   "amount": "26041.88550691"
  },
  {
   "price": "0.02",
   "amount": "100000"
  },
  {
   "price": "0.014568",
   "amount": "343.216"
  },
  {
   "price": "0.0133",
   "amount": "100"
  },
  {
   "price": "0.00030146",
   "amount": "10000"
  },
  {
   "price": "0.00001",
   "amount": "10000"
  }
 ],
 "asks": [
  {
   "price": "1.0063",
   "amount": "60.40188857"
  },
  {
   "price": "1.0066",
   "amount": "442.83065271"
  },
  {
   "price": "1.0067",
   "amount": "885.66130543"
  },
  {
   "price": "1.0093",
   "amount": "344.11654965"
  },
  {
   "price": "1.0188",
   "amount": "500"
  },
  {
   "price": "1.0207",
   "amount": "7.76"
  },
  {
   "price": "1.0252",
   "amount": "500"
  },
  {
   "price": "1.0254",
   "amount": "58.2868857"
  },
  {
   "price": "1.0284",
   "amount": "320"
  },
  {
   "price": "1.0347",
   "amount": "500"
  },
  {
   "price": "1.0375",
   "amount": "4.995"
  },
  {
   "price": "1.0434",
   "amount": "500"
  },
  {
   "price": "1.055",
   "amount": "500"
  },
  {
   "price": "1.0601",
   "amount": "125.73804388"
  },
  {
   "price": "1.078",
   "amount": "23941.38"
  },
  {
   "price": "1.08",
   "amount": "34095.97"
  },
  {
   "price": "1.082",
   "amount": "38.5448"
  },
  {
   "price": "1.1999",
   "amount": "18.79762895"
  },
  {
   "price": "1.2",
   "amount": "20000"
  },
  {
   "price": "2.5",
   "amount": "50000"
  }
 ]
}