{
 "pair": "odebtc",
 "bids": [
  {
   "price": "0.00000751",
   "amount": "131.05"
  },
  {
   "price": "0.00000739",
   "amount": "183.14"
  },
  {
   "price": "0.00000721",
   "amount": "97.26"
  },
  {
   "price": "0.00000718",
   "amount": "4827.74056072"
  },
  {
   "price": "0.00000711",
   "amount": "747.523241"
  },
  {
   "price": "0.00000649",
   "amount": "3017.82326422"
  },
  {
   "price": "0.00000611",
   "amount": "5034.38143202"
  },
  {
   "price": "0.00000581",
   "amount": "57701.58459007"
  },
  {
   "price": "0.00000572",
   "amount": "7047.659727"
  },
  {
   "price": "0.00000571",
   "amount": "20000"
  },
  {
   "price": "0.0000057",
   "amount": "900"
  },
  {
   "price": "0.00000534",
   "amount": "9060.86470537"
  },
  {
   "price": "0.000005",
   "amount": "1000"
  },
  {
   "price": "0.00000483",
   "amount": "215.01242236"
  },
  {
   "price": "0.00000292",
   "amount": "20995.60761721"
  },
  {
   "price": "0.00000282",
   "amount": "20000"
  },
  {
   "price": "0.00000251",
   "amount": "480"
  },
  {
   "price": "0.000002",
   "amount": "7500"
  },
  {
   "price": "0.000001",
   "amount": "5000"
  },
  {
   "price": "5.5e-7",
   "amount": "20000"
  },
  {
   "price": "5.4e-7",
   "amount": "136379.0653593"
  },
  {
   "price": "5e-7",
   "amount": "10000"
  },
  {
   "price": "3.9e-7",
   "amount": "10000"
  },
  {
   "price": "2.4e-7",
   "amount": "197848.04700321"
  },
  {
   "price": "2e-7",
   "amount": "25000"
  }
 ],
 "asks": [
  {
   "price": "0.0000078",
   "amount": "91.63"
  },
  {
   "price": "0.00000796",
   "amount": "352.73306894"
  },
  {
   "price": "0.00000798",
   "amount": "138.37"
  },
  {
   "price": "0.0000081",
   "amount": "185.92"
  },
  {
   "price": "0.0000085",
   "amount": "13733.092525"
  },
  {
   "price": "0.00000915",
   "amount": "1831.5"
  },
  {
   "price": "0.00000917",
   "amount": "51445.57627159"
  },
  {
   "price": "0.00000983",
   "amount": "707.21454696"
  },
  {
   "price": "0.00000993",
   "amount": "71588.90396333"
  },
  {
   "price": "0.00001047",
   "amount": "1997.4"
  },
  {
   "price": "0.00001069",
   "amount": "91720.2573043"
  },
  {
   "price": "0.00001103",
   "amount": "607.01653871"
  },
  {
   "price": "0.00001108",
   "amount": "199.43273499"
  },
  {
   "price": "0.00001146",
   "amount": "111851.34097405"
  },
  {
   "price": "0.00001464",
   "amount": "67.60409296"
  },
  {
   "price": "0.00001653",
   "amount": "318.23917789"
  },
  {
   "price": "0.000017",
   "amount": "51.68246191"
  },
  {
   "price": "0.00002235",
   "amount": "772.7136054"
  },
  {
   "price": "0.00002329",
   "amount": "1886.18846867"
  },
  {
   "price": "0.00002488",
   "amount": "1575.43917917"
  },
  {
   "price": "0.00002697",
   "amount": "1250.85378697"
  },
  {
   "price": "0.00002935",
   "amount": "129.938497"
  },
  {
   "price": "0.0000369",
   "amount": "500"
  },
  {
   "price": "0.0000375",
   "amount": "200"
  },
  {
   "price": "0.00004",
   "amount": "18500"
  }
 ]
}