{
 "pair": "dtxust",
 "bids": [
  {
   "price": "1.876",
   "amount": "147.6241"
  },
  {
   "price": "1.866",
   "amount": "295.2483"
  },
  {
   "price": "1.865",
   "amount": "34.8594"
  },
  {
   "price": "1.862",
   "amount": "129.7588"
  },
  {
   "price": "1.859",
   "amount": "449.783"
  },
  {
   "price": "1.856",
   "amount": "96.9"
  },
  {
   "price": "1.853",
   "amount": "75.42"
  },
  {
   "price": "1.85",
   "amount": "80.9107"
  },
  {
   "price": "1.847",
   "amount": "674.4967"
  },
  {
   "price": "1.844",
   "amount": "191.43"
  },
  {
   "price": "1.841",
   "amount": "174.2576"
  },
  {
   "price": "1.838",
   "amount": "581.3168"
  },
  {
   "price": "1.835",
   "amount": "48.6679"
  },
  {
   "price": "1.832",
   "amount": "44.677"
  },
  {
   "price": "1.829",
   "amount": "16.993"
  },
  {
   "price": "1.828",
   "amount": "885.745"
  },
  {
   "price": "1.826",
   "amount": "122.75"
  },
  {
   "price": "1.823",
   "amount": "50.2474"
  },
  {
   "price": "1.82",
   "amount": "179.7946"
  },
  {
   "price": "1.817",
   "amount": "250.228"
  },
  {
   "price": "1.814",
   "amount": "125.289"
  },
  {
   "price": "1.811",
   "amount": "276.644"
  },
  {
   "price": "1.808",
   "amount": "210.7896"
  },
  {
   "price": "1.805",
   "amount": "246.2"
  },
  {
   "price": "1.791",
   "amount": "1180.9934"
  }
 ],
 "asks": [
  {
   "price": "1.894",
   "amount": "147.6241"
  },
  {
   "price": "1.901",
   "amount": "100.5826"
  },
  {
   "price": "1.902",
   "amount": "53.2246"
  },
  {
   "price": "1.904",
   "amount": "295.2483"
  },
  {
   "price": "1.905",
   "amount": "37.57"
  },
  {
   "price": "1.908",
   "amount": "6.748"
  },
  {
   "price": "1.91",
   "amount": "201.1652"
  },
  {
   "price": "1.911",
   "amount": "214.5745"
  },
  {
   "price": "1.914",
   "amount": "217.65"
  },
  {
   "price": "1.917",
   "amount": "288.1777"
  },
  {
   "price": "1.92",
   "amount": "136.55"
  },
  {
   "price": "1.923",
   "amount": "648.2847"
  },
  {
   "price": "1.926",
   "amount": "35.598"
  },
  {
   "price": "1.929",
   "amount": "83.94"
  },
  {
   "price": "1.931",
   "amount": "301.7881"
  },
  {
   "price": "1.932",
   "amount": "209.735"
  },
  {
   "price": "1.935",
   "amount": "162.36"
  },
  {
   "price": "1.938",
   "amount": "175.82"
  },
  {
   "price": "1.941",
   "amount": "97.457"
  },
  {
   "price": "1.942",
   "amount": "885.745"
  },
  {
   "price": "1.944",
   "amount": "8.1379"
  },
  {
   "price": "1.947",
   "amount": "14.565"
  },
  {
   "price": "1.95",
   "amount": "222.94"
  },
  {
   "price": "1.953",
   "amount": "88.3539"
  },
  {
   "price": "1.956",
   "amount": "174.8186"
  }
 ]
}