{
 "pair": "zilusd",
 "bids": [
  {
   "price": "0.007001",
   "amount": "30000"
  },
  {
   "price": "0.007",
   "amount": "1600"
  },
  {
   "price": "0.00691",
   "amount": "1445.99567647"
  },
  {
   "price": "0.006556",
   "amount": "7626.601586"
  },
  {
   "price": "0.006555",
   "amount": "3000"
  },
  {
   "price": "0.006378",
   "amount": "2150"
  },
  {
   "price": "0.00637",
   "amount": "1126.092173"
  },
  {
   "price": "0.0060632",
   "amount": "272.3630204"
  },
  {
   "price": "0.006032",
   "amount": "1703"
  },
  {
   "price": "0.0060204",
   "amount": "2000"
  },
  {
   "price": "0.006",
   "amount": "29066.82799815"
  },
  {
   "price": "0.005898",
   "amount": "2000"
  },
  {
   "price": "0.0057755",
   "amount": "2000"
  },
  {
   "price": "0.0056531",
   "amount": "2000"
  },
  {
   "price": "0.00565",
   "amount": "348.881068"
  },
  {
   "price": "0.005568",
   "amount": "1900"
  },
  {
   "price": "0.0055309",
   "amount": "6666"
  },
  {
   "price": "0.0055306",
   "amount": "2000"
  },
  {
   "price": "0.0054082",
   "amount": "2000"
  },
  {
   "price": "0.0052857",
   "amount": "2000"
  },
  {
   "price": "0.0052147",
   "amount": "24563.14684331"
  },
  {
   "price": "0.005204",
   "amount": "11111"
  },
  {
   "price": "0.0051633",
   "amount": "2000"
  },
  {
   "price": "0.0050409",
   "amount": "59513.18216985"
  },
  {
   "price": "0.0050408",
   "amount": "2000"
  }
 ],
 "asks": [
  {
   "price": "0.009",
   "amount": "2497.999"
  },
  {
   "price": "0.0097389",
   "amount": "350"
  },
  {
   "price": "0.00988",
   "amount": "1000"
  },
  {
   "price": "0.00998",
   "amount": "5264.083055"
  },
  {
   "price": "0.01",
   "amount": "5532"
  },
  {
   "price": "0.010264",
   "amount": "5555"
  },
  {
   "price": "0.01088",
   "amount": "1097.89"
  },
  {
   "price": "0.011",
   "amount": "28306.964048"
  },
  {
   "price": "0.011002",
   "amount": "22220"
  },
  {
   "price": "0.011499",
   "amount": "3333"
  },
  {
   "price": "0.011538",
   "amount": "499.526993"
  },
  {
   "price": "0.011882",
   "amount": "5555"
  },
  {
   "price": "0.011985",
   "amount": "8000"
  },
  {
   "price": "0.012",
   "amount": "54111.178743"
  },
  {
   "price": "0.012487",
   "amount": "1500"
  },
  {
   "price": "0.012553",
   "amount": "8999.628342"
  },
  {
   "price": "0.012815",
   "amount": "5555"
  },
  {
   "price": "0.013",
   "amount": "2760"
  },
  {
   "price": "0.013235",
   "amount": "28953.30543257"
  },
  {
   "price": "0.013289",
   "amount": "5555"
  },
  {
   "price": "0.013405",
   "amount": "5555"
  },
  {
   "price": "0.013838",
   "amount": "5555"
  },
  {
   "price": "0.014",
   "amount": "2000"
  },
  {
   "price": "0.014281",
   "amount": "11110"
  },
  {
   "price": "0.0143",
   "amount": "7000"
  }
 ]
}