{
 "pair": "ust:cnht",
 "bids": [
  {
   "price": "7.044",
   "amount": "20707.61271806"
  },
  {
   "price": "7.0411",
   "amount": "26054.98455557"
  },
  {
   "price": "7.032",
   "amount": "21654.07321031"
  },
  {
   "price": "7.0292",
   "amount": "2003.16210015"
  },
  {
   "price": "7.0228",
   "amount": "22104.17788125"
  },
  {
   "price": "7.0187",
   "amount": "2225.73566684"
  },
  {
   "price": "7.0152",
   "amount": "20570.57326354"
  },
  {
   "price": "7.0081",
   "amount": "3338.60350026"
  },
  {
   "price": "7.008",
   "amount": "24230.44391905"
  },
  {
   "price": "7.0023",
   "amount": "24916.11043847"
  },
  {
   "price": "6.9905",
   "amount": "4451.47133368"
  },
  {
   "price": "6.9756",
   "amount": "23968.28283944"
  },
  {
   "price": "6.9729",
   "amount": "5564.3391671"
  },
  {
   "price": "6.9565",
   "amount": "22516.30483654"
  },
  {
   "price": "6.9541",
   "amount": "25617.11080688"
  },
  {
   "price": "6.9483",
   "amount": "21508.4406667"
  },
  {
   "price": "6.9",
   "amount": "20211.21081797"
  },
  {
   "price": "0.00003",
   "amount": "4100000"
  }
 ],
 "asks": [
  {
   "price": "7.0574",
   "amount": "3338.60350026"
  },
  {
   "price": "7.0679",
   "amount": "4451.47133368"
  },
  {
   "price": "7.0785",
   "amount": "5564.3391671"
  },
  {
   "price": "7.0961",
   "amount": "6677.20700052"
  },
  {
   "price": "7.1137",
   "amount": "7790.07483393"
  },
  {
   "price": "7.2992",
   "amount": "8610.50105855"
  },
  {
   "price": "7.3164",
   "amount": "26138.09885724"
  },
  {
   "price": "7.3265",
   "amount": "26753.36333344"
  },
  {
   "price": "7.331",
   "amount": "43052.8447001"
  },
  {
   "price": "7.3518",
   "amount": "40510.04964301"
  },
  {
   "price": "7.3701",
   "amount": "28644.40326623"
  },
  {
   "price": "7.3711",
   "amount": "25619.96200612"
  },
  {
   "price": "7.3731",
   "amount": "30671.07839969"
  },
  {
   "price": "7.3732",
   "amount": "28225.69284374"
  },
  {
   "price": "7.3733",
   "amount": "34103.90208442"
  },
  {
   "price": "7.3849",
   "amount": "27225.17967212"
  },
  {
   "price": "7.3919",
   "amount": "27459.98758592"
  },
  {
   "price": "7.4",
   "amount": "27104.27411874"
  },
  {
   "price": "7.4112",
   "amount": "30024.0652777"
  },
  {
   "price": "7.4118",
   "amount": "29878.47306386"
  },
  {
   "price": "7.4435",
   "amount": "37759.76753765"
  },
  {
   "price": "7.4505",
   "amount": "29402.15891599"
  },
  {
   "price": "7.4561",
   "amount": "35005.5433224"
  },
  {
   "price": "7.4574",
   "amount": "25120.38411482"
  },
  {
   "price": "7.4717",
   "amount": "32847.12439411"
  }
 ]
}