{
 "pair": "agiusd",
 "bids": [
  {
   "price": "0.016782",
   "amount": "22222"
  },
  {
   "price": "0.016749",
   "amount": "7777"
  },
  {
   "price": "0.015406",
   "amount": "2783.87877693"
  },
  {
   "price": "0.014885",
   "amount": "15554"
  },
  {
   "price": "0.013823",
   "amount": "21702.95883672"
  },
  {
   "price": "0.013822",
   "amount": "7777"
  },
  {
   "price": "0.0137",
   "amount": "2000"
  },
  {
   "price": "0.013619",
   "amount": "7000"
  },
  {
   "price": "0.013",
   "amount": "3846"
  },
  {
   "price": "0.01285",
   "amount": "7777"
  },
  {
   "price": "0.01211",
   "amount": "4583.57859979"
  },
  {
   "price": "0.011501",
   "amount": "133112.5845622"
  },
  {
   "price": "0.0115",
   "amount": "10000"
  },
  {
   "price": "0.0112",
   "amount": "2500"
  },
  {
   "price": "0.011039",
   "amount": "15554"
  },
  {
   "price": "0.011012",
   "amount": "312"
  },
  {
   "price": "0.01",
   "amount": "50000"
  },
  {
   "price": "0.009749",
   "amount": "7777"
  },
  {
   "price": "0.0090739",
   "amount": "7777"
  },
  {
   "price": "0.0077849",
   "amount": "15554"
  },
  {
   "price": "0.0067365",
   "amount": "7777"
  },
  {
   "price": "0.00667",
   "amount": "199"
  },
  {
   "price": "0.0057636",
   "amount": "7777"
  },
  {
   "price": "0.0055",
   "amount": "10000"
  },
  {
   "price": "0.0053393",
   "amount": "9336.42986908"
  }
 ],
 "asks": [
  {
   "price": "0.0206",
   "amount": "2457.39737791"
  },
  {
   "price": "0.023999",
   "amount": "3214.35436572"
  },
  {
   "price": "0.024",
   "amount": "2527.906642"
  },
  {
   "price": "0.025394",
   "amount": "622"
  },
  {
   "price": "0.025988",
   "amount": "1000"
  },
  {
   "price": "0.026",
   "amount": "9970.00737222"
  },
  {
   "price": "0.026966",
   "amount": "1000"
  },
  {
   "price": "0.027244",
   "amount": "1000"
  },
  {
   "price": "0.0275",
   "amount": "750"
  },
  {
   "price": "0.028111",
   "amount": "1000"
  },
  {
   "price": "0.0295",
   "amount": "751"
  },
  {
   "price": "0.03",
   "amount": "9970.00737222"
  },
  {
   "price": "0.031246",
   "amount": "6987"
  },
  {
   "price": "0.03125",
   "amount": "5847"
  },
  {
   "price": "0.031287",
   "amount": "8560"
  },
  {
   "price": "0.031709",
   "amount": "7777"
  },
  {
   "price": "0.032447",
   "amount": "15554"
  },
  {
   "price": "0.03342",
   "amount": "2000"
  },
  {
   "price": "0.035",
   "amount": "4000"
  },
  {
   "price": "0.035765",
   "amount": "7777"
  },
  {
   "price": "0.038028",
   "amount": "7777"
  },
  {
   "price": "0.038138",
   "amount": "1832"
  },
  {
   "price": "0.0388",
   "amount": "2345.080951"
  },
  {
   "price": "0.039872",
   "amount": "7777"
  },
  {
   "price": "0.040225",
   "amount": "300"
  }
 ]
}