{
 "pair": "mitusd",
 "bids": [
  {
   "price": "0.0087788",
   "amount": "29458.20244057"
  },
  {
   "price": "0.0087779",
   "amount": "1000"
  },
  {
   "price": "0.00697",
   "amount": "1433.73081131"
  },
  {
   "price": "0.0031",
   "amount": "3000"
  },
  {
   "price": "0.0025261",
   "amount": "30000"
  },
  {
   "price": "0.001121",
   "amount": "1000"
  },
  {
   "price": "0.001",
   "amount": "300"
  },
  {
   "price": "0.00022088",
   "amount": "13735.11"
  },
  {
   "price": "0.00022",
   "amount": "30000"
  },
  {
   "price": "0.0002",
   "amount": "50000"
  },
  {
   "price": "0.000121",
   "amount": "30000"
  },
  {
   "price": "0.0001",
   "amount": "5000"
  },
  {
   "price": "0.00009",
   "amount": "10000"
  },
  {
   "price": "0.00001",
   "amount": "60000"
  },
  {
   "price": "0.00000398",
   "amount": "30000"
  },
  {
   "price": "0.00000201",
   "amount": "30000"
  },
  {
   "price": "0.0000011",
   "amount": "120000"
  },
  {
   "price": "0.000001",
   "amount": "60000"
  },
  {
   "price": "1.1e-7",
   "amount": "150000"
  },
  {
   "price": "1e-7",
   "amount": "90000"
  },
  {
   "price": "1e-8",
   "amount": "120000"
  }
 ],
 "asks": [
  {
   "price": "0.014583",
   "amount": "2000"
  },
  {
   "price": "0.014584",
   "amount": "2630.89098541"
  },
  {
   "price": "0.0151",
   "amount": "7730.62102193"
  },
  {
   "price": "0.0184",
   "amount": "1000"
  },
  {
   "price": "0.018522",
   "amount": "3496.49"
  },
  {
   "price": "0.023992",
   "amount": "10332.778704"
  },
  {
   "price": "0.023999",
   "amount": "7892.1"
  },
  {
   "price": "0.0241",
   "amount": "341.11125"
  },
  {
   "price": "0.024886",
   "amount": "13886.49952"
  },
  {
   "price": "0.02789",
   "amount": "1098.500479"
  },
  {
   "price": "0.035",
   "amount": "10991.31379"
  },
  {
   "price": "0.038",
   "amount": "199.79"
  },
  {
   "price": "0.040589",
   "amount": "194.805"
  },
  {
   "price": "0.042",
   "amount": "499.49"
  },
  {
   "price": "0.045",
   "amount": "9047.549845"
  },
  {
   "price": "0.048973",
   "amount": "399.6"
  },
  {
   "price": "0.05",
   "amount": "13179.80000096"
  },
  {
   "price": "0.05678",
   "amount": "999"
  },
  {
   "price": "0.058532",
   "amount": "699.3"
  },
  {
   "price": "0.0586",
   "amount": "7249.628828"
  },
  {
   "price": "0.059",
   "amount": "2497.5"
  },
  {
   "price": "0.065858",
   "amount": "40773"
  },
  {
   "price": "0.068",
   "amount": "251"
  },
  {
   "price": "0.0704",
   "amount": "9190.8"
  },
  {
   "price": "0.072989",
   "amount": "233.61474443"
  }
 ]
}