{
 "pair": "gnousd",
 "bids": [
  {
   "price": "12.256",
   "amount": "6.8825142"
  },
  {
   "price": "12.195",
   "amount": "6.81730837"
  },
  {
   "price": "12.191",
   "amount": "6.87161308"
  },
  {
   "price": "12.134",
   "amount": "9.62737996"
  },
  {
   "price": "12.072",
   "amount": "7.48674594"
  },
  {
   "price": "12.011",
   "amount": "9.34982562"
  },
  {
   "price": "10",
   "amount": "3"
  },
  {
   "price": "4.6",
   "amount": "100"
  },
  {
   "price": "1.8761",
   "amount": "2"
  },
  {
   "price": "1.8755",
   "amount": "1"
  },
  {
   "price": "1.861",
   "amount": "1"
  },
  {
   "price": "0.8873",
   "amount": "5.635"
  },
  {
   "price": "0.13",
   "amount": "100"
  },
  {
   "price": "0.09",
   "amount": "10"
  },
  {
   "price": "0.013",
   "amount": "1000"
  },
  {
   "price": "0.011",
   "amount": "100"
  },
  {
   "price": "0.001",
   "amount": "1000"
  },
  {
   "price": "0.000999",
   "amount": "1000"
  },
  {
   "price": "0.00011",
   "amount": "12000"
  },
  {
   "price": "0.0001",
   "amount": "1000"
  },
  {
   "price": "0.000089",
   "amount": "1000"
  },
  {
   "price": "0.000011",
   "amount": "10000"
  },
  {
   "price": "0.00001",
   "amount": "3000"
  },
  {
   "price": "0.000001",
   "amount": "1000"
  },
  {
   "price": "1e-7",
   "amount": "1000"
  }
 ],
 "asks": [
  {
   "price": "12.355",
   "amount": "9.27539799"
  },
  {
   "price": "12.416",
   "amount": "6.84049448"
  },
  {
   "price": "12.478",
   "amount": "8.1879531"
  },
  {
   "price": "12.54",
   "amount": "8.91045785"
  },
  {
   "price": "12.602",
   "amount": "6.70748644"
  },
  {
   "price": "15.9",
   "amount": "6.28118872"
  },
  {
   "price": "25",
   "amount": "6.066269"
  },
  {
   "price": "30",
   "amount": "3.635472"
  },
  {
   "price": "38",
   "amount": "1"
  },
  {
   "price": "39.5",
   "amount": "1"
  },
  {
   "price": "40",
   "amount": "3"
  },
  {
   "price": "47.5",
   "amount": "1"
  },
  {
   "price": "52.5",
   "amount": "2"
  },
  {
   "price": "55",
   "amount": "3"
  },
  {
   "price": "62.5",
   "amount": "2"
  },
  {
   "price": "65",
   "amount": "81.478765"
  },
  {
   "price": "88.5",
   "amount": "2"
  },
  {
   "price": "90",
   "amount": "0.242997"
  },
  {
   "price": "100",
   "amount": "5"
  },
  {
   "price": "500",
   "amount": "1.64235"
  },
  {
   "price": "2021",
   "amount": "0.51"
  }
 ]
}