{
 "pair": "batusd",
 "bids": [
  {
   "price": "0.17447",
   "amount": "764.21925"
  },
  {
   "price": "0.17446",
   "amount": "2100"
  },
  {
   "price": "0.17176",
   "amount": "1746.62319516"
  },
  {
   "price": "0.17",
   "amount": "4000"
  },
  {
   "price": "0.16921",
   "amount": "54.941878"
  },
  {
   "price": "0.169",
   "amount": "400"
  },
  {
   "price": "0.16805",
   "amount": "15888.74"
  },
  {
   "price": "0.16777",
   "amount": "11000"
  },
  {
   "price": "0.16615",
   "amount": "130.649691"
  },
  {
   "price": "0.165",
   "amount": "101"
  },
  {
   "price": "0.16",
   "amount": "69.583609"
  },
  {
   "price": "0.156",
   "amount": "137.899232"
  },
  {
   "price": "0.15201",
   "amount": "10071.23107064"
  },
  {
   "price": "0.152",
   "amount": "600"
  },
  {
   "price": "0.1516",
   "amount": "190"
  },
  {
   "price": "0.151",
   "amount": "183.1"
  },
  {
   "price": "0.15",
   "amount": "6000"
  },
  {
   "price": "0.14586",
   "amount": "555"
  },
  {
   "price": "0.143",
   "amount": "150"
  },
  {
   "price": "0.14288",
   "amount": "20"
  },
  {
   "price": "0.14257",
   "amount": "555"
  },
  {
   "price": "0.14251",
   "amount": "1665"
  },
  {
   "price": "0.14244",
   "amount": "555"
  },
  {
   "price": "0.142",
   "amount": "1000"
  },
  {
   "price": "0.14103",
   "amount": "555"
  }
 ],
 "asks": [
  {
   "price": "0.17684",
   "amount": "2438.11065353"
  },
  {
   "price": "0.17685",
   "amount": "30.58234807"
  },
  {
   "price": "0.182",
   "amount": "609.78779484"
  },
  {
   "price": "0.18461",
   "amount": "168.70249543"
  },
  {
   "price": "0.18462",
   "amount": "560.028278"
  },
  {
   "price": "0.19",
   "amount": "279.72"
  },
  {
   "price": "0.198",
   "amount": "5000"
  },
  {
   "price": "0.19999",
   "amount": "1603.94983517"
  },
  {
   "price": "0.2",
   "amount": "349.65"
  },
  {
   "price": "0.205",
   "amount": "1521.868334"
  },
  {
   "price": "0.20749",
   "amount": "30"
  },
  {
   "price": "0.2096",
   "amount": "210.1073963"
  },
  {
   "price": "0.2097",
   "amount": "4430.12214"
  },
  {
   "price": "0.21",
   "amount": "249.75"
  },
  {
   "price": "0.21291",
   "amount": "25.24526142"
  },
  {
   "price": "0.21369",
   "amount": "25.42719285"
  },
  {
   "price": "0.2153",
   "amount": "47.15259017"
  },
  {
   "price": "0.22049",
   "amount": "249.75"
  },
  {
   "price": "0.22379",
   "amount": "1000"
  },
  {
   "price": "0.225",
   "amount": "14"
  },
  {
   "price": "0.23151",
   "amount": "249.75"
  },
  {
   "price": "0.233",
   "amount": "1197.6"
  },
  {
   "price": "0.2389",
   "amount": "419.16"
  },
  {
   "price": "0.24",
   "amount": "528.994143"
  },
  {
   "price": "0.24308",
   "amount": "249.75"
  }
 ]
}