{
 "pair": "rifusd",
 "bids": [
  {
   "price": "0.050905",
   "amount": "2640.33937342"
  },
  {
   "price": "0.02964",
   "amount": "186.7821611"
  },
  {
   "price": "0.029629",
   "amount": "911.26905691"
  },
  {
   "price": "0.019993",
   "amount": "200"
  },
  {
   "price": "0.011004",
   "amount": "1586.19932745"
  },
  {
   "price": "0.001004",
   "amount": "21586.19932745"
  },
  {
   "price": "0.00017",
   "amount": "10000"
  },
  {
   "price": "0.0001004",
   "amount": "50000"
  },
  {
   "price": "0.000011",
   "amount": "50000"
  },
  {
   "price": "0.00001",
   "amount": "50000"
  },
  {
   "price": "0.0000011",
   "amount": "100000"
  },
  {
   "price": "0.000001",
   "amount": "50000"
  },
  {
   "price": "1.1e-7",
   "amount": "300000"
  },
  {
   "price": "1e-7",
   "amount": "300000"
  }
 ],
 "asks": [
  {
   "price": "0.118",
   "amount": "119.88000013"
  },
  {
   "price": "0.12",
   "amount": "100000"
  },
  {
   "price": "0.1245",
   "amount": "200"
  },
  {
   "price": "0.14327",
   "amount": "48"
  },
  {
   "price": "0.14328",
   "amount": "100"
  },
  {
   "price": "0.1433",
   "amount": "100"
  },
  {
   "price": "0.14999",
   "amount": "400"
  },
  {
   "price": "0.15",
   "amount": "11596.1416"
  },
  {
   "price": "0.1517",
   "amount": "1100"
  },
  {
   "price": "0.16",
   "amount": "6754"
  },
  {
   "price": "0.1789",
   "amount": "100"
  },
  {
   "price": "0.1916",
   "amount": "400"
  },
  {
   "price": "0.19177",
   "amount": "500"
  },
  {
   "price": "0.19999",
   "amount": "100"
  },
  {
   "price": "0.2",
   "amount": "7821.6508335"
  },
  {
   "price": "0.22688",
   "amount": "100"
  },
  {
   "price": "0.23",
   "amount": "1000"
  },
  {
   "price": "0.2576",
   "amount": "1099.4"
  },
  {
   "price": "0.31121",
   "amount": "200"
  },
  {
   "price": "0.31211",
   "amount": "2195.6"
  },
  {
   "price": "0.38",
   "amount": "869.22755479"
  },
  {
   "price": "0.489",
   "amount": "150"
  },
  {
   "price": "0.5",
   "amount": "62.94790931"
  },
  {
   "price": "0.5394",
   "amount": "1000"
  },
  {
   "price": "0.54",
   "amount": "1000"
  }
 ]
}