{
 "pair": "mnaeth",
 "bids": [
  {
   "price": "0.00017583",
   "amount": "1126.69708749"
  },
  {
   "price": "0.00017575",
   "amount": "3870.77"
  },
  {
   "price": "0.00017401",
   "amount": "16282.77"
  },
  {
   "price": "0.00011255",
   "amount": "1599.2892048"
  },
  {
   "price": "0.00011144",
   "amount": "448.67193108"
  },
  {
   "price": "0.000111",
   "amount": "7753.86"
  },
  {
   "price": "0.000095",
   "amount": "16829.16421931"
  },
  {
   "price": "0.00009",
   "amount": "114"
  },
  {
   "price": "0.000072",
   "amount": "200"
  },
  {
   "price": "0.00007",
   "amount": "1300"
  },
  {
   "price": "0.00004166",
   "amount": "3000"
  },
  {
   "price": "0.000033",
   "amount": "250"
  },
  {
   "price": "0.00000309",
   "amount": "1619"
  },
  {
   "price": "0.00000211",
   "amount": "2500"
  },
  {
   "price": "0.0000021",
   "amount": "60000"
  },
  {
   "price": "0.000001",
   "amount": "1000"
  },
  {
   "price": "6.9e-7",
   "amount": "100000"
  },
  {
   "price": "5.1e-7",
   "amount": "500"
  },
  {
   "price": "2.1e-7",
   "amount": "25000"
  },
  {
   "price": "1.1e-7",
   "amount": "300000"
  },
  {
   "price": "8e-8",
   "amount": "80"
  },
  {
   "price": "3e-8",
   "amount": "6000"
  },
  {
   "price": "2e-8",
   "amount": "410000"
  },
  {
   "price": "1e-8",
   "amount": "200000"
  }
 ],
 "asks": [
  {
   "price": "0.00018652",
   "amount": "1124.41670883"
  },
  {
   "price": "0.00018653",
   "amount": "1043.7586854"
  },
  {
   "price": "0.00023206",
   "amount": "263.25841719"
  },
  {
   "price": "0.0002345",
   "amount": "686.607383"
  },
  {
   "price": "0.0002449",
   "amount": "4500"
  },
  {
   "price": "0.00025",
   "amount": "199.6"
  },
  {
   "price": "0.00026789",
   "amount": "2556.90379424"
  },
  {
   "price": "0.0002679",
   "amount": "499.5"
  },
  {
   "price": "0.0003",
   "amount": "1996"
  },
  {
   "price": "0.0004",
   "amount": "549.9"
  },
  {
   "price": "0.00049",
   "amount": "350"
  },
  {
   "price": "0.0004923",
   "amount": "3831.19494181"
  },
  {
   "price": "0.0005523",
   "amount": "498"
  },
  {
   "price": "0.00063768",
   "amount": "359.61259881"
  },
  {
   "price": "0.00063935",
   "amount": "300"
  },
  {
   "price": "0.00065778",
   "amount": "350.921"
  },
  {
   "price": "0.00069027",
   "amount": "558.01240104"
  },
  {
   "price": "0.0006935",
   "amount": "5000"
  },
  {
   "price": "0.0007",
   "amount": "500"
  },
  {
   "price": "0.00085564",
   "amount": "500.25"
  },
  {
   "price": "0.0009151",
   "amount": "1262"
  },
  {
   "price": "0.0016922",
   "amount": "150"
  },
  {
   "price": "0.00171",
   "amount": "1000"
  },
  {
   "price": "0.01",
   "amount": "1998"
  },
  {
   "price": "0.01921",
   "amount": "150"
  }
 ]
}