{
 "pair": "swmeth",
 "bids": [
  {
   "price": "0.00010001",
   "amount": "499.95000499"
  },
  {
   "price": "0.0001",
   "amount": "500"
  },
  {
   "price": "0.000099",
   "amount": "260"
  },
  {
   "price": "0.000082",
   "amount": "4000"
  },
  {
   "price": "0.00008116",
   "amount": "3373.032651"
  },
  {
   "price": "0.000055",
   "amount": "5000"
  },
  {
   "price": "0.00005031",
   "amount": "50000"
  },
  {
   "price": "0.000039",
   "amount": "50000"
  },
  {
   "price": "0.000001",
   "amount": "90000.10019"
  }
 ],
 "asks": [
  {
   "price": "0.00026",
   "amount": "400"
  },
  {
   "price": "0.000275",
   "amount": "406"
  },
  {
   "price": "0.0003212",
   "amount": "1038.57566766"
  },
  {
   "price": "0.00033103",
   "amount": "1275.96439169"
  },
  {
   "price": "0.00034086",
   "amount": "1394.65875371"
  },
  {
   "price": "0.00034958",
   "amount": "221.556"
  },
  {
   "price": "0.00035069",
   "amount": "1157.27002967"
  },
  {
   "price": "0.00036051",
   "amount": "1201.78041543"
  },
  {
   "price": "0.00037034",
   "amount": "1528.18991098"
  },
  {
   "price": "0.00038",
   "amount": "2628.31014758"
  },
  {
   "price": "0.00038017",
   "amount": "1364.9851632"
  },
  {
   "price": "0.00039",
   "amount": "1038.57566766"
  },
  {
   "price": "0.0004",
   "amount": "199.811004"
  },
  {
   "price": "0.000413",
   "amount": "20000"
  },
  {
   "price": "0.0005",
   "amount": "200.723769"
  },
  {
   "price": "0.00063499",
   "amount": "261.4789592"
  },
  {
   "price": "0.0014712",
   "amount": "205.58185248"
  },
  {
   "price": "0.0015447",
   "amount": "220.26627053"
  },
  {
   "price": "0.0016182",
   "amount": "234.95068857"
  },
  {
   "price": "0.0016918",
   "amount": "249.63510661"
  },
  {
   "price": "0.0017653",
   "amount": "264.31952464"
  },
  {
   "price": "0.0018388",
   "amount": "279.00394268"
  },
  {
   "price": "0.0019123",
   "amount": "293.68836071"
  },
  {
   "price": "0.0019858",
   "amount": "308.37277875"
  },
  {
   "price": "0.0020593",
   "amount": "323.05719678"
  }
 ]
}