{
 "pair": "babusd",
 "bids": [
  {
   "price": "207.31",
   "amount": "5.24742773"
  },
  {
   "price": "207.3",
   "amount": "0.1"
  },
  {
   "price": "207.24",
   "amount": "17.26588974"
  },
  {
   "price": "207.23",
   "amount": "6"
  },
  {
   "price": "207.22",
   "amount": "0.48142305"
  },
  {
   "price": "207.21",
   "amount": "20"
  },
  {
   "price": "207.19",
   "amount": "1.90469075"
  },
  {
   "price": "207.16",
   "amount": "6.695"
  },
  {
   "price": "207.11",
   "amount": "3.5"
  },
  {
   "price": "207.1",
   "amount": "85.694"
  },
  {
   "price": "207.04",
   "amount": "5.18019122"
  },
  {
   "price": "207",
   "amount": "50"
  },
  {
   "price": "206.97",
   "amount": "9.6613"
  },
  {
   "price": "206.95",
   "amount": "1"
  },
  {
   "price": "206.93",
   "amount": "9.6641"
  },
  {
   "price": "206.89",
   "amount": "9.6646"
  },
  {
   "price": "206.88",
   "amount": "2.48845596"
  },
  {
   "price": "206.85",
   "amount": "9.7679"
  },
  {
   "price": "206.84",
   "amount": "42.8384"
  },
  {
   "price": "206.83",
   "amount": "45"
  },
  {
   "price": "206.81",
   "amount": "99.6693"
  },
  {
   "price": "206.79",
   "amount": "24.08658532"
  },
  {
   "price": "206.77",
   "amount": "28.95849322"
  },
  {
   "price": "206.76",
   "amount": "64.6286"
  },
  {
   "price": "206.75",
   "amount": "7.49880197"
  }
 ],
 "asks": [
  {
   "price": "207.43",
   "amount": "3.88616321"
  },
  {
   "price": "207.44",
   "amount": "9.6418"
  },
  {
   "price": "207.46",
   "amount": "1.5609338"
  },
  {
   "price": "207.47",
   "amount": "2.8509905"
  },
  {
   "price": "207.48",
   "amount": "9.6408"
  },
  {
   "price": "207.5",
   "amount": "0.73667739"
  },
  {
   "price": "207.51",
   "amount": "28.66538121"
  },
  {
   "price": "207.52",
   "amount": "9.638"
  },
  {
   "price": "207.54",
   "amount": "67.999"
  },
  {
   "price": "207.58",
   "amount": "50"
  },
  {
   "price": "207.6",
   "amount": "9.6348"
  },
  {
   "price": "207.61",
   "amount": "9.5"
  },
  {
   "price": "207.62",
   "amount": "2.14833415"
  },
  {
   "price": "207.64",
   "amount": "9.6325"
  },
  {
   "price": "207.65",
   "amount": "2.48849195"
  },
  {
   "price": "207.66",
   "amount": "4.29666829"
  },
  {
   "price": "207.68",
   "amount": "9.6315"
  },
  {
   "price": "207.71",
   "amount": "5.248"
  },
  {
   "price": "207.73",
   "amount": "9.6283"
  },
  {
   "price": "207.76",
   "amount": "19.761"
  },
  {
   "price": "207.77",
   "amount": "9.6264"
  },
  {
   "price": "207.78",
   "amount": "30"
  },
  {
   "price": "207.81",
   "amount": "9.6246"
  },
  {
   "price": "207.82",
   "amount": "4.97698391"
  },
  {
   "price": "207.83",
   "amount": "23.57"
  }
 ]
}