{
 "pair": "xvgusd",
 "bids": [
  {
   "price": "0.004137",
   "amount": "7250"
  },
  {
   "price": "0.004",
   "amount": "30000"
  },
  {
   "price": "0.0039818",
   "amount": "10000"
  },
  {
   "price": "0.0039484",
   "amount": "20000"
  },
  {
   "price": "0.003898",
   "amount": "57000"
  },
  {
   "price": "0.0038338",
   "amount": "1713.221837"
  },
  {
   "price": "0.0038",
   "amount": "40209.984065"
  },
  {
   "price": "0.0037",
   "amount": "524940.431218"
  },
  {
   "price": "0.003684",
   "amount": "1326.57797959"
  },
  {
   "price": "0.0034",
   "amount": "1300"
  },
  {
   "price": "0.0033956",
   "amount": "127051.38360408"
  },
  {
   "price": "0.003382",
   "amount": "53500"
  },
  {
   "price": "0.0033816",
   "amount": "760"
  },
  {
   "price": "0.0033777",
   "amount": "2739"
  },
  {
   "price": "0.0032106",
   "amount": "175742.02612376"
  },
  {
   "price": "0.00321",
   "amount": "1900"
  },
  {
   "price": "0.0030113",
   "amount": "310972.0894025"
  },
  {
   "price": "0.00301",
   "amount": "1380"
  },
  {
   "price": "0.003",
   "amount": "105859.401076"
  },
  {
   "price": "0.00287",
   "amount": "16100"
  },
  {
   "price": "0.0028102",
   "amount": "106750.04164802"
  },
  {
   "price": "0.0028001",
   "amount": "107139.0307489"
  },
  {
   "price": "0.0028",
   "amount": "60000"
  },
  {
   "price": "0.0027944",
   "amount": "11659.07000504"
  },
  {
   "price": "0.0025379",
   "amount": "1700"
  }
 ],
 "asks": [
  {
   "price": "0.005008",
   "amount": "30000"
  },
  {
   "price": "0.0050081",
   "amount": "1917.062642"
  },
  {
   "price": "0.0051",
   "amount": "38870.27098"
  },
  {
   "price": "0.0053757",
   "amount": "24662.55944058"
  },
  {
   "price": "0.0053761",
   "amount": "10000"
  },
  {
   "price": "0.005377",
   "amount": "1750"
  },
  {
   "price": "0.005406",
   "amount": "91478.63252705"
  },
  {
   "price": "0.0054888",
   "amount": "1000"
  },
  {
   "price": "0.0055",
   "amount": "1000"
  },
  {
   "price": "0.0055069",
   "amount": "9989.99999999"
  },
  {
   "price": "0.0055086",
   "amount": "4500"
  },
  {
   "price": "0.0055116",
   "amount": "5000"
  },
  {
   "price": "0.00577",
   "amount": "3999"
  },
  {
   "price": "0.0059318",
   "amount": "18668.57142857"
  },
  {
   "price": "0.0059319",
   "amount": "18668.57142857"
  },
  {
   "price": "0.005932",
   "amount": "18668.57142857"
  },
  {
   "price": "0.00594",
   "amount": "1000"
  },
  {
   "price": "0.00595",
   "amount": "4000"
  },
  {
   "price": "0.006",
   "amount": "107617.545343"
  },
  {
   "price": "0.006098",
   "amount": "2000"
  },
  {
   "price": "0.0062",
   "amount": "900"
  },
  {
   "price": "0.00622",
   "amount": "20000"
  },
  {
   "price": "0.0062251",
   "amount": "30000"
  },
  {
   "price": "0.0063114",
   "amount": "1996"
  },
  {
   "price": "0.0063811",
   "amount": "16000"
  }
 ]
}