{
 "pair": "iotgbp",
 "bids": [
  {
   "price": "0.14865",
   "amount": "182.25204768"
  },
  {
   "price": "0.14836",
   "amount": "2451"
  },
  {
   "price": "0.14827",
   "amount": "278.32020404"
  },
  {
   "price": "0.14814",
   "amount": "3178.47518997"
  },
  {
   "price": "0.14813",
   "amount": "1665.05941314"
  },
  {
   "price": "0.14811",
   "amount": "1184.676224"
  },
  {
   "price": "0.14806",
   "amount": "10000"
  },
  {
   "price": "0.14805",
   "amount": "700"
  },
  {
   "price": "0.14796",
   "amount": "14316.03656541"
  },
  {
   "price": "0.1479",
   "amount": "97.10343208"
  },
  {
   "price": "0.14786",
   "amount": "34307.03224521"
  },
  {
   "price": "0.14785",
   "amount": "27125.8727822"
  },
  {
   "price": "0.14784",
   "amount": "16388.07313083"
  },
  {
   "price": "0.14776",
   "amount": "2281.25348633"
  },
  {
   "price": "0.14771",
   "amount": "1000"
  },
  {
   "price": "0.1477",
   "amount": "15000"
  },
  {
   "price": "0.14765",
   "amount": "19684.89111536"
  },
  {
   "price": "0.14763",
   "amount": "977.94970174"
  },
  {
   "price": "0.14762",
   "amount": "3300"
  },
  {
   "price": "0.14761",
   "amount": "97.29900798"
  },
  {
   "price": "0.14751",
   "amount": "13204.87055118"
  },
  {
   "price": "0.1475",
   "amount": "11138"
  },
  {
   "price": "0.14738",
   "amount": "28.0704794"
  },
  {
   "price": "0.14737",
   "amount": "635.16769531"
  },
  {
   "price": "0.14735",
   "amount": "3517.625413"
  }
 ],
 "asks": [
  {
   "price": "0.14872",
   "amount": "8943.47816496"
  },
  {
   "price": "0.14875",
   "amount": "10000"
  },
  {
   "price": "0.14883",
   "amount": "3870"
  },
  {
   "price": "0.14887",
   "amount": "2820"
  },
  {
   "price": "0.14888",
   "amount": "260.65722531"
  },
  {
   "price": "0.1489",
   "amount": "5911.42416"
  },
  {
   "price": "0.14891",
   "amount": "700"
  },
  {
   "price": "0.14893",
   "amount": "977.94970174"
  },
  {
   "price": "0.14894",
   "amount": "8194.03656541"
  },
  {
   "price": "0.14897",
   "amount": "5000"
  },
  {
   "price": "0.14907",
   "amount": "2244.51995543"
  },
  {
   "price": "0.14919",
   "amount": "1121"
  },
  {
   "price": "0.14935",
   "amount": "31364.99698287"
  },
  {
   "price": "0.14943",
   "amount": "1000"
  },
  {
   "price": "0.14958",
   "amount": "977.94970174"
  },
  {
   "price": "0.14966",
   "amount": "11137"
  },
  {
   "price": "0.14967",
   "amount": "998.96"
  },
  {
   "price": "0.15001",
   "amount": "2375.27463781"
  },
  {
   "price": "0.15002",
   "amount": "1000"
  },
  {
   "price": "0.15013",
   "amount": "4750.54927562"
  },
  {
   "price": "0.15014",
   "amount": "28.0704794"
  },
  {
   "price": "0.15021",
   "amount": "45401.2"
  },
  {
   "price": "0.15023",
   "amount": "977.94970174"
  },
  {
   "price": "0.15035",
   "amount": "2375.27463781"
  },
  {
   "price": "0.15036",
   "amount": "58645.1"
  }
 ]
}