{
 "pair": "avteth",
 "bids": [
  {
   "price": "0.00066397",
   "amount": "75.30460713"
  },
  {
   "price": "0.00065001",
   "amount": "276.91881663"
  },
  {
   "price": "0.00065",
   "amount": "3100"
  },
  {
   "price": "0.00060001",
   "amount": "814.81345687"
  },
  {
   "price": "0.0006",
   "amount": "6256.1748316"
  },
  {
   "price": "0.00034",
   "amount": "290"
  },
  {
   "price": "0.000325",
   "amount": "561"
  },
  {
   "price": "0.00032",
   "amount": "1270"
  },
  {
   "price": "0.00031",
   "amount": "1259.415378"
  },
  {
   "price": "0.00030001",
   "amount": "1063"
  },
  {
   "price": "0.0003",
   "amount": "2000"
  },
  {
   "price": "0.0002917",
   "amount": "14"
  },
  {
   "price": "0.00025399",
   "amount": "4000"
  },
  {
   "price": "0.00018637",
   "amount": "10"
  },
  {
   "price": "0.000036",
   "amount": "200"
  },
  {
   "price": "0.00003234",
   "amount": "400"
  },
  {
   "price": "0.00003232",
   "amount": "20000"
  },
  {
   "price": "0.00003231",
   "amount": "8217"
  },
  {
   "price": "0.0000299",
   "amount": "1500"
  },
  {
   "price": "0.000025",
   "amount": "400"
  },
  {
   "price": "0.0000122",
   "amount": "500"
  },
  {
   "price": "0.00001216",
   "amount": "500"
  },
  {
   "price": "0.00001214",
   "amount": "50000"
  },
  {
   "price": "0.0000121",
   "amount": "6000"
  },
  {
   "price": "0.000005",
   "amount": "4000"
  }
 ],
 "asks": [
  {
   "price": "0.00093503",
   "amount": "294.191"
  },
  {
   "price": "0.00093504",
   "amount": "811.97717328"
  },
  {
   "price": "0.00093522",
   "amount": "722.7"
  },
  {
   "price": "0.000957",
   "amount": "170.47"
  },
  {
   "price": "0.00099",
   "amount": "50"
  },
  {
   "price": "0.000999",
   "amount": "449.549999"
  },
  {
   "price": "0.0010126",
   "amount": "109.914"
  },
  {
   "price": "0.001138",
   "amount": "399.6"
  },
  {
   "price": "0.0011384",
   "amount": "173.77285316"
  },
  {
   "price": "0.00115",
   "amount": "40"
  },
  {
   "price": "0.00149",
   "amount": "6"
  },
  {
   "price": "0.0015",
   "amount": "1280.4181003"
  },
  {
   "price": "0.001551",
   "amount": "299.7"
  },
  {
   "price": "0.0016",
   "amount": "1000"
  },
  {
   "price": "0.0016303",
   "amount": "516.21130203"
  },
  {
   "price": "0.0017488",
   "amount": "198.20904943"
  },
  {
   "price": "0.0019",
   "amount": "149.85"
  },
  {
   "price": "0.001979",
   "amount": "2000"
  },
  {
   "price": "0.0019846",
   "amount": "24"
  },
  {
   "price": "0.002",
   "amount": "2072.91"
  },
  {
   "price": "0.002188",
   "amount": "224.06873678"
  },
  {
   "price": "0.002248",
   "amount": "139.55601637"
  },
  {
   "price": "0.002299",
   "amount": "499.5"
  },
  {
   "price": "0.002398",
   "amount": "859.44398363"
  },
  {
   "price": "0.002456",
   "amount": "300"
  }
 ]
}