{
 "pair": "eususd",
 "bids": [
  {
   "price": "1.1047",
   "amount": "25000"
  },
  {
   "price": "1.1009",
   "amount": "2000"
  },
  {
   "price": "1.0884",
   "amount": "3.21572951"
  },
  {
   "price": "1.0873",
   "amount": "3.2189828"
  },
  {
   "price": "1.0862",
   "amount": "3.22224268"
  },
  {
   "price": "1.085",
   "amount": "3.22580645"
  },
  {
   "price": "1.0841",
   "amount": "3.13624204"
  },
  {
   "price": "1.083",
   "amount": "3.23176361"
  },
  {
   "price": "1.0819",
   "amount": "3.23504945"
  },
  {
   "price": "1.0808",
   "amount": "3.23834196"
  },
  {
   "price": "1.0797",
   "amount": "3.24164119"
  },
  {
   "price": "1.0786",
   "amount": "3.24494715"
  },
  {
   "price": "1.0775",
   "amount": "3.24825986"
  },
  {
   "price": "1.0766",
   "amount": "3.15809028"
  },
  {
   "price": "1.0755",
   "amount": "3.25430032"
  },
  {
   "price": "1.0744",
   "amount": "3.25763216"
  },
  {
   "price": "1.0733",
   "amount": "3.26097083"
  },
  {
   "price": "1.0722",
   "amount": "3.26431635"
  },
  {
   "price": "1.0711",
   "amount": "3.26766875"
  },
  {
   "price": "1.07",
   "amount": "3.27102803"
  },
  {
   "price": "0.88624",
   "amount": "11.2836252"
  },
  {
   "price": "0.0001",
   "amount": "4000"
  },
  {
   "price": "0.000011",
   "amount": "30000"
  },
  {
   "price": "0.00001",
   "amount": "10000"
  },
  {
   "price": "0.0000011",
   "amount": "210000"
  }
 ],
 "asks": [
  {
   "price": "1.11",
   "amount": "14553.72561"
  },
  {
   "price": "1.1114",
   "amount": "3.16995094"
  },
  {
   "price": "1.1125",
   "amount": "3.16511451"
  },
  {
   "price": "1.1136",
   "amount": "3.16364486"
  },
  {
   "price": "1.1141",
   "amount": "24346.70181923"
  },
  {
   "price": "1.1147",
   "amount": "3.06701274"
  },
  {
   "price": "1.1156",
   "amount": "25000"
  },
  {
   "price": "1.1157",
   "amount": "3.15293384"
  },
  {
   "price": "1.117",
   "amount": "3.14923577"
  },
  {
   "price": "1.1171",
   "amount": "25000"
  },
  {
   "price": "1.1181",
   "amount": "3.14442042"
  },
  {
   "price": "1.1186",
   "amount": "25000"
  },
  {
   "price": "1.1192",
   "amount": "3.14130825"
  },
  {
   "price": "1.1201",
   "amount": "25000"
  },
  {
   "price": "1.1203",
   "amount": "3.13820224"
  },
  {
   "price": "1.1214",
   "amount": "3.13510237"
  },
  {
   "price": "1.1216",
   "amount": "25000"
  },
  {
   "price": "1.1225",
   "amount": "3.04252265"
  },
  {
   "price": "1.1231",
   "amount": "25000"
  },
  {
   "price": "1.1235",
   "amount": "3.12920139"
  },
  {
   "price": "1.1248",
   "amount": "3.12555953"
  },
  {
   "price": "1.1259",
   "amount": "3.12248457"
  },
  {
   "price": "1.127",
   "amount": "3.11941565"
  },
  {
   "price": "1.1281",
   "amount": "3.11635276"
  },
  {
   "price": "1.1292",
   "amount": "3.11329588"
  }
 ]
}