{
 "pair": "neceth",
 "bids": [
  {
   "price": "0.00055",
   "amount": "450.04683775"
  },
  {
   "price": "0.00050134",
   "amount": "359.03777875"
  },
  {
   "price": "0.00050042",
   "amount": "99.9160705"
  },
  {
   "price": "0.0005",
   "amount": "3000"
  },
  {
   "price": "0.00039251",
   "amount": "4203.71455504"
  },
  {
   "price": "0.0003925",
   "amount": "49"
  },
  {
   "price": "0.00038502",
   "amount": "92"
  },
  {
   "price": "0.00036933",
   "amount": "98.873744"
  },
  {
   "price": "0.0003",
   "amount": "11120"
  },
  {
   "price": "0.00019",
   "amount": "11014.983025"
  },
  {
   "price": "0.0000525",
   "amount": "190.476"
  }
 ],
 "asks": [
  {
   "price": "0.00068499",
   "amount": "83.94816892"
  },
  {
   "price": "0.000685",
   "amount": "4566"
  },
  {
   "price": "0.00071",
   "amount": "755.5"
  },
  {
   "price": "0.00072",
   "amount": "418"
  },
  {
   "price": "0.00072655",
   "amount": "811.27142011"
  },
  {
   "price": "0.000765",
   "amount": "222"
  },
  {
   "price": "0.00079",
   "amount": "3062"
  },
  {
   "price": "0.00082081",
   "amount": "915"
  },
  {
   "price": "0.0008904",
   "amount": "2395.47"
  },
  {
   "price": "0.0009976",
   "amount": "49.9"
  },
  {
   "price": "0.0010121",
   "amount": "2000"
  },
  {
   "price": "0.0015",
   "amount": "111"
  },
  {
   "price": "0.001899",
   "amount": "250"
  },
  {
   "price": "0.00215",
   "amount": "500"
  },
  {
   "price": "0.002156",
   "amount": "1000"
  },
  {
   "price": "0.0025",
   "amount": "611"
  },
  {
   "price": "0.0025495",
   "amount": "1159.64393586"
  },
  {
   "price": "0.0025551",
   "amount": "1286.74492955"
  },
  {
   "price": "0.0025593",
   "amount": "1191.67477821"
  },
  {
   "price": "0.0025625",
   "amount": "1352.44080644"
  },
  {
   "price": "0.0025638",
   "amount": "1289.89258697"
  },
  {
   "price": "0.0025656",
   "amount": "1324.06593487"
  },
  {
   "price": "0.002567",
   "amount": "1187.86158234"
  },
  {
   "price": "0.0025679",
   "amount": "1315.00826971"
  },
  {
   "price": "0.0025736",
   "amount": "1208.93264503"
  }
 ]
}