{
 "pair": "btgbtc",
 "bids": [
  {
   "price": "0.00078533",
   "amount": "2.62196507"
  },
  {
   "price": "0.000784",
   "amount": "35.18406"
  },
  {
   "price": "0.00078398",
   "amount": "35.02850132"
  },
  {
   "price": "0.00078293",
   "amount": "91.91880998"
  },
  {
   "price": "0.00078292",
   "amount": "61.6296"
  },
  {
   "price": "0.00078098",
   "amount": "132.1407"
  },
  {
   "price": "0.0007799",
   "amount": "77.89792332"
  },
  {
   "price": "0.00077934",
   "amount": "201.8928"
  },
  {
   "price": "0.00077759",
   "amount": "9.63926888"
  },
  {
   "price": "0.00077738",
   "amount": "25.44529262"
  },
  {
   "price": "0.0007759",
   "amount": "44.67542209"
  },
  {
   "price": "0.00077286",
   "amount": "319.2597495"
  },
  {
   "price": "0.00077149",
   "amount": "257.2"
  },
  {
   "price": "0.0007705",
   "amount": "107.4299337"
  },
  {
   "price": "0.00077038",
   "amount": "4.47067937"
  },
  {
   "price": "0.0007701",
   "amount": "2.5"
  },
  {
   "price": "0.00076569",
   "amount": "261.2"
  },
  {
   "price": "0.00076295",
   "amount": "0.99792909"
  },
  {
   "price": "0.00075912",
   "amount": "261.7"
  },
  {
   "price": "0.00075566",
   "amount": "8"
  },
  {
   "price": "0.0007501",
   "amount": "3"
  },
  {
   "price": "0.00075",
   "amount": "27.437426"
  },
  {
   "price": "0.00074204",
   "amount": "129.4"
  },
  {
   "price": "0.00073706",
   "amount": "129.1"
  },
  {
   "price": "0.00073073",
   "amount": "0.8"
  }
 ],
 "asks": [
  {
   "price": "0.00079081",
   "amount": "29.27156282"
  },
  {
   "price": "0.00079082",
   "amount": "77.91155418"
  },
  {
   "price": "0.00079086",
   "amount": "8.47563453"
  },
  {
   "price": "0.00079089",
   "amount": "26.35889281"
  },
  {
   "price": "0.00079162",
   "amount": "55.0119"
  },
  {
   "price": "0.00079251",
   "amount": "93.36180874"
  },
  {
   "price": "0.00079252",
   "amount": "100"
  },
  {
   "price": "0.00079351",
   "amount": "155.96857673"
  },
  {
   "price": "0.00079354",
   "amount": "0.000007"
  },
  {
   "price": "0.00079442",
   "amount": "123.3254"
  },
  {
   "price": "0.00079615",
   "amount": "198.0746"
  },
  {
   "price": "0.00079672",
   "amount": "25.41296061"
  },
  {
   "price": "0.00079735",
   "amount": "11.74625"
  },
  {
   "price": "0.00080031",
   "amount": "58.54312565"
  },
  {
   "price": "0.00080032",
   "amount": "257.1"
  },
  {
   "price": "0.00080035",
   "amount": "4.81481481"
  },
  {
   "price": "0.00080549",
   "amount": "6.81481481"
  },
  {
   "price": "0.00080833",
   "amount": "8.37822436"
  },
  {
   "price": "0.00080834",
   "amount": "261.1"
  },
  {
   "price": "0.00081063",
   "amount": "4.81481481"
  },
  {
   "price": "0.00081102",
   "amount": "15.25711042"
  },
  {
   "price": "0.00081519",
   "amount": "1"
  },
  {
   "price": "0.00081577",
   "amount": "4.81481481"
  },
  {
   "price": "0.0008198",
   "amount": "261.6"
  },
  {
   "price": "0.00082091",
   "amount": "4.81481481"
  }
 ]
}