{
 "pair": "zrxusd",
 "bids": [
  {
   "price": "0.21905",
   "amount": "4097"
  },
  {
   "price": "0.21889",
   "amount": "3160.61292313"
  },
  {
   "price": "0.21888",
   "amount": "762"
  },
  {
   "price": "0.21872",
   "amount": "703"
  },
  {
   "price": "0.21852",
   "amount": "1925.79114553"
  },
  {
   "price": "0.21851",
   "amount": "5000"
  },
  {
   "price": "0.21849",
   "amount": "1000"
  },
  {
   "price": "0.21842",
   "amount": "2022.89030751"
  },
  {
   "price": "0.21768",
   "amount": "8500"
  },
  {
   "price": "0.21767",
   "amount": "7224.71834965"
  },
  {
   "price": "0.21766",
   "amount": "84380"
  },
  {
   "price": "0.21765",
   "amount": "1500"
  },
  {
   "price": "0.21738",
   "amount": "4046.69892647"
  },
  {
   "price": "0.21629",
   "amount": "633.59599567"
  },
  {
   "price": "0.2162",
   "amount": "25"
  },
  {
   "price": "0.21592",
   "amount": "1389.40348277"
  },
  {
   "price": "0.21591",
   "amount": "85677"
  },
  {
   "price": "0.21557",
   "amount": "687.25865801"
  },
  {
   "price": "0.21556",
   "amount": "1000"
  },
  {
   "price": "0.21555",
   "amount": "4000"
  },
  {
   "price": "0.2155",
   "amount": "25"
  },
  {
   "price": "0.21547",
   "amount": "100"
  },
  {
   "price": "0.215",
   "amount": "384.29292932"
  },
  {
   "price": "0.21495",
   "amount": "50"
  },
  {
   "price": "0.21486",
   "amount": "740.92132035"
  }
 ],
 "asks": [
  {
   "price": "0.2201",
   "amount": "1637.33398489"
  },
  {
   "price": "0.22011",
   "amount": "2023.14178796"
  },
  {
   "price": "0.22022",
   "amount": "1079"
  },
  {
   "price": "0.22034",
   "amount": "8499"
  },
  {
   "price": "0.22036",
   "amount": "1500"
  },
  {
   "price": "0.22054",
   "amount": "3300"
  },
  {
   "price": "0.22117",
   "amount": "6725.72418835"
  },
  {
   "price": "0.22118",
   "amount": "84379"
  },
  {
   "price": "0.22121",
   "amount": "211.94254161"
  },
  {
   "price": "0.22155",
   "amount": "460.38396023"
  },
  {
   "price": "0.2219",
   "amount": "233.96514375"
  },
  {
   "price": "0.222",
   "amount": "28.01120448"
  },
  {
   "price": "0.22229",
   "amount": "85676"
  },
  {
   "price": "0.2223",
   "amount": "200"
  },
  {
   "price": "0.22257",
   "amount": "119.24769908"
  },
  {
   "price": "0.22259",
   "amount": "255.9877459"
  },
  {
   "price": "0.2226",
   "amount": "49.95"
  },
  {
   "price": "0.2227",
   "amount": "348.12927458"
  },
  {
   "price": "0.22314",
   "amount": "210.48419368"
  },
  {
   "price": "0.22328",
   "amount": "278.01034804"
  },
  {
   "price": "0.22363",
   "amount": "4000"
  },
  {
   "price": "0.22371",
   "amount": "301.72068828"
  },
  {
   "price": "0.22397",
   "amount": "300.03295019"
  },
  {
   "price": "0.22402",
   "amount": "1029.99238174"
  },
  {
   "price": "0.22422",
   "amount": "330.66"
  }
 ]
}