{
 "pair": "xlmeur",
 "bids": [
  {
   "price": "0.047281",
   "amount": "150.2"
  },
  {
   "price": "0.047213",
   "amount": "3080"
  },
  {
   "price": "0.047202",
   "amount": "3120"
  },
  {
   "price": "0.047191",
   "amount": "3570"
  },
  {
   "price": "0.047123",
   "amount": "7997"
  },
  {
   "price": "0.0471",
   "amount": "15300"
  },
  {
   "price": "0.046912",
   "amount": "160071"
  },
  {
   "price": "0.046871",
   "amount": "11000"
  },
  {
   "price": "0.046824",
   "amount": "30000"
  },
  {
   "price": "0.046785",
   "amount": "39940"
  },
  {
   "price": "0.046734",
   "amount": "10600"
  },
  {
   "price": "0.046521",
   "amount": "35371.34857664"
  },
  {
   "price": "0.046519",
   "amount": "5795.86947702"
  },
  {
   "price": "0.046518",
   "amount": "100000"
  },
  {
   "price": "0.04649",
   "amount": "100000"
  },
  {
   "price": "0.046234",
   "amount": "71269.36103257"
  },
  {
   "price": "0.046233",
   "amount": "8386.5293341"
  },
  {
   "price": "0.046232",
   "amount": "10968.6801182"
  },
  {
   "price": "0.046182",
   "amount": "39835"
  },
  {
   "price": "0.046099",
   "amount": "2000"
  },
  {
   "price": "0.046026",
   "amount": "1952.67631518"
  },
  {
   "price": "0.045949",
   "amount": "40373"
  },
  {
   "price": "0.045946",
   "amount": "2300"
  },
  {
   "price": "0.045925",
   "amount": "145"
  },
  {
   "price": "0.045863",
   "amount": "30000"
  }
 ],
 "asks": [
  {
   "price": "0.04736",
   "amount": "15300"
  },
  {
   "price": "0.04746",
   "amount": "3680"
  },
  {
   "price": "0.047583",
   "amount": "11000"
  },
  {
   "price": "0.047598",
   "amount": "79388"
  },
  {
   "price": "0.047599",
   "amount": "30000"
  },
  {
   "price": "0.047603",
   "amount": "7996"
  },
  {
   "price": "0.047811",
   "amount": "40303"
  },
  {
   "price": "0.047873",
   "amount": "40377"
  },
  {
   "price": "0.047886",
   "amount": "1914.3885443"
  },
  {
   "price": "0.048277",
   "amount": "39939"
  },
  {
   "price": "0.048454",
   "amount": "39834"
  },
  {
   "price": "0.048781",
   "amount": "30000"
  },
  {
   "price": "0.048844",
   "amount": "1876.84165087"
  },
  {
   "price": "0.048847",
   "amount": "40372"
  },
  {
   "price": "0.049166",
   "amount": "4890.2"
  },
  {
   "price": "0.049282",
   "amount": "4986.91110489"
  },
  {
   "price": "0.049289",
   "amount": "4143.99078358"
  },
  {
   "price": "0.049454",
   "amount": "100000"
  },
  {
   "price": "0.049455",
   "amount": "40410"
  },
  {
   "price": "0.049728",
   "amount": "60000"
  },
  {
   "price": "0.04982",
   "amount": "5507.37440574"
  },
  {
   "price": "0.049821",
   "amount": "1840.02796843"
  },
  {
   "price": "0.0499",
   "amount": "230.472321"
  },
  {
   "price": "0.05",
   "amount": "39932"
  },
  {
   "price": "0.050262",
   "amount": "105.074822"
  }
 ]
}