{
 "pair": "mkrbtc",
 "bids": [
  {
   "price": "0.06839",
   "amount": "0.89730516"
  },
  {
   "price": "0.068389",
   "amount": "0.02"
  },
  {
   "price": "0.068321",
   "amount": "1.76123918"
  },
  {
   "price": "0.067586",
   "amount": "0.51288225"
  },
  {
   "price": "0.067585",
   "amount": "3.77531686"
  },
  {
   "price": "0.067395",
   "amount": "0.29244042"
  },
  {
   "price": "0.064264",
   "amount": "0.01"
  },
  {
   "price": "0.064004",
   "amount": "0.8"
  },
  {
   "price": "0.064003",
   "amount": "1.55773144"
  },
  {
   "price": "0.064001",
   "amount": "1.55778572"
  },
  {
   "price": "0.064",
   "amount": "7.75153359"
  },
  {
   "price": "0.062",
   "amount": "0.062"
  },
  {
   "price": "0.060178",
   "amount": "0.13566287"
  },
  {
   "price": "0.05866",
   "amount": "0.395597"
  },
  {
   "price": "0.05775",
   "amount": "0.395597"
  },
  {
   "price": "0.05693",
   "amount": "0.395597"
  },
  {
   "price": "0.0562",
   "amount": "0.17807963"
  },
  {
   "price": "0.05611",
   "amount": "1.148637"
  },
  {
   "price": "0.054564",
   "amount": "10"
  },
  {
   "price": "0.051",
   "amount": "0.17479599"
  },
  {
   "price": "0.05",
   "amount": "0.5"
  },
  {
   "price": "0.04853",
   "amount": "0.0001996"
  },
  {
   "price": "0.04607",
   "amount": "0.1441878"
  },
  {
   "price": "0.03834",
   "amount": "0.26641938"
  },
  {
   "price": "0.03502",
   "amount": "5"
  }
 ],
 "asks": [
  {
   "price": "0.0686",
   "amount": "0.97637132"
  },
  {
   "price": "0.06893",
   "amount": "0.06"
  },
  {
   "price": "0.069964",
   "amount": "0.08"
  },
  {
   "price": "0.070101",
   "amount": "0.88077255"
  },
  {
   "price": "0.07024",
   "amount": "1.77536834"
  },
  {
   "price": "0.070378",
   "amount": "2"
  },
  {
   "price": "0.071012",
   "amount": "0.72487813"
  },
  {
   "price": "0.071013",
   "amount": "0.1"
  },
  {
   "price": "0.071632",
   "amount": "0.29244042"
  },
  {
   "price": "0.07831",
   "amount": "0.2"
  },
  {
   "price": "0.0794",
   "amount": "0.04831794"
  },
  {
   "price": "0.085111",
   "amount": "0.08"
  },
  {
   "price": "0.0852",
   "amount": "0.2"
  },
  {
   "price": "0.089",
   "amount": "0.24095"
  },
  {
   "price": "0.092",
   "amount": "0.2"
  },
  {
   "price": "0.096",
   "amount": "0.198257"
  },
  {
   "price": "0.096894",
   "amount": "1.272278"
  },
  {
   "price": "0.0987",
   "amount": "1.95"
  },
  {
   "price": "0.0999",
   "amount": "0.23"
  },
  {
   "price": "0.1",
   "amount": "41.07661784"
  },
  {
   "price": "0.10016",
   "amount": "0.02868751"
  },
  {
   "price": "0.102",
   "amount": "0.494"
  },
  {
   "price": "0.11299",
   "amount": "0.09"
  },
  {
   "price": "0.12181",
   "amount": "0.01637328"
  },
  {
   "price": "0.122",
   "amount": "1.5"
  }
 ]
}