{
 "pair": "gnoeth",
 "bids": [
  {
   "price": "0.063178",
   "amount": "16.32301048"
  },
  {
   "price": "0.063176",
   "amount": "2.84918278"
  },
  {
   "price": "0.06316",
   "amount": "0.79164015"
  },
  {
   "price": "0.0631",
   "amount": "8"
  },
  {
   "price": "0.020875",
   "amount": "8"
  },
  {
   "price": "0.000711",
   "amount": "145.58204137"
  },
  {
   "price": "0.00071",
   "amount": "15"
  },
  {
   "price": "0.00062503",
   "amount": "15.999"
  },
  {
   "price": "0.00000771",
   "amount": "1000"
  }
 ],
 "asks": [
  {
   "price": "0.085076",
   "amount": "11.26573964"
  },
  {
   "price": "0.085501",
   "amount": "8.53773981"
  },
  {
   "price": "0.085926",
   "amount": "9.65475866"
  },
  {
   "price": "0.086352",
   "amount": "11.54541392"
  },
  {
   "price": "0.086777",
   "amount": "10.83574164"
  },
  {
   "price": "0.148",
   "amount": "9.28101651"
  },
  {
   "price": "0.14919",
   "amount": "0.83085445"
  },
  {
   "price": "0.15039",
   "amount": "1.21621622"
  },
  {
   "price": "0.1516",
   "amount": "1.21621622"
  },
  {
   "price": "0.15282",
   "amount": "1.2162162"
  },
  {
   "price": "0.178",
   "amount": "2"
  },
  {
   "price": "0.197",
   "amount": "1.1"
  },
  {
   "price": "0.2323",
   "amount": "1"
  },
  {
   "price": "0.234",
   "amount": "6.60591266"
  },
  {
   "price": "0.36",
   "amount": "4"
  },
  {
   "price": "8",
   "amount": "5.28"
  },
  {
   "price": "9",
   "amount": "0.3"
  },
  {
   "price": "13",
   "amount": "0.5"
  },
  {
   "price": "29",
   "amount": "0.399"
  },
  {
   "price": "98",
   "amount": "0.3"
  }
 ]
}