{
 "pair": "wpreth",
 "bids": [
  {
   "price": "0.00004322",
   "amount": "22222"
  },
  {
   "price": "0.00004321",
   "amount": "4165.70238371"
  },
  {
   "price": "0.00004308",
   "amount": "1160.63138347"
  },
  {
   "price": "0.000025",
   "amount": "24893.5150158"
  },
  {
   "price": "0.00001133",
   "amount": "1200"
  },
  {
   "price": "0.00001132",
   "amount": "650"
  },
  {
   "price": "0.0000111",
   "amount": "13500"
  },
  {
   "price": "0.000011",
   "amount": "15000"
  },
  {
   "price": "0.00001005",
   "amount": "1000"
  },
  {
   "price": "0.00000116",
   "amount": "40000"
  },
  {
   "price": "0.00000101",
   "amount": "10000"
  },
  {
   "price": "0.000001",
   "amount": "45020.16"
  },
  {
   "price": "3.1e-7",
   "amount": "25000"
  },
  {
   "price": "2.1e-7",
   "amount": "50000"
  },
  {
   "price": "1.1e-7",
   "amount": "100000"
  }
 ],
 "asks": [
  {
   "price": "0.00007665",
   "amount": "1002.40818783"
  },
  {
   "price": "0.00007666",
   "amount": "998"
  },
  {
   "price": "0.000079",
   "amount": "1998"
  },
  {
   "price": "0.0001",
   "amount": "998"
  },
  {
   "price": "0.00015",
   "amount": "1000"
  },
  {
   "price": "0.00021",
   "amount": "6740"
  },
  {
   "price": "0.00035",
   "amount": "1048.95"
  },
  {
   "price": "0.000659",
   "amount": "5000.29673324"
  },
  {
   "price": "0.00066",
   "amount": "714.085"
  },
  {
   "price": "0.00068",
   "amount": "614.8241018"
  },
  {
   "price": "0.119",
   "amount": "700.37117975"
  },
  {
   "price": "0.1195",
   "amount": "800.14661595"
  },
  {
   "price": "0.1197",
   "amount": "3000"
  },
  {
   "price": "0.12",
   "amount": "2345.88705882"
  },
  {
   "price": "0.15",
   "amount": "939.39860179"
  },
  {
   "price": "10",
   "amount": "350"
  }
 ]
}