{
 "pair": "eoseur",
 "bids": [
  {
   "price": "2.352",
   "amount": "0.796"
  },
  {
   "price": "2.3493",
   "amount": "100.796"
  },
  {
   "price": "2.3485",
   "amount": "17.5842439"
  },
  {
   "price": "2.3484",
   "amount": "450"
  },
  {
   "price": "2.3483",
   "amount": "700.97017921"
  },
  {
   "price": "2.3482",
   "amount": "100"
  },
  {
   "price": "2.3481",
   "amount": "204.05414474"
  },
  {
   "price": "2.3466",
   "amount": "3000"
  },
  {
   "price": "2.3464",
   "amount": "601.94035843"
  },
  {
   "price": "2.3463",
   "amount": "50"
  },
  {
   "price": "2.3461",
   "amount": "881.63137"
  },
  {
   "price": "2.346",
   "amount": "1006"
  },
  {
   "price": "2.3456",
   "amount": "1115.93137"
  },
  {
   "price": "2.3453",
   "amount": "170.61687148"
  },
  {
   "price": "2.3452",
   "amount": "765.93137"
  },
  {
   "price": "2.3451",
   "amount": "2000"
  },
  {
   "price": "2.345",
   "amount": "1500"
  },
  {
   "price": "2.3449",
   "amount": "1300"
  },
  {
   "price": "2.3447",
   "amount": "1205.93137"
  },
  {
   "price": "2.3443",
   "amount": "765.93137"
  },
  {
   "price": "2.3442",
   "amount": "2000"
  },
  {
   "price": "2.3441",
   "amount": "1310"
  },
  {
   "price": "2.3438",
   "amount": "1107.25439611"
  },
  {
   "price": "2.3437",
   "amount": "1528.39766401"
  },
  {
   "price": "2.3436",
   "amount": "765.93137"
  }
 ],
 "asks": [
  {
   "price": "2.3522",
   "amount": "3558.88663307"
  },
  {
   "price": "2.3523",
   "amount": "81"
  },
  {
   "price": "2.3528",
   "amount": "135.6"
  },
  {
   "price": "2.3529",
   "amount": "3.33317559"
  },
  {
   "price": "2.3532",
   "amount": "50"
  },
  {
   "price": "2.3533",
   "amount": "3865.66687018"
  },
  {
   "price": "2.3534",
   "amount": "4906.06074333"
  },
  {
   "price": "2.3537",
   "amount": "763.74064"
  },
  {
   "price": "2.3539",
   "amount": "2200"
  },
  {
   "price": "2.354",
   "amount": "7334.299"
  },
  {
   "price": "2.3541",
   "amount": "2291.99251402"
  },
  {
   "price": "2.3546",
   "amount": "2263.41996"
  },
  {
   "price": "2.355",
   "amount": "763.27429"
  },
  {
   "price": "2.3555",
   "amount": "763.12867"
  },
  {
   "price": "2.3556",
   "amount": "7676.999"
  },
  {
   "price": "2.3559",
   "amount": "763.01221"
  },
  {
   "price": "2.3563",
   "amount": "439"
  },
  {
   "price": "2.3564",
   "amount": "762.8376"
  },
  {
   "price": "2.3565",
   "amount": "4955.8202"
  },
  {
   "price": "2.3569",
   "amount": "762.69215"
  },
  {
   "price": "2.3573",
   "amount": "7588.09083189"
  },
  {
   "price": "2.3578",
   "amount": "762.57582"
  },
  {
   "price": "2.358",
   "amount": "1309"
  },
  {
   "price": "2.3582",
   "amount": "762.57582"
  },
  {
   "price": "2.3587",
   "amount": "953.10328"
  }
 ]
}