{
 "pair": "qtmbtc",
 "bids": [
  {
   "price": "0.00024537",
   "amount": "80.64516129"
  },
  {
   "price": "0.00024536",
   "amount": "249.99528974"
  },
  {
   "price": "0.00024043",
   "amount": "50"
  },
  {
   "price": "0.00023037",
   "amount": "12.58432"
  },
  {
   "price": "0.00023",
   "amount": "1676.18839564"
  },
  {
   "price": "0.00020023",
   "amount": "228.187834"
  },
  {
   "price": "0.00019411",
   "amount": "174.32558858"
  },
  {
   "price": "0.0001941",
   "amount": "600"
  },
  {
   "price": "0.00018309",
   "amount": "898.44456721"
  },
  {
   "price": "0.000183",
   "amount": "5"
  },
  {
   "price": "0.00011",
   "amount": "0.4"
  },
  {
   "price": "0.000101",
   "amount": "0.4"
  },
  {
   "price": "0.0001001",
   "amount": "50"
  },
  {
   "price": "0.000091",
   "amount": "0.4"
  },
  {
   "price": "0.000081",
   "amount": "0.4"
  },
  {
   "price": "0.000071",
   "amount": "0.4"
  },
  {
   "price": "0.0000697",
   "amount": "7.17"
  },
  {
   "price": "0.000061",
   "amount": "0.4"
  },
  {
   "price": "0.0000556",
   "amount": "35"
  },
  {
   "price": "0.00005453",
   "amount": "2039.46564538"
  },
  {
   "price": "0.00005121",
   "amount": "194.93614528"
  },
  {
   "price": "0.000051",
   "amount": "0.4"
  },
  {
   "price": "0.00005",
   "amount": "300"
  },
  {
   "price": "0.00004493",
   "amount": "100"
  },
  {
   "price": "0.000041",
   "amount": "0.4"
  }
 ],
 "asks": [
  {
   "price": "0.00025049",
   "amount": "80.58017728"
  },
  {
   "price": "0.0002505",
   "amount": "249.99528974"
  },
  {
   "price": "0.00027209",
   "amount": "123.75"
  },
  {
   "price": "0.00027211",
   "amount": "3.78708457"
  },
  {
   "price": "0.00027444",
   "amount": "99.899999"
  },
  {
   "price": "0.00028",
   "amount": "284"
  },
  {
   "price": "0.00031514",
   "amount": "102.621046"
  },
  {
   "price": "0.000316",
   "amount": "99.8"
  },
  {
   "price": "0.00033025",
   "amount": "1.79"
  },
  {
   "price": "0.00033833",
   "amount": "19.96"
  },
  {
   "price": "0.00039948",
   "amount": "222.18069"
  },
  {
   "price": "0.0004",
   "amount": "31.98"
  },
  {
   "price": "0.00040788",
   "amount": "2"
  },
  {
   "price": "0.00042226",
   "amount": "2"
  },
  {
   "price": "0.000428",
   "amount": "100"
  },
  {
   "price": "0.0004314",
   "amount": "2"
  },
  {
   "price": "0.00044325",
   "amount": "15"
  },
  {
   "price": "0.00045",
   "amount": "19.98"
  },
  {
   "price": "0.00045312",
   "amount": "2"
  },
  {
   "price": "0.00046",
   "amount": "24.710247"
  },
  {
   "price": "0.00046284",
   "amount": "436.617966"
  },
  {
   "price": "0.000463",
   "amount": "96.850253"
  },
  {
   "price": "0.00047",
   "amount": "10"
  },
  {
   "price": "0.00047303",
   "amount": "2.41073216"
  },
  {
   "price": "0.0004762",
   "amount": "5.98"
  }
 ]
}