{
 "pair": "atousd",
 "bids": [
  {
   "price": "3.9977",
   "amount": "1.89027754"
  },
  {
   "price": "3.9656",
   "amount": "2.69313877"
  },
  {
   "price": "3.9338",
   "amount": "2.69313877"
  },
  {
   "price": "3.8738",
   "amount": "3.08450695"
  },
  {
   "price": "3.871",
   "amount": "2.62313491"
  },
  {
   "price": "3.733",
   "amount": "70"
  },
  {
   "price": "3.38",
   "amount": "10"
  },
  {
   "price": "3.35",
   "amount": "60"
  },
  {
   "price": "3.27",
   "amount": "4.363922"
  },
  {
   "price": "3.2277",
   "amount": "3.09815677"
  },
  {
   "price": "3.21",
   "amount": "1"
  },
  {
   "price": "3.139",
   "amount": "7.05"
  },
  {
   "price": "3.101",
   "amount": "6"
  },
  {
   "price": "3.1",
   "amount": "500"
  },
  {
   "price": "3.0577",
   "amount": "3.5"
  },
  {
   "price": "2.901",
   "amount": "98"
  },
  {
   "price": "2.721",
   "amount": "20"
  },
  {
   "price": "2.72",
   "amount": "140"
  },
  {
   "price": "2.68",
   "amount": "20"
  },
  {
   "price": "2.5904",
   "amount": "77.82917915"
  },
  {
   "price": "2.59",
   "amount": "100"
  },
  {
   "price": "2.5829",
   "amount": "100"
  },
  {
   "price": "2.57",
   "amount": "50"
  },
  {
   "price": "2.5",
   "amount": "260"
  },
  {
   "price": "2.32",
   "amount": "8.8"
  }
 ],
 "asks": [
  {
   "price": "4.0347",
   "amount": "19.24486336"
  },
  {
   "price": "4.0489",
   "amount": "2.0400357"
  },
  {
   "price": "4.1038",
   "amount": "2.01278116"
  },
  {
   "price": "4.22",
   "amount": "100"
  },
  {
   "price": "4.37",
   "amount": "67.73401984"
  },
  {
   "price": "4.38",
   "amount": "300"
  },
  {
   "price": "4.5",
   "amount": "24.845148"
  },
  {
   "price": "4.52",
   "amount": "119.88"
  },
  {
   "price": "4.7",
   "amount": "52.180815"
  },
  {
   "price": "4.7489",
   "amount": "200"
  },
  {
   "price": "4.75",
   "amount": "791"
  },
  {
   "price": "4.7809",
   "amount": "59.91999999"
  },
  {
   "price": "4.8",
   "amount": "105.61783067"
  },
  {
   "price": "4.807",
   "amount": "10.191715"
  },
  {
   "price": "4.81",
   "amount": "10"
  },
  {
   "price": "4.85",
   "amount": "100"
  },
  {
   "price": "4.9",
   "amount": "100"
  },
  {
   "price": "4.9848",
   "amount": "2.0909"
  },
  {
   "price": "5",
   "amount": "1101.836057"
  },
  {
   "price": "5.02",
   "amount": "10"
  },
  {
   "price": "5.079",
   "amount": "300"
  },
  {
   "price": "5.1405",
   "amount": "19.96"
  },
  {
   "price": "5.2",
   "amount": "85"
  },
  {
   "price": "5.25",
   "amount": "25"
  },
  {
   "price": "5.3394",
   "amount": "2.5"
  }
 ]
}