{
 "pair": "xrausd",
 "bids": [
  {
   "price": "0.0039893",
   "amount": "27019.4848029"
  },
  {
   "price": "0.0033",
   "amount": "4000"
  },
  {
   "price": "0.00327",
   "amount": "3053.17407977"
  },
  {
   "price": "0.0021119",
   "amount": "2000"
  },
  {
   "price": "0.00211",
   "amount": "500"
  },
  {
   "price": "0.002",
   "amount": "1000"
  },
  {
   "price": "0.00133",
   "amount": "1000"
  },
  {
   "price": "0.001234",
   "amount": "2500"
  },
  {
   "price": "0.001",
   "amount": "10000"
  },
  {
   "price": "0.0005",
   "amount": "310000"
  },
  {
   "price": "0.00040135",
   "amount": "25000"
  },
  {
   "price": "0.0003",
   "amount": "300000"
  },
  {
   "price": "0.00016",
   "amount": "15226"
  },
  {
   "price": "0.000122",
   "amount": "10000"
  },
  {
   "price": "0.000119",
   "amount": "10000"
  },
  {
   "price": "0.000111",
   "amount": "150000"
  },
  {
   "price": "0.0001",
   "amount": "100000"
  },
  {
   "price": "0.00001",
   "amount": "50000"
  },
  {
   "price": "0.0000051",
   "amount": "500000"
  },
  {
   "price": "0.0000011",
   "amount": "500000"
  },
  {
   "price": "0.000001",
   "amount": "500000"
  },
  {
   "price": "1e-7",
   "amount": "600000"
  }
 ],
 "asks": [
  {
   "price": "0.0065",
   "amount": "8764.669694"
  },
  {
   "price": "0.00725",
   "amount": "1498.84225"
  },
  {
   "price": "0.00789",
   "amount": "680"
  },
  {
   "price": "0.0090944",
   "amount": "8241"
  },
  {
   "price": "0.009095",
   "amount": "609"
  },
  {
   "price": "0.0091083",
   "amount": "2630.726395"
  },
  {
   "price": "0.0096943",
   "amount": "2495"
  },
  {
   "price": "0.0097777",
   "amount": "2500"
  },
  {
   "price": "0.01",
   "amount": "221073"
  },
  {
   "price": "0.0113",
   "amount": "9989.9999"
  },
  {
   "price": "0.012439",
   "amount": "12761.60726379"
  },
  {
   "price": "0.0128",
   "amount": "6793.2"
  },
  {
   "price": "0.015999",
   "amount": "7328.94915821"
  },
  {
   "price": "0.0185",
   "amount": "998"
  },
  {
   "price": "0.0197",
   "amount": "1844.67187443"
  },
  {
   "price": "0.019901",
   "amount": "750"
  },
  {
   "price": "0.02",
   "amount": "440.62"
  },
  {
   "price": "0.022842",
   "amount": "700.782661"
  },
  {
   "price": "0.025",
   "amount": "1850"
  },
  {
   "price": "0.0275",
   "amount": "20000"
  },
  {
   "price": "0.028",
   "amount": "13175.4905848"
  },
  {
   "price": "0.029",
   "amount": "20000"
  },
  {
   "price": "0.03",
   "amount": "20000"
  },
  {
   "price": "0.030773",
   "amount": "1500"
  },
  {
   "price": "0.03577",
   "amount": "596.01524664"
  }
 ]
}