{
 "pair": "neoeur",
 "bids": [
  {
   "price": "7.7661",
   "amount": "68.79234124"
  },
  {
   "price": "7.7633",
   "amount": "4"
  },
  {
   "price": "7.7556",
   "amount": "4.44031955"
  },
  {
   "price": "7.7452",
   "amount": "212.20421301"
  },
  {
   "price": "7.7417",
   "amount": "200"
  },
  {
   "price": "7.7337",
   "amount": "200"
  },
  {
   "price": "7.7335",
   "amount": "200"
  },
  {
   "price": "7.7317",
   "amount": "553.3"
  },
  {
   "price": "7.7316",
   "amount": "400"
  },
  {
   "price": "7.7297",
   "amount": "200"
  },
  {
   "price": "7.7262",
   "amount": "669.93042055"
  },
  {
   "price": "7.7261",
   "amount": "100"
  },
  {
   "price": "7.726",
   "amount": "75.4"
  },
  {
   "price": "7.7245",
   "amount": "3.24198953"
  },
  {
   "price": "7.7237",
   "amount": "68.6"
  },
  {
   "price": "7.7213",
   "amount": "501.19349737"
  },
  {
   "price": "7.72",
   "amount": "200"
  },
  {
   "price": "7.7194",
   "amount": "103.56790755"
  },
  {
   "price": "7.7168",
   "amount": "100"
  },
  {
   "price": "7.7164",
   "amount": "155.35831627"
  },
  {
   "price": "7.7151",
   "amount": "1002.38699474"
  },
  {
   "price": "7.7145",
   "amount": "100"
  },
  {
   "price": "7.7099",
   "amount": "100"
  },
  {
   "price": "7.7091",
   "amount": "385.4723822"
  },
  {
   "price": "7.7089",
   "amount": "3.24851922"
  }
 ],
 "asks": [
  {
   "price": "7.7663",
   "amount": "222.6880564"
  },
  {
   "price": "7.7664",
   "amount": "45.78895981"
  },
  {
   "price": "7.7672",
   "amount": "16"
  },
  {
   "price": "7.7693",
   "amount": "419.9605994"
  },
  {
   "price": "7.7705",
   "amount": "100"
  },
  {
   "price": "7.7741",
   "amount": "201.55610968"
  },
  {
   "price": "7.7793",
   "amount": "382.32166556"
  },
  {
   "price": "7.7804",
   "amount": "10"
  },
  {
   "price": "7.7805",
   "amount": "8.41936775"
  },
  {
   "price": "7.7844",
   "amount": "100"
  },
  {
   "price": "7.7868",
   "amount": "562.32023884"
  },
  {
   "price": "7.7869",
   "amount": "553.2"
  },
  {
   "price": "7.787",
   "amount": "15.08603441"
  },
  {
   "price": "7.7921",
   "amount": "43.99"
  },
  {
   "price": "7.7954",
   "amount": "73.5"
  },
  {
   "price": "7.797",
   "amount": "80.1"
  },
  {
   "price": "7.8011",
   "amount": "84"
  },
  {
   "price": "7.8056",
   "amount": "0.6"
  },
  {
   "price": "7.8061",
   "amount": "2778.5"
  },
  {
   "price": "7.8062",
   "amount": "31.71668667"
  },
  {
   "price": "7.8101",
   "amount": "84"
  },
  {
   "price": "7.8254",
   "amount": "24.20968387"
  },
  {
   "price": "7.8268",
   "amount": "5.72995902"
  },
  {
   "price": "7.8303",
   "amount": "4"
  },
  {
   "price": "7.8319",
   "amount": "15.71828731"
  }
 ]
}