{
 "pair": "xlmgbp",
 "bids": [
  {
   "price": "0.039961",
   "amount": "150.2"
  },
  {
   "price": "0.039903",
   "amount": "3080"
  },
  {
   "price": "0.039894",
   "amount": "3120"
  },
  {
   "price": "0.039885",
   "amount": "3570"
  },
  {
   "price": "0.039827",
   "amount": "7997"
  },
  {
   "price": "0.039807",
   "amount": "15300"
  },
  {
   "price": "0.039648",
   "amount": "160071"
  },
  {
   "price": "0.039614",
   "amount": "11000"
  },
  {
   "price": "0.039575",
   "amount": "30000"
  },
  {
   "price": "0.039541",
   "amount": "39940"
  },
  {
   "price": "0.039498",
   "amount": "10600"
  },
  {
   "price": "0.039319",
   "amount": "29575.14556545"
  },
  {
   "price": "0.039318",
   "amount": "5795.63165432"
  },
  {
   "price": "0.039316",
   "amount": "5795.86947702"
  },
  {
   "price": "0.039315",
   "amount": "100000"
  },
  {
   "price": "0.039292",
   "amount": "100000"
  },
  {
   "price": "0.039075",
   "amount": "79655.89036667"
  },
  {
   "price": "0.039074",
   "amount": "10968.6801182"
  },
  {
   "price": "0.039032",
   "amount": "39835"
  },
  {
   "price": "0.038962",
   "amount": "2000"
  },
  {
   "price": "0.038899",
   "amount": "1952.67631518"
  },
  {
   "price": "0.038835",
   "amount": "40373"
  },
  {
   "price": "0.038832",
   "amount": "2300"
  },
  {
   "price": "0.038814",
   "amount": "145"
  },
  {
   "price": "0.038762",
   "amount": "30000"
  }
 ],
 "asks": [
  {
   "price": "0.040028",
   "amount": "15300"
  },
  {
   "price": "0.040112",
   "amount": "3680"
  },
  {
   "price": "0.040216",
   "amount": "11000"
  },
  {
   "price": "0.040229",
   "amount": "79388"
  },
  {
   "price": "0.04023",
   "amount": "30000"
  },
  {
   "price": "0.040233",
   "amount": "7996"
  },
  {
   "price": "0.040408",
   "amount": "40303"
  },
  {
   "price": "0.040461",
   "amount": "40377"
  },
  {
   "price": "0.040472",
   "amount": "1914.3885443"
  },
  {
   "price": "0.040802",
   "amount": "39939"
  },
  {
   "price": "0.040952",
   "amount": "39834"
  },
  {
   "price": "0.041228",
   "amount": "30000"
  },
  {
   "price": "0.041282",
   "amount": "1876.84165087"
  },
  {
   "price": "0.041284",
   "amount": "40372"
  },
  {
   "price": "0.041554",
   "amount": "4890.2"
  },
  {
   "price": "0.041652",
   "amount": "4986.91110489"
  },
  {
   "price": "0.041658",
   "amount": "4143.99078358"
  },
  {
   "price": "0.041797",
   "amount": "100000"
  },
  {
   "price": "0.041798",
   "amount": "40410"
  },
  {
   "price": "0.042029",
   "amount": "60000"
  },
  {
   "price": "0.042106",
   "amount": "5507.37440574"
  },
  {
   "price": "0.042107",
   "amount": "1840.02796843"
  },
  {
   "price": "0.042175",
   "amount": "230.472321"
  },
  {
   "price": "0.042258",
   "amount": "39932"
  },
  {
   "price": "0.04248",
   "amount": "105.074822"
  }
 ]
}