{
 "pair": "wtceth",
 "bids": [
  {
   "price": "0.003144",
   "amount": "0.0000573"
  },
  {
   "price": "0.0026508",
   "amount": "400.90377281"
  },
  {
   "price": "0.00265",
   "amount": "100"
  },
  {
   "price": "0.0022001",
   "amount": "222.21545487"
  },
  {
   "price": "0.0022",
   "amount": "60.991468"
  },
  {
   "price": "0.002",
   "amount": "250"
  },
  {
   "price": "0.0011002",
   "amount": "17.19197842"
  },
  {
   "price": "0.0011001",
   "amount": "308.71000519"
  },
  {
   "price": "0.00088825",
   "amount": "11.258"
  },
  {
   "price": "0.00051",
   "amount": "10"
  },
  {
   "price": "0.0005002",
   "amount": "20"
  },
  {
   "price": "0.00044413",
   "amount": "22.516"
  },
  {
   "price": "0.00022206",
   "amount": "45.033"
  },
  {
   "price": "0.00011103",
   "amount": "90.066"
  },
  {
   "price": "0.00011014",
   "amount": "41.53799113"
  },
  {
   "price": "0.0001001",
   "amount": "100"
  },
  {
   "price": "0.00005552",
   "amount": "180.116"
  },
  {
   "price": "0.00002776",
   "amount": "360.231"
  },
  {
   "price": "0.00001388",
   "amount": "720.461"
  },
  {
   "price": "0.00001002",
   "amount": "1000"
  },
  {
   "price": "0.00000694",
   "amount": "1440.922"
  },
  {
   "price": "0.000002",
   "amount": "5000"
  }
 ],
 "asks": [
  {
   "price": "0.005",
   "amount": "100"
  },
  {
   "price": "0.007",
   "amount": "72.867"
  },
  {
   "price": "0.00923",
   "amount": "99.89999999"
  },
  {
   "price": "0.0092457",
   "amount": "15.93140171"
  },
  {
   "price": "0.00959",
   "amount": "28.0538896"
  },
  {
   "price": "0.014655",
   "amount": "230.5123459"
  },
  {
   "price": "0.01509",
   "amount": "39.96"
  },
  {
   "price": "0.015127",
   "amount": "26.973"
  },
  {
   "price": "0.015317",
   "amount": "98.88787099"
  },
  {
   "price": "0.017321",
   "amount": "25"
  },
  {
   "price": "0.01794",
   "amount": "99.9"
  },
  {
   "price": "0.017948",
   "amount": "13.48871051"
  },
  {
   "price": "0.1",
   "amount": "10.9"
  },
  {
   "price": "0.145",
   "amount": "10"
  },
  {
   "price": "1.45",
   "amount": "10"
  },
  {
   "price": "5",
   "amount": "10"
  },
  {
   "price": "52",
   "amount": "9.699824"
  }
 ]
}