{
 "pair": "iotusd",
 "bids": [
  {
   "price": "0.1957",
   "amount": "4151.2749171"
  },
  {
   "price": "0.1955",
   "amount": "275.1275973"
  },
  {
   "price": "0.19542",
   "amount": "3178.47518997"
  },
  {
   "price": "0.19514",
   "amount": "1665.05941314"
  },
  {
   "price": "0.19513",
   "amount": "700"
  },
  {
   "price": "0.19511",
   "amount": "8181.04886935"
  },
  {
   "price": "0.19507",
   "amount": "5000"
  },
  {
   "price": "0.195",
   "amount": "2306.676224"
  },
  {
   "price": "0.19496",
   "amount": "3000"
  },
  {
   "price": "0.19495",
   "amount": "16362.0977387"
  },
  {
   "price": "0.19493",
   "amount": "10000"
  },
  {
   "price": "0.19481",
   "amount": "2284.37788418"
  },
  {
   "price": "0.19477",
   "amount": "1000"
  },
  {
   "price": "0.19474",
   "amount": "30217.53166391"
  },
  {
   "price": "0.19473",
   "amount": "15000"
  },
  {
   "price": "0.19472",
   "amount": "97.10343208"
  },
  {
   "price": "0.19471",
   "amount": "19653.44782681"
  },
  {
   "price": "0.19465",
   "amount": "27125.8727822"
  },
  {
   "price": "0.19436",
   "amount": "977.94970174"
  },
  {
   "price": "0.19435",
   "amount": "3300"
  },
  {
   "price": "0.19433",
   "amount": "97.29900798"
  },
  {
   "price": "0.1942",
   "amount": "13204.87055118"
  },
  {
   "price": "0.19419",
   "amount": "11138"
  },
  {
   "price": "0.19404",
   "amount": "28.0704794"
  },
  {
   "price": "0.19402",
   "amount": "635.16769531"
  }
 ],
 "asks": [
  {
   "price": "0.19599",
   "amount": "260.65722531"
  },
  {
   "price": "0.19602",
   "amount": "5911.42416"
  },
  {
   "price": "0.19606",
   "amount": "10977.94970174"
  },
  {
   "price": "0.19631",
   "amount": "8943.47816496"
  },
  {
   "price": "0.19632",
   "amount": "8184.75527243"
  },
  {
   "price": "0.19635",
   "amount": "800"
  },
  {
   "price": "0.1964",
   "amount": "257.73705775"
  },
  {
   "price": "0.19645",
   "amount": "1121"
  },
  {
   "price": "0.19652",
   "amount": "700"
  },
  {
   "price": "0.19656",
   "amount": "28879.71856969"
  },
  {
   "price": "0.19657",
   "amount": "5000"
  },
  {
   "price": "0.19662",
   "amount": "3000"
  },
  {
   "price": "0.19669",
   "amount": "2257.31398663"
  },
  {
   "price": "0.19671",
   "amount": "1200"
  },
  {
   "price": "0.19682",
   "amount": "1000"
  },
  {
   "price": "0.19692",
   "amount": "977.94970174"
  },
  {
   "price": "0.19702",
   "amount": "11137"
  },
  {
   "price": "0.19703",
   "amount": "998.96"
  },
  {
   "price": "0.1975",
   "amount": "1000"
  },
  {
   "price": "0.19766",
   "amount": "28.0704794"
  },
  {
   "price": "0.19774",
   "amount": "45401.2"
  },
  {
   "price": "0.19777",
   "amount": "977.94970174"
  },
  {
   "price": "0.19793",
   "amount": "2375.27463781"
  },
  {
   "price": "0.19794",
   "amount": "65770.92391343"
  },
  {
   "price": "0.19797",
   "amount": "22915.22802272"
  }
 ]
}