{
 "pair": "leoust",
 "bids": [
  {
   "price": "0.8852",
   "amount": "6263.39881382"
  },
  {
   "price": "0.88486",
   "amount": "626.33066557"
  },
  {
   "price": "0.88485",
   "amount": "1349.0422"
  },
  {
   "price": "0.88456",
   "amount": "1252.67226634"
  },
  {
   "price": "0.88455",
   "amount": "256"
  },
  {
   "price": "0.8844",
   "amount": "499.68579226"
  },
  {
   "price": "0.884",
   "amount": "1000"
  },
  {
   "price": "0.88394",
   "amount": "1511.71916139"
  },
  {
   "price": "0.88383",
   "amount": "28243.19872638"
  },
  {
   "price": "0.88348",
   "amount": "998.8397632"
  },
  {
   "price": "0.88338",
   "amount": "39294.02324024"
  },
  {
   "price": "0.88333",
   "amount": "5973.58613826"
  },
  {
   "price": "0.88329",
   "amount": "1497.98132903"
  },
  {
   "price": "0.88324",
   "amount": "42078.01831624"
  },
  {
   "price": "0.88177",
   "amount": "146.0942249"
  },
  {
   "price": "0.88151",
   "amount": "12527.89221742"
  },
  {
   "price": "0.87891",
   "amount": "9801"
  },
  {
   "price": "0.87783",
   "amount": "340.57682977"
  },
  {
   "price": "0.87777",
   "amount": "5817.64053749"
  },
  {
   "price": "0.87485",
   "amount": "18791.83832613"
  },
  {
   "price": "0.87375",
   "amount": "9952"
  },
  {
   "price": "0.87374",
   "amount": "30895.23850869"
  },
  {
   "price": "0.87287",
   "amount": "34610.39838414"
  },
  {
   "price": "0.87245",
   "amount": "37430.4875244"
  },
  {
   "price": "0.87222",
   "amount": "4442.35897595"
  }
 ],
 "asks": [
  {
   "price": "0.88996",
   "amount": "1389.6710057"
  },
  {
   "price": "0.88997",
   "amount": "136.66385834"
  },
  {
   "price": "0.89",
   "amount": "450"
  },
  {
   "price": "0.89055",
   "amount": "268"
  },
  {
   "price": "0.89089",
   "amount": "580.46"
  },
  {
   "price": "0.89094",
   "amount": "177"
  },
  {
   "price": "0.89112",
   "amount": "216"
  },
  {
   "price": "0.89146",
   "amount": "499.41730248"
  },
  {
   "price": "0.8917",
   "amount": "998.83460496"
  },
  {
   "price": "0.89181",
   "amount": "906.5150694"
  },
  {
   "price": "0.89192",
   "amount": "6263.39881382"
  },
  {
   "price": "0.89299",
   "amount": "1498.25190745"
  },
  {
   "price": "0.89489",
   "amount": "6264.00716963"
  },
  {
   "price": "0.90155",
   "amount": "6264.02434639"
  },
  {
   "price": "0.9019",
   "amount": "5558.44705424"
  },
  {
   "price": "0.90191",
   "amount": "9801"
  },
  {
   "price": "0.90393",
   "amount": "258"
  },
  {
   "price": "0.90582",
   "amount": "365"
  },
  {
   "price": "0.90593",
   "amount": "9951"
  },
  {
   "price": "0.9088",
   "amount": "210"
  },
  {
   "price": "0.91334",
   "amount": "357"
  },
  {
   "price": "0.91626",
   "amount": "5559.19126518"
  },
  {
   "price": "0.91627",
   "amount": "9969"
  },
  {
   "price": "0.92",
   "amount": "380.9978"
  },
  {
   "price": "0.92999",
   "amount": "31.39028327"
  }
 ]
}