{
 "pair": "utnusd",
 "bids": [
  {
   "price": "0.002222",
   "amount": "5009"
  },
  {
   "price": "0.002103",
   "amount": "9510.17826829"
  },
  {
   "price": "0.0021",
   "amount": "330559.838276"
  },
  {
   "price": "0.00204",
   "amount": "134800"
  },
  {
   "price": "0.00203",
   "amount": "4911.44661749"
  },
  {
   "price": "0.00185",
   "amount": "462188.53795996"
  },
  {
   "price": "0.0017",
   "amount": "6614.545929"
  },
  {
   "price": "0.0013215",
   "amount": "227014.75595914"
  },
  {
   "price": "0.0013214",
   "amount": "525763.42477104"
  },
  {
   "price": "0.00132",
   "amount": "10000"
  },
  {
   "price": "0.0012",
   "amount": "20000"
  },
  {
   "price": "0.0011013",
   "amount": "21883.22"
  },
  {
   "price": "0.0011",
   "amount": "2474151.572081"
  },
  {
   "price": "0.0010969",
   "amount": "3563.953168"
  },
  {
   "price": "0.000811",
   "amount": "10000"
  },
  {
   "price": "0.0007",
   "amount": "10000"
  },
  {
   "price": "0.0006",
   "amount": "50000"
  },
  {
   "price": "0.0005",
   "amount": "40000"
  },
  {
   "price": "0.0004",
   "amount": "10000"
  },
  {
   "price": "0.00024",
   "amount": "150000"
  },
  {
   "price": "0.000133",
   "amount": "7000"
  },
  {
   "price": "0.000121",
   "amount": "10000"
  },
  {
   "price": "0.000104",
   "amount": "50000"
  },
  {
   "price": "0.0001",
   "amount": "15000"
  },
  {
   "price": "0.00005",
   "amount": "101000"
  }
 ],
 "asks": [
  {
   "price": "0.0024895",
   "amount": "26381.44215"
  },
  {
   "price": "0.00249",
   "amount": "2923863.975996"
  },
  {
   "price": "0.002549",
   "amount": "90000"
  },
  {
   "price": "0.0025492",
   "amount": "200000"
  },
  {
   "price": "0.0027333",
   "amount": "13000"
  },
  {
   "price": "0.0033968",
   "amount": "3000"
  },
  {
   "price": "0.00385",
   "amount": "15779.904577"
  },
  {
   "price": "0.004777",
   "amount": "47000"
  },
  {
   "price": "0.00499",
   "amount": "6995"
  },
  {
   "price": "0.0051",
   "amount": "19030.384667"
  },
  {
   "price": "0.0054",
   "amount": "99905.994"
  },
  {
   "price": "0.00547",
   "amount": "39153.156"
  },
  {
   "price": "0.0058",
   "amount": "4435"
  },
  {
   "price": "0.0058888",
   "amount": "30000"
  },
  {
   "price": "0.0059887",
   "amount": "70524"
  },
  {
   "price": "0.006",
   "amount": "24978.37373175"
  },
  {
   "price": "0.006599",
   "amount": "1500000"
  },
  {
   "price": "0.0067",
   "amount": "50000"
  },
  {
   "price": "0.006789",
   "amount": "5000"
  },
  {
   "price": "0.007",
   "amount": "209600"
  },
  {
   "price": "0.0072",
   "amount": "150000"
  },
  {
   "price": "0.0074",
   "amount": "10031.25"
  },
  {
   "price": "0.007654",
   "amount": "5884.738"
  },
  {
   "price": "0.008",
   "amount": "389246"
  },
  {
   "price": "0.0081965",
   "amount": "634247.877365"
  }
 ]
}