{
 "pair": "utkusd",
 "bids": [
  {
   "price": "0.010463",
   "amount": "28671.83734581"
  },
  {
   "price": "0.010458",
   "amount": "1740"
  },
  {
   "price": "0.010455",
   "amount": "1220"
  },
  {
   "price": "0.01",
   "amount": "3013.57515198"
  },
  {
   "price": "0.00381",
   "amount": "1176.96972895"
  },
  {
   "price": "0.0035",
   "amount": "1150"
  },
  {
   "price": "0.00133",
   "amount": "1000"
  },
  {
   "price": "0.00131",
   "amount": "6000"
  },
  {
   "price": "0.001211",
   "amount": "900"
  },
  {
   "price": "0.00015188",
   "amount": "40764.6"
  },
  {
   "price": "0.0001511",
   "amount": "1000"
  },
  {
   "price": "0.000136",
   "amount": "50000"
  },
  {
   "price": "0.000121",
   "amount": "9000"
  },
  {
   "price": "0.00011",
   "amount": "200000"
  },
  {
   "price": "0.0001",
   "amount": "17000"
  },
  {
   "price": "0.00001",
   "amount": "30000"
  },
  {
   "price": "0.000001",
   "amount": "300000"
  },
  {
   "price": "1.1e-7",
   "amount": "1500000"
  },
  {
   "price": "1e-7",
   "amount": "5100000"
  },
  {
   "price": "1e-8",
   "amount": "2700000"
  }
 ],
 "asks": [
  {
   "price": "0.044826",
   "amount": "387.3974249"
  },
  {
   "price": "0.044836",
   "amount": "816.9282751"
  },
  {
   "price": "0.044847",
   "amount": "7777"
  },
  {
   "price": "0.04489",
   "amount": "1524.04"
  },
  {
   "price": "0.044898",
   "amount": "1800.00845495"
  },
  {
   "price": "0.045",
   "amount": "800"
  },
  {
   "price": "0.0645",
   "amount": "794.095"
  },
  {
   "price": "0.065",
   "amount": "3799.290561"
  },
  {
   "price": "0.071806",
   "amount": "4994"
  },
  {
   "price": "0.07471",
   "amount": "199.8"
  },
  {
   "price": "0.079",
   "amount": "698.5"
  },
  {
   "price": "0.08",
   "amount": "498"
  },
  {
   "price": "0.0819",
   "amount": "650"
  },
  {
   "price": "0.098248",
   "amount": "100"
  },
  {
   "price": "0.10181",
   "amount": "134.33326573"
  },
  {
   "price": "0.105",
   "amount": "5008.216331"
  },
  {
   "price": "0.1393",
   "amount": "980"
  },
  {
   "price": "0.19194",
   "amount": "72.30701"
  },
  {
   "price": "0.2",
   "amount": "200"
  },
  {
   "price": "0.22",
   "amount": "26.7"
  },
  {
   "price": "0.249",
   "amount": "300"
  },
  {
   "price": "0.25",
   "amount": "1998"
  },
  {
   "price": "0.29",
   "amount": "230.72247393"
  },
  {
   "price": "0.29987",
   "amount": "1000"
  },
  {
   "price": "0.3",
   "amount": "4550.39015006"
  }
 ]
}