{
 "pair": "aucusd",
 "bids": [
  {
   "price": "0.0020029",
   "amount": "2000"
  },
  {
   "price": "0.0020017",
   "amount": "33333"
  },
  {
   "price": "0.0020009",
   "amount": "4381.601261"
  },
  {
   "price": "0.001919",
   "amount": "3847.14999997"
  },
  {
   "price": "0.0015615",
   "amount": "100000"
  },
  {
   "price": "0.00121",
   "amount": "5000"
  },
  {
   "price": "0.0011513",
   "amount": "100000"
  },
  {
   "price": "0.0009588",
   "amount": "100000"
  },
  {
   "price": "0.00072",
   "amount": "9000"
  },
  {
   "price": "0.00071462",
   "amount": "100000"
  },
  {
   "price": "0.0007",
   "amount": "101000"
  },
  {
   "price": "0.00043414",
   "amount": "100000"
  },
  {
   "price": "0.0003",
   "amount": "3000"
  },
  {
   "price": "0.00025068",
   "amount": "100000"
  },
  {
   "price": "0.00013",
   "amount": "10000"
  },
  {
   "price": "0.0001",
   "amount": "21000"
  },
  {
   "price": "0.00005533",
   "amount": "100000"
  },
  {
   "price": "0.000015",
   "amount": "150000"
  },
  {
   "price": "0.0000124",
   "amount": "150000"
  },
  {
   "price": "0.0000123",
   "amount": "150000"
  },
  {
   "price": "0.0000122",
   "amount": "150000"
  },
  {
   "price": "0.0000121",
   "amount": "150000"
  },
  {
   "price": "0.000012",
   "amount": "150000"
  },
  {
   "price": "0.00001",
   "amount": "15000"
  },
  {
   "price": "0.0000065",
   "amount": "300000"
  }
 ],
 "asks": [
  {
   "price": "0.0037756",
   "amount": "11305.34902655"
  },
  {
   "price": "0.0037757",
   "amount": "8215.21280882"
  },
  {
   "price": "0.0037772",
   "amount": "8942.1690684"
  },
  {
   "price": "0.00478",
   "amount": "6510.980569"
  },
  {
   "price": "0.0048",
   "amount": "20984.51966563"
  },
  {
   "price": "0.0058734",
   "amount": "3996"
  },
  {
   "price": "0.006042",
   "amount": "1406.592"
  },
  {
   "price": "0.008",
   "amount": "2827.50831421"
  },
  {
   "price": "0.0085",
   "amount": "5419.95159506"
  },
  {
   "price": "0.009",
   "amount": "10000"
  },
  {
   "price": "0.01",
   "amount": "10000"
  },
  {
   "price": "0.011",
   "amount": "36825.786163"
  },
  {
   "price": "0.011531",
   "amount": "1000"
  },
  {
   "price": "0.0125",
   "amount": "4578.190254"
  },
  {
   "price": "0.013",
   "amount": "60721.21"
  },
  {
   "price": "0.014",
   "amount": "346.00395"
  },
  {
   "price": "0.014182",
   "amount": "8811.10607817"
  },
  {
   "price": "0.0197",
   "amount": "4022.01856025"
  },
  {
   "price": "0.02",
   "amount": "74849"
  },
  {
   "price": "0.022878",
   "amount": "2081.25"
  },
  {
   "price": "0.023",
   "amount": "500"
  },
  {
   "price": "0.025",
   "amount": "1572"
  },
  {
   "price": "0.03",
   "amount": "2288"
  },
  {
   "price": "0.033",
   "amount": "2066.48269122"
  },
  {
   "price": "0.04",
   "amount": "2999.93157937"
  }
 ]
}