{
 "pair": "ltcbtc",
 "bids": [
  {
   "price": "0.006066",
   "amount": "32.32628902"
  },
  {
   "price": "0.0060659",
   "amount": "2.5"
  },
  {
   "price": "0.0060632",
   "amount": "4.52869477"
  },
  {
   "price": "0.0060612",
   "amount": "10.10522774"
  },
  {
   "price": "0.0060609",
   "amount": "11.19"
  },
  {
   "price": "0.0060595",
   "amount": "9.53"
  },
  {
   "price": "0.0060578",
   "amount": "10.69"
  },
  {
   "price": "0.0060529",
   "amount": "123.08160541"
  },
  {
   "price": "0.0060528",
   "amount": "71.31"
  },
  {
   "price": "0.0060512",
   "amount": "70.27"
  },
  {
   "price": "0.0060503",
   "amount": "294.3758407"
  },
  {
   "price": "0.0060502",
   "amount": "406.999"
  },
  {
   "price": "0.0060501",
   "amount": "120"
  },
  {
   "price": "0.00605",
   "amount": "364.44072"
  },
  {
   "price": "0.0060498",
   "amount": "250"
  },
  {
   "price": "0.006046",
   "amount": "34"
  },
  {
   "price": "0.0060402",
   "amount": "124.50387395"
  },
  {
   "price": "0.0060401",
   "amount": "69.88"
  },
  {
   "price": "0.00604",
   "amount": "228.0701"
  },
  {
   "price": "0.0060398",
   "amount": "28"
  },
  {
   "price": "0.0060392",
   "amount": "54"
  },
  {
   "price": "0.006031",
   "amount": "0.53796714"
  },
  {
   "price": "0.0060285",
   "amount": "705.78"
  },
  {
   "price": "0.0060205",
   "amount": "3.2725"
  },
  {
   "price": "0.0060192",
   "amount": "358.32"
  }
 ],
 "asks": [
  {
   "price": "0.0060727",
   "amount": "2.5"
  },
  {
   "price": "0.0060728",
   "amount": "12"
  },
  {
   "price": "0.0060729",
   "amount": "1.84"
  },
  {
   "price": "0.0060732",
   "amount": "12"
  },
  {
   "price": "0.0060759",
   "amount": "20"
  },
  {
   "price": "0.006076",
   "amount": "121.96"
  },
  {
   "price": "0.0060769",
   "amount": "60"
  },
  {
   "price": "0.0060784",
   "amount": "17.17976058"
  },
  {
   "price": "0.0060791",
   "amount": "26"
  },
  {
   "price": "0.0060808",
   "amount": "114.48631352"
  },
  {
   "price": "0.0060809",
   "amount": "34.82168849"
  },
  {
   "price": "0.006081",
   "amount": "13.05756131"
  },
  {
   "price": "0.0060879",
   "amount": "32.95470391"
  },
  {
   "price": "0.0060892",
   "amount": "70.26"
  },
  {
   "price": "0.0060895",
   "amount": "71.3"
  },
  {
   "price": "0.0060899",
   "amount": "476.869"
  },
  {
   "price": "0.00609",
   "amount": "181.49568"
  },
  {
   "price": "0.0060905",
   "amount": "50.40530559"
  },
  {
   "price": "0.0060908",
   "amount": "60"
  },
  {
   "price": "0.0060922",
   "amount": "25.96759995"
  },
  {
   "price": "0.0060942",
   "amount": "250"
  },
  {
   "price": "0.0060995",
   "amount": "26.9676"
  },
  {
   "price": "0.0061006",
   "amount": "10"
  },
  {
   "price": "0.0061041",
   "amount": "20"
  },
  {
   "price": "0.0061108",
   "amount": "813.999"
  }
 ]
}