{
 "pair": "dthbtc",
 "bids": [
  {
   "price": "2.1e-7",
   "amount": "1450"
  },
  {
   "price": "1.6e-7",
   "amount": "29019.6875"
  },
  {
   "price": "1.5e-7",
   "amount": "100000"
  },
  {
   "price": "1.2e-7",
   "amount": "100000"
  },
  {
   "price": "1.1e-7",
   "amount": "50000"
  },
  {
   "price": "1e-7",
   "amount": "5000"
  },
  {
   "price": "7e-8",
   "amount": "100000"
  },
  {
   "price": "6e-8",
   "amount": "50000"
  },
  {
   "price": "5e-8",
   "amount": "100000"
  },
  {
   "price": "3e-8",
   "amount": "10000"
  },
  {
   "price": "2e-8",
   "amount": "200000"
  },
  {
   "price": "1e-8",
   "amount": "300000"
  }
 ],
 "asks": [
  {
   "price": "3.5e-7",
   "amount": "4987.50449899"
  },
  {
   "price": "3.6e-7",
   "amount": "2125"
  },
  {
   "price": "4.4e-7",
   "amount": "49950.002662"
  },
  {
   "price": "4.8e-7",
   "amount": "1300"
  },
  {
   "price": "5.5e-7",
   "amount": "9550.69610288"
  },
  {
   "price": "6e-7",
   "amount": "27527.51377287"
  },
  {
   "price": "7.5e-7",
   "amount": "2275.159499"
  },
  {
   "price": "7.9e-7",
   "amount": "3964.105"
  },
  {
   "price": "8.3e-7",
   "amount": "9148.5840847"
  },
  {
   "price": "9.3e-7",
   "amount": "16129.9965341"
  },
  {
   "price": "9.7e-7",
   "amount": "9929.97304514"
  },
  {
   "price": "0.000001",
   "amount": "2280"
  },
  {
   "price": "0.00000101",
   "amount": "27156.1909963"
  },
  {
   "price": "0.00000102",
   "amount": "50000"
  },
  {
   "price": "0.00000108",
   "amount": "8954.58470941"
  },
  {
   "price": "0.00000124",
   "amount": "9488.58197271"
  },
  {
   "price": "0.00000135",
   "amount": "8850.55114175"
  },
  {
   "price": "0.0000015",
   "amount": "2150"
  },
  {
   "price": "0.0000016",
   "amount": "2397.6"
  },
  {
   "price": "0.00000181",
   "amount": "180"
  },
  {
   "price": "0.00000204",
   "amount": "25000"
  },
  {
   "price": "0.0000035",
   "amount": "3230.27"
  },
  {
   "price": "0.00000369",
   "amount": "1805.07539657"
  },
  {
   "price": "0.00000408",
   "amount": "12500"
  },
  {
   "price": "0.0000044",
   "amount": "21985.84128391"
  }
 ]
}