{
 "pair": "antbtc",
 "bids": [
  {
   "price": "0.00006496",
   "amount": "34"
  },
  {
   "price": "0.00006397",
   "amount": "86"
  },
  {
   "price": "0.00006298",
   "amount": "141"
  },
  {
   "price": "0.00006198",
   "amount": "460"
  },
  {
   "price": "0.00006",
   "amount": "1563.96293395"
  },
  {
   "price": "0.00005935",
   "amount": "942"
  },
  {
   "price": "0.0000567",
   "amount": "22"
  },
  {
   "price": "0.00005605",
   "amount": "1026"
  },
  {
   "price": "0.00004645",
   "amount": "85"
  },
  {
   "price": "0.00003592",
   "amount": "2235.30414925"
  },
  {
   "price": "0.00002701",
   "amount": "101.528693"
  },
  {
   "price": "0.00002612",
   "amount": "120"
  },
  {
   "price": "0.000025",
   "amount": "120"
  },
  {
   "price": "0.00001635",
   "amount": "20"
  },
  {
   "price": "0.00001632",
   "amount": "10000"
  },
  {
   "price": "0.00001601",
   "amount": "10000"
  },
  {
   "price": "0.00001586",
   "amount": "500"
  },
  {
   "price": "0.00000922",
   "amount": "4500"
  },
  {
   "price": "0.00000608",
   "amount": "700"
  },
  {
   "price": "0.00000305",
   "amount": "1000"
  },
  {
   "price": "0.0000011",
   "amount": "2500"
  },
  {
   "price": "0.000001",
   "amount": "5000"
  },
  {
   "price": "1.3e-7",
   "amount": "5000"
  },
  {
   "price": "1.2e-7",
   "amount": "10000"
  },
  {
   "price": "1e-7",
   "amount": "55000"
  }
 ],
 "asks": [
  {
   "price": "0.00006693",
   "amount": "33"
  },
  {
   "price": "0.00006792",
   "amount": "89"
  },
  {
   "price": "0.00006899",
   "amount": "127"
  },
  {
   "price": "0.00006991",
   "amount": "452"
  },
  {
   "price": "0.00007255",
   "amount": "985"
  },
  {
   "price": "0.00007581",
   "amount": "225"
  },
  {
   "price": "0.00007585",
   "amount": "1140"
  },
  {
   "price": "0.00013789",
   "amount": "63.4365"
  },
  {
   "price": "0.0001379",
   "amount": "12.652994"
  },
  {
   "price": "0.00014247",
   "amount": "19.961649"
  },
  {
   "price": "0.00014994",
   "amount": "33.5761411"
  },
  {
   "price": "0.000175",
   "amount": "20"
  },
  {
   "price": "0.000234",
   "amount": "6"
  },
  {
   "price": "0.000235",
   "amount": "133.791"
  },
  {
   "price": "0.00024938",
   "amount": "45.96686465"
  },
  {
   "price": "0.00024969",
   "amount": "219.58"
  },
  {
   "price": "0.0003",
   "amount": "3304.92519109"
  },
  {
   "price": "0.0003024",
   "amount": "103.07143"
  },
  {
   "price": "0.0004",
   "amount": "6"
  },
  {
   "price": "0.00044",
   "amount": "345.654"
  },
  {
   "price": "0.000459",
   "amount": "40"
  },
  {
   "price": "0.00046",
   "amount": "1000"
  },
  {
   "price": "0.0005198",
   "amount": "49.95"
  },
  {
   "price": "0.0005408",
   "amount": "25"
  },
  {
   "price": "0.00071",
   "amount": "10.1319513"
  }
 ]
}