{
 "pair": "xvgeur",
 "bids": [
  {
   "price": "0.003718",
   "amount": "7250"
  },
  {
   "price": "0.0035949",
   "amount": "30000"
  },
  {
   "price": "0.0035785",
   "amount": "10000"
  },
  {
   "price": "0.0035485",
   "amount": "20000"
  },
  {
   "price": "0.0035032",
   "amount": "57000"
  },
  {
   "price": "0.0034455",
   "amount": "1713.221837"
  },
  {
   "price": "0.0034151",
   "amount": "40209.984065"
  },
  {
   "price": "0.0033253",
   "amount": "524940.431218"
  },
  {
   "price": "0.0033109",
   "amount": "1326.57797959"
  },
  {
   "price": "0.0030542",
   "amount": "1300"
  },
  {
   "price": "0.0030518",
   "amount": "127051.38360408"
  },
  {
   "price": "0.003038",
   "amount": "53500"
  },
  {
   "price": "0.0030376",
   "amount": "760"
  },
  {
   "price": "0.0030341",
   "amount": "2739"
  },
  {
   "price": "0.0028855",
   "amount": "175742.02612376"
  },
  {
   "price": "0.0028835",
   "amount": "1900"
  },
  {
   "price": "0.0027064",
   "amount": "160334.47389426"
  },
  {
   "price": "0.0027063",
   "amount": "150637.61550824"
  },
  {
   "price": "0.0027041",
   "amount": "1380"
  },
  {
   "price": "0.0026952",
   "amount": "105859.401076"
  },
  {
   "price": "0.0025864",
   "amount": "16100"
  },
  {
   "price": "0.0025257",
   "amount": "106750.04164802"
  },
  {
   "price": "0.0025256",
   "amount": "60000"
  },
  {
   "price": "0.0025165",
   "amount": "107139.0307489"
  },
  {
   "price": "0.0025111",
   "amount": "11659.07000504"
  }
 ],
 "asks": [
  {
   "price": "0.0045009",
   "amount": "30000"
  },
  {
   "price": "0.004501",
   "amount": "1917.062642"
  },
  {
   "price": "0.0045836",
   "amount": "38870.27098"
  },
  {
   "price": "0.0048314",
   "amount": "24662.55944058"
  },
  {
   "price": "0.0048317",
   "amount": "10000"
  },
  {
   "price": "0.0048325",
   "amount": "1750"
  },
  {
   "price": "0.0048586",
   "amount": "91478.63252705"
  },
  {
   "price": "0.004933",
   "amount": "1000"
  },
  {
   "price": "0.0049431",
   "amount": "1000"
  },
  {
   "price": "0.0049493",
   "amount": "9989.99999999"
  },
  {
   "price": "0.0049508",
   "amount": "4500"
  },
  {
   "price": "0.0049535",
   "amount": "5000"
  },
  {
   "price": "0.0051858",
   "amount": "3999"
  },
  {
   "price": "0.0053312",
   "amount": "37337.14285714"
  },
  {
   "price": "0.0053313",
   "amount": "18668.57142857"
  },
  {
   "price": "0.005336",
   "amount": "1000"
  },
  {
   "price": "0.0053449",
   "amount": "4000"
  },
  {
   "price": "0.0053898",
   "amount": "107617.545343"
  },
  {
   "price": "0.0054779",
   "amount": "2000"
  },
  {
   "price": "0.0055695",
   "amount": "900"
  },
  {
   "price": "0.0055875",
   "amount": "20000"
  },
  {
   "price": "0.0055921",
   "amount": "30000"
  },
  {
   "price": "0.0056696",
   "amount": "1996"
  },
  {
   "price": "0.0057322",
   "amount": "16000"
  },
  {
   "price": "0.006378",
   "amount": "25145.00000022"
  }
 ]
}