{
 "pair": "funbtc",
 "bids": [
  {
   "price": "5.3e-7",
   "amount": "95457.63860926"
  },
  {
   "price": "5.1e-7",
   "amount": "94811.3826"
  },
  {
   "price": "5e-7",
   "amount": "104285.00325"
  },
  {
   "price": "4.9e-7",
   "amount": "70742.1632653"
  },
  {
   "price": "4.8e-7",
   "amount": "114705.2348"
  },
  {
   "price": "4.3e-7",
   "amount": "11627.90697674"
  },
  {
   "price": "3.1e-7",
   "amount": "200000"
  },
  {
   "price": "2.9e-7",
   "amount": "19999.517241"
  },
  {
   "price": "2.5e-7",
   "amount": "200000"
  },
  {
   "price": "2.1e-7",
   "amount": "200000"
  },
  {
   "price": "1.1e-7",
   "amount": "200000"
  },
  {
   "price": "1e-7",
   "amount": "250321"
  },
  {
   "price": "9e-8",
   "amount": "300"
  },
  {
   "price": "8e-8",
   "amount": "200000"
  },
  {
   "price": "6e-8",
   "amount": "200000"
  },
  {
   "price": "5e-8",
   "amount": "200000"
  },
  {
   "price": "3e-8",
   "amount": "200000"
  },
  {
   "price": "2e-8",
   "amount": "905770"
  },
  {
   "price": "1e-8",
   "amount": "411500"
  }
 ],
 "asks": [
  {
   "price": "5.5e-7",
   "amount": "94794.54740926"
  },
  {
   "price": "5.6e-7",
   "amount": "94531.11293"
  },
  {
   "price": "5.7e-7",
   "amount": "18278.82966915"
  },
  {
   "price": "5.8e-7",
   "amount": "104473.03686"
  },
  {
   "price": "6e-7",
   "amount": "119418.558418"
  },
  {
   "price": "6.1e-7",
   "amount": "764"
  },
  {
   "price": "6.7e-7",
   "amount": "2222"
  },
  {
   "price": "7e-7",
   "amount": "2659.78084974"
  },
  {
   "price": "7.1e-7",
   "amount": "64656.26023707"
  },
  {
   "price": "7.2e-7",
   "amount": "102222"
  },
  {
   "price": "7.6e-7",
   "amount": "22331.467"
  },
  {
   "price": "8e-7",
   "amount": "2222"
  },
  {
   "price": "8.2e-7",
   "amount": "65134.53351421"
  },
  {
   "price": "8.6e-7",
   "amount": "2222"
  },
  {
   "price": "9.3e-7",
   "amount": "6596.71346666"
  },
  {
   "price": "9.4e-7",
   "amount": "36816.94538284"
  },
  {
   "price": "9.5e-7",
   "amount": "8091.84113913"
  },
  {
   "price": "9.6e-7",
   "amount": "5371.66524731"
  },
  {
   "price": "9.7e-7",
   "amount": "67842.8036133"
  },
  {
   "price": "9.9e-7",
   "amount": "3000"
  },
  {
   "price": "0.000001",
   "amount": "17876.66459001"
  },
  {
   "price": "0.00000101",
   "amount": "3285.726"
  },
  {
   "price": "0.00000102",
   "amount": "116194.08106721"
  },
  {
   "price": "0.00000103",
   "amount": "764"
  },
  {
   "price": "0.00000104",
   "amount": "4217"
  }
 ]
}