{
 "pair": "tnbbtc",
 "bids": [
  {
   "price": "2.6e-7",
   "amount": "31760"
  },
  {
   "price": "2.5e-7",
   "amount": "30000"
  },
  {
   "price": "2.4e-7",
   "amount": "160000"
  },
  {
   "price": "2.3e-7",
   "amount": "56167.52597135"
  },
  {
   "price": "2.2e-7",
   "amount": "16044.57696142"
  },
  {
   "price": "2.1e-7",
   "amount": "331488.77708645"
  },
  {
   "price": "2e-7",
   "amount": "3202"
  },
  {
   "price": "1.8e-7",
   "amount": "3025"
  },
  {
   "price": "1.6e-7",
   "amount": "7594"
  },
  {
   "price": "1.5e-7",
   "amount": "200000"
  },
  {
   "price": "1.4e-7",
   "amount": "3089"
  },
  {
   "price": "1.3e-7",
   "amount": "113"
  },
  {
   "price": "1.1e-7",
   "amount": "44433.66970587"
  },
  {
   "price": "1e-7",
   "amount": "200"
  },
  {
   "price": "9e-8",
   "amount": "10000"
  },
  {
   "price": "8e-8",
   "amount": "200000"
  },
  {
   "price": "7e-8",
   "amount": "200000"
  },
  {
   "price": "6e-8",
   "amount": "200000"
  },
  {
   "price": "5e-8",
   "amount": "200000"
  },
  {
   "price": "4e-8",
   "amount": "200000"
  },
  {
   "price": "3e-8",
   "amount": "207336"
  },
  {
   "price": "2e-8",
   "amount": "725000"
  },
  {
   "price": "1e-8",
   "amount": "811000"
  }
 ],
 "asks": [
  {
   "price": "3e-7",
   "amount": "14328.7589344"
  },
  {
   "price": "3.3e-7",
   "amount": "3825"
  },
  {
   "price": "3.4e-7",
   "amount": "29937.66524243"
  },
  {
   "price": "3.5e-7",
   "amount": "10979"
  },
  {
   "price": "3.7e-7",
   "amount": "27070.93422579"
  },
  {
   "price": "4e-7",
   "amount": "26192.26192393"
  },
  {
   "price": "4.5e-7",
   "amount": "10458"
  },
  {
   "price": "4.7e-7",
   "amount": "159840.0036339"
  },
  {
   "price": "5e-7",
   "amount": "160000"
  },
  {
   "price": "5.4e-7",
   "amount": "109050"
  },
  {
   "price": "5.5e-7",
   "amount": "56553.39999999"
  },
  {
   "price": "6e-7",
   "amount": "10000"
  },
  {
   "price": "6.5e-7",
   "amount": "5000"
  },
  {
   "price": "7.1e-7",
   "amount": "1277.75898364"
  },
  {
   "price": "8.2e-7",
   "amount": "38134.94070654"
  },
  {
   "price": "8.3e-7",
   "amount": "843.98701431"
  },
  {
   "price": "8.4e-7",
   "amount": "56527.50171392"
  },
  {
   "price": "8.5e-7",
   "amount": "782"
  },
  {
   "price": "8.7e-7",
   "amount": "10189"
  },
  {
   "price": "9.3e-7",
   "amount": "48190.21195088"
  },
  {
   "price": "9.5e-7",
   "amount": "39960"
  },
  {
   "price": "9.7e-7",
   "amount": "1000"
  },
  {
   "price": "9.8e-7",
   "amount": "50304.3124941"
  },
  {
   "price": "9.9e-7",
   "amount": "10624.8938649"
  },
  {
   "price": "0.000001",
   "amount": "72499"
  }
 ]
}