{
 "pair": "repbtc",
 "bids": [
  {
   "price": "0.0013761",
   "amount": "35.90291756"
  },
  {
   "price": "0.0013734",
   "amount": "11.77"
  },
  {
   "price": "0.0013707",
   "amount": "44.77"
  },
  {
   "price": "0.0013679",
   "amount": "45.77"
  },
  {
   "price": "0.0013652",
   "amount": "37.77"
  },
  {
   "price": "0.0013016",
   "amount": "25.99749539"
  },
  {
   "price": "0.0013015",
   "amount": "56.17376899"
  },
  {
   "price": "0.0013013",
   "amount": "0.4"
  },
  {
   "price": "0.0009022",
   "amount": "150"
  },
  {
   "price": "0.0007554",
   "amount": "6.65"
  },
  {
   "price": "0.000561",
   "amount": "500"
  },
  {
   "price": "0.00056",
   "amount": "1"
  },
  {
   "price": "0.0005114",
   "amount": "136.29295414"
  },
  {
   "price": "0.0005111",
   "amount": "80.93911687"
  },
  {
   "price": "0.00051",
   "amount": "0.2"
  },
  {
   "price": "0.00041",
   "amount": "0.2"
  },
  {
   "price": "0.000311",
   "amount": "0.2"
  },
  {
   "price": "0.000211",
   "amount": "0.2"
  },
  {
   "price": "0.00021",
   "amount": "1"
  },
  {
   "price": "0.0002",
   "amount": "50"
  },
  {
   "price": "0.00013112",
   "amount": "3.81"
  },
  {
   "price": "0.000111",
   "amount": "0.2"
  },
  {
   "price": "0.00011",
   "amount": "0.4"
  },
  {
   "price": "0.00010353",
   "amount": "1000"
  },
  {
   "price": "0.000101",
   "amount": "0.2"
  }
 ],
 "asks": [
  {
   "price": "0.0014038",
   "amount": "22.530401"
  },
  {
   "price": "0.0014066",
   "amount": "11.77"
  },
  {
   "price": "0.0014094",
   "amount": "41.77"
  },
  {
   "price": "0.0014118",
   "amount": "14.31639227"
  },
  {
   "price": "0.0014123",
   "amount": "92.77"
  },
  {
   "price": "0.0014179",
   "amount": "113.77"
  },
  {
   "price": "0.0014264",
   "amount": "91.77"
  },
  {
   "price": "0.0014436",
   "amount": "30.77"
  },
  {
   "price": "0.0018204",
   "amount": "22.6527371"
  },
  {
   "price": "0.0018205",
   "amount": "50"
  },
  {
   "price": "0.00187",
   "amount": "1"
  },
  {
   "price": "0.0019928",
   "amount": "10"
  },
  {
   "price": "0.00204",
   "amount": "0.4"
  },
  {
   "price": "0.0021955",
   "amount": "150"
  },
  {
   "price": "0.0022315",
   "amount": "10.98"
  },
  {
   "price": "0.002264",
   "amount": "1"
  },
  {
   "price": "0.0023868",
   "amount": "2.329"
  },
  {
   "price": "0.0024123",
   "amount": "0.15"
  },
  {
   "price": "0.0025113",
   "amount": "1.631659"
  },
  {
   "price": "0.0026",
   "amount": "69.867967"
  },
  {
   "price": "0.0028154",
   "amount": "1.9437048"
  },
  {
   "price": "0.002835",
   "amount": "1.9437048"
  },
  {
   "price": "0.00284",
   "amount": "0.48"
  },
  {
   "price": "0.002848",
   "amount": "1.9223476"
  },
  {
   "price": "0.0028496",
   "amount": "1.9223476"
  }
 ]
}