{
 "pair": "gntusd",
 "bids": [
  {
   "price": "0.032833",
   "amount": "8375.7195504"
  },
  {
   "price": "0.032831",
   "amount": "11000"
  },
  {
   "price": "0.03283",
   "amount": "802"
  },
  {
   "price": "0.0328",
   "amount": "106.56436"
  },
  {
   "price": "0.03251",
   "amount": "300"
  },
  {
   "price": "0.031729",
   "amount": "200"
  },
  {
   "price": "0.031727",
   "amount": "200"
  },
  {
   "price": "0.03076",
   "amount": "350"
  },
  {
   "price": "0.030333",
   "amount": "1000"
  },
  {
   "price": "0.03",
   "amount": "500"
  },
  {
   "price": "0.02916",
   "amount": "200"
  },
  {
   "price": "0.02914",
   "amount": "550.495937"
  },
  {
   "price": "0.02901",
   "amount": "400"
  },
  {
   "price": "0.028",
   "amount": "5000"
  },
  {
   "price": "0.027",
   "amount": "56"
  },
  {
   "price": "0.02688",
   "amount": "371.94632071"
  },
  {
   "price": "0.025555",
   "amount": "2000"
  },
  {
   "price": "0.025082",
   "amount": "38859.4583846"
  },
  {
   "price": "0.025",
   "amount": "500"
  },
  {
   "price": "0.023565",
   "amount": "8500"
  },
  {
   "price": "0.023",
   "amount": "1800"
  },
  {
   "price": "0.020003",
   "amount": "14997.75033745"
  },
  {
   "price": "0.020002",
   "amount": "15119.0654153"
  },
  {
   "price": "0.02",
   "amount": "500"
  },
  {
   "price": "0.01847",
   "amount": "2000"
  }
 ],
 "asks": [
  {
   "price": "0.039749",
   "amount": "1881"
  },
  {
   "price": "0.03975",
   "amount": "11000"
  },
  {
   "price": "0.039751",
   "amount": "199.8"
  },
  {
   "price": "0.039768",
   "amount": "1322.974387"
  },
  {
   "price": "0.04",
   "amount": "1566.62111692"
  },
  {
   "price": "0.04149",
   "amount": "550"
  },
  {
   "price": "0.042",
   "amount": "6258.00716009"
  },
  {
   "price": "0.04349",
   "amount": "550"
  },
  {
   "price": "0.04597",
   "amount": "1639.11403127"
  },
  {
   "price": "0.047",
   "amount": "4572.423"
  },
  {
   "price": "0.04849",
   "amount": "500"
  },
  {
   "price": "0.048797",
   "amount": "327.8967"
  },
  {
   "price": "0.0495",
   "amount": "1100"
  },
  {
   "price": "0.05",
   "amount": "10358"
  },
  {
   "price": "0.0503",
   "amount": "679.32"
  },
  {
   "price": "0.05097",
   "amount": "450"
  },
  {
   "price": "0.0515",
   "amount": "3000"
  },
  {
   "price": "0.052",
   "amount": "85.12067546"
  },
  {
   "price": "0.0526",
   "amount": "589.2102"
  },
  {
   "price": "0.053545",
   "amount": "599.4"
  },
  {
   "price": "0.053822",
   "amount": "430.43033006"
  },
  {
   "price": "0.05397",
   "amount": "450"
  },
  {
   "price": "0.055",
   "amount": "1800.44958243"
  },
  {
   "price": "0.05697",
   "amount": "400"
  },
  {
   "price": "0.058",
   "amount": "3066.88469"
  }
 ]
}