{
 "pair": "veteth",
 "bids": [
  {
   "price": "0.00004267",
   "amount": "4646.8401487"
  },
  {
   "price": "0.0000425",
   "amount": "60694.29"
  },
  {
   "price": "0.00004227",
   "amount": "91041.43"
  },
  {
   "price": "0.00004207",
   "amount": "91068.28"
  },
  {
   "price": "0.00003641",
   "amount": "4943.6967866"
  },
  {
   "price": "0.00003639",
   "amount": "44842.6294963"
  },
  {
   "price": "0.00003289",
   "amount": "71107.7128495"
  },
  {
   "price": "0.00003287",
   "amount": "78680.21"
  },
  {
   "price": "0.00003003",
   "amount": "774"
  },
  {
   "price": "0.00002558",
   "amount": "25291.58692728"
  },
  {
   "price": "0.000024",
   "amount": "1600"
  },
  {
   "price": "0.00002",
   "amount": "2582"
  },
  {
   "price": "0.00001972",
   "amount": "10000"
  },
  {
   "price": "0.0000119",
   "amount": "1080"
  },
  {
   "price": "0.00000601",
   "amount": "2000"
  },
  {
   "price": "0.00000595",
   "amount": "1680.67"
  },
  {
   "price": "0.00000232",
   "amount": "5000"
  },
  {
   "price": "0.00000101",
   "amount": "4000"
  },
  {
   "price": "0.000001",
   "amount": "10000"
  },
  {
   "price": "5.1e-7",
   "amount": "3000"
  },
  {
   "price": "5e-7",
   "amount": "20000"
  },
  {
   "price": "2.1e-7",
   "amount": "100000"
  },
  {
   "price": "2e-7",
   "amount": "50000"
  },
  {
   "price": "1.1e-7",
   "amount": "19000"
  },
  {
   "price": "1e-7",
   "amount": "100000"
  }
 ],
 "asks": [
  {
   "price": "0.00004331",
   "amount": "70699.69258559"
  },
  {
   "price": "0.00004353",
   "amount": "4649.0004649"
  },
  {
   "price": "0.00004382",
   "amount": "44568.86"
  },
  {
   "price": "0.00004405",
   "amount": "66853.29"
  },
  {
   "price": "0.00004427",
   "amount": "100279.22"
  },
  {
   "price": "0.00004796",
   "amount": "25273.04534544"
  },
  {
   "price": "0.000048",
   "amount": "800"
  },
  {
   "price": "0.0000545",
   "amount": "30000"
  },
  {
   "price": "0.00005619",
   "amount": "3267.55"
  },
  {
   "price": "0.0000562",
   "amount": "3239.22076862"
  },
  {
   "price": "0.00005621",
   "amount": "137346.49866112"
  },
  {
   "price": "0.0000568",
   "amount": "12500"
  },
  {
   "price": "0.0000649",
   "amount": "2997"
  },
  {
   "price": "0.0000651",
   "amount": "1200"
  },
  {
   "price": "0.00006753",
   "amount": "3133.8442"
  },
  {
   "price": "0.00006964",
   "amount": "4815.6714562"
  },
  {
   "price": "0.00007",
   "amount": "3000"
  },
  {
   "price": "0.00007423",
   "amount": "3012.117"
  },
  {
   "price": "0.00008521",
   "amount": "1239.48427094"
  },
  {
   "price": "0.0000878",
   "amount": "19980"
  },
  {
   "price": "0.000088",
   "amount": "9990"
  },
  {
   "price": "0.0000883",
   "amount": "99900"
  },
  {
   "price": "0.00009472",
   "amount": "300"
  },
  {
   "price": "0.0000978",
   "amount": "19980"
  },
  {
   "price": "0.00009818",
   "amount": "5994"
  }
 ]
}