{
 "pair": "spketh",
 "bids": [
  {
   "price": "0.00002292",
   "amount": "2181.5008726"
  },
  {
   "price": "0.00002291",
   "amount": "7856.83107813"
  },
  {
   "price": "0.0000229",
   "amount": "200000"
  },
  {
   "price": "0.0000226",
   "amount": "150000"
  },
  {
   "price": "0.00002211",
   "amount": "45720"
  },
  {
   "price": "0.000022",
   "amount": "50000"
  },
  {
   "price": "0.000021",
   "amount": "93224.38121994"
  },
  {
   "price": "0.00002",
   "amount": "20500"
  },
  {
   "price": "0.000012",
   "amount": "18000"
  },
  {
   "price": "0.000009",
   "amount": "100000"
  },
  {
   "price": "0.000005",
   "amount": "2000"
  },
  {
   "price": "0.00000319",
   "amount": "3134.8"
  },
  {
   "price": "0.0000031",
   "amount": "1000"
  },
  {
   "price": "0.0000021",
   "amount": "2500"
  },
  {
   "price": "0.000002",
   "amount": "5000"
  },
  {
   "price": "0.000001",
   "amount": "21000"
  },
  {
   "price": "3.2e-7",
   "amount": "9000"
  },
  {
   "price": "3.1e-7",
   "amount": "200000"
  },
  {
   "price": "2.1e-7",
   "amount": "125000"
  },
  {
   "price": "2e-7",
   "amount": "50026"
  },
  {
   "price": "1e-7",
   "amount": "100000"
  },
  {
   "price": "3e-8",
   "amount": "6000"
  },
  {
   "price": "2e-8",
   "amount": "210000"
  },
  {
   "price": "1e-8",
   "amount": "20000"
  }
 ],
 "asks": [
  {
   "price": "0.00004332",
   "amount": "11589.5518701"
  },
  {
   "price": "0.0000445",
   "amount": "2928.55884043"
  },
  {
   "price": "0.00004475",
   "amount": "1111"
  },
  {
   "price": "0.000045",
   "amount": "2222"
  },
  {
   "price": "0.0000452",
   "amount": "2222"
  },
  {
   "price": "0.0000454",
   "amount": "2222"
  },
  {
   "price": "0.0000456",
   "amount": "2222"
  },
  {
   "price": "0.0000458",
   "amount": "2222"
  },
  {
   "price": "0.000046",
   "amount": "2222"
  },
  {
   "price": "0.0000462",
   "amount": "2222"
  },
  {
   "price": "0.0000464",
   "amount": "2222"
  },
  {
   "price": "0.0000466",
   "amount": "2222"
  },
  {
   "price": "0.0000468",
   "amount": "2222"
  },
  {
   "price": "0.000047",
   "amount": "2222"
  },
  {
   "price": "0.0000472",
   "amount": "2222"
  },
  {
   "price": "0.0000474",
   "amount": "2222"
  },
  {
   "price": "0.0000476",
   "amount": "2222"
  },
  {
   "price": "0.0000478",
   "amount": "2222"
  },
  {
   "price": "0.000048",
   "amount": "2222"
  },
  {
   "price": "0.0000482",
   "amount": "2222"
  },
  {
   "price": "0.0000484",
   "amount": "2222"
  },
  {
   "price": "0.0000486",
   "amount": "2222"
  },
  {
   "price": "0.0000488",
   "amount": "2222"
  },
  {
   "price": "0.000049",
   "amount": "2222"
  },
  {
   "price": "0.0000492",
   "amount": "2222"
  }
 ]
}