{
 "pair": "euteur",
 "bids": [
  {
   "price": "0.95265",
   "amount": "700"
  },
  {
   "price": "0.95",
   "amount": "187.965123"
  },
  {
   "price": "0.94879",
   "amount": "300"
  },
  {
   "price": "0.9487",
   "amount": "300"
  },
  {
   "price": "0.94843",
   "amount": "10"
  },
  {
   "price": "0.94376",
   "amount": "100"
  },
  {
   "price": "0.94367",
   "amount": "15618.24834532"
  },
  {
   "price": "0.92929",
   "amount": "10"
  },
  {
   "price": "0.9212",
   "amount": "50000"
  },
  {
   "price": "0.91545",
   "amount": "29.63479266"
  },
  {
   "price": "0.90152",
   "amount": "10"
  },
  {
   "price": "0.89873",
   "amount": "50000"
  },
  {
   "price": "0.85379",
   "amount": "50000"
  },
  {
   "price": "0.8031",
   "amount": "11.18521327"
  },
  {
   "price": "0.0091717",
   "amount": "100"
  },
  {
   "price": "0.00091717",
   "amount": "1000"
  },
  {
   "price": "0.00027379",
   "amount": "5000"
  },
  {
   "price": "0.00027375",
   "amount": "10000"
  },
  {
   "price": "0.00000633",
   "amount": "100000"
  },
  {
   "price": "2e-7",
   "amount": "200000"
  },
  {
   "price": "1.9e-7",
   "amount": "7500000"
  },
  {
   "price": "1e-7",
   "amount": "1000000"
  },
  {
   "price": "9e-8",
   "amount": "1000000"
  }
 ],
 "asks": [
  {
   "price": "1.01",
   "amount": "3924.81082909"
  },
  {
   "price": "1.0156",
   "amount": "28662.5439814"
  },
  {
   "price": "1.0157",
   "amount": "9.25256856"
  },
  {
   "price": "1.02",
   "amount": "50000"
  },
  {
   "price": "1.03",
   "amount": "50000"
  },
  {
   "price": "1.04",
   "amount": "100000"
  },
  {
   "price": "1.05",
   "amount": "100000"
  }
 ]
}