{
 "pair": "reqbtc",
 "bids": [
  {
   "price": "0.00000109",
   "amount": "167722.20200366"
  },
  {
   "price": "9.7e-7",
   "amount": "1582.752577"
  },
  {
   "price": "6.8e-7",
   "amount": "200000"
  },
  {
   "price": "6.7e-7",
   "amount": "7400"
  },
  {
   "price": "5e-7",
   "amount": "100000"
  },
  {
   "price": "3.6e-7",
   "amount": "106300"
  },
  {
   "price": "3.2e-7",
   "amount": "16000"
  },
  {
   "price": "3.1e-7",
   "amount": "18000"
  },
  {
   "price": "2.3e-7",
   "amount": "100000"
  },
  {
   "price": "1.1e-7",
   "amount": "100000"
  },
  {
   "price": "1e-7",
   "amount": "50000"
  },
  {
   "price": "9e-8",
   "amount": "10000"
  },
  {
   "price": "4e-8",
   "amount": "100000"
  },
  {
   "price": "1e-8",
   "amount": "200000"
  }
 ],
 "asks": [
  {
   "price": "0.00000229",
   "amount": "6380.94119923"
  },
  {
   "price": "0.0000023",
   "amount": "10000"
  },
  {
   "price": "0.0000024",
   "amount": "10000"
  },
  {
   "price": "0.0000025",
   "amount": "10000"
  },
  {
   "price": "0.0000026",
   "amount": "10000"
  },
  {
   "price": "0.00000339",
   "amount": "3675.12"
  },
  {
   "price": "0.000004",
   "amount": "8546.73513989"
  },
  {
   "price": "0.00000412",
   "amount": "4737.38291773"
  },
  {
   "price": "0.00000492",
   "amount": "7386.01774326"
  },
  {
   "price": "0.00000532",
   "amount": "4985"
  },
  {
   "price": "0.00000618",
   "amount": "5000"
  },
  {
   "price": "0.0000071",
   "amount": "1276.24"
  },
  {
   "price": "0.00000729",
   "amount": "800"
  },
  {
   "price": "0.00000787",
   "amount": "798.4"
  },
  {
   "price": "0.00000833",
   "amount": "5000"
  },
  {
   "price": "0.00000987",
   "amount": "5189.79999999"
  },
  {
   "price": "0.0000105",
   "amount": "11064.54509052"
  },
  {
   "price": "0.00001168",
   "amount": "3826.164"
  },
  {
   "price": "0.0000125",
   "amount": "3995.99999999"
  },
  {
   "price": "0.0000128",
   "amount": "2000"
  },
  {
   "price": "0.000013",
   "amount": "50890.1458"
  },
  {
   "price": "0.0000138",
   "amount": "1150.844"
  },
  {
   "price": "0.000014",
   "amount": "269.73"
  },
  {
   "price": "0.0000147",
   "amount": "1000"
  },
  {
   "price": "0.0000157",
   "amount": "1000"
  }
 ]
}