{
 "pair": "neojpy",
 "bids": [
  {
   "price": "944.6",
   "amount": "61.58576165"
  },
  {
   "price": "944.59",
   "amount": "7.20657959"
  },
  {
   "price": "944.25",
   "amount": "4"
  },
  {
   "price": "943.32",
   "amount": "4.44031955"
  },
  {
   "price": "942.06",
   "amount": "192.20421301"
  },
  {
   "price": "942.05",
   "amount": "20"
  },
  {
   "price": "941.64",
   "amount": "200"
  },
  {
   "price": "940.65",
   "amount": "200"
  },
  {
   "price": "940.63",
   "amount": "200"
  },
  {
   "price": "940.41",
   "amount": "553.3"
  },
  {
   "price": "940.4",
   "amount": "400"
  },
  {
   "price": "940.17",
   "amount": "200"
  },
  {
   "price": "939.75",
   "amount": "669.93042055"
  },
  {
   "price": "939.73",
   "amount": "100"
  },
  {
   "price": "939.54",
   "amount": "3.24198953"
  },
  {
   "price": "939.44",
   "amount": "68.6"
  },
  {
   "price": "939.16",
   "amount": "501.19349737"
  },
  {
   "price": "938.99",
   "amount": "200"
  },
  {
   "price": "938.64",
   "amount": "103.56593648"
  },
  {
   "price": "938.6",
   "amount": "100"
  },
  {
   "price": "938.55",
   "amount": "155.35831627"
  },
  {
   "price": "938.4",
   "amount": "1002.38699474"
  },
  {
   "price": "938.32",
   "amount": "100"
  },
  {
   "price": "937.77",
   "amount": "100"
  },
  {
   "price": "937.67",
   "amount": "385.4723822"
  }
 ],
 "asks": [
  {
   "price": "944.62",
   "amount": "222.6880564"
  },
  {
   "price": "944.63",
   "amount": "45.78895981"
  },
  {
   "price": "944.73",
   "amount": "16"
  },
  {
   "price": "944.98",
   "amount": "19.9605994"
  },
  {
   "price": "944.99",
   "amount": "400"
  },
  {
   "price": "945.13",
   "amount": "100"
  },
  {
   "price": "945.57",
   "amount": "201.55610968"
  },
  {
   "price": "946.2",
   "amount": "382.32166556"
  },
  {
   "price": "946.34",
   "amount": "10"
  },
  {
   "price": "946.35",
   "amount": "8.41936775"
  },
  {
   "price": "946.82",
   "amount": "100"
  },
  {
   "price": "947.11",
   "amount": "562.32023884"
  },
  {
   "price": "947.12",
   "amount": "553.2"
  },
  {
   "price": "947.13",
   "amount": "15.08603441"
  },
  {
   "price": "947.76",
   "amount": "43.99"
  },
  {
   "price": "947.92",
   "amount": "65.2"
  },
  {
   "price": "948.16",
   "amount": "73.5"
  },
  {
   "price": "948.36",
   "amount": "80.1"
  },
  {
   "price": "948.85",
   "amount": "84"
  },
  {
   "price": "949.4",
   "amount": "0.6"
  },
  {
   "price": "949.46",
   "amount": "2778.5"
  },
  {
   "price": "949.47",
   "amount": "31.71668667"
  },
  {
   "price": "949.94",
   "amount": "84"
  },
  {
   "price": "951.81",
   "amount": "24.20968387"
  },
  {
   "price": "951.98",
   "amount": "5.72995902"
  }
 ]
}