{
 "pair": "xlmbtc",
 "bids": [
  {
   "price": "0.00000721",
   "amount": "22537.83974"
  },
  {
   "price": "0.0000072",
   "amount": "23000"
  },
  {
   "price": "0.00000719",
   "amount": "75000"
  },
  {
   "price": "0.00000718",
   "amount": "75757"
  },
  {
   "price": "0.00000716",
   "amount": "3262.43093923"
  },
  {
   "price": "0.00000715",
   "amount": "139241.60920825"
  },
  {
   "price": "0.00000714",
   "amount": "832.3"
  },
  {
   "price": "0.00000712",
   "amount": "1545.7"
  },
  {
   "price": "0.00000711",
   "amount": "76921"
  },
  {
   "price": "0.00000707",
   "amount": "77061"
  },
  {
   "price": "0.00000702",
   "amount": "6000"
  },
  {
   "price": "0.00000701",
   "amount": "240"
  },
  {
   "price": "0.00000699",
   "amount": "50000"
  },
  {
   "price": "0.00000697",
   "amount": "38113"
  },
  {
   "price": "0.00000694",
   "amount": "600"
  },
  {
   "price": "0.00000686",
   "amount": "38013"
  },
  {
   "price": "0.00000678",
   "amount": "38563"
  },
  {
   "price": "0.0000067",
   "amount": "38526"
  },
  {
   "price": "0.00000661",
   "amount": "6650"
  },
  {
   "price": "0.0000066",
   "amount": "43106"
  },
  {
   "price": "0.00000646",
   "amount": "884.8"
  },
  {
   "price": "0.00000645",
   "amount": "320"
  },
  {
   "price": "0.00000619",
   "amount": "334"
  },
  {
   "price": "0.00000613",
   "amount": "1882.442088"
  },
  {
   "price": "0.000006",
   "amount": "5000"
  }
 ],
 "asks": [
  {
   "price": "0.00000726",
   "amount": "410.66342586"
  },
  {
   "price": "0.00000727",
   "amount": "11139.58218"
  },
  {
   "price": "0.00000728",
   "amount": "102000"
  },
  {
   "price": "0.00000729",
   "amount": "75756"
  },
  {
   "price": "0.0000073",
   "amount": "2770.08310249"
  },
  {
   "price": "0.00000731",
   "amount": "100000"
  },
  {
   "price": "0.00000732",
   "amount": "30000"
  },
  {
   "price": "0.00000733",
   "amount": "832.3"
  },
  {
   "price": "0.00000734",
   "amount": "1545.7"
  },
  {
   "price": "0.00000736",
   "amount": "176920"
  },
  {
   "price": "0.00000741",
   "amount": "77342.16755"
  },
  {
   "price": "0.00000744",
   "amount": "38112"
  },
  {
   "price": "0.00000745",
   "amount": "15000"
  },
  {
   "price": "0.00000747",
   "amount": "50000"
  },
  {
   "price": "0.00000759",
   "amount": "38012"
  },
  {
   "price": "0.00000761",
   "amount": "105"
  },
  {
   "price": "0.00000766",
   "amount": "38525"
  },
  {
   "price": "0.00000772",
   "amount": "38562"
  },
  {
   "price": "0.00000776",
   "amount": "104.79"
  },
  {
   "price": "0.00000812",
   "amount": "39314.21428571"
  },
  {
   "price": "0.00000838",
   "amount": "811.810774"
  },
  {
   "price": "0.00000879",
   "amount": "190"
  },
  {
   "price": "0.000009",
   "amount": "198.66034547"
  },
  {
   "price": "0.00000929",
   "amount": "180"
  },
  {
   "price": "0.00000934",
   "amount": "56"
  }
 ]
}