{
 "pair": "etpusd",
 "bids": [
  {
   "price": "0.385",
   "amount": "1924.31133845"
  },
  {
   "price": "0.3849",
   "amount": "519.38807521"
  },
  {
   "price": "0.38235",
   "amount": "662.34083687"
  },
  {
   "price": "0.38234",
   "amount": "76.29326534"
  },
  {
   "price": "0.3822",
   "amount": "1687.25618018"
  },
  {
   "price": "0.38215",
   "amount": "1137.90148127"
  },
  {
   "price": "0.382",
   "amount": "111"
  },
  {
   "price": "0.38199",
   "amount": "1000"
  },
  {
   "price": "0.38067",
   "amount": "76.29326534"
  },
  {
   "price": "0.38",
   "amount": "188.78299991"
  },
  {
   "price": "0.37922",
   "amount": "791.09751595"
  },
  {
   "price": "0.37903",
   "amount": "35.41081844"
  },
  {
   "price": "0.37902",
   "amount": "346"
  },
  {
   "price": "0.37901",
   "amount": "200.61553204"
  },
  {
   "price": "0.379",
   "amount": "76.29326534"
  },
  {
   "price": "0.37801",
   "amount": "199.61740236"
  },
  {
   "price": "0.378",
   "amount": "1000"
  },
  {
   "price": "0.37701",
   "amount": "200.32736759"
  },
  {
   "price": "0.377",
   "amount": "570.36404142"
  },
  {
   "price": "0.37601",
   "amount": "199.83858646"
  },
  {
   "price": "0.3755",
   "amount": "129.30375476"
  },
  {
   "price": "0.37515",
   "amount": "50"
  },
  {
   "price": "0.37501",
   "amount": "7851.50071885"
  },
  {
   "price": "0.375",
   "amount": "4981.527747"
  },
  {
   "price": "0.3743",
   "amount": "50"
  }
 ],
 "asks": [
  {
   "price": "0.38567",
   "amount": "12.610963"
  },
  {
   "price": "0.38568",
   "amount": "64.29326534"
  },
  {
   "price": "0.38599",
   "amount": "199.70778777"
  },
  {
   "price": "0.38661",
   "amount": "1199"
  },
  {
   "price": "0.38699",
   "amount": "199.69044983"
  },
  {
   "price": "0.3872",
   "amount": "61.50417439"
  },
  {
   "price": "0.38735",
   "amount": "76.29326534"
  },
  {
   "price": "0.38798",
   "amount": "6687.72015324"
  },
  {
   "price": "0.38799",
   "amount": "1736.51504115"
  },
  {
   "price": "0.38807",
   "amount": "2243"
  },
  {
   "price": "0.38899",
   "amount": "199.34963247"
  },
  {
   "price": "0.38903",
   "amount": "76.29326534"
  },
  {
   "price": "0.38955",
   "amount": "30"
  },
  {
   "price": "0.38964",
   "amount": "7011.85625925"
  },
  {
   "price": "0.38965",
   "amount": "1000"
  },
  {
   "price": "0.38999",
   "amount": "200.63859654"
  },
  {
   "price": "0.39",
   "amount": "30"
  },
  {
   "price": "0.3903",
   "amount": "1137.90148127"
  },
  {
   "price": "0.39048",
   "amount": "2323.7127149"
  },
  {
   "price": "0.3907",
   "amount": "76.29326534"
  },
  {
   "price": "0.39237",
   "amount": "76.29326534"
  },
  {
   "price": "0.394",
   "amount": "2467.564333"
  },
  {
   "price": "0.39404",
   "amount": "76.29326534"
  },
  {
   "price": "0.39422",
   "amount": "2139.1967"
  },
  {
   "price": "0.39433",
   "amount": "49.95"
  }
 ]
}