{
 "pair": "batbtc",
 "bids": [
  {
   "price": "0.00002397",
   "amount": "2572.02092891"
  },
  {
   "price": "0.00002389",
   "amount": "1022.77"
  },
  {
   "price": "0.0000238",
   "amount": "829.53131481"
  },
  {
   "price": "0.00002379",
   "amount": "4835.77"
  },
  {
   "price": "0.0000237",
   "amount": "2927.77"
  },
  {
   "price": "0.00002338",
   "amount": "1447.25803002"
  },
  {
   "price": "0.00002336",
   "amount": "121.2049597"
  },
  {
   "price": "0.0000233",
   "amount": "21"
  },
  {
   "price": "0.00002327",
   "amount": "11000"
  },
  {
   "price": "0.0000232",
   "amount": "120"
  },
  {
   "price": "0.00002303",
   "amount": "19"
  },
  {
   "price": "0.00002278",
   "amount": "121.2049597"
  },
  {
   "price": "0.0000212",
   "amount": "5355.922169"
  },
  {
   "price": "0.00002064",
   "amount": "20"
  },
  {
   "price": "0.0000205",
   "amount": "200000"
  },
  {
   "price": "0.00002002",
   "amount": "12352.21407522"
  },
  {
   "price": "0.00002",
   "amount": "420"
  },
  {
   "price": "0.00001976",
   "amount": "100"
  },
  {
   "price": "0.00001892",
   "amount": "100"
  },
  {
   "price": "0.00001808",
   "amount": "100"
  },
  {
   "price": "0.00001799",
   "amount": "19"
  },
  {
   "price": "0.00001724",
   "amount": "100"
  },
  {
   "price": "0.00001641",
   "amount": "8000"
  },
  {
   "price": "0.00001639",
   "amount": "100"
  },
  {
   "price": "0.00001493",
   "amount": "1554"
  }
 ],
 "asks": [
  {
   "price": "0.00002417",
   "amount": "603.08416"
  },
  {
   "price": "0.00002421",
   "amount": "696.77"
  },
  {
   "price": "0.00002427",
   "amount": "832.63946711"
  },
  {
   "price": "0.00002431",
   "amount": "697.77"
  },
  {
   "price": "0.00002522",
   "amount": "121.2049597"
  },
  {
   "price": "0.00002587",
   "amount": "121.2049597"
  },
  {
   "price": "0.00002654",
   "amount": "121.2049597"
  },
  {
   "price": "0.00002723",
   "amount": "121.2049597"
  },
  {
   "price": "0.0000275",
   "amount": "32.548008"
  },
  {
   "price": "0.00002775",
   "amount": "75"
  },
  {
   "price": "0.00002793",
   "amount": "121.2049597"
  },
  {
   "price": "0.000028",
   "amount": "682.8286424"
  },
  {
   "price": "0.00002823",
   "amount": "998.99"
  },
  {
   "price": "0.0000285",
   "amount": "1636.49774517"
  },
  {
   "price": "0.00002865",
   "amount": "121.2049597"
  },
  {
   "price": "0.00002877",
   "amount": "544.518157"
  },
  {
   "price": "0.00002939",
   "amount": "121.2049597"
  },
  {
   "price": "0.00002997",
   "amount": "28.28"
  },
  {
   "price": "0.00003",
   "amount": "5932.26791"
  },
  {
   "price": "0.00003015",
   "amount": "121.2049597"
  },
  {
   "price": "0.00003054",
   "amount": "74.85"
  },
  {
   "price": "0.00003093",
   "amount": "121.2049597"
  },
  {
   "price": "0.00003115",
   "amount": "582.326955"
  },
  {
   "price": "0.00003173",
   "amount": "121.2049597"
  },
  {
   "price": "0.000032",
   "amount": "5299"
  }
 ]
}