{
 "pair": "bcibtc",
 "bids": [
  {
   "price": "0.00000295",
   "amount": "1016.94915254"
  },
  {
   "price": "0.0000028",
   "amount": "6810.27740172"
  },
  {
   "price": "0.00000252",
   "amount": "5000"
  },
  {
   "price": "0.00000225",
   "amount": "10000"
  },
  {
   "price": "0.0000021",
   "amount": "2000"
  },
  {
   "price": "0.00000206",
   "amount": "5000"
  },
  {
   "price": "0.0000017",
   "amount": "5000"
  },
  {
   "price": "0.00000147",
   "amount": "5000"
  },
  {
   "price": "0.0000012",
   "amount": "5000"
  },
  {
   "price": "0.00000112",
   "amount": "5000"
  },
  {
   "price": "0.00000111",
   "amount": "2749.85867231"
  },
  {
   "price": "0.00000102",
   "amount": "5000"
  },
  {
   "price": "7.6e-7",
   "amount": "5000"
  },
  {
   "price": "6e-7",
   "amount": "1500"
  },
  {
   "price": "3.8e-7",
   "amount": "5000"
  },
  {
   "price": "2.2e-7",
   "amount": "3571.65827905"
  },
  {
   "price": "2.1e-7",
   "amount": "3435.53943418"
  },
  {
   "price": "2e-7",
   "amount": "5000"
  },
  {
   "price": "1.2e-7",
   "amount": "5000"
  },
  {
   "price": "1.1e-7",
   "amount": "3683.30352966"
  },
  {
   "price": "9e-8",
   "amount": "5000"
  },
  {
   "price": "2e-8",
   "amount": "90000"
  }
 ],
 "asks": [
  {
   "price": "0.000006",
   "amount": "250"
  },
  {
   "price": "0.0000061",
   "amount": "250"
  },
  {
   "price": "0.00000625",
   "amount": "500"
  },
  {
   "price": "0.00000649",
   "amount": "181"
  },
  {
   "price": "0.00000687",
   "amount": "316.02360875"
  },
  {
   "price": "0.00000688",
   "amount": "3500"
  },
  {
   "price": "0.00000737",
   "amount": "788"
  },
  {
   "price": "0.00000788",
   "amount": "537.380455"
  },
  {
   "price": "0.00000798",
   "amount": "511.17326532"
  },
  {
   "price": "0.00000975",
   "amount": "801"
  },
  {
   "price": "0.00001165",
   "amount": "992"
  },
  {
   "price": "0.00001168",
   "amount": "1013"
  },
  {
   "price": "0.0000118",
   "amount": "1702"
  },
  {
   "price": "0.00001211",
   "amount": "1004.67"
  },
  {
   "price": "0.000013",
   "amount": "248.83"
  },
  {
   "price": "0.00001414",
   "amount": "2500"
  },
  {
   "price": "0.00001499",
   "amount": "237.35765917"
  },
  {
   "price": "0.000015",
   "amount": "1309.70350187"
  },
  {
   "price": "0.00001715",
   "amount": "1000"
  },
  {
   "price": "0.00001789",
   "amount": "344.44377543"
  },
  {
   "price": "0.00001799",
   "amount": "991"
  },
  {
   "price": "0.00002",
   "amount": "169.83"
  },
  {
   "price": "0.00002096",
   "amount": "1143.95404711"
  },
  {
   "price": "0.000022",
   "amount": "2000"
  },
  {
   "price": "0.00002648",
   "amount": "840.55929241"
  }
 ]
}