{
 "pair": "repusd",
 "bids": [
  {
   "price": "10",
   "amount": "0.01029502"
  },
  {
   "price": "9.4042",
   "amount": "104.25333099"
  },
  {
   "price": "9.4041",
   "amount": "150"
  },
  {
   "price": "9.3996",
   "amount": "33"
  },
  {
   "price": "8.4",
   "amount": "10"
  },
  {
   "price": "8.31",
   "amount": "0.4"
  },
  {
   "price": "8.0951",
   "amount": "2"
  },
  {
   "price": "8.0009",
   "amount": "1.24984926"
  },
  {
   "price": "7.4345",
   "amount": "1"
  },
  {
   "price": "6.998",
   "amount": "2"
  },
  {
   "price": "6.51",
   "amount": "0.4"
  },
  {
   "price": "6.4447",
   "amount": "1"
  },
  {
   "price": "6",
   "amount": "1"
  },
  {
   "price": "5.8903",
   "amount": "1"
  },
  {
   "price": "5.4199",
   "amount": "2"
  },
  {
   "price": "3.0371",
   "amount": "20"
  },
  {
   "price": "2.517",
   "amount": "22.551847"
  },
  {
   "price": "2.1",
   "amount": "5"
  },
  {
   "price": "2.021",
   "amount": "40"
  },
  {
   "price": "2",
   "amount": "5"
  },
  {
   "price": "1.7",
   "amount": "6.51"
  },
  {
   "price": "1.617",
   "amount": "5"
  },
  {
   "price": "1.5425",
   "amount": "30"
  },
  {
   "price": "1.28",
   "amount": "562.8"
  },
  {
   "price": "1.21",
   "amount": "4"
  }
 ],
 "asks": [
  {
   "price": "11.578",
   "amount": "22.6527371"
  },
  {
   "price": "11.579",
   "amount": "150"
  },
  {
   "price": "11.713",
   "amount": "20"
  },
  {
   "price": "12.791",
   "amount": "14.97325545"
  },
  {
   "price": "13.8",
   "amount": "20"
  },
  {
   "price": "14.8",
   "amount": "20"
  },
  {
   "price": "14.9",
   "amount": "38.461"
  },
  {
   "price": "15",
   "amount": "2.997"
  },
  {
   "price": "16.17",
   "amount": "30"
  },
  {
   "price": "17.2",
   "amount": "5.994"
  },
  {
   "price": "17.8",
   "amount": "30"
  },
  {
   "price": "18",
   "amount": "1.3"
  },
  {
   "price": "19.72",
   "amount": "0.4"
  },
  {
   "price": "20.89",
   "amount": "21.28443"
  },
  {
   "price": "21.28",
   "amount": "0.21"
  },
  {
   "price": "21.321",
   "amount": "4.50589648"
  },
  {
   "price": "21.63",
   "amount": "15.42498284"
  },
  {
   "price": "22.05",
   "amount": "2.063645"
  },
  {
   "price": "22.75",
   "amount": "0.20979"
  },
  {
   "price": "22.892",
   "amount": "0.59405635"
  },
  {
   "price": "23.8",
   "amount": "12"
  },
  {
   "price": "23.89",
   "amount": "10"
  },
  {
   "price": "24",
   "amount": "0.9"
  },
  {
   "price": "24.78",
   "amount": "0.21"
  },
  {
   "price": "25",
   "amount": "37"
  }
 ]
}