{
 "pair": "tnbusd",
 "bids": [
  {
   "price": "0.0018577",
   "amount": "3500"
  },
  {
   "price": "0.001848",
   "amount": "15000"
  },
  {
   "price": "0.0018454",
   "amount": "200000"
  },
  {
   "price": "0.0018131",
   "amount": "54864.3749978"
  },
  {
   "price": "0.0018",
   "amount": "10000"
  },
  {
   "price": "0.0016314",
   "amount": "160000"
  },
  {
   "price": "0.00155",
   "amount": "6419.30928232"
  },
  {
   "price": "0.0014417",
   "amount": "55555"
  },
  {
   "price": "0.0013179",
   "amount": "68698.79975391"
  },
  {
   "price": "0.0013178",
   "amount": "55555"
  },
  {
   "price": "0.0011844",
   "amount": "16880.44391513"
  },
  {
   "price": "0.00115",
   "amount": "20000"
  },
  {
   "price": "0.0011384",
   "amount": "4391.975"
  },
  {
   "price": "0.001138",
   "amount": "2500"
  },
  {
   "price": "0.0011321",
   "amount": "200000"
  },
  {
   "price": "0.0010256",
   "amount": "200000"
  },
  {
   "price": "0.001",
   "amount": "11000"
  },
  {
   "price": "0.00093231",
   "amount": "200000"
  },
  {
   "price": "0.0008439",
   "amount": "55555"
  },
  {
   "price": "0.0008",
   "amount": "200000"
  },
  {
   "price": "0.0007433",
   "amount": "55555"
  },
  {
   "price": "0.0005266",
   "amount": "55555"
  },
  {
   "price": "0.00051938",
   "amount": "200000"
  },
  {
   "price": "0.000516",
   "amount": "2000"
  },
  {
   "price": "0.0005012",
   "amount": "100000"
  }
 ],
 "asks": [
  {
   "price": "0.00258",
   "amount": "2475.04"
  },
  {
   "price": "0.00259",
   "amount": "2997"
  },
  {
   "price": "0.0026",
   "amount": "20374.6"
  },
  {
   "price": "0.0028611",
   "amount": "10000"
  },
  {
   "price": "0.00288",
   "amount": "69910"
  },
  {
   "price": "0.0029292",
   "amount": "22639.167091"
  },
  {
   "price": "0.002965",
   "amount": "1481.98395317"
  },
  {
   "price": "0.003",
   "amount": "24273.944203"
  },
  {
   "price": "0.0031924",
   "amount": "26192.26192393"
  },
  {
   "price": "0.0031925",
   "amount": "5950.993"
  },
  {
   "price": "0.0033623",
   "amount": "4994.99999999"
  },
  {
   "price": "0.0034",
   "amount": "1500"
  },
  {
   "price": "0.003442",
   "amount": "4139.7741"
  },
  {
   "price": "0.00345",
   "amount": "183012.217899"
  },
  {
   "price": "0.0035",
   "amount": "233000"
  },
  {
   "price": "0.003699",
   "amount": "112763.54736058"
  },
  {
   "price": "0.0037",
   "amount": "3471.444"
  },
  {
   "price": "0.003888",
   "amount": "6543.45"
  },
  {
   "price": "0.0039",
   "amount": "20000"
  },
  {
   "price": "0.00391",
   "amount": "11320.47"
  },
  {
   "price": "0.003918",
   "amount": "16986.745714"
  },
  {
   "price": "0.0039685",
   "amount": "3766.23000081"
  },
  {
   "price": "0.00399",
   "amount": "11999"
  },
  {
   "price": "0.004",
   "amount": "129679.99"
  },
  {
   "price": "0.0040063",
   "amount": "2871.79476647"
  }
 ]
}