{
 "pair": "zbtusd",
 "bids": [
  {
   "price": "0.18475",
   "amount": "739.248"
  },
  {
   "price": "0.18455",
   "amount": "193.41629372"
  },
  {
   "price": "0.18414",
   "amount": "1899"
  },
  {
   "price": "0.14953",
   "amount": "2006.28636394"
  },
  {
   "price": "0.14421",
   "amount": "2097.02202647"
  },
  {
   "price": "0.0023",
   "amount": "40000"
  },
  {
   "price": "0.000011",
   "amount": "50000"
  },
  {
   "price": "0.0000011",
   "amount": "575000"
  },
  {
   "price": "1.1e-7",
   "amount": "25000"
  }
 ],
 "asks": [
  {
   "price": "0.19508",
   "amount": "1899"
  },
  {
   "price": "0.19518",
   "amount": "169.9605"
  },
  {
   "price": "0.19548",
   "amount": "997.6185"
  },
  {
   "price": "0.19839",
   "amount": "1379.385"
  },
  {
   "price": "0.19909",
   "amount": "1899"
  },
  {
   "price": "0.19919",
   "amount": "900"
  },
  {
   "price": "0.19969",
   "amount": "1319.127"
  },
  {
   "price": "0.2001",
   "amount": "898.965"
  },
  {
   "price": "0.2007",
   "amount": "1546.875"
  },
  {
   "price": "0.2014",
   "amount": "672.0975"
  },
  {
   "price": "0.20822",
   "amount": "216.63"
  },
  {
   "price": "0.21154",
   "amount": "1899"
  },
  {
   "price": "0.22157",
   "amount": "48.375"
  },
  {
   "price": "0.24846",
   "amount": "41.487"
  },
  {
   "price": "0.27295",
   "amount": "188.592"
  },
  {
   "price": "0.27395",
   "amount": "1575.9"
  },
  {
   "price": "0.30004",
   "amount": "1899"
  },
  {
   "price": "0.64",
   "amount": "289.59347494"
  }
 ]
}