{
 "pair": "bateth",
 "bids": [
  {
   "price": "0.001191",
   "amount": "1147.31201"
  },
  {
   "price": "0.0011894",
   "amount": "1470.77"
  },
  {
   "price": "0.001187",
   "amount": "1593.77"
  },
  {
   "price": "0.0011855",
   "amount": "166.79036952"
  },
  {
   "price": "0.0011846",
   "amount": "843.77"
  },
  {
   "price": "0.0011733",
   "amount": "42.61448381"
  },
  {
   "price": "0.0011501",
   "amount": "2304.13965584"
  },
  {
   "price": "0.00115",
   "amount": "110"
  },
  {
   "price": "0.0010802",
   "amount": "216.63426556"
  },
  {
   "price": "0.001",
   "amount": "10000"
  },
  {
   "price": "0.00093128",
   "amount": "70"
  },
  {
   "price": "0.00091",
   "amount": "1000"
  },
  {
   "price": "0.000854",
   "amount": "500"
  },
  {
   "price": "0.00081",
   "amount": "12.25"
  },
  {
   "price": "0.00078312",
   "amount": "600"
  },
  {
   "price": "0.00078",
   "amount": "1000"
  },
  {
   "price": "0.0007133",
   "amount": "90.29530352"
  },
  {
   "price": "0.00070331",
   "amount": "57"
  },
  {
   "price": "0.00067",
   "amount": "58"
  },
  {
   "price": "0.000631",
   "amount": "203.3866878"
  },
  {
   "price": "0.00055",
   "amount": "58"
  },
  {
   "price": "0.00048944",
   "amount": "10000"
  },
  {
   "price": "0.000458",
   "amount": "58"
  },
  {
   "price": "0.000399",
   "amount": "54.8"
  },
  {
   "price": "0.000325",
   "amount": "55"
  }
 ],
 "asks": [
  {
   "price": "0.001215",
   "amount": "1296.1495276"
  },
  {
   "price": "0.0014587",
   "amount": "1603.94983517"
  },
  {
   "price": "0.0014588",
   "amount": "38.11784097"
  },
  {
   "price": "0.0014598",
   "amount": "688"
  },
  {
   "price": "0.0014599",
   "amount": "2000"
  },
  {
   "price": "0.00146",
   "amount": "764.191844"
  },
  {
   "price": "0.0015026",
   "amount": "430"
  },
  {
   "price": "0.0015175",
   "amount": "8.74375402"
  },
  {
   "price": "0.0015276",
   "amount": "300"
  },
  {
   "price": "0.0015377",
   "amount": "300"
  },
  {
   "price": "0.0015479",
   "amount": "300"
  },
  {
   "price": "0.001558",
   "amount": "300"
  },
  {
   "price": "0.0015681",
   "amount": "300"
  },
  {
   "price": "0.0015783",
   "amount": "300"
  },
  {
   "price": "0.0015884",
   "amount": "300"
  },
  {
   "price": "0.0015985",
   "amount": "300"
  },
  {
   "price": "0.0016086",
   "amount": "300"
  },
  {
   "price": "0.0016173",
   "amount": "1852.22776235"
  },
  {
   "price": "0.0016188",
   "amount": "300"
  },
  {
   "price": "0.0016289",
   "amount": "300"
  },
  {
   "price": "0.001639",
   "amount": "300"
  },
  {
   "price": "0.0016491",
   "amount": "300"
  },
  {
   "price": "0.0016593",
   "amount": "300"
  },
  {
   "price": "0.001669",
   "amount": "49.95"
  },
  {
   "price": "0.0016694",
   "amount": "300"
  }
 ]
}