{
 "pair": "fttust",
 "bids": [
  {
   "price": "1.8606",
   "amount": "4189.13316331"
  },
  {
   "price": "1.8592",
   "amount": "635.90163407"
  },
  {
   "price": "1.8499",
   "amount": "177.26524983"
  },
  {
   "price": "1.8473",
   "amount": "1052.9273651"
  },
  {
   "price": "1.8406",
   "amount": "282.34674036"
  },
  {
   "price": "1.8371",
   "amount": "162.73940367"
  },
  {
   "price": "1.837",
   "amount": "246.93874674"
  },
  {
   "price": "1.8342",
   "amount": "1328.66530334"
  },
  {
   "price": "1.8314",
   "amount": "287.74447018"
  },
  {
   "price": "1.8212",
   "amount": "1680.7908077"
  },
  {
   "price": "1.8134",
   "amount": "462.03603443"
  },
  {
   "price": "1.8084",
   "amount": "1545.67328758"
  },
  {
   "price": "1.8045",
   "amount": "348.93106137"
  },
  {
   "price": "1.8012",
   "amount": "381.69735506"
  },
  {
   "price": "1.7958",
   "amount": "2023.18498862"
  },
  {
   "price": "1.7956",
   "amount": "492.11189189"
  },
  {
   "price": "1.7833",
   "amount": "1914.55884346"
  },
  {
   "price": "1.7783",
   "amount": "537.5872538"
  },
  {
   "price": "1.7752",
   "amount": "460.85201513"
  },
  {
   "price": "1.7711",
   "amount": "1986.15458767"
  },
  {
   "price": "1.7697",
   "amount": "430.00537609"
  },
  {
   "price": "1.759",
   "amount": "2867.04264847"
  },
  {
   "price": "1.7528",
   "amount": "577.58363918"
  },
  {
   "price": "1.7499",
   "amount": "448.43876254"
  },
  {
   "price": "1.747",
   "amount": "2427.07387705"
  }
 ],
 "asks": [
  {
   "price": "1.8625",
   "amount": "15660.68660133"
  },
  {
   "price": "1.8645",
   "amount": "2437.45909995"
  },
  {
   "price": "1.8779",
   "amount": "1170.45458827"
  },
  {
   "price": "1.8805",
   "amount": "5152.31645914"
  },
  {
   "price": "1.8874",
   "amount": "1014.3900751"
  },
  {
   "price": "1.894",
   "amount": "6868.95187113"
  },
  {
   "price": "1.8946",
   "amount": "1577.37703465"
  },
  {
   "price": "1.8962",
   "amount": "1670.9889622"
  },
  {
   "price": "1.9075",
   "amount": "8034.10988563"
  },
  {
   "price": "1.9157",
   "amount": "1289.6980686"
  },
  {
   "price": "1.921",
   "amount": "8651.34066228"
  },
  {
   "price": "1.9252",
   "amount": "1654.89267677"
  },
  {
   "price": "1.9324",
   "amount": "1651.10251855"
  },
  {
   "price": "1.9345",
   "amount": "9903.58220886"
  },
  {
   "price": "1.9441",
   "amount": "1735.42098297"
  },
  {
   "price": "1.948",
   "amount": "10836.85322083"
  },
  {
   "price": "1.9535",
   "amount": "2293.94250559"
  },
  {
   "price": "1.9607",
   "amount": "2475.65613148"
  },
  {
   "price": "1.9615",
   "amount": "7662.21977079"
  },
  {
   "price": "1.9724",
   "amount": "2779.2962936"
  },
  {
   "price": "1.975",
   "amount": "10938.58260324"
  },
  {
   "price": "1.9796",
   "amount": "2854.09173855"
  },
  {
   "price": "1.9885",
   "amount": "12857.89569692"
  },
  {
   "price": "1.989",
   "amount": "2184.64954697"
  },
  {
   "price": "2.0008",
   "amount": "2951.43162049"
  }
 ]
}