{
 "pair": "xmrbtc",
 "bids": [
  {
   "price": "0.0073641",
   "amount": "0.5"
  },
  {
   "price": "0.007364",
   "amount": "8.84541621"
  },
  {
   "price": "0.007363",
   "amount": "8.36170702"
  },
  {
   "price": "0.0073542",
   "amount": "8.32306732"
  },
  {
   "price": "0.0073533",
   "amount": "5.06"
  },
  {
   "price": "0.0073515",
   "amount": "7.12"
  },
  {
   "price": "0.0073478",
   "amount": "60"
  },
  {
   "price": "0.0073428",
   "amount": "34.98"
  },
  {
   "price": "0.007342",
   "amount": "10"
  },
  {
   "price": "0.0073414",
   "amount": "27.1372"
  },
  {
   "price": "0.0073394",
   "amount": "23"
  },
  {
   "price": "0.0073316",
   "amount": "45"
  },
  {
   "price": "0.00733",
   "amount": "0.5"
  },
  {
   "price": "0.0073271",
   "amount": "8.77"
  },
  {
   "price": "0.0073206",
   "amount": "63.2814"
  },
  {
   "price": "0.00732",
   "amount": "0.5"
  },
  {
   "price": "0.0073193",
   "amount": "57.11995713"
  },
  {
   "price": "0.0073192",
   "amount": "347.24"
  },
  {
   "price": "0.007313",
   "amount": "0.36815365"
  },
  {
   "price": "0.0073125",
   "amount": "8.77"
  },
  {
   "price": "0.0073055",
   "amount": "51.3171"
  },
  {
   "price": "0.0073",
   "amount": "1"
  },
  {
   "price": "0.0072955",
   "amount": "2.71223217"
  },
  {
   "price": "0.0072951",
   "amount": "1400"
  },
  {
   "price": "0.007295",
   "amount": "67.29414567"
  }
 ],
 "asks": [
  {
   "price": "0.0073817",
   "amount": "10"
  },
  {
   "price": "0.0073818",
   "amount": "3"
  },
  {
   "price": "0.0073869",
   "amount": "6.99177066"
  },
  {
   "price": "0.0073898",
   "amount": "5.97313637"
  },
  {
   "price": "0.0073899",
   "amount": "34.97"
  },
  {
   "price": "0.00739",
   "amount": "3"
  },
  {
   "price": "0.0074023",
   "amount": "60"
  },
  {
   "price": "0.0074055",
   "amount": "10"
  },
  {
   "price": "0.00741",
   "amount": "14"
  },
  {
   "price": "0.0074106",
   "amount": "0.68145887"
  },
  {
   "price": "0.0074139",
   "amount": "45"
  },
  {
   "price": "0.0074189",
   "amount": "45"
  },
  {
   "price": "0.0074212",
   "amount": "67.33829966"
  },
  {
   "price": "0.0074213",
   "amount": "347.23"
  },
  {
   "price": "0.0074232",
   "amount": "20"
  },
  {
   "price": "0.0074432",
   "amount": "335.078"
  },
  {
   "price": "0.0074447",
   "amount": "20"
  },
  {
   "price": "0.0074465",
   "amount": "1400"
  },
  {
   "price": "0.0074466",
   "amount": "352.57"
  },
  {
   "price": "0.00745",
   "amount": "0.5271723"
  },
  {
   "price": "0.0074503",
   "amount": "432.823"
  },
  {
   "price": "0.0074632",
   "amount": "559.081"
  },
  {
   "price": "0.0074673",
   "amount": "74.52328387"
  },
  {
   "price": "0.0074674",
   "amount": "20"
  },
  {
   "price": "0.0074803",
   "amount": "722.169"
  }
 ]
}