{
 "pair": "elfeth",
 "bids": [
  {
   "price": "0.00037652",
   "amount": "522.19321149"
  },
  {
   "price": "0.00037001",
   "amount": "135.13148293"
  },
  {
   "price": "0.00037",
   "amount": "1000"
  },
  {
   "price": "0.000355",
   "amount": "20"
  },
  {
   "price": "0.00035277",
   "amount": "510.24747002"
  },
  {
   "price": "0.000351",
   "amount": "10"
  },
  {
   "price": "0.0003448",
   "amount": "92"
  },
  {
   "price": "0.00029413",
   "amount": "6000"
  },
  {
   "price": "0.00026627",
   "amount": "5933.02749089"
  },
  {
   "price": "0.00026626",
   "amount": "75.03943514"
  },
  {
   "price": "0.00021",
   "amount": "799.64662708"
  },
  {
   "price": "0.00011",
   "amount": "1690.53832898"
  },
  {
   "price": "0.00003303",
   "amount": "302.79"
  },
  {
   "price": "0.0000234",
   "amount": "90"
  },
  {
   "price": "0.0000233",
   "amount": "45000"
  },
  {
   "price": "0.00002183",
   "amount": "200"
  },
  {
   "price": "0.000011",
   "amount": "20420.721544"
  },
  {
   "price": "0.0000024",
   "amount": "250"
  },
  {
   "price": "0.0000023",
   "amount": "7938.94609895"
  },
  {
   "price": "0.00000218",
   "amount": "2000"
  },
  {
   "price": "0.0000021",
   "amount": "7136.57778227"
  },
  {
   "price": "0.00000156",
   "amount": "10000"
  },
  {
   "price": "0.0000014",
   "amount": "105483.17274717"
  },
  {
   "price": "0.0000011",
   "amount": "23570.32645233"
  },
  {
   "price": "7e-7",
   "amount": "2000"
  }
 ],
 "asks": [
  {
   "price": "0.00040414",
   "amount": "520.83333333"
  },
  {
   "price": "0.00040415",
   "amount": "920.65741211"
  },
  {
   "price": "0.0010994",
   "amount": "120.78053969"
  },
  {
   "price": "0.0010995",
   "amount": "142.895387"
  },
  {
   "price": "0.0011",
   "amount": "139.61379044"
  },
  {
   "price": "0.0011005",
   "amount": "129.76031119"
  },
  {
   "price": "0.001101",
   "amount": "113.58017472"
  },
  {
   "price": "0.0011015",
   "amount": "108.4216323"
  },
  {
   "price": "0.001102",
   "amount": "128.71456124"
  },
  {
   "price": "0.0011025",
   "amount": "100.6716609"
  },
  {
   "price": "0.001103",
   "amount": "107.28937148"
  },
  {
   "price": "0.0011035",
   "amount": "110.28802648"
  },
  {
   "price": "0.001104",
   "amount": "142.54368916"
  },
  {
   "price": "0.0011045",
   "amount": "121.02596535"
  },
  {
   "price": "0.001105",
   "amount": "144.19178562"
  },
  {
   "price": "0.0011055",
   "amount": "126.59945713"
  },
  {
   "price": "0.001106",
   "amount": "122.9961058"
  },
  {
   "price": "0.0011065",
   "amount": "146.70025504"
  },
  {
   "price": "0.001107",
   "amount": "127.69368304"
  },
  {
   "price": "0.0011075",
   "amount": "148.75916644"
  },
  {
   "price": "0.001108",
   "amount": "106.14986535"
  },
  {
   "price": "0.0011085",
   "amount": "122.27355576"
  },
  {
   "price": "0.001109",
   "amount": "118.08019372"
  },
  {
   "price": "0.0011095",
   "amount": "123.49382449"
  },
  {
   "price": "0.00111",
   "amount": "137.6856524"
  }
 ]
}