{
 "pair": "xlmjpy",
 "bids": [
  {
   "price": "5.7508",
   "amount": "150.2"
  },
  {
   "price": "5.7425",
   "amount": "3080"
  },
  {
   "price": "5.7412",
   "amount": "3120"
  },
  {
   "price": "5.7399",
   "amount": "3570"
  },
  {
   "price": "5.7316",
   "amount": "7997"
  },
  {
   "price": "5.7288",
   "amount": "15300"
  },
  {
   "price": "5.7059",
   "amount": "160071"
  },
  {
   "price": "5.701",
   "amount": "11000"
  },
  {
   "price": "5.6953",
   "amount": "30000"
  },
  {
   "price": "5.6905",
   "amount": "39940"
  },
  {
   "price": "5.6843",
   "amount": "10600"
  },
  {
   "price": "5.6584",
   "amount": "29575.71692232"
  },
  {
   "price": "5.6583",
   "amount": "5795.63165432"
  },
  {
   "price": "5.6582",
   "amount": "5795.86947702"
  },
  {
   "price": "5.658",
   "amount": "100000"
  },
  {
   "price": "5.6547",
   "amount": "100000"
  },
  {
   "price": "5.6234",
   "amount": "71269.36103257"
  },
  {
   "price": "5.6233",
   "amount": "19355.2094523"
  },
  {
   "price": "5.6172",
   "amount": "39835"
  },
  {
   "price": "5.6071",
   "amount": "2000"
  },
  {
   "price": "5.5981",
   "amount": "1952.67631518"
  },
  {
   "price": "5.5888",
   "amount": "40373"
  },
  {
   "price": "5.5884",
   "amount": "2300"
  },
  {
   "price": "5.5859",
   "amount": "145"
  },
  {
   "price": "5.5784",
   "amount": "30000"
  }
 ],
 "asks": [
  {
   "price": "5.7605",
   "amount": "15300"
  },
  {
   "price": "5.7726",
   "amount": "3680"
  },
  {
   "price": "5.7876",
   "amount": "11000"
  },
  {
   "price": "5.7894",
   "amount": "79388"
  },
  {
   "price": "5.7895",
   "amount": "30000"
  },
  {
   "price": "5.79",
   "amount": "7996"
  },
  {
   "price": "5.8152",
   "amount": "40303"
  },
  {
   "price": "5.8229",
   "amount": "40377"
  },
  {
   "price": "5.8244",
   "amount": "1914.3885443"
  },
  {
   "price": "5.872",
   "amount": "39939"
  },
  {
   "price": "5.8935",
   "amount": "39834"
  },
  {
   "price": "5.9333",
   "amount": "30000"
  },
  {
   "price": "5.9409",
   "amount": "1876.84165087"
  },
  {
   "price": "5.9413",
   "amount": "40372"
  },
  {
   "price": "5.9801",
   "amount": "4890.2"
  },
  {
   "price": "5.9943",
   "amount": "4986.91110489"
  },
  {
   "price": "5.995",
   "amount": "4143.99078358"
  },
  {
   "price": "6.0152",
   "amount": "100000"
  },
  {
   "price": "6.0153",
   "amount": "40410"
  },
  {
   "price": "6.0485",
   "amount": "60000"
  },
  {
   "price": "6.0596",
   "amount": "5507.37440574"
  },
  {
   "price": "6.0598",
   "amount": "1840.02796843"
  },
  {
   "price": "6.0694",
   "amount": "230.472321"
  },
  {
   "price": "6.0815",
   "amount": "39932"
  },
  {
   "price": "6.1134",
   "amount": "105.074822"
  }
 ]
}