{
 "pair": "tknusd",
 "bids": [
  {
   "price": "0.20244",
   "amount": "581.24102876"
  },
  {
   "price": "0.20241",
   "amount": "98.80934248"
  },
  {
   "price": "0.201",
   "amount": "222.006519"
  },
  {
   "price": "0.2",
   "amount": "238.621"
  },
  {
   "price": "0.0152",
   "amount": "10"
  },
  {
   "price": "0.0133",
   "amount": "200"
  },
  {
   "price": "0.01213",
   "amount": "90"
  },
  {
   "price": "0.011",
   "amount": "90"
  },
  {
   "price": "0.009",
   "amount": "100"
  },
  {
   "price": "0.0032015",
   "amount": "1000"
  },
  {
   "price": "0.001213",
   "amount": "900"
  },
  {
   "price": "0.0002",
   "amount": "20000"
  },
  {
   "price": "0.0001",
   "amount": "5000"
  },
  {
   "price": "0.00002",
   "amount": "100000"
  },
  {
   "price": "0.000011",
   "amount": "50000"
  },
  {
   "price": "0.00001",
   "amount": "50000"
  },
  {
   "price": "0.0000011",
   "amount": "100000"
  },
  {
   "price": "0.000001",
   "amount": "50000"
  },
  {
   "price": "1.1e-7",
   "amount": "600000"
  },
  {
   "price": "1e-7",
   "amount": "300000"
  },
  {
   "price": "1e-8",
   "amount": "50000"
  }
 ],
 "asks": [
  {
   "price": "0.34",
   "amount": "49.99"
  },
  {
   "price": "0.36",
   "amount": "1173.08400415"
  },
  {
   "price": "0.41",
   "amount": "26.770585"
  },
  {
   "price": "0.47926",
   "amount": "71.23398562"
  },
  {
   "price": "0.47927",
   "amount": "24.956"
  },
  {
   "price": "0.485",
   "amount": "585.188907"
  },
  {
   "price": "0.5",
   "amount": "5000"
  },
  {
   "price": "0.55",
   "amount": "1000"
  },
  {
   "price": "0.57554",
   "amount": "249.9"
  },
  {
   "price": "0.579",
   "amount": "8.594987"
  },
  {
   "price": "0.61252",
   "amount": "2000"
  },
  {
   "price": "0.65",
   "amount": "1000"
  },
  {
   "price": "0.67623",
   "amount": "50"
  },
  {
   "price": "0.7229",
   "amount": "7.866567"
  },
  {
   "price": "0.75",
   "amount": "1000"
  },
  {
   "price": "0.75973",
   "amount": "199.99"
  },
  {
   "price": "0.81",
   "amount": "257.808893"
  },
  {
   "price": "0.81449",
   "amount": "100"
  },
  {
   "price": "0.84468",
   "amount": "6"
  },
  {
   "price": "0.85",
   "amount": "2000"
  },
  {
   "price": "0.9",
   "amount": "3916.11939842"
  },
  {
   "price": "0.91",
   "amount": "300"
  },
  {
   "price": "0.95",
   "amount": "2000"
  },
  {
   "price": "0.97231",
   "amount": "49.75"
  },
  {
   "price": "0.98",
   "amount": "1000"
  }
 ]
}