{
 "pair": "zecusd",
 "bids": [
  {
   "price": "31.755",
   "amount": "15"
  },
  {
   "price": "31.754",
   "amount": "2.27556284"
  },
  {
   "price": "31.71",
   "amount": "11.58"
  },
  {
   "price": "31.666",
   "amount": "68.43731897"
  },
  {
   "price": "31.662",
   "amount": "20"
  },
  {
   "price": "31.659",
   "amount": "60"
  },
  {
   "price": "31.654",
   "amount": "14.05780624"
  },
  {
   "price": "31.648",
   "amount": "7.7195873"
  },
  {
   "price": "31.637",
   "amount": "28.12197269"
  },
  {
   "price": "31.626",
   "amount": "118.51491047"
  },
  {
   "price": "31.625",
   "amount": "102.1"
  },
  {
   "price": "31.564",
   "amount": "10"
  },
  {
   "price": "31.461",
   "amount": "280.316"
  },
  {
   "price": "31.423",
   "amount": "9.54714699"
  },
  {
   "price": "31.422",
   "amount": "49.22904335"
  },
  {
   "price": "31.42",
   "amount": "362.086"
  },
  {
   "price": "31.402",
   "amount": "1180"
  },
  {
   "price": "31.4",
   "amount": "1013.6"
  },
  {
   "price": "31.356",
   "amount": "467.71"
  },
  {
   "price": "31.278",
   "amount": "8"
  },
  {
   "price": "31.265",
   "amount": "604.145"
  },
  {
   "price": "31.235",
   "amount": "1029.1"
  },
  {
   "price": "31.182",
   "amount": "9"
  },
  {
   "price": "31.165",
   "amount": "780.379"
  },
  {
   "price": "31.095",
   "amount": "6.43188195"
  }
 ],
 "asks": [
  {
   "price": "31.793",
   "amount": "9.84702455"
  },
  {
   "price": "31.794",
   "amount": "17.80602913"
  },
  {
   "price": "31.81",
   "amount": "1.6380144"
  },
  {
   "price": "31.812",
   "amount": "11.04"
  },
  {
   "price": "31.824",
   "amount": "142.27"
  },
  {
   "price": "31.827",
   "amount": "8"
  },
  {
   "price": "31.832",
   "amount": "9.98"
  },
  {
   "price": "31.841",
   "amount": "68.43632412"
  },
  {
   "price": "31.856",
   "amount": "102"
  },
  {
   "price": "31.862",
   "amount": "4.10212628"
  },
  {
   "price": "31.881",
   "amount": "136.86968196"
  },
  {
   "price": "31.889",
   "amount": "12.5"
  },
  {
   "price": "31.9",
   "amount": "20"
  },
  {
   "price": "31.929",
   "amount": "9"
  },
  {
   "price": "31.936",
   "amount": "117.12231457"
  },
  {
   "price": "31.937",
   "amount": "174.40936457"
  },
  {
   "price": "31.966",
   "amount": "4.3223523"
  },
  {
   "price": "31.984",
   "amount": "10"
  },
  {
   "price": "32",
   "amount": "56.39683849"
  },
  {
   "price": "32.019",
   "amount": "2"
  },
  {
   "price": "32.02",
   "amount": "0.0001"
  },
  {
   "price": "32.05",
   "amount": "1013.5"
  },
  {
   "price": "32.056",
   "amount": "0.5"
  },
  {
   "price": "32.068",
   "amount": "1180"
  },
  {
   "price": "32.069",
   "amount": "4.54257832"
  }
 ]
}