{
 "pair": "daiusd",
 "bids": [
  {
   "price": "1.0032",
   "amount": "384.48352916"
  },
  {
   "price": "1.003",
   "amount": "400"
  },
  {
   "price": "1.0021",
   "amount": "99.48290691"
  },
  {
   "price": "1.002",
   "amount": "1324.040261"
  },
  {
   "price": "1.0016",
   "amount": "220.49077739"
  },
  {
   "price": "1.0015",
   "amount": "437.133442"
  },
  {
   "price": "1.001",
   "amount": "1260"
  },
  {
   "price": "1",
   "amount": "2254.028638"
  },
  {
   "price": "0.99992",
   "amount": "1305.14308446"
  },
  {
   "price": "0.99957",
   "amount": "1448.94511353"
  },
  {
   "price": "0.999",
   "amount": "700.853146"
  },
  {
   "price": "0.9986",
   "amount": "10"
  },
  {
   "price": "0.9985",
   "amount": "1200"
  },
  {
   "price": "0.9984",
   "amount": "10"
  },
  {
   "price": "0.9982",
   "amount": "10"
  },
  {
   "price": "0.9981",
   "amount": "73.30393389"
  },
  {
   "price": "0.998",
   "amount": "520"
  },
  {
   "price": "0.99786",
   "amount": "220.80928108"
  },
  {
   "price": "0.9978",
   "amount": "218.884847"
  },
  {
   "price": "0.99779",
   "amount": "129.17577815"
  },
  {
   "price": "0.99751",
   "amount": "500"
  },
  {
   "price": "0.997",
   "amount": "150"
  },
  {
   "price": "0.996",
   "amount": "10"
  },
  {
   "price": "0.995",
   "amount": "750"
  },
  {
   "price": "0.994",
   "amount": "10"
  }
 ],
 "asks": [
  {
   "price": "1.005",
   "amount": "11.08797706"
  },
  {
   "price": "1.0051",
   "amount": "1284.24897225"
  },
  {
   "price": "1.0052",
   "amount": "5790.27649848"
  },
  {
   "price": "1.0053",
   "amount": "1204.88666502"
  },
  {
   "price": "1.0063",
   "amount": "1000"
  },
  {
   "price": "1.0088",
   "amount": "100"
  },
  {
   "price": "1.0095",
   "amount": "170.00163318"
  },
  {
   "price": "1.0096",
   "amount": "4500"
  },
  {
   "price": "1.01",
   "amount": "711.4"
  },
  {
   "price": "1.011",
   "amount": "219.4835877"
  },
  {
   "price": "1.012",
   "amount": "10"
  },
  {
   "price": "1.0123",
   "amount": "500"
  },
  {
   "price": "1.013",
   "amount": "56.550355"
  },
  {
   "price": "1.014",
   "amount": "10"
  },
  {
   "price": "1.015",
   "amount": "2500"
  },
  {
   "price": "1.0151",
   "amount": "500"
  },
  {
   "price": "1.0154",
   "amount": "473.23466501"
  },
  {
   "price": "1.016",
   "amount": "10"
  },
  {
   "price": "1.018",
   "amount": "10"
  },
  {
   "price": "1.0191",
   "amount": "2000"
  },
  {
   "price": "1.02",
   "amount": "11632.079888"
  },
  {
   "price": "1.021",
   "amount": "1400"
  },
  {
   "price": "1.0211",
   "amount": "200"
  },
  {
   "price": "1.022",
   "amount": "10"
  },
  {
   "price": "1.0233",
   "amount": "1000"
  }
 ]
}