{
 "pair": "datbtc",
 "bids": [
  {
   "price": "0.00000196",
   "amount": "8000"
  },
  {
   "price": "0.0000019",
   "amount": "0.12660367"
  },
  {
   "price": "0.00000181",
   "amount": "20000"
  },
  {
   "price": "0.0000018",
   "amount": "77957.794444"
  },
  {
   "price": "0.00000171",
   "amount": "20362.34576925"
  },
  {
   "price": "0.00000155",
   "amount": "224814.91317007"
  },
  {
   "price": "0.0000015",
   "amount": "3000"
  },
  {
   "price": "0.00000141",
   "amount": "66863.33786948"
  },
  {
   "price": "0.0000014",
   "amount": "7378.57"
  },
  {
   "price": "0.00000138",
   "amount": "6699"
  },
  {
   "price": "0.00000133",
   "amount": "19850.586466"
  },
  {
   "price": "0.00000132",
   "amount": "25274"
  },
  {
   "price": "0.0000013",
   "amount": "5856.00870801"
  },
  {
   "price": "0.00000129",
   "amount": "5000"
  },
  {
   "price": "0.00000125",
   "amount": "20750.632"
  },
  {
   "price": "0.0000012",
   "amount": "225.43305441"
  },
  {
   "price": "0.00000116",
   "amount": "11000"
  },
  {
   "price": "0.00000115",
   "amount": "91798.4956627"
  },
  {
   "price": "0.00000114",
   "amount": "1000"
  },
  {
   "price": "0.00000107",
   "amount": "4100"
  },
  {
   "price": "0.00000106",
   "amount": "73753.74013963"
  },
  {
   "price": "0.00000104",
   "amount": "206882"
  },
  {
   "price": "0.00000102",
   "amount": "14000"
  },
  {
   "price": "0.000001",
   "amount": "32000"
  },
  {
   "price": "9.8e-7",
   "amount": "100000"
  }
 ],
 "asks": [
  {
   "price": "0.00000211",
   "amount": "2942.14484564"
  },
  {
   "price": "0.00000287",
   "amount": "9600.85633244"
  },
  {
   "price": "0.00000288",
   "amount": "969.22008757"
  },
  {
   "price": "0.00000313",
   "amount": "1875.864065"
  },
  {
   "price": "0.00000321",
   "amount": "554.445"
  },
  {
   "price": "0.00000368",
   "amount": "4060.9"
  },
  {
   "price": "0.0000038",
   "amount": "8486.1054"
  },
  {
   "price": "0.00000435",
   "amount": "811.051696"
  },
  {
   "price": "0.0000044",
   "amount": "750"
  },
  {
   "price": "0.0000045",
   "amount": "1000"
  },
  {
   "price": "0.00000459",
   "amount": "998"
  },
  {
   "price": "0.000005",
   "amount": "1000"
  },
  {
   "price": "0.0000054",
   "amount": "748"
  },
  {
   "price": "0.0000055",
   "amount": "1000"
  },
  {
   "price": "0.00000571",
   "amount": "3000"
  },
  {
   "price": "0.000006",
   "amount": "1000"
  },
  {
   "price": "0.00000621",
   "amount": "12750.22498341"
  },
  {
   "price": "0.00000624",
   "amount": "6589.315266"
  },
  {
   "price": "0.00000646",
   "amount": "8796.29618095"
  },
  {
   "price": "0.0000065",
   "amount": "1000"
  },
  {
   "price": "0.00000678",
   "amount": "7591.89876879"
  },
  {
   "price": "0.0000068",
   "amount": "12928.000062"
  },
  {
   "price": "0.000007",
   "amount": "51000"
  },
  {
   "price": "0.00000726",
   "amount": "1500"
  },
  {
   "price": "0.00000729",
   "amount": "3000"
  }
 ]
}