{
 "pair": "ioteur",
 "bids": [
  {
   "price": "0.17589",
   "amount": "134.15204768"
  },
  {
   "price": "0.17588",
   "amount": "4017.1"
  },
  {
   "price": "0.17577",
   "amount": "3334"
  },
  {
   "price": "0.17561",
   "amount": "276.39256092"
  },
  {
   "price": "0.17545",
   "amount": "4843.53460311"
  },
  {
   "price": "0.17537",
   "amount": "700"
  },
  {
   "price": "0.17525",
   "amount": "7306.676224"
  },
  {
   "price": "0.17522",
   "amount": "29143.51239505"
  },
  {
   "price": "0.17521",
   "amount": "3000"
  },
  {
   "price": "0.17519",
   "amount": "10000"
  },
  {
   "price": "0.17508",
   "amount": "2284.37788418"
  },
  {
   "price": "0.17504",
   "amount": "1000"
  },
  {
   "price": "0.17501",
   "amount": "15000"
  },
  {
   "price": "0.175",
   "amount": "97.10343208"
  },
  {
   "price": "0.17493",
   "amount": "27125.8727822"
  },
  {
   "price": "0.17467",
   "amount": "977.94970174"
  },
  {
   "price": "0.17466",
   "amount": "3300"
  },
  {
   "price": "0.17465",
   "amount": "97.29900798"
  },
  {
   "price": "0.17453",
   "amount": "13204.87055118"
  },
  {
   "price": "0.17452",
   "amount": "11138"
  },
  {
   "price": "0.17439",
   "amount": "28.0704794"
  },
  {
   "price": "0.17437",
   "amount": "635.16769531"
  },
  {
   "price": "0.17435",
   "amount": "3517.625413"
  },
  {
   "price": "0.17432",
   "amount": "8436.20455665"
  },
  {
   "price": "0.17431",
   "amount": "172.083063"
  }
 ],
 "asks": [
  {
   "price": "0.17615",
   "amount": "260.65722531"
  },
  {
   "price": "0.17618",
   "amount": "5911.42416"
  },
  {
   "price": "0.17621",
   "amount": "10977.94970174"
  },
  {
   "price": "0.17625",
   "amount": "257.73705775"
  },
  {
   "price": "0.17629",
   "amount": "1121"
  },
  {
   "price": "0.17635",
   "amount": "2430"
  },
  {
   "price": "0.17638",
   "amount": "700"
  },
  {
   "price": "0.1764",
   "amount": "8943.47816496"
  },
  {
   "price": "0.17647",
   "amount": "5000"
  },
  {
   "price": "0.17653",
   "amount": "800"
  },
  {
   "price": "0.1768",
   "amount": "3000"
  },
  {
   "price": "0.17697",
   "amount": "30746.0758731"
  },
  {
   "price": "0.17698",
   "amount": "1977.94970174"
  },
  {
   "price": "0.17707",
   "amount": "11137"
  },
  {
   "price": "0.17708",
   "amount": "998.96"
  },
  {
   "price": "0.17751",
   "amount": "1000"
  },
  {
   "price": "0.17759",
   "amount": "4750.54927562"
  },
  {
   "price": "0.17763",
   "amount": "2375.27463781"
  },
  {
   "price": "0.17765",
   "amount": "28.0704794"
  },
  {
   "price": "0.17772",
   "amount": "45401.2"
  },
  {
   "price": "0.17775",
   "amount": "977.94970174"
  },
  {
   "price": "0.1779",
   "amount": "58645.1"
  },
  {
   "price": "0.17793",
   "amount": "22915.22802272"
  },
  {
   "price": "0.17795",
   "amount": "410.84708596"
  },
  {
   "price": "0.17797",
   "amount": "11308"
  }
 ]
}