{
 "pair": "kncbtc",
 "bids": [
  {
   "price": "0.00003129",
   "amount": "775.71356147"
  },
  {
   "price": "0.00003128",
   "amount": "533.77"
  },
  {
   "price": "0.00003122",
   "amount": "534.77"
  },
  {
   "price": "0.00003115",
   "amount": "889.77"
  },
  {
   "price": "0.00003091",
   "amount": "2969.77"
  },
  {
   "price": "0.00002266",
   "amount": "665.29764737"
  },
  {
   "price": "0.0000225",
   "amount": "177.77777778"
  },
  {
   "price": "0.00002002",
   "amount": "28"
  },
  {
   "price": "0.000011",
   "amount": "999.91328079"
  },
  {
   "price": "0.0000081",
   "amount": "650"
  },
  {
   "price": "0.00000692",
   "amount": "800"
  },
  {
   "price": "0.00000691",
   "amount": "100"
  },
  {
   "price": "0.0000069",
   "amount": "20000"
  },
  {
   "price": "0.00000512",
   "amount": "1000"
  },
  {
   "price": "0.00000511",
   "amount": "2579.13656897"
  },
  {
   "price": "0.00000266",
   "amount": "2000"
  },
  {
   "price": "0.00000175",
   "amount": "3000"
  },
  {
   "price": "0.0000015",
   "amount": "2500"
  },
  {
   "price": "0.00000112",
   "amount": "150"
  },
  {
   "price": "0.00000111",
   "amount": "20330.35903309"
  },
  {
   "price": "5.1e-7",
   "amount": "300"
  },
  {
   "price": "5e-7",
   "amount": "5000"
  },
  {
   "price": "1.2e-7",
   "amount": "2000"
  },
  {
   "price": "1.1e-7",
   "amount": "24963.84063856"
  },
  {
   "price": "1e-7",
   "amount": "40000"
  }
 ],
 "asks": [
  {
   "price": "0.00003201",
   "amount": "632.71116735"
  },
  {
   "price": "0.00003222",
   "amount": "1035.77"
  },
  {
   "price": "0.00003931",
   "amount": "42"
  },
  {
   "price": "0.00004",
   "amount": "20"
  },
  {
   "price": "0.000054",
   "amount": "25"
  },
  {
   "price": "0.00005596",
   "amount": "5000"
  },
  {
   "price": "0.000068",
   "amount": "20"
  },
  {
   "price": "0.000079",
   "amount": "237.762"
  },
  {
   "price": "0.00008",
   "amount": "18"
  },
  {
   "price": "0.00009",
   "amount": "20"
  },
  {
   "price": "0.00009375",
   "amount": "800"
  },
  {
   "price": "0.00009384",
   "amount": "150"
  },
  {
   "price": "0.00009409",
   "amount": "499.5"
  },
  {
   "price": "0.0001",
   "amount": "10000"
  },
  {
   "price": "0.00011192",
   "amount": "2500"
  },
  {
   "price": "0.00011798",
   "amount": "175"
  },
  {
   "price": "0.00012",
   "amount": "281.07399337"
  },
  {
   "price": "0.00014",
   "amount": "20"
  },
  {
   "price": "0.00014761",
   "amount": "36.928"
  },
  {
   "price": "0.00018",
   "amount": "24.6"
  },
  {
   "price": "0.000185",
   "amount": "59.918"
  },
  {
   "price": "0.00019",
   "amount": "35"
  },
  {
   "price": "0.00019707",
   "amount": "29.97"
  },
  {
   "price": "0.0002213",
   "amount": "900"
  },
  {
   "price": "0.000222",
   "amount": "69.29"
  }
 ]
}