{
 "pair": "neoeth",
 "bids": [
  {
   "price": "0.059071",
   "amount": "7.12584345"
  },
  {
   "price": "0.058963",
   "amount": "86.54328624"
  },
  {
   "price": "0.058962",
   "amount": "164.35007672"
  },
  {
   "price": "0.05878",
   "amount": "29.2"
  },
  {
   "price": "0.058772",
   "amount": "140"
  },
  {
   "price": "0.05876",
   "amount": "100"
  },
  {
   "price": "0.058739",
   "amount": "0.73237986"
  },
  {
   "price": "0.058656",
   "amount": "280"
  },
  {
   "price": "0.058575",
   "amount": "289.8"
  },
  {
   "price": "0.058534",
   "amount": "3.38793556"
  },
  {
   "price": "0.058506",
   "amount": "0.73237986"
  },
  {
   "price": "0.058275",
   "amount": "294.2"
  },
  {
   "price": "0.058273",
   "amount": "1.59041001"
  },
  {
   "price": "0.058042",
   "amount": "0.73237986"
  },
  {
   "price": "0.057992",
   "amount": "99"
  },
  {
   "price": "0.057812",
   "amount": "0.73237986"
  },
  {
   "price": "0.057583",
   "amount": "28.65429033"
  },
  {
   "price": "0.057582",
   "amount": "0.73237986"
  },
  {
   "price": "0.057545",
   "amount": "19"
  },
  {
   "price": "0.057508",
   "amount": "294.8"
  },
  {
   "price": "0.057353",
   "amount": "0.73237986"
  },
  {
   "price": "0.057126",
   "amount": "0.73237986"
  },
  {
   "price": "0.056921",
   "amount": "145.8"
  },
  {
   "price": "0.056899",
   "amount": "0.73237986"
  },
  {
   "price": "0.056673",
   "amount": "0.73237986"
  }
 ],
 "asks": [
  {
   "price": "0.059207",
   "amount": "337.56560757"
  },
  {
   "price": "0.059208",
   "amount": "0.73237986"
  },
  {
   "price": "0.059289",
   "amount": "168.77080056"
  },
  {
   "price": "0.059326",
   "amount": "29.1"
  },
  {
   "price": "0.059342",
   "amount": "1.73411407"
  },
  {
   "price": "0.05935",
   "amount": "100"
  },
  {
   "price": "0.05938",
   "amount": "280"
  },
  {
   "price": "0.059423",
   "amount": "168.54879488"
  },
  {
   "price": "0.059443",
   "amount": "289.7"
  },
  {
   "price": "0.059444",
   "amount": "0.73237986"
  },
  {
   "price": "0.059513",
   "amount": "280"
  },
  {
   "price": "0.059581",
   "amount": "3.38799295"
  },
  {
   "price": "0.059681",
   "amount": "0.73237986"
  },
  {
   "price": "0.059796",
   "amount": "99"
  },
  {
   "price": "0.059808",
   "amount": "294.1"
  },
  {
   "price": "0.059918",
   "amount": "16.26428571"
  },
  {
   "price": "0.059919",
   "amount": "0.73237986"
  },
  {
   "price": "0.060158",
   "amount": "0.73237986"
  },
  {
   "price": "0.060233",
   "amount": "294.7"
  },
  {
   "price": "0.060345",
   "amount": "0.00000503"
  },
  {
   "price": "0.060398",
   "amount": "0.73237986"
  },
  {
   "price": "0.060639",
   "amount": "0.73237986"
  },
  {
   "price": "0.060818",
   "amount": "145.7"
  },
  {
   "price": "0.06088",
   "amount": "0.73237986"
  },
  {
   "price": "0.061123",
   "amount": "0.73237986"
  }
 ]
}