{
 "pair": "trxbtc",
 "bids": [
  {
   "price": "0.0000019",
   "amount": "305732.81784024"
  },
  {
   "price": "0.00000189",
   "amount": "684000.7934375"
  },
  {
   "price": "0.00000188",
   "amount": "648660.36631687"
  },
  {
   "price": "0.00000187",
   "amount": "10000"
  },
  {
   "price": "0.00000186",
   "amount": "10000"
  },
  {
   "price": "0.00000185",
   "amount": "427457"
  },
  {
   "price": "0.00000182",
   "amount": "670710.914072"
  },
  {
   "price": "0.0000018",
   "amount": "141079"
  },
  {
   "price": "0.00000178",
   "amount": "144152"
  },
  {
   "price": "0.00000173",
   "amount": "143122"
  },
  {
   "price": "0.00000168",
   "amount": "2000"
  },
  {
   "price": "0.00000167",
   "amount": "1245"
  },
  {
   "price": "0.00000166",
   "amount": "254140.3233533"
  },
  {
   "price": "0.0000016",
   "amount": "15000"
  },
  {
   "price": "0.00000156",
   "amount": "1333"
  },
  {
   "price": "0.00000155",
   "amount": "237"
  },
  {
   "price": "0.0000015",
   "amount": "3500"
  },
  {
   "price": "0.00000148",
   "amount": "2000"
  },
  {
   "price": "0.00000143",
   "amount": "1454"
  },
  {
   "price": "0.0000014",
   "amount": "505000"
  },
  {
   "price": "0.00000135",
   "amount": "16540"
  },
  {
   "price": "0.0000013",
   "amount": "35955.91538462"
  },
  {
   "price": "0.00000126",
   "amount": "20000"
  },
  {
   "price": "0.0000012",
   "amount": "30800"
  },
  {
   "price": "0.00000116",
   "amount": "1793"
  }
 ],
 "asks": [
  {
   "price": "0.00000191",
   "amount": "298161.77383484"
  },
  {
   "price": "0.00000192",
   "amount": "694910.90723172"
  },
  {
   "price": "0.00000193",
   "amount": "192124.11623547"
  },
  {
   "price": "0.00000194",
   "amount": "10000"
  },
  {
   "price": "0.00000195",
   "amount": "10000"
  },
  {
   "price": "0.00000196",
   "amount": "454836.7072003"
  },
  {
   "price": "0.00000197",
   "amount": "37596.66327035"
  },
  {
   "price": "0.00000198",
   "amount": "12488.55"
  },
  {
   "price": "0.00000199",
   "amount": "10000"
  },
  {
   "price": "0.000002",
   "amount": "33217.4768361"
  },
  {
   "price": "0.00000207",
   "amount": "2994"
  },
  {
   "price": "0.00000209",
   "amount": "4991.479621"
  },
  {
   "price": "0.00000212",
   "amount": "4590.58"
  },
  {
   "price": "0.00000214",
   "amount": "99900"
  },
  {
   "price": "0.00000216",
   "amount": "10000"
  },
  {
   "price": "0.00000219",
   "amount": "300"
  },
  {
   "price": "0.0000022",
   "amount": "14407.7004859"
  },
  {
   "price": "0.00000223",
   "amount": "6375.455762"
  },
  {
   "price": "0.00000225",
   "amount": "500"
  },
  {
   "price": "0.00000227",
   "amount": "500"
  },
  {
   "price": "0.00000231",
   "amount": "10000"
  },
  {
   "price": "0.00000238",
   "amount": "300"
  },
  {
   "price": "0.00000246",
   "amount": "10000"
  },
  {
   "price": "0.0000025",
   "amount": "52014.4053328"
  },
  {
   "price": "0.00000261",
   "amount": "10000"
  }
 ]
}