{
 "pair": "avtbtc",
 "bids": [
  {
   "price": "0.00001302",
   "amount": "178.3813797"
  },
  {
   "price": "0.00001301",
   "amount": "384.31975404"
  },
  {
   "price": "0.00000999",
   "amount": "368.4"
  },
  {
   "price": "0.0000096",
   "amount": "32000"
  },
  {
   "price": "0.00000929",
   "amount": "6370.24962504"
  },
  {
   "price": "0.00000758",
   "amount": "500"
  },
  {
   "price": "0.00000623",
   "amount": "500"
  },
  {
   "price": "0.00000511",
   "amount": "500"
  },
  {
   "price": "0.000005",
   "amount": "100"
  },
  {
   "price": "0.00000378",
   "amount": "100"
  },
  {
   "price": "0.00000375",
   "amount": "100"
  },
  {
   "price": "0.00000124",
   "amount": "250"
  },
  {
   "price": "0.00000123",
   "amount": "50000"
  },
  {
   "price": "0.000001",
   "amount": "7000"
  },
  {
   "price": "6.1e-7",
   "amount": "50000"
  },
  {
   "price": "5e-7",
   "amount": "10000"
  },
  {
   "price": "4e-7",
   "amount": "3000"
  },
  {
   "price": "3.1e-7",
   "amount": "4200"
  },
  {
   "price": "3e-7",
   "amount": "2000"
  },
  {
   "price": "2.5e-7",
   "amount": "20000"
  },
  {
   "price": "2.1e-7",
   "amount": "52000"
  },
  {
   "price": "2e-7",
   "amount": "22000"
  },
  {
   "price": "1e-7",
   "amount": "53200"
  },
  {
   "price": "9e-8",
   "amount": "10000"
  },
  {
   "price": "3e-8",
   "amount": "4000"
  }
 ],
 "asks": [
  {
   "price": "0.0000179",
   "amount": "821.693189"
  },
  {
   "price": "0.0000182",
   "amount": "1647.6074352"
  },
  {
   "price": "0.00001939",
   "amount": "784.04888981"
  },
  {
   "price": "0.0000194",
   "amount": "14625.47"
  },
  {
   "price": "0.0000199",
   "amount": "366.39737737"
  },
  {
   "price": "0.00002055",
   "amount": "290.55587938"
  },
  {
   "price": "0.0000206",
   "amount": "4700"
  },
  {
   "price": "0.00002229",
   "amount": "30.19288974"
  },
  {
   "price": "0.000024",
   "amount": "125.78657371"
  },
  {
   "price": "0.000025",
   "amount": "23.993"
  },
  {
   "price": "0.00002769",
   "amount": "239.2"
  },
  {
   "price": "0.0000299",
   "amount": "83.18280266"
  },
  {
   "price": "0.0000376",
   "amount": "1753.2526667"
  },
  {
   "price": "0.00003847",
   "amount": "250"
  },
  {
   "price": "0.00003914",
   "amount": "758.9308358"
  },
  {
   "price": "0.00004",
   "amount": "1859.71362529"
  },
  {
   "price": "0.00004134",
   "amount": "1196.90023793"
  },
  {
   "price": "0.00004321",
   "amount": "24"
  },
  {
   "price": "0.00004452",
   "amount": "1460.87239142"
  },
  {
   "price": "0.0000458",
   "amount": "34"
  },
  {
   "price": "0.00005814",
   "amount": "59.94"
  },
  {
   "price": "0.000059",
   "amount": "335.91730601"
  },
  {
   "price": "0.0000599",
   "amount": "35.9"
  },
  {
   "price": "0.00006",
   "amount": "300"
  },
  {
   "price": "0.00006488",
   "amount": "500"
  }
 ]
}