{
 "pair": "rcnbtc",
 "bids": [
  {
   "price": "0.00000583",
   "amount": "3284.07224959"
  },
  {
   "price": "0.00000574",
   "amount": "696.8641115"
  },
  {
   "price": "0.0000055",
   "amount": "2000"
  },
  {
   "price": "0.00000475",
   "amount": "300"
  },
  {
   "price": "0.00000384",
   "amount": "200000"
  },
  {
   "price": "0.0000038",
   "amount": "120848.82"
  },
  {
   "price": "0.00000337",
   "amount": "6617.87889605"
  },
  {
   "price": "0.00000218",
   "amount": "220"
  },
  {
   "price": "5.1e-7",
   "amount": "2000"
  },
  {
   "price": "5e-7",
   "amount": "10000"
  },
  {
   "price": "4.8e-7",
   "amount": "50000"
  },
  {
   "price": "4.7e-7",
   "amount": "7082.63190184"
  },
  {
   "price": "4.2e-7",
   "amount": "10000"
  },
  {
   "price": "3.8e-7",
   "amount": "1328.93"
  },
  {
   "price": "3e-7",
   "amount": "16800"
  },
  {
   "price": "2.1e-7",
   "amount": "2500"
  },
  {
   "price": "1e-7",
   "amount": "50000"
  },
  {
   "price": "9e-8",
   "amount": "10000"
  },
  {
   "price": "3e-8",
   "amount": "100000"
  },
  {
   "price": "2e-8",
   "amount": "225000"
  },
  {
   "price": "1e-8",
   "amount": "410000"
  }
 ],
 "asks": [
  {
   "price": "0.00000618",
   "amount": "3278.68852459"
  },
  {
   "price": "0.00000999",
   "amount": "1200"
  },
  {
   "price": "0.00001",
   "amount": "2000"
  },
  {
   "price": "0.00001088",
   "amount": "800"
  },
  {
   "price": "0.00001204",
   "amount": "11966"
  },
  {
   "price": "0.00001255",
   "amount": "6956"
  },
  {
   "price": "0.000013",
   "amount": "138"
  },
  {
   "price": "0.0000141",
   "amount": "3463.671"
  },
  {
   "price": "0.00001476",
   "amount": "888"
  },
  {
   "price": "0.000015",
   "amount": "4947"
  },
  {
   "price": "0.00001766",
   "amount": "4000"
  },
  {
   "price": "0.0000187",
   "amount": "138"
  },
  {
   "price": "0.00001998",
   "amount": "500"
  },
  {
   "price": "0.00001999",
   "amount": "115.15948087"
  },
  {
   "price": "0.00002134",
   "amount": "1970.79362773"
  },
  {
   "price": "0.00002176",
   "amount": "3900"
  },
  {
   "price": "0.000024",
   "amount": "299.7"
  },
  {
   "price": "0.00002408",
   "amount": "5983"
  },
  {
   "price": "0.00002731",
   "amount": "1000"
  },
  {
   "price": "0.00002778",
   "amount": "209.2"
  },
  {
   "price": "0.000028",
   "amount": "234.46399999"
  },
  {
   "price": "0.00002851",
   "amount": "60039.89999999"
  },
  {
   "price": "0.00003141",
   "amount": "545.732639"
  },
  {
   "price": "0.000035",
   "amount": "9307.70566427"
  },
  {
   "price": "0.00004352",
   "amount": "1950"
  }
 ]
}