{
 "pair": "leoeth",
 "bids": [
  {
   "price": "0.0060491",
   "amount": "1736.11743895"
  },
  {
   "price": "0.006049",
   "amount": "2088.60417494"
  },
  {
   "price": "0.0059376",
   "amount": "260.52192804"
  },
  {
   "price": "0.0059375",
   "amount": "2941"
  },
  {
   "price": "0.0059373",
   "amount": "2986"
  },
  {
   "price": "0.0058771",
   "amount": "2991"
  },
  {
   "price": "0.0056639",
   "amount": "1480"
  },
  {
   "price": "0.0055063",
   "amount": "1476"
  },
  {
   "price": "0.0048945",
   "amount": "1496"
  },
  {
   "price": "0.004789",
   "amount": "64.669358"
  },
  {
   "price": "0.0047",
   "amount": "54.660638"
  },
  {
   "price": "0.0042827",
   "amount": "1497"
  },
  {
   "price": "0.0036709",
   "amount": "1479"
  }
 ],
 "asks": [
  {
   "price": "0.0061481",
   "amount": "1023.345328"
  },
  {
   "price": "0.0061482",
   "amount": "499.76841617"
  },
  {
   "price": "0.0061485",
   "amount": "906.41542447"
  },
  {
   "price": "0.0061532",
   "amount": "999.62509618"
  },
  {
   "price": "0.0061564",
   "amount": "1498.59400033"
  },
  {
   "price": "0.0062492",
   "amount": "2985"
  },
  {
   "price": "0.0063108",
   "amount": "2990"
  },
  {
   "price": "0.0064088",
   "amount": "31.39028327"
  },
  {
   "price": "0.0064089",
   "amount": "2940"
  },
  {
   "price": "0.0065",
   "amount": "500"
  },
  {
   "price": "0.0065693",
   "amount": "1479"
  },
  {
   "price": "0.0068",
   "amount": "1500"
  },
  {
   "price": "0.0069087",
   "amount": "1475"
  },
  {
   "price": "0.006986",
   "amount": "59.655185"
  },
  {
   "price": "0.00699",
   "amount": "1500"
  },
  {
   "price": "0.0071",
   "amount": "934.44"
  },
  {
   "price": "0.0075368",
   "amount": "1495"
  },
  {
   "price": "0.007788",
   "amount": "15.55900603"
  },
  {
   "price": "0.0079",
   "amount": "775.22"
  },
  {
   "price": "0.0080805",
   "amount": "1496"
  },
  {
   "price": "0.01188",
   "amount": "133.12681295"
  },
  {
   "price": "0.014108",
   "amount": "60.828"
  },
  {
   "price": "0.03987",
   "amount": "1574.99314402"
  },
  {
   "price": "0.044503",
   "amount": "124.519559"
  },
  {
   "price": "100",
   "amount": "10"
  }
 ]
}