{
 "pair": "edobtc",
 "bids": [
  {
   "price": "0.0000307",
   "amount": "25.959934"
  },
  {
   "price": "0.00003069",
   "amount": "1975.6871803"
  },
  {
   "price": "0.00003066",
   "amount": "382.91088377"
  },
  {
   "price": "0.00003065",
   "amount": "250"
  },
  {
   "price": "0.0000306",
   "amount": "420"
  },
  {
   "price": "0.0000305",
   "amount": "3785.7566"
  },
  {
   "price": "0.00003046",
   "amount": "317.1881"
  },
  {
   "price": "0.0000304",
   "amount": "513.5234"
  },
  {
   "price": "0.00003001",
   "amount": "1207.53123854"
  },
  {
   "price": "0.00002998",
   "amount": "3590"
  },
  {
   "price": "0.00002989",
   "amount": "3583"
  },
  {
   "price": "0.00002957",
   "amount": "1771"
  },
  {
   "price": "0.00002956",
   "amount": "10122.91282433"
  },
  {
   "price": "0.00002901",
   "amount": "80"
  },
  {
   "price": "0.00002882",
   "amount": "1797"
  },
  {
   "price": "0.00002868",
   "amount": "1000"
  },
  {
   "price": "0.00002855",
   "amount": "1795"
  },
  {
   "price": "0.00002779",
   "amount": "100"
  },
  {
   "price": "0.00002768",
   "amount": "1014"
  },
  {
   "price": "0.00002541",
   "amount": "1775"
  },
  {
   "price": "0.0000254",
   "amount": "100"
  },
  {
   "price": "0.00002502",
   "amount": "100"
  },
  {
   "price": "0.00002485",
   "amount": "100"
  },
  {
   "price": "0.00002423",
   "amount": "100"
  },
  {
   "price": "0.00002398",
   "amount": "10.525741"
  }
 ],
 "asks": [
  {
   "price": "0.00003116",
   "amount": "649.424544"
  },
  {
   "price": "0.00003119",
   "amount": "421.02414475"
  },
  {
   "price": "0.0000312",
   "amount": "1980.82691061"
  },
  {
   "price": "0.00003123",
   "amount": "250"
  },
  {
   "price": "0.00003134",
   "amount": "420"
  },
  {
   "price": "0.00003146",
   "amount": "201.4579"
  },
  {
   "price": "0.00003154",
   "amount": "326.12"
  },
  {
   "price": "0.00003163",
   "amount": "509.1127"
  },
  {
   "price": "0.00003198",
   "amount": "3528"
  },
  {
   "price": "0.000032",
   "amount": "3582"
  },
  {
   "price": "0.00003203",
   "amount": "8114.30525302"
  },
  {
   "price": "0.00003217",
   "amount": "3589"
  },
  {
   "price": "0.00003276",
   "amount": "1775"
  },
  {
   "price": "0.00003339",
   "amount": "1770"
  },
  {
   "price": "0.00003379",
   "amount": "1794"
  },
  {
   "price": "0.00003397",
   "amount": "85"
  },
  {
   "price": "0.00003451",
   "amount": "1796"
  },
  {
   "price": "0.00003497",
   "amount": "81.15224305"
  },
  {
   "price": "0.00003624",
   "amount": "82"
  },
  {
   "price": "0.00003724",
   "amount": "78"
  },
  {
   "price": "0.00003848",
   "amount": "1774"
  },
  {
   "price": "0.00003849",
   "amount": "75"
  },
  {
   "price": "0.00003949",
   "amount": "70"
  },
  {
   "price": "0.00004049",
   "amount": "65"
  },
  {
   "price": "0.00004149",
   "amount": "65"
  }
 ]
}