{
 "pair": "omgusd",
 "bids": [
  {
   "price": "0.71601",
   "amount": "884.07379801"
  },
  {
   "price": "0.716",
   "amount": "736.423039"
  },
  {
   "price": "0.71527",
   "amount": "302"
  },
  {
   "price": "0.7151",
   "amount": "279.2393905"
  },
  {
   "price": "0.715",
   "amount": "233"
  },
  {
   "price": "0.71321",
   "amount": "1500"
  },
  {
   "price": "0.71312",
   "amount": "2000"
  },
  {
   "price": "0.71254",
   "amount": "623.3531177"
  },
  {
   "price": "0.7112",
   "amount": "2413"
  },
  {
   "price": "0.71119",
   "amount": "1000"
  },
  {
   "price": "0.71118",
   "amount": "1000"
  },
  {
   "price": "0.71043",
   "amount": "23877"
  },
  {
   "price": "0.71028",
   "amount": "1246.67744624"
  },
  {
   "price": "0.70946",
   "amount": "1000"
  },
  {
   "price": "0.70911",
   "amount": "1000"
  },
  {
   "price": "0.70909",
   "amount": "1000"
  },
  {
   "price": "0.70894",
   "amount": "1869.6013487"
  },
  {
   "price": "0.70868",
   "amount": "69.54036293"
  },
  {
   "price": "0.7082",
   "amount": "600"
  },
  {
   "price": "0.70618",
   "amount": "4668.50878154"
  },
  {
   "price": "0.70617",
   "amount": "2167.93100109"
  },
  {
   "price": "0.70593",
   "amount": "43600"
  },
  {
   "price": "0.70586",
   "amount": "67.48727795"
  },
  {
   "price": "0.70563",
   "amount": "1.42439033"
  },
  {
   "price": "0.705",
   "amount": "300"
  }
 ],
 "asks": [
  {
   "price": "0.7167",
   "amount": "39.72730568"
  },
  {
   "price": "0.7171",
   "amount": "623.78991903"
  },
  {
   "price": "0.7173",
   "amount": "219.47451165"
  },
  {
   "price": "0.72014",
   "amount": "1500"
  },
  {
   "price": "0.72015",
   "amount": "1246.40089913"
  },
  {
   "price": "0.72019",
   "amount": "1869.98802872"
  },
  {
   "price": "0.72112",
   "amount": "2412"
  },
  {
   "price": "0.72126",
   "amount": "8.0919"
  },
  {
   "price": "0.7214",
   "amount": "370"
  },
  {
   "price": "0.72218",
   "amount": "4410.37349588"
  },
  {
   "price": "0.72219",
   "amount": "23876"
  },
  {
   "price": "0.7222",
   "amount": "140.82549379"
  },
  {
   "price": "0.72645",
   "amount": "68.68939026"
  },
  {
   "price": "0.72784",
   "amount": "12121"
  },
  {
   "price": "0.73",
   "amount": "571"
  },
  {
   "price": "0.73156",
   "amount": "12143"
  },
  {
   "price": "0.73171",
   "amount": "12011"
  },
  {
   "price": "0.73233",
   "amount": "370"
  },
  {
   "price": "0.73241",
   "amount": "14.38476458"
  },
  {
   "price": "0.73411",
   "amount": "43600"
  },
  {
   "price": "0.73413",
   "amount": "277.87812266"
  },
  {
   "price": "0.73482",
   "amount": "68.50799999"
  },
  {
   "price": "0.73483",
   "amount": "12003.20706397"
  },
  {
   "price": "0.73532",
   "amount": "67.86086143"
  },
  {
   "price": "0.73724",
   "amount": "32.01610483"
  }
 ]
}