{
 "pair": "cnh:cnht",
 "bids": [
  {
   "price": "1.0005",
   "amount": "250000"
  },
  {
   "price": "1",
   "amount": "250000"
  },
  {
   "price": "0.9999",
   "amount": "40271.98718262"
  },
  {
   "price": "0.999",
   "amount": "45289.68397172"
  },
  {
   "price": "0.99884",
   "amount": "14099.6931848"
  },
  {
   "price": "0.99784",
   "amount": "15666.32576089"
  },
  {
   "price": "0.99684",
   "amount": "23499.48864134"
  },
  {
   "price": "0.99534",
   "amount": "31332.65152179"
  },
  {
   "price": "0.99505",
   "amount": "31345.30875579"
  },
  {
   "price": "0.99504",
   "amount": "48189.71926416"
  },
  {
   "price": "0.99385",
   "amount": "46181.35817825"
  },
  {
   "price": "0.99351",
   "amount": "52457.02296723"
  },
  {
   "price": "0.99284",
   "amount": "39165.81440223"
  },
  {
   "price": "0.99235",
   "amount": "47486.65353104"
  },
  {
   "price": "0.99233",
   "amount": "40761.75855193"
  },
  {
   "price": "0.99151",
   "amount": "46685.58208252"
  },
  {
   "price": "0.99122",
   "amount": "43025.22019303"
  },
  {
   "price": "0.99074",
   "amount": "41769.44514473"
  },
  {
   "price": "0.98905",
   "amount": "49679.84899183"
  },
  {
   "price": "0.98809",
   "amount": "43694.22237322"
  },
  {
   "price": "0.9876",
   "amount": "44857.35954185"
  },
  {
   "price": "0.98645",
   "amount": "50529.8819019"
  },
  {
   "price": "0.98547",
   "amount": "39191.10010801"
  },
  {
   "price": "0.98546",
   "amount": "42253.14159898"
  },
  {
   "price": "0.98451",
   "amount": "45946.22527162"
  }
 ],
 "asks": [
  {
   "price": "1.0007",
   "amount": "55921.95803404"
  },
  {
   "price": "1.0017",
   "amount": "39882.30352253"
  },
  {
   "price": "1.0023",
   "amount": "46510.03033931"
  },
  {
   "price": "1.0025",
   "amount": "43410.65482221"
  },
  {
   "price": "1.0032",
   "amount": "55561.88534146"
  },
  {
   "price": "1.0037",
   "amount": "49848.99479755"
  },
  {
   "price": "1.0048",
   "amount": "49752.3544442"
  },
  {
   "price": "1.005",
   "amount": "43331.88407135"
  },
  {
   "price": "1.0053",
   "amount": "23518.58689759"
  },
  {
   "price": "1.0067",
   "amount": "46709.99428396"
  },
  {
   "price": "1.0068",
   "amount": "12158.79218907"
  },
  {
   "price": "1.0069",
   "amount": "53078.70428008"
  },
  {
   "price": "1.0074",
   "amount": "49423.83635506"
  },
  {
   "price": "1.0077",
   "amount": "46163.06654684"
  },
  {
   "price": "1.0078",
   "amount": "31358.11586345"
  },
  {
   "price": "1.008",
   "amount": "22472.96376377"
  },
  {
   "price": "1.0082",
   "amount": "46046.09021652"
  },
  {
   "price": "1.0083",
   "amount": "80548.11379503"
  },
  {
   "price": "1.0089",
   "amount": "43453.74797306"
  },
  {
   "price": "1.0092",
   "amount": "26255.50060031"
  },
  {
   "price": "1.0097",
   "amount": "29478.47899032"
  },
  {
   "price": "1.01",
   "amount": "156510.8747073"
  },
  {
   "price": "1.0103",
   "amount": "39197.64482931"
  },
  {
   "price": "1.0153",
   "amount": "47037.17379517"
  },
  {
   "price": "1.0203",
   "amount": "54876.70276103"
  }
 ]
}