{
 "pair": "rdneth",
 "bids": [
  {
   "price": "0.00057382",
   "amount": "87.1353386"
  },
  {
   "price": "0.00057001",
   "amount": "315.78393362"
  },
  {
   "price": "0.00057",
   "amount": "1730"
  },
  {
   "price": "0.00055",
   "amount": "10"
  },
  {
   "price": "0.00051101",
   "amount": "2152.61051643"
  },
  {
   "price": "0.000511",
   "amount": "441.64235073"
  },
  {
   "price": "0.0002511",
   "amount": "988.64943886"
  },
  {
   "price": "0.0001111",
   "amount": "2518.91917482"
  },
  {
   "price": "0.000101",
   "amount": "200"
  },
  {
   "price": "0.00005022",
   "amount": "200"
  },
  {
   "price": "0.00002602",
   "amount": "400"
  },
  {
   "price": "0.0000257",
   "amount": "250"
  },
  {
   "price": "0.0000256",
   "amount": "5000"
  },
  {
   "price": "0.00001114",
   "amount": "14649.14540894"
  },
  {
   "price": "0.00000401",
   "amount": "500"
  },
  {
   "price": "0.000004",
   "amount": "2500"
  },
  {
   "price": "0.00000101",
   "amount": "950"
  },
  {
   "price": "0.000001",
   "amount": "10000"
  },
  {
   "price": "1e-7",
   "amount": "20000"
  },
  {
   "price": "4e-8",
   "amount": "20000"
  },
  {
   "price": "3e-8",
   "amount": "6000"
  },
  {
   "price": "2e-8",
   "amount": "10000"
  },
  {
   "price": "1e-8",
   "amount": "10000"
  }
 ],
 "asks": [
  {
   "price": "0.00097508",
   "amount": "110.45632229"
  },
  {
   "price": "0.00098508",
   "amount": "57.23813124"
  },
  {
   "price": "0.0015",
   "amount": "50"
  },
  {
   "price": "0.00295",
   "amount": "286.0526099"
  },
  {
   "price": "0.00299",
   "amount": "100"
  },
  {
   "price": "0.00309",
   "amount": "100"
  },
  {
   "price": "0.003107",
   "amount": "52"
  },
  {
   "price": "0.003495",
   "amount": "100"
  },
  {
   "price": "0.003598",
   "amount": "871.89451976"
  },
  {
   "price": "0.0037",
   "amount": "26.21612629"
  },
  {
   "price": "0.003987",
   "amount": "499.9"
  },
  {
   "price": "0.00432",
   "amount": "136.50548024"
  },
  {
   "price": "0.0044",
   "amount": "8"
  },
  {
   "price": "0.00459",
   "amount": "87"
  },
  {
   "price": "0.0046202",
   "amount": "500"
  },
  {
   "price": "0.019",
   "amount": "100"
  },
  {
   "price": "0.021",
   "amount": "100"
  },
  {
   "price": "0.03",
   "amount": "250.894248"
  },
  {
   "price": "0.04",
   "amount": "14"
  },
  {
   "price": "0.1",
   "amount": "14"
  },
  {
   "price": "0.2",
   "amount": "14"
  },
  {
   "price": "0.3",
   "amount": "14"
  },
  {
   "price": "0.5",
   "amount": "14"
  },
  {
   "price": "0.75",
   "amount": "14"
  },
  {
   "price": "0.9",
   "amount": "114"
  }
 ]
}