{
 "pair": "iosusd",
 "bids": [
  {
   "price": "0.004781",
   "amount": "66666"
  },
  {
   "price": "0.00478",
   "amount": "2088.28430738"
  },
  {
   "price": "0.0046089",
   "amount": "1255.250983"
  },
  {
   "price": "0.0046018",
   "amount": "4563.42178404"
  },
  {
   "price": "0.0046",
   "amount": "989.03804"
  },
  {
   "price": "0.0045022",
   "amount": "580"
  },
  {
   "price": "0.0045",
   "amount": "1872.802613"
  },
  {
   "price": "0.0042479",
   "amount": "8278.66345858"
  },
  {
   "price": "0.0040979",
   "amount": "30030.03003"
  },
  {
   "price": "0.004",
   "amount": "9000"
  },
  {
   "price": "0.0038",
   "amount": "2680"
  },
  {
   "price": "0.003699",
   "amount": "1500"
  },
  {
   "price": "0.0035555",
   "amount": "20000"
  },
  {
   "price": "0.00353",
   "amount": "30000"
  },
  {
   "price": "0.0033",
   "amount": "100043.2955303"
  },
  {
   "price": "0.0025",
   "amount": "5000"
  },
  {
   "price": "0.0023",
   "amount": "1000"
  },
  {
   "price": "0.00221",
   "amount": "8000"
  },
  {
   "price": "0.0022",
   "amount": "20000"
  },
  {
   "price": "0.0012012",
   "amount": "2222"
  },
  {
   "price": "0.00107",
   "amount": "3000"
  },
  {
   "price": "0.001",
   "amount": "100100"
  },
  {
   "price": "0.00042",
   "amount": "2000"
  },
  {
   "price": "0.000221",
   "amount": "10000"
  },
  {
   "price": "0.0002",
   "amount": "6000"
  }
 ],
 "asks": [
  {
   "price": "0.00699",
   "amount": "53796.980333"
  },
  {
   "price": "0.007",
   "amount": "2639.977314"
  },
  {
   "price": "0.0074",
   "amount": "1626.183326"
  },
  {
   "price": "0.0077988",
   "amount": "4336.53117398"
  },
  {
   "price": "0.007799",
   "amount": "821.047022"
  },
  {
   "price": "0.0079279",
   "amount": "8200"
  },
  {
   "price": "0.0079624",
   "amount": "1157.68"
  },
  {
   "price": "0.0081",
   "amount": "99819"
  },
  {
   "price": "0.0081958",
   "amount": "1970.885547"
  },
  {
   "price": "0.0091958",
   "amount": "1000"
  },
  {
   "price": "0.01",
   "amount": "3446.092034"
  },
  {
   "price": "0.010108",
   "amount": "8200"
  },
  {
   "price": "0.0115",
   "amount": "4000"
  },
  {
   "price": "0.012414",
   "amount": "14332.962"
  },
  {
   "price": "0.0125",
   "amount": "5000"
  },
  {
   "price": "0.012728",
   "amount": "8200"
  },
  {
   "price": "0.01309",
   "amount": "1148"
  },
  {
   "price": "0.01353",
   "amount": "7627.757322"
  },
  {
   "price": "0.013621",
   "amount": "13819.1"
  },
  {
   "price": "0.014",
   "amount": "10194.57"
  },
  {
   "price": "0.014504",
   "amount": "1000"
  },
  {
   "price": "0.0147",
   "amount": "1798.2"
  },
  {
   "price": "0.015",
   "amount": "2037.96"
  },
  {
   "price": "0.01511",
   "amount": "2000"
  },
  {
   "price": "0.017",
   "amount": "1000"
  }
 ]
}