{
 "pair": "elfusd",
 "bids": [
  {
   "price": "0.05114",
   "amount": "1929.4094496"
  },
  {
   "price": "0.05111",
   "amount": "245"
  },
  {
   "price": "0.051",
   "amount": "25000"
  },
  {
   "price": "0.048858",
   "amount": "3000"
  },
  {
   "price": "0.043998",
   "amount": "1111"
  },
  {
   "price": "0.04326",
   "amount": "1111"
  },
  {
   "price": "0.0425",
   "amount": "235.26311827"
  },
  {
   "price": "0.040001",
   "amount": "2240.06312902"
  },
  {
   "price": "0.04",
   "amount": "1000"
  },
  {
   "price": "0.03812",
   "amount": "6.12434785"
  },
  {
   "price": "0.036736",
   "amount": "12084.04671612"
  },
  {
   "price": "0.03548",
   "amount": "1111"
  },
  {
   "price": "0.035019",
   "amount": "600"
  },
  {
   "price": "0.03275",
   "amount": "1111"
  },
  {
   "price": "0.03",
   "amount": "1000"
  },
  {
   "price": "0.023963",
   "amount": "25000"
  },
  {
   "price": "0.02288",
   "amount": "1111"
  },
  {
   "price": "0.021972",
   "amount": "1111"
  },
  {
   "price": "0.021",
   "amount": "200"
  },
  {
   "price": "0.014",
   "amount": "100"
  },
  {
   "price": "0.013856",
   "amount": "20000"
  },
  {
   "price": "0.0138",
   "amount": "1111"
  },
  {
   "price": "0.013",
   "amount": "1000"
  },
  {
   "price": "0.012",
   "amount": "900"
  },
  {
   "price": "0.011538",
   "amount": "1004.975827"
  }
 ],
 "asks": [
  {
   "price": "0.08111",
   "amount": "639.89170689"
  },
  {
   "price": "0.081111",
   "amount": "339.859999"
  },
  {
   "price": "0.083",
   "amount": "1338.26"
  },
  {
   "price": "0.094939",
   "amount": "824.00621098"
  },
  {
   "price": "0.09494",
   "amount": "699.3"
  },
  {
   "price": "0.098212",
   "amount": "1998"
  },
  {
   "price": "0.1042",
   "amount": "1490.508"
  },
  {
   "price": "0.10455",
   "amount": "2222"
  },
  {
   "price": "0.11078",
   "amount": "4444"
  },
  {
   "price": "0.11889",
   "amount": "1111"
  },
  {
   "price": "0.12237",
   "amount": "2222"
  },
  {
   "price": "0.123",
   "amount": "399.2"
  },
  {
   "price": "0.12794",
   "amount": "2784.69147579"
  },
  {
   "price": "0.12847",
   "amount": "2222"
  },
  {
   "price": "0.13325",
   "amount": "2222"
  },
  {
   "price": "0.134",
   "amount": "2743.27886865"
  },
  {
   "price": "0.1373",
   "amount": "2000"
  },
  {
   "price": "0.1379",
   "amount": "2759.33952589"
  },
  {
   "price": "0.13828",
   "amount": "469.60625555"
  },
  {
   "price": "0.1383",
   "amount": "441.41439365"
  },
  {
   "price": "0.13832",
   "amount": "355.40698263"
  },
  {
   "price": "0.13834",
   "amount": "378.97113654"
  },
  {
   "price": "0.13836",
   "amount": "340.14166761"
  },
  {
   "price": "0.13928",
   "amount": "443.54957932"
  },
  {
   "price": "0.1393",
   "amount": "369.06798496"
  }
 ]
}