{
 "pair": "odeusd",
 "bids": [
  {
   "price": "0.0546",
   "amount": "123.87"
  },
  {
   "price": "0.05375",
   "amount": "170.51"
  },
  {
   "price": "0.05346",
   "amount": "107.84"
  },
  {
   "price": "0.05325",
   "amount": "500"
  },
  {
   "price": "0.0531",
   "amount": "2526.702659"
  },
  {
   "price": "0.053092",
   "amount": "10000"
  },
  {
   "price": "0.053012",
   "amount": "1764"
  },
  {
   "price": "0.0527",
   "amount": "2175.521688"
  },
  {
   "price": "0.052511",
   "amount": "15180.222811"
  },
  {
   "price": "0.051302",
   "amount": "210"
  },
  {
   "price": "0.05",
   "amount": "4005.334529"
  },
  {
   "price": "0.0475",
   "amount": "9081.237494"
  },
  {
   "price": "0.0457",
   "amount": "176"
  },
  {
   "price": "0.045526",
   "amount": "2013.7828866"
  },
  {
   "price": "0.044416",
   "amount": "10068.91443299"
  },
  {
   "price": "0.0435",
   "amount": "30000"
  },
  {
   "price": "0.04323",
   "amount": "231.2930205"
  },
  {
   "price": "0.041656",
   "amount": "7201.84367198"
  },
  {
   "price": "0.041639",
   "amount": "60413.29888068"
  },
  {
   "price": "0.041",
   "amount": "40"
  },
  {
   "price": "0.040454",
   "amount": "1000"
  },
  {
   "price": "0.04",
   "amount": "5000"
  },
  {
   "price": "0.038863",
   "amount": "80475.70466216"
  },
  {
   "price": "0.0381",
   "amount": "36908.136483"
  },
  {
   "price": "0.037758",
   "amount": "529.67770965"
  }
 ],
 "asks": [
  {
   "price": "0.05644",
   "amount": "107.92"
  },
  {
   "price": "0.057",
   "amount": "437.37523623"
  },
  {
   "price": "0.05798",
   "amount": "134.95"
  },
  {
   "price": "0.05883",
   "amount": "195.9"
  },
  {
   "price": "0.061072",
   "amount": "10068.91443299"
  },
  {
   "price": "0.0617",
   "amount": "1498.5"
  },
  {
   "price": "0.062737",
   "amount": "20137.82886597"
  },
  {
   "price": "0.064958",
   "amount": "30206.64944034"
  },
  {
   "price": "0.067733",
   "amount": "1831.5"
  },
  {
   "price": "0.067734",
   "amount": "40237.85233108"
  },
  {
   "price": "0.068094",
   "amount": "3483.98751051"
  },
  {
   "price": "0.07",
   "amount": "1084.892414"
  },
  {
   "price": "0.07051",
   "amount": "60413.48659792"
  },
  {
   "price": "0.0713",
   "amount": "130"
  },
  {
   "price": "0.072176",
   "amount": "100594.6308277"
  },
  {
   "price": "0.073841",
   "amount": "150891.9462415"
  },
  {
   "price": "0.077727",
   "amount": "200000"
  },
  {
   "price": "0.078649",
   "amount": "1500"
  },
  {
   "price": "0.080503",
   "amount": "200000"
  },
  {
   "price": "0.082",
   "amount": "649.38497357"
  },
  {
   "price": "0.083279",
   "amount": "200000"
  },
  {
   "price": "0.085",
   "amount": "30"
  },
  {
   "price": "0.086056",
   "amount": "200000"
  },
  {
   "price": "0.088832",
   "amount": "200000"
  },
  {
   "price": "0.09",
   "amount": "7165.388493"
  }
 ]
}