{
 "pair": "rteusd",
 "bids": [
  {
   "price": "0.00066839",
   "amount": "5000"
  },
  {
   "price": "0.00066647",
   "amount": "444444"
  },
  {
   "price": "0.00061",
   "amount": "10000"
  },
  {
   "price": "0.00060109",
   "amount": "2500"
  },
  {
   "price": "0.00052",
   "amount": "10000"
  },
  {
   "price": "0.00030031",
   "amount": "10000"
  },
  {
   "price": "0.00021211",
   "amount": "5000"
  },
  {
   "price": "0.0001333",
   "amount": "7000"
  },
  {
   "price": "0.00005",
   "amount": "9588.9782"
  },
  {
   "price": "0.00004",
   "amount": "25000"
  },
  {
   "price": "0.00003004",
   "amount": "50027.257366"
  },
  {
   "price": "0.00003003",
   "amount": "100000"
  },
  {
   "price": "0.000015",
   "amount": "1000000"
  },
  {
   "price": "0.0000121",
   "amount": "100000"
  },
  {
   "price": "0.00001111",
   "amount": "50000"
  },
  {
   "price": "0.000003",
   "amount": "1000000"
  },
  {
   "price": "0.00000111",
   "amount": "100000"
  },
  {
   "price": "0.000001",
   "amount": "100000"
  },
  {
   "price": "1.1e-7",
   "amount": "2000000"
  },
  {
   "price": "1e-7",
   "amount": "1000000"
  },
  {
   "price": "2e-8",
   "amount": "2000000"
  },
  {
   "price": "1e-8",
   "amount": "4500000"
  }
 ],
 "asks": [
  {
   "price": "0.00096981",
   "amount": "111111"
  },
  {
   "price": "0.001",
   "amount": "20824.1445738"
  },
  {
   "price": "0.00108",
   "amount": "10555.5672957"
  },
  {
   "price": "0.00162",
   "amount": "30812.68643153"
  },
  {
   "price": "0.001621",
   "amount": "12783.096504"
  },
  {
   "price": "0.0021",
   "amount": "89679.842012"
  },
  {
   "price": "0.00329",
   "amount": "1998"
  },
  {
   "price": "0.0032909",
   "amount": "9839.6"
  },
  {
   "price": "0.0079",
   "amount": "14985"
  },
  {
   "price": "0.0079955",
   "amount": "20000"
  },
  {
   "price": "0.0095999",
   "amount": "20000"
  },
  {
   "price": "0.011995",
   "amount": "20000"
  },
  {
   "price": "0.0139",
   "amount": "7000"
  },
  {
   "price": "0.013995",
   "amount": "20000"
  },
  {
   "price": "0.015887",
   "amount": "10445.49575071"
  },
  {
   "price": "0.03103",
   "amount": "32232.655"
  },
  {
   "price": "0.069",
   "amount": "17552.66723232"
  },
  {
   "price": "0.1",
   "amount": "60000"
  },
  {
   "price": "0.1785",
   "amount": "2122"
  },
  {
   "price": "0.244",
   "amount": "2400"
  },
  {
   "price": "0.49",
   "amount": "16261.582595"
  },
  {
   "price": "0.79998",
   "amount": "9990"
  },
  {
   "price": "0.99",
   "amount": "10000"
  },
  {
   "price": "1",
   "amount": "111000"
  },
  {
   "price": "1.5026",
   "amount": "8419.236639"
  }
 ]
}