{
 "pair": "trxeth",
 "bids": [
  {
   "price": "0.00009481",
   "amount": "53850.67940069"
  },
  {
   "price": "0.0000948",
   "amount": "45647.39421977"
  },
  {
   "price": "0.00009449",
   "amount": "170000"
  },
  {
   "price": "0.00009445",
   "amount": "87000"
  },
  {
   "price": "0.00009438",
   "amount": "99000"
  },
  {
   "price": "0.00009436",
   "amount": "70000"
  },
  {
   "price": "0.00009407",
   "amount": "2105.04157457"
  },
  {
   "price": "0.000094",
   "amount": "10000"
  },
  {
   "price": "0.00009307",
   "amount": "0.840335"
  },
  {
   "price": "0.00009126",
   "amount": "117592.94466334"
  },
  {
   "price": "0.0000896",
   "amount": "250"
  },
  {
   "price": "0.000085",
   "amount": "1000"
  },
  {
   "price": "0.000083",
   "amount": "1000"
  },
  {
   "price": "0.00008",
   "amount": "1307.976972"
  },
  {
   "price": "0.00007936",
   "amount": "2268.14516129"
  },
  {
   "price": "0.000079",
   "amount": "1537911.59"
  },
  {
   "price": "0.0000777",
   "amount": "277"
  },
  {
   "price": "0.000072",
   "amount": "5000"
  },
  {
   "price": "0.0000622",
   "amount": "400"
  },
  {
   "price": "0.00006176",
   "amount": "1000"
  },
  {
   "price": "0.00005868",
   "amount": "360"
  },
  {
   "price": "0.00005545",
   "amount": "1510"
  },
  {
   "price": "0.000051",
   "amount": "3500"
  },
  {
   "price": "0.0000495",
   "amount": "1500"
  },
  {
   "price": "0.00004583",
   "amount": "1000"
  }
 ],
 "asks": [
  {
   "price": "0.00009504",
   "amount": "104967.37927521"
  },
  {
   "price": "0.00009505",
   "amount": "34964.37396"
  },
  {
   "price": "0.00009507",
   "amount": "46094.62569033"
  },
  {
   "price": "0.00009515",
   "amount": "218352.73345"
  },
  {
   "price": "0.00009516",
   "amount": "104965.36981977"
  },
  {
   "price": "0.00009542",
   "amount": "170000"
  },
  {
   "price": "0.00009545",
   "amount": "170000"
  },
  {
   "price": "0.00009546",
   "amount": "70000"
  },
  {
   "price": "0.00009579",
   "amount": "2106.14995788"
  },
  {
   "price": "0.000097",
   "amount": "21545.42857141"
  },
  {
   "price": "0.000098",
   "amount": "10000"
  },
  {
   "price": "0.000099",
   "amount": "10000"
  },
  {
   "price": "0.0001",
   "amount": "10000"
  },
  {
   "price": "0.00011",
   "amount": "1381.5782388"
  },
  {
   "price": "0.00011896",
   "amount": "851.597495"
  },
  {
   "price": "0.0001225",
   "amount": "500"
  },
  {
   "price": "0.000123",
   "amount": "3405.95251"
  },
  {
   "price": "0.0001273",
   "amount": "10000"
  },
  {
   "price": "0.00013",
   "amount": "140"
  },
  {
   "price": "0.0001311",
   "amount": "3503.3442827"
  },
  {
   "price": "0.00013213",
   "amount": "427043.2389123"
  },
  {
   "price": "0.00013214",
   "amount": "348.402505"
  },
  {
   "price": "0.000133",
   "amount": "700"
  },
  {
   "price": "0.00013896",
   "amount": "3000"
  },
  {
   "price": "0.00014",
   "amount": "80195"
  }
 ]
}