{
 "pair": "eosgbp",
 "bids": [
  {
   "price": "1.9879",
   "amount": "0.796"
  },
  {
   "price": "1.9847",
   "amount": "300"
  },
  {
   "price": "1.9846",
   "amount": "450"
  },
  {
   "price": "1.9845",
   "amount": "204.05414474"
  },
  {
   "price": "1.9835",
   "amount": "100"
  },
  {
   "price": "1.9834",
   "amount": "100"
  },
  {
   "price": "1.9832",
   "amount": "301.07934781"
  },
  {
   "price": "1.9831",
   "amount": "672.24035843"
  },
  {
   "price": "1.983",
   "amount": "50"
  },
  {
   "price": "1.9823",
   "amount": "1214"
  },
  {
   "price": "1.9822",
   "amount": "170.61687148"
  },
  {
   "price": "1.9821",
   "amount": "765.93137"
  },
  {
   "price": "1.9819",
   "amount": "4500"
  },
  {
   "price": "1.9817",
   "amount": "1205.93137"
  },
  {
   "price": "1.9816",
   "amount": "350"
  },
  {
   "price": "1.9813",
   "amount": "765.93137"
  },
  {
   "price": "1.9812",
   "amount": "1310"
  },
  {
   "price": "1.9809",
   "amount": "1107.21457997"
  },
  {
   "price": "1.9807",
   "amount": "2765.93137"
  },
  {
   "price": "1.9805",
   "amount": "2000"
  },
  {
   "price": "1.9803",
   "amount": "2401.42421554"
  },
  {
   "price": "1.9802",
   "amount": "1300"
  },
  {
   "price": "1.9797",
   "amount": "4497"
  },
  {
   "price": "1.9794",
   "amount": "1200"
  },
  {
   "price": "1.9791",
   "amount": "13476.999"
  }
 ],
 "asks": [
  {
   "price": "1.988",
   "amount": "7237.28045957"
  },
  {
   "price": "1.9881",
   "amount": "3428"
  },
  {
   "price": "1.9883",
   "amount": "3000"
  },
  {
   "price": "1.9886",
   "amount": "3513.95717559"
  },
  {
   "price": "1.9889",
   "amount": "358.04117018"
  },
  {
   "price": "1.989",
   "amount": "1342.3"
  },
  {
   "price": "1.9891",
   "amount": "1528.39766402"
  },
  {
   "price": "1.9893",
   "amount": "763.74064"
  },
  {
   "price": "1.9895",
   "amount": "78.3"
  },
  {
   "price": "1.9896",
   "amount": "7019.59385"
  },
  {
   "price": "1.99",
   "amount": "2263.41996"
  },
  {
   "price": "1.9904",
   "amount": "763.27429"
  },
  {
   "price": "1.9908",
   "amount": "763.12867"
  },
  {
   "price": "1.9909",
   "amount": "7676.999"
  },
  {
   "price": "1.9912",
   "amount": "763.01221"
  },
  {
   "price": "1.9913",
   "amount": "6000"
  },
  {
   "price": "1.9915",
   "amount": "439"
  },
  {
   "price": "1.9916",
   "amount": "762.8376"
  },
  {
   "price": "1.992",
   "amount": "762.69215"
  },
  {
   "price": "1.9923",
   "amount": "6527.51675412"
  },
  {
   "price": "1.9924",
   "amount": "1060.57407777"
  },
  {
   "price": "1.9927",
   "amount": "6762.57582"
  },
  {
   "price": "1.9929",
   "amount": "1309"
  },
  {
   "price": "1.9931",
   "amount": "762.57582"
  },
  {
   "price": "1.9935",
   "amount": "953.10328"
  }
 ]
}