{
 "pair": "mkrdai",
 "bids": [
  {
   "price": "485.86",
   "amount": "0.011"
  },
  {
   "price": "480.37",
   "amount": "0.0246"
  },
  {
   "price": "478.19",
   "amount": "0.0107"
  },
  {
   "price": "477.52",
   "amount": "0.41118697"
  },
  {
   "price": "477.51",
   "amount": "0.0184"
  },
  {
   "price": "475.9",
   "amount": "0.0116"
  },
  {
   "price": "475",
   "amount": "2.104"
  },
  {
   "price": "424.97",
   "amount": "0.01"
  },
  {
   "price": "394.74",
   "amount": "0.02"
  },
  {
   "price": "372.71",
   "amount": "0.01"
  },
  {
   "price": "208.45",
   "amount": "0.01"
  },
  {
   "price": "200.1",
   "amount": "0.126"
  },
  {
   "price": "200",
   "amount": "1"
  },
  {
   "price": "163.42",
   "amount": "0.01"
  },
  {
   "price": "155.99",
   "amount": "0.01"
  },
  {
   "price": "142.32",
   "amount": "0.01"
  },
  {
   "price": "101.36",
   "amount": "0.01"
  },
  {
   "price": "100",
   "amount": "1"
  },
  {
   "price": "63.47",
   "amount": "0.01"
  },
  {
   "price": "50.24",
   "amount": "0.2"
  },
  {
   "price": "50",
   "amount": "1"
  },
  {
   "price": "35",
   "amount": "0.2"
  },
  {
   "price": "20",
   "amount": "1"
  },
  {
   "price": "10",
   "amount": "1"
  },
  {
   "price": "7",
   "amount": "4"
  }
 ],
 "asks": [
  {
   "price": "512.76",
   "amount": "0.0002"
  },
  {
   "price": "513.14",
   "amount": "0.0201"
  },
  {
   "price": "513.27",
   "amount": "0.0184"
  },
  {
   "price": "513.34",
   "amount": "0.0162"
  },
  {
   "price": "514.15",
   "amount": "0.0263"
  },
  {
   "price": "516.08",
   "amount": "0.0111"
  },
  {
   "price": "521.87",
   "amount": "0.0115"
  },
  {
   "price": "527.02",
   "amount": "0.0203"
  },
  {
   "price": "527.03",
   "amount": "0.0239"
  },
  {
   "price": "527.94",
   "amount": "0.0176"
  },
  {
   "price": "529.41",
   "amount": "0.0189"
  },
  {
   "price": "530.23",
   "amount": "0.0242"
  },
  {
   "price": "530.31",
   "amount": "0.0298"
  },
  {
   "price": "560",
   "amount": "0.043749"
  },
  {
   "price": "575.84",
   "amount": "0.0198"
  },
  {
   "price": "577.71",
   "amount": "0.0151"
  },
  {
   "price": "582.28",
   "amount": "0.0148"
  },
  {
   "price": "698.61",
   "amount": "0.01"
  },
  {
   "price": "739.17",
   "amount": "0.0129"
  },
  {
   "price": "742.25",
   "amount": "0.0141"
  },
  {
   "price": "760",
   "amount": "0.05"
  },
  {
   "price": "780",
   "amount": "0.05"
  },
  {
   "price": "800",
   "amount": "0.05"
  },
  {
   "price": "839.95",
   "amount": "0.0105"
  },
  {
   "price": "851.97",
   "amount": "0.0128"
  }
 ]
}