{
 "pair": "paiusd",
 "bids": [
  {
   "price": "0.010025",
   "amount": "11470.6477676"
  },
  {
   "price": "0.010022",
   "amount": "33333"
  },
  {
   "price": "0.01",
   "amount": "1000"
  },
  {
   "price": "0.00579",
   "amount": "658.416148"
  },
  {
   "price": "0.002112",
   "amount": "500"
  },
  {
   "price": "0.00179",
   "amount": "10000"
  },
  {
   "price": "0.000133",
   "amount": "293233.03308271"
  },
  {
   "price": "0.000122",
   "amount": "10000"
  },
  {
   "price": "0.0001",
   "amount": "11000"
  },
  {
   "price": "0.00001",
   "amount": "120000"
  },
  {
   "price": "0.00000789",
   "amount": "100000"
  },
  {
   "price": "0.00000278",
   "amount": "30000"
  },
  {
   "price": "0.0000011",
   "amount": "100000"
  },
  {
   "price": "0.000001",
   "amount": "100000"
  },
  {
   "price": "1.1e-7",
   "amount": "700000"
  },
  {
   "price": "1e-7",
   "amount": "700000"
  },
  {
   "price": "1e-8",
   "amount": "500000"
  }
 ],
 "asks": [
  {
   "price": "0.018819",
   "amount": "1665.98423031"
  },
  {
   "price": "0.03",
   "amount": "600"
  },
  {
   "price": "0.038982",
   "amount": "526.600757"
  },
  {
   "price": "0.0399",
   "amount": "499.14347773"
  },
  {
   "price": "0.046576",
   "amount": "399.5"
  },
  {
   "price": "0.047496",
   "amount": "29.30729055"
  },
  {
   "price": "0.0524",
   "amount": "86"
  },
  {
   "price": "0.059",
   "amount": "349.3"
  },
  {
   "price": "0.06067",
   "amount": "99.09080221"
  },
  {
   "price": "0.064999",
   "amount": "6308.75"
  },
  {
   "price": "0.075",
   "amount": "1200"
  },
  {
   "price": "0.079165",
   "amount": "1968.829194"
  },
  {
   "price": "0.099",
   "amount": "50.82"
  },
  {
   "price": "0.13227",
   "amount": "357.642"
  },
  {
   "price": "0.15",
   "amount": "660.242097"
  },
  {
   "price": "0.16",
   "amount": "142"
  },
  {
   "price": "0.19867",
   "amount": "4000"
  },
  {
   "price": "0.2876",
   "amount": "118"
  },
  {
   "price": "0.333",
   "amount": "99.8"
  },
  {
   "price": "0.37848",
   "amount": "4984.999999"
  },
  {
   "price": "0.38",
   "amount": "324.67"
  },
  {
   "price": "0.44",
   "amount": "50"
  },
  {
   "price": "0.45621",
   "amount": "221.87"
  },
  {
   "price": "0.4567",
   "amount": "118"
  },
  {
   "price": "0.55",
   "amount": "23.67474035"
  }
 ]
}