{
 "pair": "omgbtc",
 "bids": [
  {
   "price": "0.00009823",
   "amount": "279.30785378"
  },
  {
   "price": "0.00009822",
   "amount": "276"
  },
  {
   "price": "0.0000982",
   "amount": "232"
  },
  {
   "price": "0.00009818",
   "amount": "199"
  },
  {
   "price": "0.00009815",
   "amount": "599.11954999"
  },
  {
   "price": "0.00009805",
   "amount": "623.95608456"
  },
  {
   "price": "0.00009789",
   "amount": "252.6681"
  },
  {
   "price": "0.00009787",
   "amount": "1500"
  },
  {
   "price": "0.0000977",
   "amount": "731"
  },
  {
   "price": "0.00009769",
   "amount": "51.18070335"
  },
  {
   "price": "0.00009766",
   "amount": "424.6688"
  },
  {
   "price": "0.00009746",
   "amount": "573.0195"
  },
  {
   "price": "0.0000974",
   "amount": "347.4126549"
  },
  {
   "price": "0.00009729",
   "amount": "2564.3140681"
  },
  {
   "price": "0.00009727",
   "amount": "7457.66598778"
  },
  {
   "price": "0.00009722",
   "amount": "50966"
  },
  {
   "price": "0.0000971",
   "amount": "300"
  },
  {
   "price": "0.00009674",
   "amount": "51.68355337"
  },
  {
   "price": "0.00009581",
   "amount": "7379"
  },
  {
   "price": "0.00009498",
   "amount": "3650"
  },
  {
   "price": "0.00009412",
   "amount": "3640"
  },
  {
   "price": "0.000093",
   "amount": "150"
  },
  {
   "price": "0.00009293",
   "amount": "3693"
  },
  {
   "price": "0.00009232",
   "amount": "15"
  },
  {
   "price": "0.00009204",
   "amount": "3689"
  }
 ],
 "asks": [
  {
   "price": "0.00009844",
   "amount": "60.12520635"
  },
  {
   "price": "0.00009849",
   "amount": "103.2829463"
  },
  {
   "price": "0.0000985",
   "amount": "282"
  },
  {
   "price": "0.00009852",
   "amount": "832.39187807"
  },
  {
   "price": "0.00009854",
   "amount": "274"
  },
  {
   "price": "0.00009858",
   "amount": "284.0069713"
  },
  {
   "price": "0.0000986",
   "amount": "1500"
  },
  {
   "price": "0.00009862",
   "amount": "79.88357854"
  },
  {
   "price": "0.00009881",
   "amount": "3127.4918555"
  },
  {
   "price": "0.00009882",
   "amount": "730"
  },
  {
   "price": "0.00009884",
   "amount": "360.4796"
  },
  {
   "price": "0.00009885",
   "amount": "1246.40089913"
  },
  {
   "price": "0.00009892",
   "amount": "7253"
  },
  {
   "price": "0.00009895",
   "amount": "1870.001408"
  },
  {
   "price": "0.00009903",
   "amount": "401.0609"
  },
  {
   "price": "0.00009925",
   "amount": "573.2389"
  },
  {
   "price": "0.00009941",
   "amount": "7365"
  },
  {
   "price": "0.00009943",
   "amount": "203.66598778"
  },
  {
   "price": "0.00009965",
   "amount": "50.67396372"
  },
  {
   "price": "0.00009984",
   "amount": "134.77"
  },
  {
   "price": "0.00010048",
   "amount": "7378"
  },
  {
   "price": "0.0001006",
   "amount": "50.19576348"
  },
  {
   "price": "0.00010126",
   "amount": "68.50799999"
  },
  {
   "price": "0.00010127",
   "amount": "3649"
  },
  {
   "price": "0.00010162",
   "amount": "49.69191016"
  }
 ]
}