{
 "pair": "bttusd",
 "bids": [
  {
   "price": "0.00027856",
   "amount": "500000"
  },
  {
   "price": "0.00027855",
   "amount": "474187.93349243"
  },
  {
   "price": "0.00027752",
   "amount": "106769.638116"
  },
  {
   "price": "0.00027751",
   "amount": "105105"
  },
  {
   "price": "0.00027252",
   "amount": "105105"
  },
  {
   "price": "0.00027251",
   "amount": "115721.160397"
  },
  {
   "price": "0.00027",
   "amount": "16016.016016"
  },
  {
   "price": "0.0002679",
   "amount": "30000"
  },
  {
   "price": "0.00025389",
   "amount": "30000"
  },
  {
   "price": "0.00025309",
   "amount": "108000"
  },
  {
   "price": "0.00025",
   "amount": "1000000"
  },
  {
   "price": "0.000249",
   "amount": "140562.24899598"
  },
  {
   "price": "0.00022323",
   "amount": "666666"
  },
  {
   "price": "0.00022295",
   "amount": "200000"
  },
  {
   "price": "0.00022268",
   "amount": "333333"
  },
  {
   "price": "0.000222",
   "amount": "50000"
  },
  {
   "price": "0.00022",
   "amount": "44375.41601953"
  },
  {
   "price": "0.00021796",
   "amount": "28713.887639"
  },
  {
   "price": "0.0002125",
   "amount": "333333"
  },
  {
   "price": "0.00020773",
   "amount": "2000000"
  },
  {
   "price": "0.0002",
   "amount": "70000"
  },
  {
   "price": "0.00017918",
   "amount": "333333"
  },
  {
   "price": "0.0001714",
   "amount": "2000000"
  },
  {
   "price": "0.00017",
   "amount": "10000"
  },
  {
   "price": "0.00015521",
   "amount": "333333"
  }
 ],
 "asks": [
  {
   "price": "0.00028748",
   "amount": "469169.96459272"
  },
  {
   "price": "0.00028751",
   "amount": "107275.721556"
  },
  {
   "price": "0.00028998",
   "amount": "105105"
  },
  {
   "price": "0.00029001",
   "amount": "105105"
  },
  {
   "price": "0.00029251",
   "amount": "105105"
  },
  {
   "price": "0.00029252",
   "amount": "105105"
  },
  {
   "price": "0.00029253",
   "amount": "105105"
  },
  {
   "price": "0.00029501",
   "amount": "105105"
  },
  {
   "price": "0.00029502",
   "amount": "105105"
  },
  {
   "price": "0.00029503",
   "amount": "105105"
  },
  {
   "price": "0.00029751",
   "amount": "105105"
  },
  {
   "price": "0.00029752",
   "amount": "105105"
  },
  {
   "price": "0.00029753",
   "amount": "105105"
  },
  {
   "price": "0.00030001",
   "amount": "105105"
  },
  {
   "price": "0.00030002",
   "amount": "105105"
  },
  {
   "price": "0.00030003",
   "amount": "105105"
  },
  {
   "price": "0.00030251",
   "amount": "105105"
  },
  {
   "price": "0.00030252",
   "amount": "105105"
  },
  {
   "price": "0.00030253",
   "amount": "105105"
  },
  {
   "price": "0.00030501",
   "amount": "105105"
  },
  {
   "price": "0.00030502",
   "amount": "105105"
  },
  {
   "price": "0.00030503",
   "amount": "105105"
  },
  {
   "price": "0.00030751",
   "amount": "105105"
  },
  {
   "price": "0.00030752",
   "amount": "105105"
  },
  {
   "price": "0.00030753",
   "amount": "158912.87781351"
  }
 ]
}