{
 "pair": "bsvusd",
 "bids": [
  {
   "price": "92.971",
   "amount": "7.97978577"
  },
  {
   "price": "92.97",
   "amount": "5.73927496"
  },
  {
   "price": "92.947",
   "amount": "5.73927496"
  },
  {
   "price": "92.917",
   "amount": "19.70720232"
  },
  {
   "price": "92.916",
   "amount": "8.93"
  },
  {
   "price": "92.819",
   "amount": "2.67765284"
  },
  {
   "price": "92.815",
   "amount": "2.68148069"
  },
  {
   "price": "92.812",
   "amount": "2.67871692"
  },
  {
   "price": "92.811",
   "amount": "5.35916795"
  },
  {
   "price": "92.809",
   "amount": "42.67995293"
  },
  {
   "price": "92.801",
   "amount": "2.68082765"
  },
  {
   "price": "92.79",
   "amount": "2.68143451"
  },
  {
   "price": "92.787",
   "amount": "2.68096907"
  },
  {
   "price": "92.783",
   "amount": "2.67639059"
  },
  {
   "price": "92.779",
   "amount": "2.6791867"
  },
  {
   "price": "92.778",
   "amount": "2.67800914"
  },
  {
   "price": "92.776",
   "amount": "2.68121631"
  },
  {
   "price": "92.774",
   "amount": "2.67934956"
  },
  {
   "price": "92.769",
   "amount": "2.67653367"
  },
  {
   "price": "92.767",
   "amount": "2.67840722"
  },
  {
   "price": "92.766",
   "amount": "5.35884245"
  },
  {
   "price": "92.763",
   "amount": "2.67631094"
  },
  {
   "price": "92.751",
   "amount": "2.67595748"
  },
  {
   "price": "92.748",
   "amount": "45.23358349"
  },
  {
   "price": "92.746",
   "amount": "2.67671576"
  }
 ],
 "asks": [
  {
   "price": "93.158",
   "amount": "8.89934581"
  },
  {
   "price": "93.159",
   "amount": "7.18877106"
  },
  {
   "price": "93.187",
   "amount": "10"
  },
  {
   "price": "93.206",
   "amount": "9.44"
  },
  {
   "price": "93.225",
   "amount": "22.5"
  },
  {
   "price": "93.226",
   "amount": "1.96035415"
  },
  {
   "price": "93.232",
   "amount": "8.38"
  },
  {
   "price": "93.262",
   "amount": "10.67"
  },
  {
   "price": "93.269",
   "amount": "4.78527015"
  },
  {
   "price": "93.274",
   "amount": "15"
  },
  {
   "price": "93.28",
   "amount": "9.57048911"
  },
  {
   "price": "93.288",
   "amount": "53.47"
  },
  {
   "price": "93.301",
   "amount": "14.35663435"
  },
  {
   "price": "93.345",
   "amount": "20"
  },
  {
   "price": "93.38",
   "amount": "110.19418847"
  },
  {
   "price": "93.381",
   "amount": "40"
  },
  {
   "price": "93.39",
   "amount": "7"
  },
  {
   "price": "93.419",
   "amount": "38.15381957"
  },
  {
   "price": "93.443",
   "amount": "48.22893227"
  },
  {
   "price": "93.461",
   "amount": "0.1"
  },
  {
   "price": "93.465",
   "amount": "20"
  },
  {
   "price": "93.472",
   "amount": "54.80764865"
  },
  {
   "price": "93.477",
   "amount": "529.25"
  },
  {
   "price": "93.54",
   "amount": "5"
  },
  {
   "price": "93.655",
   "amount": "0.25"
  }
 ]
}