{
 "pair": "algust",
 "bids": [
  {
   "price": "0.27486",
   "amount": "3300.12239"
  },
  {
   "price": "0.27485",
   "amount": "1608.34212848"
  },
  {
   "price": "0.2744",
   "amount": "3203.26985075"
  },
  {
   "price": "0.26663",
   "amount": "1121.28627114"
  },
  {
   "price": "0.26662",
   "amount": "3666.44568"
  },
  {
   "price": "0.25837",
   "amount": "4073.43193"
  },
  {
   "price": "0.23",
   "amount": "1298.477367"
  },
  {
   "price": "0.000121",
   "amount": "1200"
  },
  {
   "price": "0.00012",
   "amount": "25000"
  },
  {
   "price": "0.00011",
   "amount": "25000"
  },
  {
   "price": "0.0001",
   "amount": "46000"
  },
  {
   "price": "0.00009",
   "amount": "25000"
  },
  {
   "price": "0.000012",
   "amount": "125000"
  },
  {
   "price": "0.00001",
   "amount": "25000"
  },
  {
   "price": "0.0000015",
   "amount": "50000"
  },
  {
   "price": "0.0000012",
   "amount": "500000"
  },
  {
   "price": "1.2e-7",
   "amount": "500000"
  }
 ],
 "asks": [
  {
   "price": "0.27903",
   "amount": "3335.60312"
  },
  {
   "price": "0.2874",
   "amount": "3668.89895"
  },
  {
   "price": "0.29577",
   "amount": "4035.49794"
  },
  {
   "price": "0.34007",
   "amount": "80.017043"
  },
  {
   "price": "2.12",
   "amount": "2"
  }
 ]
}