{
 "pair": "ltcust",
 "bids": [
  {
   "price": "43.854",
   "amount": "79.02001419"
  },
  {
   "price": "43.853",
   "amount": "43.16972213"
  },
  {
   "price": "43.844",
   "amount": "173.4185713"
  },
  {
   "price": "43.842",
   "amount": "17.29095174"
  },
  {
   "price": "43.839",
   "amount": "32.96532575"
  },
  {
   "price": "43.823",
   "amount": "10.10762223"
  },
  {
   "price": "43.776",
   "amount": "237.04962899"
  },
  {
   "price": "43.775",
   "amount": "45.93120597"
  },
  {
   "price": "43.757",
   "amount": "32.95212488"
  },
  {
   "price": "43.688",
   "amount": "9.37"
  },
  {
   "price": "43.687",
   "amount": "55"
  },
  {
   "price": "43.659",
   "amount": "3.29216321"
  },
  {
   "price": "43.655",
   "amount": "316.05918593"
  },
  {
   "price": "43.654",
   "amount": "54"
  },
  {
   "price": "43.575",
   "amount": "72.06"
  },
  {
   "price": "43.556",
   "amount": "50.73510481"
  },
  {
   "price": "43.538",
   "amount": "4.93890364"
  },
  {
   "price": "43.472",
   "amount": "6.87726717"
  },
  {
   "price": "43.469",
   "amount": "73.18"
  },
  {
   "price": "43.463",
   "amount": "0.56973564"
  },
  {
   "price": "43.451",
   "amount": "5.22250019"
  },
  {
   "price": "43.418",
   "amount": "41.4324868"
  },
  {
   "price": "43.365",
   "amount": "5.80000164"
  },
  {
   "price": "43.28",
   "amount": "7.80371426"
  },
  {
   "price": "43.242",
   "amount": "76.1054652"
  }
 ],
 "asks": [
  {
   "price": "43.924",
   "amount": "19.13109554"
  },
  {
   "price": "43.929",
   "amount": "2.0629334"
  },
  {
   "price": "43.938",
   "amount": "15.50765376"
  },
  {
   "price": "43.942",
   "amount": "10.10627054"
  },
  {
   "price": "44.026",
   "amount": "32.942257"
  },
  {
   "price": "44.074",
   "amount": "9.35"
  },
  {
   "price": "44.075",
   "amount": "54"
  },
  {
   "price": "44.076",
   "amount": "55"
  },
  {
   "price": "44.253",
   "amount": "50.73510481"
  },
  {
   "price": "44.275",
   "amount": "72.06"
  },
  {
   "price": "44.283",
   "amount": "0.23402916"
  },
  {
   "price": "44.287",
   "amount": "0.56986551"
  },
  {
   "price": "44.365",
   "amount": "0.22932797"
  },
  {
   "price": "44.418",
   "amount": "32.03802722"
  },
  {
   "price": "44.419",
   "amount": "0.24563053"
  },
  {
   "price": "44.56",
   "amount": "76.1054652"
  },
  {
   "price": "44.892",
   "amount": "101.47199168"
  },
  {
   "price": "47.817",
   "amount": "142.85714286"
  },
  {
   "price": "47.818",
   "amount": "1178.10960492"
  },
  {
   "price": "48.91",
   "amount": "0.25"
  },
  {
   "price": "57.489",
   "amount": "14.51"
  },
  {
   "price": "59.239",
   "amount": "0.08859407"
  },
  {
   "price": "59.591",
   "amount": "0.08859407"
  },
  {
   "price": "59.946",
   "amount": "0.08859407"
  },
  {
   "price": "60.303",
   "amount": "0.08859407"
  }
 ]
}