{
 "pair": "waxbtc",
 "bids": [
  {
   "price": "0.00000339",
   "amount": "10428.2575003"
  },
  {
   "price": "0.0000032",
   "amount": "21921.00578784"
  },
  {
   "price": "0.000003",
   "amount": "20633.10778631"
  },
  {
   "price": "0.00000262",
   "amount": "13229.89962215"
  },
  {
   "price": "0.00000261",
   "amount": "1886.79245283"
  },
  {
   "price": "0.00000243",
   "amount": "63817.98694323"
  },
  {
   "price": "0.00000235",
   "amount": "75000"
  },
  {
   "price": "0.0000023",
   "amount": "472"
  },
  {
   "price": "0.00000218",
   "amount": "90"
  },
  {
   "price": "0.00000192",
   "amount": "90"
  },
  {
   "price": "0.00000159",
   "amount": "90"
  },
  {
   "price": "0.00000128",
   "amount": "95"
  },
  {
   "price": "0.000001",
   "amount": "5000"
  },
  {
   "price": "9.5e-7",
   "amount": "95"
  },
  {
   "price": "6.5e-7",
   "amount": "105"
  },
  {
   "price": "5e-7",
   "amount": "10000"
  },
  {
   "price": "3.8e-7",
   "amount": "160"
  },
  {
   "price": "3.1e-7",
   "amount": "750"
  },
  {
   "price": "3e-7",
   "amount": "50000"
  },
  {
   "price": "2.3e-7",
   "amount": "1000"
  },
  {
   "price": "2.2e-7",
   "amount": "50000"
  },
  {
   "price": "1.6e-7",
   "amount": "50000"
  },
  {
   "price": "1e-7",
   "amount": "50000"
  },
  {
   "price": "9e-8",
   "amount": "10000"
  },
  {
   "price": "8e-8",
   "amount": "50000"
  }
 ],
 "asks": [
  {
   "price": "0.0000043",
   "amount": "400.88309313"
  },
  {
   "price": "0.00000431",
   "amount": "806.55500005"
  },
  {
   "price": "0.00000482",
   "amount": "3086.86424478"
  },
  {
   "price": "0.00000497",
   "amount": "2876.64371781"
  },
  {
   "price": "0.000005",
   "amount": "99.8"
  },
  {
   "price": "0.0000085",
   "amount": "300"
  },
  {
   "price": "0.00000888",
   "amount": "7160.82203328"
  },
  {
   "price": "0.00000943",
   "amount": "149"
  },
  {
   "price": "0.0000095",
   "amount": "300"
  },
  {
   "price": "0.00000988",
   "amount": "7913.48153685"
  },
  {
   "price": "0.00001",
   "amount": "454.914999"
  },
  {
   "price": "0.0000106",
   "amount": "4461.93493124"
  },
  {
   "price": "0.000011",
   "amount": "250"
  },
  {
   "price": "0.00001119",
   "amount": "3683.80603713"
  },
  {
   "price": "0.00001176",
   "amount": "12933.59684842"
  },
  {
   "price": "0.0000119",
   "amount": "353.53317176"
  },
  {
   "price": "0.000012",
   "amount": "290"
  },
  {
   "price": "0.00001225",
   "amount": "375.78072"
  },
  {
   "price": "0.0000123",
   "amount": "250"
  },
  {
   "price": "0.00001237",
   "amount": "7521.68569519"
  },
  {
   "price": "0.00001243",
   "amount": "585"
  },
  {
   "price": "0.00001244",
   "amount": "9999"
  },
  {
   "price": "0.00001327",
   "amount": "6408.90557414"
  },
  {
   "price": "0.0000134",
   "amount": "449.1504"
  },
  {
   "price": "0.00001343",
   "amount": "430"
  }
 ]
}