{
 "pair": "essbtc",
 "bids": [
  {
   "price": "5e-8",
   "amount": "30000"
  },
  {
   "price": "4e-8",
   "amount": "8000"
  },
  {
   "price": "3e-8",
   "amount": "225000"
  },
  {
   "price": "2e-8",
   "amount": "406000"
  },
  {
   "price": "1e-8",
   "amount": "2800000"
  }
 ],
 "asks": [
  {
   "price": "1.4e-7",
   "amount": "13528.52142855"
  },
  {
   "price": "2e-7",
   "amount": "39173.13097967"
  },
  {
   "price": "2.3e-7",
   "amount": "36193.6976925"
  },
  {
   "price": "2.5e-7",
   "amount": "56307.94404367"
  },
  {
   "price": "2.8e-7",
   "amount": "67426.94667809"
  },
  {
   "price": "3.2e-7",
   "amount": "29970"
  },
  {
   "price": "3.4e-7",
   "amount": "38686.67886463"
  },
  {
   "price": "3.5e-7",
   "amount": "50032.33376914"
  },
  {
   "price": "3.6e-7",
   "amount": "60439.5064271"
  },
  {
   "price": "3.7e-7",
   "amount": "62245.0024226"
  },
  {
   "price": "3.8e-7",
   "amount": "15106.85771571"
  },
  {
   "price": "4e-7",
   "amount": "39014.057045"
  },
  {
   "price": "4.5e-7",
   "amount": "19980"
  },
  {
   "price": "5.9e-7",
   "amount": "20000"
  },
  {
   "price": "6.9e-7",
   "amount": "20000"
  },
  {
   "price": "7.8e-7",
   "amount": "30507"
  },
  {
   "price": "7.9e-7",
   "amount": "40000"
  },
  {
   "price": "8e-7",
   "amount": "11725.37"
  },
  {
   "price": "8.9e-7",
   "amount": "40000"
  },
  {
   "price": "9.5e-7",
   "amount": "23955.9"
  },
  {
   "price": "9.6e-7",
   "amount": "39800.00000001"
  },
  {
   "price": "0.000001",
   "amount": "15860"
  },
  {
   "price": "0.0000013",
   "amount": "15860"
  },
  {
   "price": "0.0000015",
   "amount": "40000"
  },
  {
   "price": "0.0000016",
   "amount": "15860"
  }
 ]
}