{
 "pair": "zcnusd",
 "bids": [
  {
   "price": "0.027746",
   "amount": "2671.8168689"
  },
  {
   "price": "0.027743",
   "amount": "147.08599899"
  },
  {
   "price": "0.027674",
   "amount": "11111"
  },
  {
   "price": "0.024002",
   "amount": "3733.22078262"
  },
  {
   "price": "0.024",
   "amount": "833.33298611"
  },
  {
   "price": "0.02",
   "amount": "1000"
  },
  {
   "price": "0.012112",
   "amount": "100"
  },
  {
   "price": "0.0070019",
   "amount": "2500"
  },
  {
   "price": "0.007",
   "amount": "2500"
  },
  {
   "price": "0.0050238",
   "amount": "50"
  },
  {
   "price": "0.0022112",
   "amount": "10000"
  },
  {
   "price": "0.00121",
   "amount": "1000"
  },
  {
   "price": "0.00078",
   "amount": "10000"
  },
  {
   "price": "0.000133",
   "amount": "10000"
  },
  {
   "price": "0.000121",
   "amount": "10000"
  },
  {
   "price": "0.00010001",
   "amount": "10000"
  },
  {
   "price": "0.0001",
   "amount": "16000"
  },
  {
   "price": "0.0000112",
   "amount": "50000"
  },
  {
   "price": "0.00001",
   "amount": "50000"
  },
  {
   "price": "0.0000012",
   "amount": "50000"
  },
  {
   "price": "0.000001",
   "amount": "400000"
  },
  {
   "price": "2e-7",
   "amount": "50000"
  },
  {
   "price": "1.1e-7",
   "amount": "200000"
  },
  {
   "price": "1e-7",
   "amount": "350000"
  },
  {
   "price": "1e-8",
   "amount": "600000"
  }
 ],
 "asks": [
  {
   "price": "0.05497",
   "amount": "629.11493994"
  },
  {
   "price": "0.054971",
   "amount": "6666"
  },
  {
   "price": "0.055",
   "amount": "3000"
  },
  {
   "price": "0.056896",
   "amount": "680.68927454"
  },
  {
   "price": "0.05999",
   "amount": "299.7"
  },
  {
   "price": "0.078322",
   "amount": "724.95720305"
  },
  {
   "price": "0.088322",
   "amount": "300"
  },
  {
   "price": "0.092549",
   "amount": "863.742437"
  },
  {
   "price": "0.098",
   "amount": "62"
  },
  {
   "price": "0.0989",
   "amount": "3000"
  },
  {
   "price": "0.1",
   "amount": "480.389292"
  },
  {
   "price": "0.11111",
   "amount": "680"
  },
  {
   "price": "0.128",
   "amount": "99.368413"
  },
  {
   "price": "0.13",
   "amount": "7572.18832279"
  },
  {
   "price": "0.1321",
   "amount": "50"
  },
  {
   "price": "0.149",
   "amount": "975"
  },
  {
   "price": "0.1654",
   "amount": "74.325"
  },
  {
   "price": "0.178",
   "amount": "248.751"
  },
  {
   "price": "0.18",
   "amount": "2000"
  },
  {
   "price": "0.18765",
   "amount": "100"
  },
  {
   "price": "0.205",
   "amount": "1000"
  },
  {
   "price": "0.20765",
   "amount": "125"
  },
  {
   "price": "0.21",
   "amount": "3095.79"
  },
  {
   "price": "0.22765",
   "amount": "150"
  },
  {
   "price": "0.23",
   "amount": "35"
  }
 ]
}