{
 "pair": "intusd",
 "bids": [
  {
   "price": "0.0187",
   "amount": "1000"
  },
  {
   "price": "0.016135",
   "amount": "3334"
  },
  {
   "price": "0.016",
   "amount": "2726.44475812"
  },
  {
   "price": "0.012502",
   "amount": "600"
  },
  {
   "price": "0.012",
   "amount": "1000"
  },
  {
   "price": "0.010512",
   "amount": "12786.00416708"
  },
  {
   "price": "0.01051",
   "amount": "1712"
  },
  {
   "price": "0.003",
   "amount": "300"
  },
  {
   "price": "0.0021",
   "amount": "520"
  },
  {
   "price": "0.001",
   "amount": "10000"
  },
  {
   "price": "0.000121",
   "amount": "10000"
  },
  {
   "price": "0.00012",
   "amount": "35000"
  },
  {
   "price": "0.0001",
   "amount": "100000"
  },
  {
   "price": "0.000012",
   "amount": "500000"
  },
  {
   "price": "0.00001008",
   "amount": "100000"
  },
  {
   "price": "0.00001",
   "amount": "100000"
  },
  {
   "price": "0.00000233",
   "amount": "1500000"
  },
  {
   "price": "0.0000023",
   "amount": "500000"
  },
  {
   "price": "0.000002",
   "amount": "500000"
  },
  {
   "price": "0.0000012",
   "amount": "500000"
  },
  {
   "price": "0.000001",
   "amount": "50000"
  },
  {
   "price": "1.2e-7",
   "amount": "500000"
  },
  {
   "price": "1.1e-7",
   "amount": "3000000"
  },
  {
   "price": "1e-7",
   "amount": "714650"
  },
  {
   "price": "1e-8",
   "amount": "5000000"
  }
 ],
 "asks": [
  {
   "price": "0.019175",
   "amount": "998"
  },
  {
   "price": "0.024431",
   "amount": "2088.408"
  },
  {
   "price": "0.03",
   "amount": "6737.798996"
  },
  {
   "price": "0.035346",
   "amount": "5000"
  },
  {
   "price": "0.04",
   "amount": "9980"
  },
  {
   "price": "0.044707",
   "amount": "5008.316437"
  },
  {
   "price": "0.047798",
   "amount": "400"
  },
  {
   "price": "0.047999",
   "amount": "1380"
  },
  {
   "price": "0.048",
   "amount": "13123.107149"
  },
  {
   "price": "0.051199",
   "amount": "765.19"
  },
  {
   "price": "0.051216",
   "amount": "400"
  },
  {
   "price": "0.051218",
   "amount": "1109.889"
  },
  {
   "price": "0.05293",
   "amount": "1497.138"
  },
  {
   "price": "0.057",
   "amount": "1000"
  },
  {
   "price": "0.058999",
   "amount": "468.392591"
  },
  {
   "price": "0.059",
   "amount": "1221.074254"
  },
  {
   "price": "0.06",
   "amount": "5000"
  },
  {
   "price": "0.07",
   "amount": "300"
  },
  {
   "price": "0.077",
   "amount": "9992.3534"
  },
  {
   "price": "0.08",
   "amount": "408.81130749"
  },
  {
   "price": "0.099",
   "amount": "1225.544"
  },
  {
   "price": "0.15776",
   "amount": "500"
  },
  {
   "price": "0.5",
   "amount": "2245.17437618"
  },
  {
   "price": "0.6",
   "amount": "400"
  },
  {
   "price": "0.69",
   "amount": "699.3"
  }
 ]
}