{
 "pair": "necusd",
 "bids": [
  {
   "price": "0.080001",
   "amount": "2341.58128931"
  },
  {
   "price": "0.08",
   "amount": "1413"
  },
  {
   "price": "0.07851",
   "amount": "127.35616872"
  },
  {
   "price": "0.072089",
   "amount": "61"
  },
  {
   "price": "0.072",
   "amount": "311.814708"
  },
  {
   "price": "0.07",
   "amount": "52.47693"
  },
  {
   "price": "0.064571",
   "amount": "49"
  },
  {
   "price": "0.061223",
   "amount": "250"
  },
  {
   "price": "0.0612",
   "amount": "14918.51795854"
  },
  {
   "price": "0.061",
   "amount": "735.698518"
  },
  {
   "price": "0.0582",
   "amount": "19951"
  },
  {
   "price": "0.056666",
   "amount": "1852.717112"
  },
  {
   "price": "0.055761",
   "amount": "2100"
  },
  {
   "price": "0.053753",
   "amount": "200"
  },
  {
   "price": "0.053",
   "amount": "7445"
  },
  {
   "price": "0.052",
   "amount": "200000"
  },
  {
   "price": "0.0505",
   "amount": "102000"
  },
  {
   "price": "0.0491",
   "amount": "134.150847"
  },
  {
   "price": "0.044232",
   "amount": "25000"
  },
  {
   "price": "0.040002",
   "amount": "200000"
  },
  {
   "price": "0.03497",
   "amount": "1700"
  },
  {
   "price": "0.03",
   "amount": "201000"
  },
  {
   "price": "0.022",
   "amount": "1000"
  },
  {
   "price": "0.011711",
   "amount": "50000"
  },
  {
   "price": "0.01",
   "amount": "2000"
  }
 ],
 "asks": [
  {
   "price": "0.0995",
   "amount": "136.117093"
  },
  {
   "price": "0.0998",
   "amount": "1003.440165"
  },
  {
   "price": "0.1",
   "amount": "95696.68221787"
  },
  {
   "price": "0.10102",
   "amount": "20106"
  },
  {
   "price": "0.10111",
   "amount": "13012"
  },
  {
   "price": "0.10512",
   "amount": "13012"
  },
  {
   "price": "0.10999",
   "amount": "100000"
  },
  {
   "price": "0.11",
   "amount": "16871.133812"
  },
  {
   "price": "0.11013",
   "amount": "5422"
  },
  {
   "price": "0.12014",
   "amount": "5423"
  },
  {
   "price": "0.124",
   "amount": "122000"
  },
  {
   "price": "0.12673",
   "amount": "2386"
  },
  {
   "price": "0.12703",
   "amount": "1205.16778662"
  },
  {
   "price": "0.129",
   "amount": "2200"
  },
  {
   "price": "0.12999",
   "amount": "100000"
  },
  {
   "price": "0.13",
   "amount": "36880.60676617"
  },
  {
   "price": "0.13357",
   "amount": "1070.085898"
  },
  {
   "price": "0.13583",
   "amount": "824.37122789"
  },
  {
   "price": "0.14",
   "amount": "100000"
  },
  {
   "price": "0.15",
   "amount": "100000"
  },
  {
   "price": "0.159",
   "amount": "36000"
  },
  {
   "price": "0.16",
   "amount": "42999"
  },
  {
   "price": "0.16969",
   "amount": "295"
  },
  {
   "price": "0.1697",
   "amount": "1875"
  },
  {
   "price": "0.17557",
   "amount": "110.119955"
  }
 ]
}