{
 "pair": "bnteth",
 "bids": [
  {
   "price": "0.0016512",
   "amount": "918.35"
  },
  {
   "price": "0.0016",
   "amount": "30"
  },
  {
   "price": "0.00051111",
   "amount": "97.82629962"
  },
  {
   "price": "0.0005111",
   "amount": "43.50996226"
  },
  {
   "price": "0.0001111",
   "amount": "360.05003476"
  },
  {
   "price": "0.00010618",
   "amount": "94.18"
  },
  {
   "price": "0.00005",
   "amount": "400"
  },
  {
   "price": "0.00002",
   "amount": "1000"
  },
  {
   "price": "0.00001111",
   "amount": "4235.90331914"
  },
  {
   "price": "0.00001",
   "amount": "2000"
  },
  {
   "price": "0.0000085",
   "amount": "1000"
  },
  {
   "price": "0.00000821",
   "amount": "100"
  },
  {
   "price": "0.000002",
   "amount": "10000"
  },
  {
   "price": "0.000001",
   "amount": "20000"
  },
  {
   "price": "2e-7",
   "amount": "20000"
  },
  {
   "price": "1e-7",
   "amount": "20000"
  },
  {
   "price": "2e-8",
   "amount": "100000"
  }
 ],
 "asks": [
  {
   "price": "0.00354",
   "amount": "127.00260324"
  },
  {
   "price": "0.0035464",
   "amount": "37.71135306"
  },
  {
   "price": "0.003599",
   "amount": "49.95"
  },
  {
   "price": "0.004551",
   "amount": "24.975"
  },
  {
   "price": "0.0059",
   "amount": "8.66913993"
  },
  {
   "price": "0.007",
   "amount": "49.75"
  },
  {
   "price": "0.0086",
   "amount": "200"
  },
  {
   "price": "0.0098",
   "amount": "20"
  },
  {
   "price": "0.00999",
   "amount": "699.29999999"
  },
  {
   "price": "0.9",
   "amount": "40.79714549"
  },
  {
   "price": "2.78",
   "amount": "10.989"
  },
  {
   "price": "100",
   "amount": "14"
  }
 ]
}