{
 "pair": "antusd",
 "bids": [
  {
   "price": "0.47362",
   "amount": "36"
  },
  {
   "price": "0.46641",
   "amount": "92"
  },
  {
   "price": "0.46241",
   "amount": "36.37856617"
  },
  {
   "price": "0.4592",
   "amount": "125"
  },
  {
   "price": "0.45577",
   "amount": "106.89323182"
  },
  {
   "price": "0.45198",
   "amount": "179"
  },
  {
   "price": "0.44118",
   "amount": "6.5"
  },
  {
   "price": "0.4411",
   "amount": "30"
  },
  {
   "price": "0.44",
   "amount": "35"
  },
  {
   "price": "0.43275",
   "amount": "431"
  },
  {
   "price": "0.4091",
   "amount": "733.3170374"
  },
  {
   "price": "0.40871",
   "amount": "840"
  },
  {
   "price": "0.4",
   "amount": "7"
  },
  {
   "price": "0.394",
   "amount": "40"
  },
  {
   "price": "0.38791",
   "amount": "36"
  },
  {
   "price": "0.37447",
   "amount": "1211.35218196"
  },
  {
   "price": "0.37446",
   "amount": "26.70510136"
  },
  {
   "price": "0.36251",
   "amount": "25"
  },
  {
   "price": "0.36",
   "amount": "7.5"
  },
  {
   "price": "0.35289",
   "amount": "100"
  },
  {
   "price": "0.3168",
   "amount": "50"
  },
  {
   "price": "0.3",
   "amount": "10.45482268"
  },
  {
   "price": "0.15859",
   "amount": "200"
  },
  {
   "price": "0.1291",
   "amount": "38.615"
  },
  {
   "price": "0.12601",
   "amount": "100"
  }
 ],
 "asks": [
  {
   "price": "0.48805",
   "amount": "39"
  },
  {
   "price": "0.49526",
   "amount": "89"
  },
  {
   "price": "0.50247",
   "amount": "134"
  },
  {
   "price": "0.50968",
   "amount": "160"
  },
  {
   "price": "0.52892",
   "amount": "465"
  },
  {
   "price": "0.55296",
   "amount": "871"
  },
  {
   "price": "0.73398",
   "amount": "139"
  },
  {
   "price": "0.85499",
   "amount": "144.099792"
  },
  {
   "price": "0.885",
   "amount": "36.358764"
  },
  {
   "price": "0.95",
   "amount": "14.9"
  },
  {
   "price": "1.0974",
   "amount": "13.034"
  },
  {
   "price": "1.1599",
   "amount": "59.25"
  },
  {
   "price": "1.16",
   "amount": "504"
  },
  {
   "price": "1.19",
   "amount": "500"
  },
  {
   "price": "1.2",
   "amount": "6.993"
  },
  {
   "price": "1.24",
   "amount": "500"
  },
  {
   "price": "1.38",
   "amount": "100"
  },
  {
   "price": "1.4",
   "amount": "150"
  },
  {
   "price": "1.49",
   "amount": "4"
  },
  {
   "price": "1.84",
   "amount": "34.062621"
  },
  {
   "price": "1.85",
   "amount": "59.5"
  },
  {
   "price": "1.9",
   "amount": "40"
  },
  {
   "price": "1.92",
   "amount": "797"
  },
  {
   "price": "2.597",
   "amount": "6"
  },
  {
   "price": "2.98",
   "amount": "25"
  }
 ]
}