{
 "pair": "funusd",
 "bids": [
  {
   "price": "0.00389",
   "amount": "30261.76473655"
  },
  {
   "price": "0.0038301",
   "amount": "78326.93663351"
  },
  {
   "price": "0.00383",
   "amount": "94811.3826"
  },
  {
   "price": "0.00377",
   "amount": "104285.00325"
  },
  {
   "price": "0.0037501",
   "amount": "181440.27499908"
  },
  {
   "price": "0.00375",
   "amount": "14444.832"
  },
  {
   "price": "0.00371",
   "amount": "114705.2348"
  },
  {
   "price": "0.0036",
   "amount": "66500.205561"
  },
  {
   "price": "0.0035",
   "amount": "15928.18325166"
  },
  {
   "price": "0.00345",
   "amount": "200000"
  },
  {
   "price": "0.00332",
   "amount": "29.19681068"
  },
  {
   "price": "0.00328",
   "amount": "10929.8744314"
  },
  {
   "price": "0.0032309",
   "amount": "2000"
  },
  {
   "price": "0.0032",
   "amount": "200000"
  },
  {
   "price": "0.00311",
   "amount": "3213.36760925"
  },
  {
   "price": "0.0031001",
   "amount": "37147.738779"
  },
  {
   "price": "0.0031",
   "amount": "45769.232354"
  },
  {
   "price": "0.0030203",
   "amount": "200000"
  },
  {
   "price": "0.0030202",
   "amount": "150000"
  },
  {
   "price": "0.00262",
   "amount": "40.77899014"
  },
  {
   "price": "0.0022754",
   "amount": "1525.22060594"
  },
  {
   "price": "0.00225",
   "amount": "2005"
  },
  {
   "price": "0.002238",
   "amount": "1500"
  },
  {
   "price": "0.0022237",
   "amount": "3300"
  },
  {
   "price": "0.00221",
   "amount": "10500"
  }
 ],
 "asks": [
  {
   "price": "0.00392",
   "amount": "69264.57131"
  },
  {
   "price": "0.00398",
   "amount": "94531.11293"
  },
  {
   "price": "0.00404",
   "amount": "104473.03686"
  },
  {
   "price": "0.0040899",
   "amount": "18278.82966915"
  },
  {
   "price": "0.00409",
   "amount": "2278.77725294"
  },
  {
   "price": "0.0041",
   "amount": "115460.56206"
  },
  {
   "price": "0.0041303",
   "amount": "6666"
  },
  {
   "price": "0.00415",
   "amount": "2438"
  },
  {
   "price": "0.0041664",
   "amount": "4444"
  },
  {
   "price": "0.00418",
   "amount": "5000"
  },
  {
   "price": "0.0042",
   "amount": "8341.9"
  },
  {
   "price": "0.0042922",
   "amount": "13332"
  },
  {
   "price": "0.0043349",
   "amount": "17776"
  },
  {
   "price": "0.00435",
   "amount": "100000"
  },
  {
   "price": "0.0044",
   "amount": "12232.51947"
  },
  {
   "price": "0.0044226",
   "amount": "4444"
  },
  {
   "price": "0.004426",
   "amount": "200000"
  },
  {
   "price": "0.0044618",
   "amount": "3333"
  },
  {
   "price": "0.0045",
   "amount": "116553.25"
  },
  {
   "price": "0.0045177",
   "amount": "4444"
  },
  {
   "price": "0.0045331",
   "amount": "2864.1767219"
  },
  {
   "price": "0.0045346",
   "amount": "3374.21094678"
  },
  {
   "price": "0.0045757",
   "amount": "3372.3163138"
  },
  {
   "price": "0.0046075",
   "amount": "7777"
  },
  {
   "price": "0.0046708",
   "amount": "7777"
  }
 ]
}