{
 "pair": "dgxusd",
 "bids": [
  {
   "price": "46.255",
   "amount": "0.6"
  },
  {
   "price": "46.238",
   "amount": "2.14790725"
  },
  {
   "price": "46.237",
   "amount": "0.60655139"
  },
  {
   "price": "45.852",
   "amount": "6.54278985"
  },
  {
   "price": "45.851",
   "amount": "33.38919184"
  },
  {
   "price": "45.842",
   "amount": "2.2"
  },
  {
   "price": "45.56",
   "amount": "20.35897"
  },
  {
   "price": "45.53",
   "amount": "5.26257563"
  },
  {
   "price": "45.521",
   "amount": "10.102268"
  },
  {
   "price": "45.492",
   "amount": "2"
  },
  {
   "price": "45.473",
   "amount": "10.1129265"
  },
  {
   "price": "45.45",
   "amount": "2"
  },
  {
   "price": "45.443",
   "amount": "10.040241"
  },
  {
   "price": "45.427",
   "amount": "3"
  },
  {
   "price": "45.426",
   "amount": "2"
  },
  {
   "price": "45.405",
   "amount": "10.036961"
  },
  {
   "price": "45.4",
   "amount": "2"
  },
  {
   "price": "45.389",
   "amount": "2"
  },
  {
   "price": "45.387",
   "amount": "10.12199"
  },
  {
   "price": "45.36",
   "amount": "10.091688"
  },
  {
   "price": "45.333",
   "amount": "10.012578"
  },
  {
   "price": "45.301",
   "amount": "10.173079"
  },
  {
   "price": "45.282",
   "amount": "10.153802"
  },
  {
   "price": "45.25",
   "amount": "10.0181675"
  },
  {
   "price": "45.202",
   "amount": "10.013096"
  }
 ],
 "asks": [
  {
   "price": "46.324",
   "amount": "0.43140236"
  },
  {
   "price": "46.475",
   "amount": "50.4004714"
  },
  {
   "price": "46.602",
   "amount": "2"
  },
  {
   "price": "46.613",
   "amount": "2"
  },
  {
   "price": "46.645",
   "amount": "2"
  },
  {
   "price": "46.654",
   "amount": "2"
  },
  {
   "price": "46.672",
   "amount": "2"
  },
  {
   "price": "46.674",
   "amount": "2"
  },
  {
   "price": "46.675",
   "amount": "2"
  },
  {
   "price": "46.676",
   "amount": "2"
  },
  {
   "price": "46.681",
   "amount": "2"
  },
  {
   "price": "46.716",
   "amount": "2"
  },
  {
   "price": "46.731",
   "amount": "2"
  },
  {
   "price": "46.734",
   "amount": "2"
  },
  {
   "price": "46.739",
   "amount": "2"
  },
  {
   "price": "46.748",
   "amount": "2"
  },
  {
   "price": "46.749",
   "amount": "2"
  },
  {
   "price": "46.759",
   "amount": "2"
  },
  {
   "price": "46.76",
   "amount": "2"
  },
  {
   "price": "46.781",
   "amount": "2"
  },
  {
   "price": "46.788",
   "amount": "2"
  },
  {
   "price": "46.792",
   "amount": "2"
  },
  {
   "price": "46.796",
   "amount": "4"
  },
  {
   "price": "46.823",
   "amount": "3"
  },
  {
   "price": "46.824",
   "amount": "2"
  }
 ]
}