{
 "pair": "dadusd",
 "bids": [
  {
   "price": "0.03",
   "amount": "445"
  },
  {
   "price": "0.025",
   "amount": "6100"
  },
  {
   "price": "0.020976",
   "amount": "450"
  },
  {
   "price": "0.020001",
   "amount": "6861.46121803"
  },
  {
   "price": "0.02",
   "amount": "85"
  },
  {
   "price": "0.0121",
   "amount": "800"
  },
  {
   "price": "0.011157",
   "amount": "118509.05786047"
  },
  {
   "price": "0.010726",
   "amount": "72056.52121897"
  },
  {
   "price": "0.0102",
   "amount": "232"
  },
  {
   "price": "0.00626",
   "amount": "263.57827157"
  },
  {
   "price": "0.0052603",
   "amount": "175586.0998393"
  },
  {
   "price": "0.0046269",
   "amount": "200000"
  },
  {
   "price": "0.0022522",
   "amount": "200000"
  },
  {
   "price": "0.002121",
   "amount": "7000"
  },
  {
   "price": "0.00121",
   "amount": "900"
  },
  {
   "price": "0.00094689",
   "amount": "200000"
  },
  {
   "price": "0.000221",
   "amount": "100000"
  },
  {
   "price": "0.0001",
   "amount": "11000"
  },
  {
   "price": "0.00001",
   "amount": "20000"
  },
  {
   "price": "0.0000069",
   "amount": "100000"
  },
  {
   "price": "0.0000011",
   "amount": "200000"
  },
  {
   "price": "0.000001",
   "amount": "200000"
  },
  {
   "price": "1.1e-7",
   "amount": "1000000"
  },
  {
   "price": "1e-7",
   "amount": "2100000"
  },
  {
   "price": "1e-8",
   "amount": "600000"
  }
 ],
 "asks": [
  {
   "price": "0.041996",
   "amount": "3267"
  },
  {
   "price": "0.042",
   "amount": "778.15855701"
  },
  {
   "price": "0.073967",
   "amount": "107.55848629"
  },
  {
   "price": "0.088969",
   "amount": "129"
  },
  {
   "price": "0.088971",
   "amount": "4444"
  },
  {
   "price": "0.089",
   "amount": "199.8"
  },
  {
   "price": "0.11",
   "amount": "557.456"
  },
  {
   "price": "0.11499",
   "amount": "353.61641305"
  },
  {
   "price": "0.115",
   "amount": "3184.10051642"
  },
  {
   "price": "0.11988",
   "amount": "1220.0309428"
  },
  {
   "price": "0.12",
   "amount": "3900"
  },
  {
   "price": "0.126",
   "amount": "301.63056287"
  },
  {
   "price": "0.131",
   "amount": "1590.50264433"
  },
  {
   "price": "0.133",
   "amount": "6630.20843972"
  },
  {
   "price": "0.14767",
   "amount": "1479.8523799"
  },
  {
   "price": "0.15",
   "amount": "3000"
  },
  {
   "price": "0.156",
   "amount": "1701.15290877"
  },
  {
   "price": "0.163",
   "amount": "100.87000033"
  },
  {
   "price": "0.16468",
   "amount": "5340.78824106"
  },
  {
   "price": "0.1771",
   "amount": "2332.01973732"
  },
  {
   "price": "0.18728",
   "amount": "2143.7539665"
  },
  {
   "price": "0.1949",
   "amount": "2033.10370207"
  },
  {
   "price": "0.205",
   "amount": "2143.7539665"
  },
  {
   "price": "0.215",
   "amount": "1922.45343763"
  },
  {
   "price": "0.2248",
   "amount": "1811.8031732"
  }
 ]
}