{
 "pair": "dadbtc",
 "bids": [
  {
   "price": "0.00000441",
   "amount": "1241"
  },
  {
   "price": "0.0000044",
   "amount": "7362"
  },
  {
   "price": "0.00000439",
   "amount": "3632"
  },
  {
   "price": "0.00000437",
   "amount": "3302"
  },
  {
   "price": "0.00000165",
   "amount": "2000"
  },
  {
   "price": "6.2e-7",
   "amount": "10000"
  },
  {
   "price": "1e-7",
   "amount": "50000"
  },
  {
   "price": "9e-8",
   "amount": "10000"
  },
  {
   "price": "2e-8",
   "amount": "600000"
  }
 ],
 "asks": [
  {
   "price": "0.00000531",
   "amount": "1335.8927"
  },
  {
   "price": "0.00000532",
   "amount": "2345"
  },
  {
   "price": "0.00000533",
   "amount": "1287"
  },
  {
   "price": "0.00000534",
   "amount": "1287"
  },
  {
   "price": "0.00000535",
   "amount": "687"
  },
  {
   "price": "0.00000536",
   "amount": "687"
  },
  {
   "price": "0.00000644",
   "amount": "1287"
  },
  {
   "price": "0.00000646",
   "amount": "2345"
  },
  {
   "price": "0.00000649",
   "amount": "687"
  },
  {
   "price": "0.00000688",
   "amount": "1241"
  },
  {
   "price": "0.00000689",
   "amount": "3730"
  },
  {
   "price": "0.00000694",
   "amount": "1241"
  },
  {
   "price": "0.0000074",
   "amount": "1241"
  },
  {
   "price": "0.00000748",
   "amount": "1241"
  },
  {
   "price": "0.000008",
   "amount": "6133"
  },
  {
   "price": "0.00000801",
   "amount": "2321"
  },
  {
   "price": "0.000009",
   "amount": "16741.5"
  },
  {
   "price": "0.0000095",
   "amount": "796"
  },
  {
   "price": "0.00001191",
   "amount": "160"
  },
  {
   "price": "0.0000135",
   "amount": "999"
  },
  {
   "price": "0.00001475",
   "amount": "4995"
  },
  {
   "price": "0.000015",
   "amount": "1000"
  },
  {
   "price": "0.000016",
   "amount": "1000"
  },
  {
   "price": "0.0000175",
   "amount": "10451.5229"
  },
  {
   "price": "0.000019",
   "amount": "5649.54899468"
  }
 ]
}