{
 "pair": "seeusd",
 "bids": [
  {
   "price": "0.00077745",
   "amount": "24772.28779878"
  },
  {
   "price": "0.00071986",
   "amount": "12862.5635089"
  },
  {
   "price": "0.00066653",
   "amount": "13891.59003139"
  },
  {
   "price": "0.00057459",
   "amount": "40000"
  },
  {
   "price": "0.00057146",
   "amount": "16202.46601532"
  },
  {
   "price": "0.00057",
   "amount": "1000000"
  },
  {
   "price": "0.00052912",
   "amount": "17499.03755293"
  },
  {
   "price": "0.00048991",
   "amount": "18899.30450559"
  },
  {
   "price": "0.00045361",
   "amount": "20411.91239207"
  },
  {
   "price": "0.00042",
   "amount": "22045.36937016"
  },
  {
   "price": "0.00022202",
   "amount": "56554.802621"
  },
  {
   "price": "0.00022201",
   "amount": "336682"
  },
  {
   "price": "0.000222",
   "amount": "100000"
  },
  {
   "price": "0.00022055",
   "amount": "14509.18"
  },
  {
   "price": "0.00022054",
   "amount": "2000000"
  },
  {
   "price": "0.00016539",
   "amount": "2000000"
  },
  {
   "price": "0.0001651",
   "amount": "25000"
  },
  {
   "price": "0.00010498",
   "amount": "2000000"
  },
  {
   "price": "0.0001",
   "amount": "22000"
  },
  {
   "price": "0.00002084",
   "amount": "2000000"
  },
  {
   "price": "0.000011",
   "amount": "50000"
  },
  {
   "price": "0.00001",
   "amount": "257000"
  },
  {
   "price": "0.0000011",
   "amount": "600000"
  },
  {
   "price": "0.000001",
   "amount": "1600000"
  },
  {
   "price": "1.1e-7",
   "amount": "2000000"
  }
 ],
 "asks": [
  {
   "price": "0.00090683",
   "amount": "11027.42520648"
  },
  {
   "price": "0.00097938",
   "amount": "10210.5413629"
  },
  {
   "price": "0.00098878",
   "amount": "48175.71986892"
  },
  {
   "price": "0.001",
   "amount": "1144637.36263736"
  },
  {
   "price": "0.0010577",
   "amount": "9454.11915971"
  },
  {
   "price": "0.0010871",
   "amount": "110655.06050578"
  },
  {
   "price": "0.0011",
   "amount": "30000"
  },
  {
   "price": "0.0011423",
   "amount": "8753.80790643"
  },
  {
   "price": "0.0011931",
   "amount": "99918.67794256"
  },
  {
   "price": "0.0011999",
   "amount": "40666.26503781"
  },
  {
   "price": "0.0012",
   "amount": "30000"
  },
  {
   "price": "0.0012224",
   "amount": "102358.24285008"
  },
  {
   "price": "0.0012949",
   "amount": "92249.83325454"
  },
  {
   "price": "0.0013",
   "amount": "39900"
  },
  {
   "price": "0.0013689",
   "amount": "9990"
  },
  {
   "price": "0.001369",
   "amount": "20916.46048092"
  },
  {
   "price": "0.0013923",
   "amount": "86804.95943423"
  },
  {
   "price": "0.0016",
   "amount": "10589.00000033"
  },
  {
   "price": "0.0016468",
   "amount": "77654.02867025"
  },
  {
   "price": "0.0016663",
   "amount": "15325.93589408"
  },
  {
   "price": "0.00174",
   "amount": "219105"
  },
  {
   "price": "0.0018573",
   "amount": "68839.02389187"
  },
  {
   "price": "0.0019",
   "amount": "53526.42"
  },
  {
   "price": "0.00197",
   "amount": "10000"
  },
  {
   "price": "0.0019896",
   "amount": "62962.35403962"
  }
 ]
}