{
 "pair": "anteth",
 "bids": [
  {
   "price": "0.0032211",
   "amount": "33"
  },
  {
   "price": "0.0031816",
   "amount": "31.53843433"
  },
  {
   "price": "0.003172",
   "amount": "98"
  },
  {
   "price": "0.003123",
   "amount": "125"
  },
  {
   "price": "0.0030739",
   "amount": "177"
  },
  {
   "price": "0.00307",
   "amount": "100"
  },
  {
   "price": "0.00306",
   "amount": "200"
  },
  {
   "price": "0.0030503",
   "amount": "223.36671901"
  },
  {
   "price": "0.0029432",
   "amount": "525.57590378"
  },
  {
   "price": "0.0029431",
   "amount": "491.15979355"
  },
  {
   "price": "0.002897",
   "amount": "17.25917411"
  },
  {
   "price": "0.0027796",
   "amount": "840"
  },
  {
   "price": "0.0025",
   "amount": "40"
  },
  {
   "price": "0.0024161",
   "amount": "2000"
  },
  {
   "price": "0.00191",
   "amount": "140"
  },
  {
   "price": "0.00179",
   "amount": "75"
  },
  {
   "price": "0.0014",
   "amount": "8"
  },
  {
   "price": "0.0012238",
   "amount": "218.06267533"
  },
  {
   "price": "0.0012237",
   "amount": "4000"
  },
  {
   "price": "0.0011925",
   "amount": "419.3"
  },
  {
   "price": "0.00026977",
   "amount": "924.5"
  },
  {
   "price": "0.000269",
   "amount": "20"
  },
  {
   "price": "0.00022115",
   "amount": "100"
  },
  {
   "price": "0.00022104",
   "amount": "30"
  },
  {
   "price": "0.0001401",
   "amount": "100"
  }
 ],
 "asks": [
  {
   "price": "0.0032703",
   "amount": "80.94739635"
  },
  {
   "price": "0.0033192",
   "amount": "122"
  },
  {
   "price": "0.0034173",
   "amount": "138"
  },
  {
   "price": "0.0034664",
   "amount": "328.5468"
  },
  {
   "price": "0.0035307",
   "amount": "10.67730899"
  },
  {
   "price": "0.0035972",
   "amount": "474"
  },
  {
   "price": "0.0037607",
   "amount": "896"
  },
  {
   "price": "0.0044144",
   "amount": "13.1407175"
  },
  {
   "price": "0.0049999",
   "amount": "40.3807676"
  },
  {
   "price": "0.005",
   "amount": "24.731646"
  },
  {
   "price": "0.0058144",
   "amount": "18"
  },
  {
   "price": "0.0065",
   "amount": "2909.46782274"
  },
  {
   "price": "0.00749",
   "amount": "207.77450588"
  },
  {
   "price": "0.00998",
   "amount": "193.734472"
  },
  {
   "price": "0.00999",
   "amount": "40"
  },
  {
   "price": "0.01",
   "amount": "4253.19812747"
  },
  {
   "price": "0.010021",
   "amount": "2303.72749274"
  },
  {
   "price": "0.010055",
   "amount": "2283.7945567"
  },
  {
   "price": "0.01007",
   "amount": "2268.15984466"
  },
  {
   "price": "0.010087",
   "amount": "4355.43142289"
  },
  {
   "price": "0.010099",
   "amount": "2188.69778048"
  },
  {
   "price": "0.010131",
   "amount": "2212.7535613"
  },
  {
   "price": "0.010134",
   "amount": "2241.89622981"
  },
  {
   "price": "0.010141",
   "amount": "2214.71943518"
  },
  {
   "price": "0.01019",
   "amount": "2321.11346125"
  }
 ]
}