{
 "pair": "udcust",
 "bids": [
  {
   "price": "0.9579",
   "amount": "1767.73150871"
  },
  {
   "price": "0.95788",
   "amount": "4"
  },
  {
   "price": "0.81",
   "amount": "6.173"
  },
  {
   "price": "0.495",
   "amount": "10.101"
  },
  {
   "price": "0.2475",
   "amount": "20.202"
  },
  {
   "price": "0.13",
   "amount": "100"
  }
 ],
 "asks": [
  {
   "price": "1000",
   "amount": "1587.23002065"
  },
  {
   "price": "1001",
   "amount": "4"
  },
  {
   "price": "4456",
   "amount": "4.7"
  },
  {
   "price": "7680",
   "amount": "2"
  },
  {
   "price": "15360",
   "amount": "2"
  }
 ]
}