{
 "pair": "chzusd",
 "bids": [
  {
   "price": "0.009",
   "amount": "4783.2959849"
  },
  {
   "price": "0.0087144",
   "amount": "2295.04923454"
  },
  {
   "price": "0.0085709",
   "amount": "10758.07981065"
  },
  {
   "price": "0.0033",
   "amount": "25000"
  },
  {
   "price": "0.0005",
   "amount": "250000"
  },
  {
   "price": "0.0001",
   "amount": "2500"
  },
  {
   "price": "0.000069",
   "amount": "10000"
  },
  {
   "price": "0.00001",
   "amount": "25000"
  },
  {
   "price": "0.000001",
   "amount": "25000"
  }
 ],
 "asks": [
  {
   "price": "0.0125",
   "amount": "1000"
  },
  {
   "price": "0.01445",
   "amount": "2792.443304"
  },
  {
   "price": "0.12",
   "amount": "2046"
  },
  {
   "price": "0.14",
   "amount": "5000"
  }
 ]
}