{
 "pair": "stjbtc",
 "bids": [
  {
   "price": "0.00001506",
   "amount": "1201.77"
  },
  {
   "price": "0.00001503",
   "amount": "1314.92439185"
  },
  {
   "price": "0.000015",
   "amount": "5496.77"
  },
  {
   "price": "0.00001491",
   "amount": "1780.77"
  },
  {
   "price": "0.00001482",
   "amount": "3153.77"
  },
  {
   "price": "0.00001473",
   "amount": "2375.77"
  },
  {
   "price": "0.0000111",
   "amount": "673.96396396"
  },
  {
   "price": "0.00000545",
   "amount": "20000"
  },
  {
   "price": "0.0000035",
   "amount": "3000"
  },
  {
   "price": "0.00000205",
   "amount": "243.9"
  },
  {
   "price": "0.00000111",
   "amount": "4800"
  },
  {
   "price": "5e-7",
   "amount": "10100"
  },
  {
   "price": "9e-8",
   "amount": "10000"
  }
 ],
 "asks": [
  {
   "price": "0.00001546",
   "amount": "1314.92439185"
  },
  {
   "price": "0.00001547",
   "amount": "1107.77"
  },
  {
   "price": "0.00001551",
   "amount": "942.77"
  },
  {
   "price": "0.00001554",
   "amount": "1572.77"
  },
  {
   "price": "0.00001557",
   "amount": "1622.77"
  },
  {
   "price": "0.0000156",
   "amount": "1605.77"
  },
  {
   "price": "0.00001563",
   "amount": "1613.77"
  },
  {
   "price": "0.00001566",
   "amount": "1609.77"
  },
  {
   "price": "0.00001569",
   "amount": "1632.77"
  },
  {
   "price": "0.00001572",
   "amount": "1632.77"
  },
  {
   "price": "0.00001575",
   "amount": "1108.77"
  },
  {
   "price": "0.0000199",
   "amount": "237.664018"
  },
  {
   "price": "0.00002888",
   "amount": "3930"
  },
  {
   "price": "0.00003989",
   "amount": "3996.00000001"
  },
  {
   "price": "0.00004002",
   "amount": "4000"
  },
  {
   "price": "0.000043",
   "amount": "31.94"
  },
  {
   "price": "0.00004415",
   "amount": "0.85122828"
  },
  {
   "price": "0.00004665",
   "amount": "1"
  },
  {
   "price": "0.00004747",
   "amount": "299.7"
  },
  {
   "price": "0.00005466",
   "amount": "1"
  },
  {
   "price": "0.00005974",
   "amount": "1485.513"
  },
  {
   "price": "0.00006231",
   "amount": "1"
  },
  {
   "price": "0.00006949",
   "amount": "1"
  },
  {
   "price": "0.00007953",
   "amount": "1"
  },
  {
   "price": "0.00008004",
   "amount": "2000"
  }
 ]
}