{
 "pair": "udcusd",
 "bids": [
  {
   "price": "1.0022",
   "amount": "6193.43199558"
  },
  {
   "price": "1.0021",
   "amount": "884.43546537"
  },
  {
   "price": "1.0019",
   "amount": "1325.76772194"
  },
  {
   "price": "1.001",
   "amount": "1035"
  },
  {
   "price": "1.0001",
   "amount": "4390"
  },
  {
   "price": "1",
   "amount": "190122.60284293"
  },
  {
   "price": "0.991",
   "amount": "8393.753237"
  },
  {
   "price": "0.99",
   "amount": "29721.30907584"
  },
  {
   "price": "0.98",
   "amount": "30000"
  },
  {
   "price": "0.97",
   "amount": "30000"
  },
  {
   "price": "0.96",
   "amount": "30000"
  },
  {
   "price": "0.95",
   "amount": "50000"
  },
  {
   "price": "0.82502",
   "amount": "12.12079046"
  },
  {
   "price": "0.81",
   "amount": "6.173"
  },
  {
   "price": "0.51",
   "amount": "9.804"
  },
  {
   "price": "0.50308",
   "amount": "1120.00085433"
  },
  {
   "price": "0.5",
   "amount": "10"
  },
  {
   "price": "0.40116",
   "amount": "1923.15792838"
  },
  {
   "price": "0.30142",
   "amount": "1872.25802719"
  },
  {
   "price": "0.255",
   "amount": "19.608"
  },
  {
   "price": "0.20212",
   "amount": "3740.38712859"
  },
  {
   "price": "0.13",
   "amount": "100"
  },
  {
   "price": "0.12953",
   "amount": "7316.92854758"
  },
  {
   "price": "0.06246",
   "amount": "1520.5938628"
  },
  {
   "price": "0.0133",
   "amount": "100"
  }
 ],
 "asks": [
  {
   "price": "1.0062",
   "amount": "510.32249298"
  },
  {
   "price": "1.0065",
   "amount": "442.03280136"
  },
  {
   "price": "1.0069",
   "amount": "883.55753496"
  },
  {
   "price": "1.007",
   "amount": "1326.61929311"
  },
  {
   "price": "1.01",
   "amount": "1000"
  },
  {
   "price": "1.02",
   "amount": "1000"
  },
  {
   "price": "1.039",
   "amount": "243.50142536"
  },
  {
   "price": "1.078",
   "amount": "99.60115"
  },
  {
   "price": "1.08",
   "amount": "20619.69891"
  },
  {
   "price": "1.09",
   "amount": "9300"
  },
  {
   "price": "1.1",
   "amount": "25000"
  },
  {
   "price": "4.941",
   "amount": "28.84599976"
  },
  {
   "price": "7680",
   "amount": "2"
  },
  {
   "price": "15360",
   "amount": "2"
  }
 ]
}