{
 "pair": "rbtbtc",
 "bids": [
  {
   "price": "1.0538",
   "amount": "0.00209527"
  },
  {
   "price": "1.0537",
   "amount": "0.00310957"
  },
  {
   "price": "1.0488",
   "amount": "0.0141"
  },
  {
   "price": "1.0421",
   "amount": "0.0121"
  },
  {
   "price": "1.0333",
   "amount": "0.0012064"
  },
  {
   "price": "1.0277",
   "amount": "0.00892557"
  },
  {
   "price": "1.0218",
   "amount": "0.0051"
  },
  {
   "price": "1.0176",
   "amount": "0.0147"
  },
  {
   "price": "1.0122",
   "amount": "0.0071"
  },
  {
   "price": "1.0033",
   "amount": "0.0163"
  },
  {
   "price": "0.99848",
   "amount": "0.01091437"
  },
  {
   "price": "0.99396",
   "amount": "0.0048"
  },
  {
   "price": "0.97961",
   "amount": "0.003953"
  },
  {
   "price": "0.9796",
   "amount": "0.0027"
  },
  {
   "price": "0.975",
   "amount": "0.001403"
  },
  {
   "price": "0.973",
   "amount": "0.0331335"
  },
  {
   "price": "0.97101",
   "amount": "0.003"
  },
  {
   "price": "0.971",
   "amount": "0.0151"
  },
  {
   "price": "0.97",
   "amount": "0.02134488"
  },
  {
   "price": "0.967",
   "amount": "0.1"
  },
  {
   "price": "0.965",
   "amount": "0.02"
  },
  {
   "price": "0.962",
   "amount": "0.001"
  },
  {
   "price": "0.90002",
   "amount": "0.03571091"
  },
  {
   "price": "0.9",
   "amount": "0.3"
  },
  {
   "price": "0.77891",
   "amount": "0.0434432"
  }
 ],
 "asks": [
  {
   "price": "1.5515",
   "amount": "0.0127"
  },
  {
   "price": "2.0415",
   "amount": "0.003252"
  },
  {
   "price": "2.0417",
   "amount": "0.00158689"
  },
  {
   "price": "4.9999",
   "amount": "0.002997"
  },
  {
   "price": "18",
   "amount": "0.00665214"
  },
  {
   "price": "100",
   "amount": "0.001323"
  },
  {
   "price": "999",
   "amount": "0.000797"
  }
 ]
}