{
 "pair": "algusd",
 "bids": [
  {
   "price": "0.25002",
   "amount": "1199.90400768"
  },
  {
   "price": "0.25",
   "amount": "155.461646"
  },
  {
   "price": "0.243",
   "amount": "14"
  },
  {
   "price": "0.239",
   "amount": "109.18200487"
  },
  {
   "price": "0.19001",
   "amount": "5371.42076624"
  },
  {
   "price": "0.19",
   "amount": "77"
  },
  {
   "price": "0.18212",
   "amount": "50"
  },
  {
   "price": "0.16155",
   "amount": "500"
  },
  {
   "price": "0.12",
   "amount": "16"
  },
  {
   "price": "0.10367",
   "amount": "100"
  },
  {
   "price": "0.10077",
   "amount": "500"
  },
  {
   "price": "0.052416",
   "amount": "120"
  },
  {
   "price": "0.051",
   "amount": "10"
  },
  {
   "price": "0.021",
   "amount": "35"
  },
  {
   "price": "0.00397",
   "amount": "150"
  },
  {
   "price": "0.0039609",
   "amount": "1262.327"
  },
  {
   "price": "0.0033",
   "amount": "37803.032693"
  },
  {
   "price": "0.00111",
   "amount": "350"
  },
  {
   "price": "0.0011",
   "amount": "10000"
  },
  {
   "price": "0.001",
   "amount": "1000"
  },
  {
   "price": "0.0000116",
   "amount": "24500"
  },
  {
   "price": "0.00001",
   "amount": "50000"
  },
  {
   "price": "0.000006",
   "amount": "25000"
  },
  {
   "price": "0.000005",
   "amount": "25000"
  },
  {
   "price": "0.000003",
   "amount": "25000"
  }
 ],
 "asks": [
  {
   "price": "0.43499",
   "amount": "65.38392228"
  },
  {
   "price": "0.435",
   "amount": "49.9"
  },
  {
   "price": "0.47",
   "amount": "21881.985589"
  },
  {
   "price": "0.52",
   "amount": "6.441152"
  },
  {
   "price": "0.59",
   "amount": "300"
  },
  {
   "price": "0.69",
   "amount": "1000"
  },
  {
   "price": "0.7",
   "amount": "90.934"
  },
  {
   "price": "0.73",
   "amount": "29.96999999"
  },
  {
   "price": "0.79",
   "amount": "1000"
  },
  {
   "price": "0.89",
   "amount": "500"
  },
  {
   "price": "0.89619",
   "amount": "60"
  },
  {
   "price": "0.9",
   "amount": "1337.9972169"
  },
  {
   "price": "0.93647",
   "amount": "400"
  },
  {
   "price": "0.99",
   "amount": "50.949"
  },
  {
   "price": "1.034",
   "amount": "50"
  },
  {
   "price": "1.05",
   "amount": "9.56671"
  },
  {
   "price": "1.176",
   "amount": "150"
  },
  {
   "price": "1.2",
   "amount": "89.318749"
  },
  {
   "price": "1.4134",
   "amount": "79.53999999"
  },
  {
   "price": "1.61",
   "amount": "9.99"
  },
  {
   "price": "1.6416",
   "amount": "25"
  },
  {
   "price": "1.755",
   "amount": "17.20806001"
  },
  {
   "price": "1.86",
   "amount": "50"
  },
  {
   "price": "1.95",
   "amount": "28"
  },
  {
   "price": "2",
   "amount": "1614.27246"
  }
 ]
}