{
 "pair": "etheur",
 "bids": [
  {
   "price": "131.19",
   "amount": "0.64288807"
  },
  {
   "price": "131.18",
   "amount": "13.45297421"
  },
  {
   "price": "131.17",
   "amount": "18.49164923"
  },
  {
   "price": "131.14",
   "amount": "38.1318"
  },
  {
   "price": "131.13",
   "amount": "28.12031673"
  },
  {
   "price": "131.12",
   "amount": "25.25671001"
  },
  {
   "price": "131.11",
   "amount": "96.58862494"
  },
  {
   "price": "131.1",
   "amount": "69.70407626"
  },
  {
   "price": "131.09",
   "amount": "21.65351"
  },
  {
   "price": "131.08",
   "amount": "339.8206016"
  },
  {
   "price": "131.07",
   "amount": "18.40257"
  },
  {
   "price": "131.06",
   "amount": "125"
  },
  {
   "price": "131.05",
   "amount": "82.0666314"
  },
  {
   "price": "131.04",
   "amount": "28.78057"
  },
  {
   "price": "131.03",
   "amount": "300.85634552"
  },
  {
   "price": "131.02",
   "amount": "74.91111264"
  },
  {
   "price": "131.01",
   "amount": "30.58224421"
  },
  {
   "price": "130.99",
   "amount": "27.641455"
  },
  {
   "price": "130.98",
   "amount": "77.49018234"
  },
  {
   "price": "130.97",
   "amount": "76"
  },
  {
   "price": "130.96",
   "amount": "135"
  },
  {
   "price": "130.94",
   "amount": "130.23301539"
  },
  {
   "price": "130.92",
   "amount": "135"
  },
  {
   "price": "130.91",
   "amount": "5"
  },
  {
   "price": "130.89",
   "amount": "0.069"
  }
 ],
 "asks": [
  {
   "price": "131.27",
   "amount": "6"
  },
  {
   "price": "131.28",
   "amount": "0.08679361"
  },
  {
   "price": "131.29",
   "amount": "22.56986662"
  },
  {
   "price": "131.3",
   "amount": "9.91593853"
  },
  {
   "price": "131.32",
   "amount": "13.495222"
  },
  {
   "price": "131.33",
   "amount": "20.93230554"
  },
  {
   "price": "131.34",
   "amount": "1.29726969"
  },
  {
   "price": "131.35",
   "amount": "27.53177746"
  },
  {
   "price": "131.36",
   "amount": "47"
  },
  {
   "price": "131.38",
   "amount": "22.96275981"
  },
  {
   "price": "131.39",
   "amount": "73.842"
  },
  {
   "price": "131.4",
   "amount": "22"
  },
  {
   "price": "131.41",
   "amount": "102.72252785"
  },
  {
   "price": "131.42",
   "amount": "26.78977274"
  },
  {
   "price": "131.43",
   "amount": "205.927"
  },
  {
   "price": "131.44",
   "amount": "80.21"
  },
  {
   "price": "131.45",
   "amount": "3.315"
  },
  {
   "price": "131.48",
   "amount": "46.052"
  },
  {
   "price": "131.49",
   "amount": "1.736"
  },
  {
   "price": "131.5",
   "amount": "142.09844203"
  },
  {
   "price": "131.51",
   "amount": "41.09026161"
  },
  {
   "price": "131.53",
   "amount": "90"
  },
  {
   "price": "131.54",
   "amount": "30.61716831"
  },
  {
   "price": "131.55",
   "amount": "152.999"
  },
  {
   "price": "131.56",
   "amount": "0.07341703"
  }
 ]
}