{
 "pair": "rlcusd",
 "bids": [
  {
   "price": "0.53125",
   "amount": "517.6470588"
  },
  {
   "price": "0.53123",
   "amount": "564.72714267"
  },
  {
   "price": "0.53122",
   "amount": "555"
  },
  {
   "price": "0.527",
   "amount": "162"
  },
  {
   "price": "0.5122",
   "amount": "19.52350123"
  },
  {
   "price": "0.416",
   "amount": "30"
  },
  {
   "price": "0.40795",
   "amount": "444"
  },
  {
   "price": "0.39907",
   "amount": "444"
  },
  {
   "price": "0.39101",
   "amount": "444"
  },
  {
   "price": "0.39063",
   "amount": "1332"
  },
  {
   "price": "0.38668",
   "amount": "444"
  },
  {
   "price": "0.38481",
   "amount": "444"
  },
  {
   "price": "0.38209",
   "amount": "54.24211886"
  },
  {
   "price": "0.382",
   "amount": "23.297121"
  },
  {
   "price": "0.38002",
   "amount": "1000"
  },
  {
   "price": "0.37954",
   "amount": "1332"
  },
  {
   "price": "0.36952",
   "amount": "3108"
  },
  {
   "price": "0.35407",
   "amount": "1111"
  },
  {
   "price": "0.35342",
   "amount": "888"
  },
  {
   "price": "0.35224",
   "amount": "1332"
  },
  {
   "price": "0.35111",
   "amount": "426.65825666"
  },
  {
   "price": "0.35",
   "amount": "100"
  },
  {
   "price": "0.33706",
   "amount": "444"
  },
  {
   "price": "0.32612",
   "amount": "4793.19849975"
  },
  {
   "price": "0.32609",
   "amount": "888"
  }
 ],
 "asks": [
  {
   "price": "0.6407",
   "amount": "2150.83608254"
  },
  {
   "price": "0.6408",
   "amount": "7"
  },
  {
   "price": "0.66504",
   "amount": "55"
  },
  {
   "price": "0.68929",
   "amount": "222"
  },
  {
   "price": "0.71651",
   "amount": "55"
  },
  {
   "price": "0.78132",
   "amount": "703.31463116"
  },
  {
   "price": "0.78133",
   "amount": "55"
  },
  {
   "price": "0.85",
   "amount": "149.850963"
  },
  {
   "price": "0.88",
   "amount": "1002.04431009"
  },
  {
   "price": "0.88845",
   "amount": "315.68877206"
  },
  {
   "price": "0.92993",
   "amount": "222"
  },
  {
   "price": "0.95235",
   "amount": "282.30990967"
  },
  {
   "price": "0.97",
   "amount": "49.9"
  },
  {
   "price": "0.99",
   "amount": "1350"
  },
  {
   "price": "1",
   "amount": "686.770288"
  },
  {
   "price": "1.016",
   "amount": "222"
  },
  {
   "price": "1.0193",
   "amount": "267.84234982"
  },
  {
   "price": "1.03",
   "amount": "79.92"
  },
  {
   "price": "1.0677",
   "amount": "100"
  },
  {
   "price": "1.11",
   "amount": "77.69190483"
  },
  {
   "price": "1.1105",
   "amount": "222"
  },
  {
   "price": "1.1111",
   "amount": "222"
  },
  {
   "price": "1.1127",
   "amount": "304.80550662"
  },
  {
   "price": "1.1215",
   "amount": "222"
  },
  {
   "price": "1.1474",
   "amount": "222"
  }
 ]
}