{
 "pair": "trxgbp",
 "bids": [
  {
   "price": "0.010498",
   "amount": "24787.79307"
  },
  {
   "price": "0.010497",
   "amount": "12174.21888"
  },
  {
   "price": "0.010492",
   "amount": "51599.39231664"
  },
  {
   "price": "0.010479",
   "amount": "47720"
  },
  {
   "price": "0.010478",
   "amount": "158742.21911062"
  },
  {
   "price": "0.010455",
   "amount": "46735"
  },
  {
   "price": "0.010454",
   "amount": "100000"
  },
  {
   "price": "0.010445",
   "amount": "6041.25768738"
  },
  {
   "price": "0.010443",
   "amount": "50000"
  },
  {
   "price": "0.010436",
   "amount": "1107.705334"
  },
  {
   "price": "0.010432",
   "amount": "52493.43832021"
  },
  {
   "price": "0.01043",
   "amount": "99000"
  },
  {
   "price": "0.010426",
   "amount": "468779"
  },
  {
   "price": "0.010425",
   "amount": "10080.90314493"
  },
  {
   "price": "0.010406",
   "amount": "12028.98551"
  },
  {
   "price": "0.010404",
   "amount": "14341.78545634"
  },
  {
   "price": "0.0104",
   "amount": "475983"
  },
  {
   "price": "0.010395",
   "amount": "64404.78911914"
  },
  {
   "price": "0.010385",
   "amount": "5000"
  },
  {
   "price": "0.010383",
   "amount": "16182.96422107"
  },
  {
   "price": "0.010367",
   "amount": "43959.08552323"
  },
  {
   "price": "0.010366",
   "amount": "112180.54041548"
  },
  {
   "price": "0.010363",
   "amount": "17006.83466908"
  },
  {
   "price": "0.01033",
   "amount": "10000"
  },
  {
   "price": "0.01027",
   "amount": "73641.01650859"
  }
 ],
 "asks": [
  {
   "price": "0.010525",
   "amount": "36275.01280193"
  },
  {
   "price": "0.010526",
   "amount": "58841.41704765"
  },
  {
   "price": "0.010536",
   "amount": "12174.21888"
  },
  {
   "price": "0.010537",
   "amount": "3747.56030131"
  },
  {
   "price": "0.010538",
   "amount": "100000"
  },
  {
   "price": "0.010553",
   "amount": "47719"
  },
  {
   "price": "0.010554",
   "amount": "50000"
  },
  {
   "price": "0.010559",
   "amount": "14754.034332"
  },
  {
   "price": "0.010561",
   "amount": "782.45596929"
  },
  {
   "price": "0.010566",
   "amount": "46734"
  },
  {
   "price": "0.010568",
   "amount": "23728.145668"
  },
  {
   "price": "0.010582",
   "amount": "976.15329699"
  },
  {
   "price": "0.010602",
   "amount": "468778"
  },
  {
   "price": "0.010603",
   "amount": "1725.61791288"
  },
  {
   "price": "0.010623",
   "amount": "1240.44700002"
  },
  {
   "price": "0.010645",
   "amount": "1687.72677533"
  },
  {
   "price": "0.010697",
   "amount": "23250.85714286"
  },
  {
   "price": "0.010699",
   "amount": "23250.85714286"
  },
  {
   "price": "0.010711",
   "amount": "10000"
  },
  {
   "price": "0.010772",
   "amount": "25000"
  },
  {
   "price": "0.010787",
   "amount": "10000"
  },
  {
   "price": "0.010809",
   "amount": "9994"
  },
  {
   "price": "0.010862",
   "amount": "444836.7072003"
  },
  {
   "price": "0.010863",
   "amount": "16270"
  },
  {
   "price": "0.01088",
   "amount": "274617.5780396"
  }
 ]
}