{
 "pair": "enjusd",
 "bids": [
  {
   "price": "0.082822",
   "amount": "0.73467486"
  },
  {
   "price": "0.070117",
   "amount": "4444"
  },
  {
   "price": "0.07007",
   "amount": "453.32522379"
  },
  {
   "price": "0.06978",
   "amount": "346"
  },
  {
   "price": "0.06912",
   "amount": "86.41975383"
  },
  {
   "price": "0.06627",
   "amount": "150.88736861"
  },
  {
   "price": "0.06",
   "amount": "200"
  },
  {
   "price": "0.05841",
   "amount": "7049.583962"
  },
  {
   "price": "0.05177",
   "amount": "7641.906594"
  },
  {
   "price": "0.05",
   "amount": "216.36142556"
  },
  {
   "price": "0.041",
   "amount": "500"
  },
  {
   "price": "0.02661",
   "amount": "4000"
  },
  {
   "price": "0.02658",
   "amount": "3000"
  },
  {
   "price": "0.02656",
   "amount": "3000"
  },
  {
   "price": "0.026552",
   "amount": "100"
  },
  {
   "price": "0.02612",
   "amount": "500"
  },
  {
   "price": "0.013",
   "amount": "1000"
  },
  {
   "price": "0.0082629",
   "amount": "4000"
  },
  {
   "price": "0.006",
   "amount": "100"
  },
  {
   "price": "0.0055275",
   "amount": "905.568"
  },
  {
   "price": "0.0051755",
   "amount": "100"
  },
  {
   "price": "0.0014",
   "amount": "2500"
  },
  {
   "price": "0.001221",
   "amount": "900"
  },
  {
   "price": "0.0011",
   "amount": "200"
  },
  {
   "price": "0.001",
   "amount": "10000"
  }
 ],
 "asks": [
  {
   "price": "0.093337",
   "amount": "237.10663263"
  },
  {
   "price": "0.1",
   "amount": "1318.55420191"
  },
  {
   "price": "0.11875",
   "amount": "36"
  },
  {
   "price": "0.13674",
   "amount": "3266"
  },
  {
   "price": "0.13675",
   "amount": "3800"
  },
  {
   "price": "0.13676",
   "amount": "6872.418247"
  },
  {
   "price": "0.14",
   "amount": "1906"
  },
  {
   "price": "0.14009",
   "amount": "53"
  },
  {
   "price": "0.143",
   "amount": "200"
  },
  {
   "price": "0.14902",
   "amount": "200"
  },
  {
   "price": "0.15",
   "amount": "99"
  },
  {
   "price": "0.15983",
   "amount": "1519.04855834"
  },
  {
   "price": "0.1625",
   "amount": "442.4637106"
  },
  {
   "price": "0.169",
   "amount": "799.2"
  },
  {
   "price": "0.17",
   "amount": "30.91117433"
  },
  {
   "price": "0.17127",
   "amount": "40"
  },
  {
   "price": "0.17426",
   "amount": "1300"
  },
  {
   "price": "0.1775",
   "amount": "358.26090458"
  },
  {
   "price": "0.18",
   "amount": "500"
  },
  {
   "price": "0.182",
   "amount": "100"
  },
  {
   "price": "0.183",
   "amount": "260"
  },
  {
   "price": "0.18495",
   "amount": "2448.3"
  },
  {
   "price": "0.186",
   "amount": "502.42829765"
  },
  {
   "price": "0.18782",
   "amount": "1397.6951"
  },
  {
   "price": "0.18789",
   "amount": "299.4"
  }
 ]
}