{
 "pair": "lymusd",
 "bids": [
  {
   "price": "0.0026073",
   "amount": "1561.5357151"
  },
  {
   "price": "0.0026019",
   "amount": "2081.798951"
  },
  {
   "price": "0.0025",
   "amount": "5000"
  },
  {
   "price": "0.002",
   "amount": "10000"
  },
  {
   "price": "0.00123",
   "amount": "10000"
  },
  {
   "price": "0.00121",
   "amount": "1410"
  },
  {
   "price": "0.00089648",
   "amount": "500000"
  },
  {
   "price": "0.00075867",
   "amount": "400000"
  },
  {
   "price": "0.0007",
   "amount": "10000"
  },
  {
   "price": "0.00065",
   "amount": "10000"
  },
  {
   "price": "0.00055197",
   "amount": "400000"
  },
  {
   "price": "0.00034526",
   "amount": "400000"
  },
  {
   "price": "0.0003021",
   "amount": "16339.35207517"
  },
  {
   "price": "0.0003",
   "amount": "10000"
  },
  {
   "price": "0.000121",
   "amount": "10000"
  },
  {
   "price": "0.0001",
   "amount": "21000"
  },
  {
   "price": "0.00009876",
   "amount": "10000"
  },
  {
   "price": "0.0000811",
   "amount": "50000"
  },
  {
   "price": "0.000051",
   "amount": "57762.70415034"
  },
  {
   "price": "0.00004",
   "amount": "25000"
  },
  {
   "price": "0.00001",
   "amount": "40000"
  },
  {
   "price": "0.000007",
   "amount": "1010000"
  },
  {
   "price": "0.00000111",
   "amount": "365396.19220068"
  },
  {
   "price": "0.0000011",
   "amount": "300000"
  },
  {
   "price": "0.000001",
   "amount": "400000"
  }
 ],
 "asks": [
  {
   "price": "0.0044991",
   "amount": "24719.21686521"
  },
  {
   "price": "0.0045",
   "amount": "8416.72131786"
  },
  {
   "price": "0.01",
   "amount": "4994.99"
  },
  {
   "price": "0.010108",
   "amount": "8586.25784511"
  },
  {
   "price": "0.010332",
   "amount": "7052.15690011"
  },
  {
   "price": "0.01052",
   "amount": "7676.08643051"
  },
  {
   "price": "0.010707",
   "amount": "6543.85182544"
  },
  {
   "price": "0.010857",
   "amount": "8058.18373274"
  },
  {
   "price": "0.01101",
   "amount": "1170.4581321"
  },
  {
   "price": "0.011156",
   "amount": "6461.30475374"
  },
  {
   "price": "0.011493",
   "amount": "5024.41858673"
  },
  {
   "price": "0.012",
   "amount": "10395.653441"
  },
  {
   "price": "0.014",
   "amount": "146364.34803678"
  },
  {
   "price": "0.015",
   "amount": "200000"
  },
  {
   "price": "0.016",
   "amount": "200000"
  },
  {
   "price": "0.017",
   "amount": "200000"
  },
  {
   "price": "0.018",
   "amount": "200000"
  },
  {
   "price": "0.019999",
   "amount": "10126.68299"
  },
  {
   "price": "0.02",
   "amount": "208224.56875211"
  },
  {
   "price": "0.022",
   "amount": "44993.07"
  },
  {
   "price": "0.025",
   "amount": "107596.01313637"
  },
  {
   "price": "0.025315",
   "amount": "1000"
  },
  {
   "price": "0.0275",
   "amount": "85465.215448"
  },
  {
   "price": "0.0285",
   "amount": "100000"
  },
  {
   "price": "0.029",
   "amount": "50000"
  }
 ]
}