{
 "pair": "sntbtc",
 "bids": [
  {
   "price": "0.00000139",
   "amount": "135234.16465183"
  },
  {
   "price": "0.00000138",
   "amount": "30522.77"
  },
  {
   "price": "0.00000137",
   "amount": "80107.86344"
  },
  {
   "price": "0.00000136",
   "amount": "62293.77"
  },
  {
   "price": "0.00000134",
   "amount": "81839.32253301"
  },
  {
   "price": "0.00000112",
   "amount": "68838.72576579"
  },
  {
   "price": "0.00000111",
   "amount": "38"
  },
  {
   "price": "0.0000011",
   "amount": "117372.06784635"
  },
  {
   "price": "0.00000101",
   "amount": "38"
  },
  {
   "price": "0.000001",
   "amount": "10000"
  },
  {
   "price": "6.4e-7",
   "amount": "200000"
  },
  {
   "price": "6.3e-7",
   "amount": "99934.9480664"
  },
  {
   "price": "3.2e-7",
   "amount": "49"
  },
  {
   "price": "2.5e-7",
   "amount": "531.06212425"
  },
  {
   "price": "2.1e-7",
   "amount": "500000"
  },
  {
   "price": "1.8e-7",
   "amount": "3247.78"
  },
  {
   "price": "1.3e-7",
   "amount": "500000"
  },
  {
   "price": "1.1e-7",
   "amount": "567761.95873592"
  },
  {
   "price": "1e-7",
   "amount": "101200"
  },
  {
   "price": "9e-8",
   "amount": "10000"
  },
  {
   "price": "4e-8",
   "amount": "600000"
  },
  {
   "price": "3e-8",
   "amount": "100000"
  },
  {
   "price": "2e-8",
   "amount": "200000"
  },
  {
   "price": "1e-8",
   "amount": "200000"
  }
 ],
 "asks": [
  {
   "price": "0.00000142",
   "amount": "64022.55882571"
  },
  {
   "price": "0.00000144",
   "amount": "50263.15546"
  },
  {
   "price": "0.00000168",
   "amount": "8071.37155211"
  },
  {
   "price": "0.00000175",
   "amount": "519.040627"
  },
  {
   "price": "0.00000178",
   "amount": "250"
  },
  {
   "price": "0.00000198",
   "amount": "126"
  },
  {
   "price": "0.000002",
   "amount": "518"
  },
  {
   "price": "0.0000024",
   "amount": "197.649808"
  },
  {
   "price": "0.00000251",
   "amount": "5063.429"
  },
  {
   "price": "0.0000028",
   "amount": "555"
  },
  {
   "price": "0.00000305",
   "amount": "495.52"
  },
  {
   "price": "0.00000335",
   "amount": "555"
  },
  {
   "price": "0.00000358",
   "amount": "200"
  },
  {
   "price": "0.0000037",
   "amount": "209.94"
  },
  {
   "price": "0.00000373",
   "amount": "271.72983659"
  },
  {
   "price": "0.00000382",
   "amount": "200"
  },
  {
   "price": "0.00000395",
   "amount": "555"
  },
  {
   "price": "0.00000398",
   "amount": "218.51034118"
  },
  {
   "price": "0.000004",
   "amount": "472.37899925"
  },
  {
   "price": "0.00000403",
   "amount": "200"
  },
  {
   "price": "0.0000042",
   "amount": "200"
  },
  {
   "price": "0.00000441",
   "amount": "204.05660248"
  },
  {
   "price": "0.00000448",
   "amount": "555"
  },
  {
   "price": "0.00000457",
   "amount": "20000"
  },
  {
   "price": "0.0000047",
   "amount": "19500"
  }
 ]
}