{
 "pair": "dgbbtc",
 "bids": [
  {
   "price": "8.4e-7",
   "amount": "34933.3333333"
  },
  {
   "price": "8.3e-7",
   "amount": "40000"
  },
  {
   "price": "7.9e-7",
   "amount": "15000"
  },
  {
   "price": "7.5e-7",
   "amount": "2000"
  },
  {
   "price": "4.5e-7",
   "amount": "46791.777777"
  },
  {
   "price": "2.7e-7",
   "amount": "3000"
  },
  {
   "price": "2.6e-7",
   "amount": "500000"
  },
  {
   "price": "2.5e-7",
   "amount": "1000000"
  },
  {
   "price": "2.3e-7",
   "amount": "408445.09434782"
  },
  {
   "price": "2.1e-7",
   "amount": "7190.00666666"
  },
  {
   "price": "1.1e-7",
   "amount": "904.02181818"
  },
  {
   "price": "9e-8",
   "amount": "10000"
  },
  {
   "price": "3e-8",
   "amount": "200000"
  },
  {
   "price": "2e-8",
   "amount": "1010000"
  }
 ],
 "asks": [
  {
   "price": "9.1e-7",
   "amount": "1010"
  },
  {
   "price": "9.3e-7",
   "amount": "10631.358"
  },
  {
   "price": "9.4e-7",
   "amount": "500000"
  },
  {
   "price": "0.000001",
   "amount": "23316.636923"
  },
  {
   "price": "0.00000109",
   "amount": "36022.964077"
  },
  {
   "price": "0.00000111",
   "amount": "120264.669821"
  },
  {
   "price": "0.00000122",
   "amount": "25000"
  },
  {
   "price": "0.00000133",
   "amount": "50000"
  },
  {
   "price": "0.00000134",
   "amount": "21293.526068"
  },
  {
   "price": "0.00000141",
   "amount": "20000"
  },
  {
   "price": "0.00000144",
   "amount": "25000"
  },
  {
   "price": "0.0000015",
   "amount": "22850.044614"
  },
  {
   "price": "0.0000016",
   "amount": "44514.542857"
  },
  {
   "price": "0.00000167",
   "amount": "12743.46893984"
  },
  {
   "price": "0.00000168",
   "amount": "1616"
  },
  {
   "price": "0.0000018",
   "amount": "609.75227472"
  },
  {
   "price": "0.00000181",
   "amount": "2944.63419362"
  },
  {
   "price": "0.00000182",
   "amount": "5567.90530661"
  },
  {
   "price": "0.00000191",
   "amount": "2510.487"
  },
  {
   "price": "0.00000205",
   "amount": "1000"
  },
  {
   "price": "0.0000022",
   "amount": "5448.05"
  },
  {
   "price": "0.0000023",
   "amount": "115000"
  },
  {
   "price": "0.00000233",
   "amount": "1500"
  },
  {
   "price": "0.0000029",
   "amount": "2500"
  },
  {
   "price": "0.00000294",
   "amount": "10576.28325291"
  }
 ]
}