{
 "pair": "astusd",
 "bids": [
  {
   "price": "0.017009",
   "amount": "6107.8410326"
  },
  {
   "price": "0.017006",
   "amount": "5269.00889242"
  },
  {
   "price": "0.017",
   "amount": "2600"
  },
  {
   "price": "0.011",
   "amount": "640"
  },
  {
   "price": "0.0084001",
   "amount": "800"
  },
  {
   "price": "0.0084",
   "amount": "2000"
  },
  {
   "price": "0.003",
   "amount": "300"
  },
  {
   "price": "0.00084",
   "amount": "10000"
  },
  {
   "price": "0.0002",
   "amount": "5000"
  },
  {
   "price": "0.0001",
   "amount": "1000"
  },
  {
   "price": "0.00002",
   "amount": "50000"
  },
  {
   "price": "0.000011",
   "amount": "250000"
  },
  {
   "price": "0.00001",
   "amount": "260000"
  },
  {
   "price": "0.0000011",
   "amount": "500000"
  },
  {
   "price": "0.000001",
   "amount": "350000"
  },
  {
   "price": "1.1e-7",
   "amount": "4500000"
  },
  {
   "price": "1e-7",
   "amount": "400000"
  }
 ],
 "asks": [
  {
   "price": "0.048793",
   "amount": "238.65242013"
  },
  {
   "price": "0.048794",
   "amount": "1373.359399"
  },
  {
   "price": "0.049982",
   "amount": "90"
  },
  {
   "price": "0.069999",
   "amount": "100"
  },
  {
   "price": "0.07",
   "amount": "999"
  },
  {
   "price": "0.074",
   "amount": "2351.660989"
  },
  {
   "price": "0.0748",
   "amount": "419.09264497"
  },
  {
   "price": "0.076989",
   "amount": "258.1416"
  },
  {
   "price": "0.077",
   "amount": "522.477"
  },
  {
   "price": "0.08",
   "amount": "499"
  },
  {
   "price": "0.085",
   "amount": "300"
  },
  {
   "price": "0.095",
   "amount": "75.848"
  },
  {
   "price": "0.099",
   "amount": "500"
  },
  {
   "price": "0.1",
   "amount": "1436.84095915"
  },
  {
   "price": "0.18378",
   "amount": "260.2300147"
  },
  {
   "price": "0.19",
   "amount": "641.571428"
  },
  {
   "price": "0.25",
   "amount": "499"
  },
  {
   "price": "0.3",
   "amount": "84"
  },
  {
   "price": "0.36025",
   "amount": "344.98735453"
  },
  {
   "price": "0.49062",
   "amount": "169.5572489"
  },
  {
   "price": "10",
   "amount": "302.050961"
  },
  {
   "price": "99",
   "amount": "263.335075"
  }
 ]
}