{
 "pair": "neousd",
 "bids": [
  {
   "price": "8.6499",
   "amount": "88.83479819"
  },
  {
   "price": "8.6498",
   "amount": "11.20301806"
  },
  {
   "price": "8.638",
   "amount": "200"
  },
  {
   "price": "8.6341",
   "amount": "4.40612595"
  },
  {
   "price": "8.6177",
   "amount": "24"
  },
  {
   "price": "8.6176",
   "amount": "192.20421301"
  },
  {
   "price": "8.6153",
   "amount": "50"
  },
  {
   "price": "8.6143",
   "amount": "516.41454589"
  },
  {
   "price": "8.6142",
   "amount": "400"
  },
  {
   "price": "8.6141",
   "amount": "200"
  },
  {
   "price": "8.6095",
   "amount": "64.8"
  },
  {
   "price": "8.6072",
   "amount": "80.3"
  },
  {
   "price": "8.6065",
   "amount": "75"
  },
  {
   "price": "8.6054",
   "amount": "87.6"
  },
  {
   "price": "8.6051",
   "amount": "200"
  },
  {
   "price": "8.6049",
   "amount": "200"
  },
  {
   "price": "8.6046",
   "amount": "3.23835308"
  },
  {
   "price": "8.6044",
   "amount": "500.61867058"
  },
  {
   "price": "8.6041",
   "amount": "51.74392804"
  },
  {
   "price": "8.6029",
   "amount": "553.3"
  },
  {
   "price": "8.6026",
   "amount": "103.48127146"
  },
  {
   "price": "8.6007",
   "amount": "1201.00682905"
  },
  {
   "price": "8.5967",
   "amount": "100"
  },
  {
   "price": "8.595",
   "amount": "155.23178411"
  },
  {
   "price": "8.5946",
   "amount": "385.41700603"
  }
 ],
 "asks": [
  {
   "price": "8.65",
   "amount": "301.45804285"
  },
  {
   "price": "8.651",
   "amount": "467.6"
  },
  {
   "price": "8.657",
   "amount": "10"
  },
  {
   "price": "8.6571",
   "amount": "8.41936775"
  },
  {
   "price": "8.6601",
   "amount": "19.9605994"
  },
  {
   "price": "8.6604",
   "amount": "382.32166556"
  },
  {
   "price": "8.6642",
   "amount": "553.2"
  },
  {
   "price": "8.6643",
   "amount": "15.08603441"
  },
  {
   "price": "8.668",
   "amount": "100"
  },
  {
   "price": "8.67",
   "amount": "43.99"
  },
  {
   "price": "8.68",
   "amount": "84"
  },
  {
   "price": "8.685",
   "amount": "0.6"
  },
  {
   "price": "8.6857",
   "amount": "31.71668667"
  },
  {
   "price": "8.6899",
   "amount": "563.06673971"
  },
  {
   "price": "8.69",
   "amount": "84"
  },
  {
   "price": "8.691",
   "amount": "60.2"
  },
  {
   "price": "8.6939",
   "amount": "72.2"
  },
  {
   "price": "8.707",
   "amount": "2778.5"
  },
  {
   "price": "8.7071",
   "amount": "24.20968387"
  },
  {
   "price": "8.7086",
   "amount": "5.72995902"
  },
  {
   "price": "8.7143",
   "amount": "15.71828731"
  },
  {
   "price": "8.7163",
   "amount": "1.97318"
  },
  {
   "price": "8.718",
   "amount": "2821.2"
  },
  {
   "price": "8.7286",
   "amount": "28.7715086"
  },
  {
   "price": "8.7302",
   "amount": "2826.4"
  }
 ]
}