{
 "pair": "iotjpy",
 "bids": [
  {
   "price": "21.393",
   "amount": "134.15204768"
  },
  {
   "price": "21.392",
   "amount": "48.1"
  },
  {
   "price": "21.351",
   "amount": "2451"
  },
  {
   "price": "21.339",
   "amount": "1665.05941314"
  },
  {
   "price": "21.338",
   "amount": "3456.18860287"
  },
  {
   "price": "21.316",
   "amount": "1184.676224"
  },
  {
   "price": "21.308",
   "amount": "10000"
  },
  {
   "price": "21.306",
   "amount": "700"
  },
  {
   "price": "21.294",
   "amount": "14316.03656541"
  },
  {
   "price": "21.285",
   "amount": "97.10343208"
  },
  {
   "price": "21.28",
   "amount": "3000"
  },
  {
   "price": "21.279",
   "amount": "31307.03224521"
  },
  {
   "price": "21.277",
   "amount": "27125.8727822"
  },
  {
   "price": "21.276",
   "amount": "16388.07313083"
  },
  {
   "price": "21.265",
   "amount": "2281.25348633"
  },
  {
   "price": "21.258",
   "amount": "1000"
  },
  {
   "price": "21.256",
   "amount": "15000"
  },
  {
   "price": "21.249",
   "amount": "19684.89111536"
  },
  {
   "price": "21.246",
   "amount": "977.94970174"
  },
  {
   "price": "21.245",
   "amount": "3300"
  },
  {
   "price": "21.242",
   "amount": "97.29900798"
  },
  {
   "price": "21.228",
   "amount": "13204.87055118"
  },
  {
   "price": "21.227",
   "amount": "11138"
  },
  {
   "price": "21.211",
   "amount": "28.0704794"
  },
  {
   "price": "21.209",
   "amount": "635.16769531"
  }
 ],
 "asks": [
  {
   "price": "21.405",
   "amount": "8943.47816496"
  },
  {
   "price": "21.406",
   "amount": "10000"
  },
  {
   "price": "21.414",
   "amount": "3043"
  },
  {
   "price": "21.418",
   "amount": "3870"
  },
  {
   "price": "21.424",
   "amount": "2820"
  },
  {
   "price": "21.425",
   "amount": "260.65722531"
  },
  {
   "price": "21.428",
   "amount": "5911.42416"
  },
  {
   "price": "21.429",
   "amount": "700"
  },
  {
   "price": "21.433",
   "amount": "977.94970174"
  },
  {
   "price": "21.435",
   "amount": "8194.03656541"
  },
  {
   "price": "21.438",
   "amount": "5000"
  },
  {
   "price": "21.452",
   "amount": "2244.51995543"
  },
  {
   "price": "21.47",
   "amount": "1121"
  },
  {
   "price": "21.493",
   "amount": "28364.99698287"
  },
  {
   "price": "21.494",
   "amount": "3000"
  },
  {
   "price": "21.505",
   "amount": "1000"
  },
  {
   "price": "21.527",
   "amount": "977.94970174"
  },
  {
   "price": "21.538",
   "amount": "11137"
  },
  {
   "price": "21.539",
   "amount": "998.96"
  },
  {
   "price": "21.589",
   "amount": "2375.27463781"
  },
  {
   "price": "21.59",
   "amount": "1000"
  },
  {
   "price": "21.605",
   "amount": "2375.27463781"
  },
  {
   "price": "21.606",
   "amount": "2375.27463781"
  },
  {
   "price": "21.608",
   "amount": "28.0704794"
  },
  {
   "price": "21.616",
   "amount": "45401.2"
  }
 ]
}