{
 "pair": "ufreth",
 "bids": [
  {
   "price": "0.00013351",
   "amount": "1917.59352923"
  },
  {
   "price": "0.0001335",
   "amount": "374.5318352"
  },
  {
   "price": "0.00013347",
   "amount": "3365.029057"
  },
  {
   "price": "0.00012",
   "amount": "500"
  },
  {
   "price": "0.00011347",
   "amount": "45.23095939"
  },
  {
   "price": "0.00011342",
   "amount": "43.538"
  },
  {
   "price": "0.00010733",
   "amount": "1500"
  },
  {
   "price": "0.00010538",
   "amount": "80"
  },
  {
   "price": "0.0001",
   "amount": "40"
  },
  {
   "price": "0.00009452",
   "amount": "56.63842"
  },
  {
   "price": "0.00009212",
   "amount": "412"
  },
  {
   "price": "0.00008423",
   "amount": "1197.87917982"
  },
  {
   "price": "0.00007532",
   "amount": "153"
  },
  {
   "price": "0.00007232",
   "amount": "132.482742"
  },
  {
   "price": "0.00006324",
   "amount": "73.563842"
  },
  {
   "price": "0.00006283",
   "amount": "125.5283"
  },
  {
   "price": "0.00005282",
   "amount": "212"
  },
  {
   "price": "0.00004821",
   "amount": "132.428172"
  },
  {
   "price": "0.00004422",
   "amount": "153.522837"
  },
  {
   "price": "0.00003847",
   "amount": "146.53228"
  },
  {
   "price": "0.00003211",
   "amount": "155.332837"
  },
  {
   "price": "0.00002842",
   "amount": "326.428472"
  },
  {
   "price": "0.00002213",
   "amount": "211.21828"
  },
  {
   "price": "0.00002",
   "amount": "211"
  },
  {
   "price": "0.00001582",
   "amount": "312.318388"
  }
 ],
 "asks": [
  {
   "price": "0.000165",
   "amount": "125.5282"
  },
  {
   "price": "0.00017423",
   "amount": "242"
  },
  {
   "price": "0.00018518",
   "amount": "858.62300894"
  },
  {
   "price": "0.00018522",
   "amount": "400"
  },
  {
   "price": "0.00019327",
   "amount": "542.3827"
  },
  {
   "price": "0.0002",
   "amount": "1321.2183"
  },
  {
   "price": "0.00023",
   "amount": "499.5"
  },
  {
   "price": "0.00026878",
   "amount": "2344.76033"
  },
  {
   "price": "0.00027",
   "amount": "8429.98234496"
  },
  {
   "price": "0.0003",
   "amount": "4775.97306689"
  },
  {
   "price": "0.00031",
   "amount": "500"
  },
  {
   "price": "0.00031219",
   "amount": "120.3193"
  },
  {
   "price": "0.00032",
   "amount": "500"
  },
  {
   "price": "0.00032312",
   "amount": "100"
  },
  {
   "price": "0.00033",
   "amount": "700"
  },
  {
   "price": "0.00034",
   "amount": "500"
  },
  {
   "price": "0.00034289",
   "amount": "429.4294"
  },
  {
   "price": "0.00035928",
   "amount": "200"
  },
  {
   "price": "0.000361",
   "amount": "73.3775508"
  },
  {
   "price": "0.00037538",
   "amount": "84.4284"
  },
  {
   "price": "0.00038043",
   "amount": "328.528"
  },
  {
   "price": "0.0003948",
   "amount": "1856.88448445"
  },
  {
   "price": "0.0004",
   "amount": "4321.19796276"
  },
  {
   "price": "0.00041328",
   "amount": "242.4248"
  },
  {
   "price": "0.00042426",
   "amount": "342.4284"
  }
 ]
}