{
 "pair": "ethgbp",
 "bids": [
  {
   "price": "110.94",
   "amount": "26.5265"
  },
  {
   "price": "110.88",
   "amount": "0.64288807"
  },
  {
   "price": "110.87",
   "amount": "13.45297421"
  },
  {
   "price": "110.86",
   "amount": "18.49164923"
  },
  {
   "price": "110.83",
   "amount": "74.4648"
  },
  {
   "price": "110.82",
   "amount": "53.37702674"
  },
  {
   "price": "110.81",
   "amount": "104.10362494"
  },
  {
   "price": "110.8",
   "amount": "86.84258626"
  },
  {
   "price": "110.79",
   "amount": "183.455"
  },
  {
   "price": "110.78",
   "amount": "162.1426016"
  },
  {
   "price": "110.77",
   "amount": "287.27582584"
  },
  {
   "price": "110.76",
   "amount": "55.38"
  },
  {
   "price": "110.75",
   "amount": "47.25057"
  },
  {
   "price": "110.74",
   "amount": "155.71113732"
  },
  {
   "price": "110.73",
   "amount": "105.49335685"
  },
  {
   "price": "110.71",
   "amount": "10.512185"
  },
  {
   "price": "110.7",
   "amount": "97.67523868"
  },
  {
   "price": "110.69",
   "amount": "76"
  },
  {
   "price": "110.67",
   "amount": "256.30062341"
  },
  {
   "price": "110.66",
   "amount": "18.1"
  },
  {
   "price": "110.65",
   "amount": "135"
  },
  {
   "price": "110.64",
   "amount": "5"
  },
  {
   "price": "110.62",
   "amount": "0.069"
  },
  {
   "price": "110.61",
   "amount": "80.0861071"
  },
  {
   "price": "110.6",
   "amount": "191"
  }
 ],
 "asks": [
  {
   "price": "110.96",
   "amount": "35.29243389"
  },
  {
   "price": "110.98",
   "amount": "17.27666023"
  },
  {
   "price": "110.99",
   "amount": "6"
  },
  {
   "price": "111",
   "amount": "12.25350569"
  },
  {
   "price": "111.02",
   "amount": "30"
  },
  {
   "price": "111.03",
   "amount": "48.93230554"
  },
  {
   "price": "111.04",
   "amount": "36.495571"
  },
  {
   "price": "111.05",
   "amount": "110"
  },
  {
   "price": "111.06",
   "amount": "28.36252785"
  },
  {
   "price": "111.07",
   "amount": "26.78977274"
  },
  {
   "price": "111.08",
   "amount": "200"
  },
  {
   "price": "111.09",
   "amount": "87.842"
  },
  {
   "price": "111.1",
   "amount": "1.61"
  },
  {
   "price": "111.12",
   "amount": "46.052"
  },
  {
   "price": "111.13",
   "amount": "73.43200909"
  },
  {
   "price": "111.14",
   "amount": "142.09844203"
  },
  {
   "price": "111.15",
   "amount": "45"
  },
  {
   "price": "111.16",
   "amount": "42.35680607"
  },
  {
   "price": "111.17",
   "amount": "45"
  },
  {
   "price": "111.19",
   "amount": "153.07241703"
  },
  {
   "price": "111.2",
   "amount": "0.069"
  },
  {
   "price": "111.21",
   "amount": "0.2"
  },
  {
   "price": "111.22",
   "amount": "467.96791964"
  },
  {
   "price": "111.25",
   "amount": "0.08616509"
  },
  {
   "price": "111.28",
   "amount": "1.35904379"
  }
 ]
}