{
 "pair": "pnkusd",
 "bids": [
  {
   "price": "0.0056075",
   "amount": "49041.4623272"
  },
  {
   "price": "0.0056072",
   "amount": "53502.63946355"
  },
  {
   "price": "0.0056071",
   "amount": "273033.80268765"
  },
  {
   "price": "0.00527",
   "amount": "1896.47521117"
  },
  {
   "price": "0.0036001",
   "amount": "1500"
  },
  {
   "price": "0.003",
   "amount": "2000"
  },
  {
   "price": "0.002678",
   "amount": "24154.3820163"
  },
  {
   "price": "0.0018433",
   "amount": "440"
  },
  {
   "price": "0.0011234",
   "amount": "4175.3484895"
  },
  {
   "price": "0.001",
   "amount": "101000"
  },
  {
   "price": "0.0005",
   "amount": "10000"
  },
  {
   "price": "0.000211",
   "amount": "5000"
  },
  {
   "price": "0.00021",
   "amount": "500"
  },
  {
   "price": "0.00011",
   "amount": "100000"
  },
  {
   "price": "0.0001",
   "amount": "20000"
  },
  {
   "price": "0.00005",
   "amount": "100000"
  },
  {
   "price": "0.00004",
   "amount": "25000"
  },
  {
   "price": "0.000015",
   "amount": "100000"
  },
  {
   "price": "0.0000122",
   "amount": "90000"
  },
  {
   "price": "0.000011",
   "amount": "1000000"
  },
  {
   "price": "0.00001",
   "amount": "10000"
  },
  {
   "price": "0.000005",
   "amount": "1000000"
  },
  {
   "price": "0.00000111",
   "amount": "1000000"
  },
  {
   "price": "0.000001",
   "amount": "1000000"
  },
  {
   "price": "7.5e-7",
   "amount": "1000000"
  }
 ],
 "asks": [
  {
   "price": "0.014499",
   "amount": "2440.99326606"
  },
  {
   "price": "0.0145",
   "amount": "4140.86"
  },
  {
   "price": "0.015",
   "amount": "215601"
  },
  {
   "price": "0.018337",
   "amount": "17593.276175"
  },
  {
   "price": "0.02",
   "amount": "963"
  },
  {
   "price": "0.03",
   "amount": "621.64042387"
  },
  {
   "price": "0.038",
   "amount": "5489"
  },
  {
   "price": "0.0729",
   "amount": "1497"
  },
  {
   "price": "0.111",
   "amount": "2620.6827487"
  },
  {
   "price": "0.498",
   "amount": "1400"
  },
  {
   "price": "0.99",
   "amount": "6092"
  },
  {
   "price": "1.5",
   "amount": "128462.64466426"
  },
  {
   "price": "9.99",
   "amount": "500"
  },
  {
   "price": "348",
   "amount": "2053.0425365"
  }
 ]
}