{
 "pair": "xtzbtc",
 "bids": [
  {
   "price": "0.00023759",
   "amount": "170.03591224"
  },
  {
   "price": "0.00023758",
   "amount": "257.53128758"
  },
  {
   "price": "0.00023747",
   "amount": "514.83224336"
  },
  {
   "price": "0.00023711",
   "amount": "235.78900577"
  },
  {
   "price": "0.0002371",
   "amount": "2300"
  },
  {
   "price": "0.00023707",
   "amount": "772.37720787"
  },
  {
   "price": "0.00023662",
   "amount": "1777"
  },
  {
   "price": "0.00023661",
   "amount": "4.18643624"
  },
  {
   "price": "0.00023599",
   "amount": "84.03361345"
  },
  {
   "price": "0.00023572",
   "amount": "6032"
  },
  {
   "price": "0.00023571",
   "amount": "173.69465416"
  },
  {
   "price": "0.00023526",
   "amount": "5357.79161967"
  },
  {
   "price": "0.0002352",
   "amount": "17642"
  },
  {
   "price": "0.00023519",
   "amount": "4.18643624"
  },
  {
   "price": "0.00023424",
   "amount": "144.46012637"
  },
  {
   "price": "0.00023422",
   "amount": "17913"
  },
  {
   "price": "0.00023378",
   "amount": "4.18643624"
  },
  {
   "price": "0.00023239",
   "amount": "1061.76294161"
  },
  {
   "price": "0.00023238",
   "amount": "4.18643624"
  },
  {
   "price": "0.00023115",
   "amount": "17946"
  },
  {
   "price": "0.00023099",
   "amount": "4.18643624"
  },
  {
   "price": "0.0002296",
   "amount": "4.18643624"
  },
  {
   "price": "0.00022822",
   "amount": "4.18643624"
  },
  {
   "price": "0.0002281",
   "amount": "8876"
  },
  {
   "price": "0.00022685",
   "amount": "4.18643624"
  }
 ],
 "asks": [
  {
   "price": "0.00023884",
   "amount": "716.93952226"
  },
  {
   "price": "0.00023885",
   "amount": "257.32909181"
  },
  {
   "price": "0.00023906",
   "amount": "2300"
  },
  {
   "price": "0.00023917",
   "amount": "193.1"
  },
  {
   "price": "0.00023922",
   "amount": "174.2"
  },
  {
   "price": "0.00023931",
   "amount": "1776"
  },
  {
   "price": "0.00023948",
   "amount": "776.64442621"
  },
  {
   "price": "0.00024069",
   "amount": "84.03361345"
  },
  {
   "price": "0.00024091",
   "amount": "17641"
  },
  {
   "price": "0.00024092",
   "amount": "4.18643624"
  },
  {
   "price": "0.00024114",
   "amount": "17912"
  },
  {
   "price": "0.0002419",
   "amount": "1000"
  },
  {
   "price": "0.00024196",
   "amount": "222.36237972"
  },
  {
   "price": "0.00024202",
   "amount": "831.7869505"
  },
  {
   "price": "0.00024224",
   "amount": "822.99294319"
  },
  {
   "price": "0.00024225",
   "amount": "816.43999016"
  },
  {
   "price": "0.00024254",
   "amount": "159.14591521"
  },
  {
   "price": "0.00024258",
   "amount": "35100"
  },
  {
   "price": "0.00024259",
   "amount": "829.00715761"
  },
  {
   "price": "0.00024278",
   "amount": "764.10136313"
  },
  {
   "price": "0.00024294",
   "amount": "762.39791044"
  },
  {
   "price": "0.00024318",
   "amount": "799.77390425"
  },
  {
   "price": "0.0002433",
   "amount": "764.5350369"
  },
  {
   "price": "0.00024331",
   "amount": "799.6500011"
  },
  {
   "price": "0.00024334",
   "amount": "758.16659874"
  }
 ]
}