{
 "pair": "ncaeth",
 "bids": [
  {
   "price": "2e-7",
   "amount": "137041.75"
  },
  {
   "price": "1.9e-7",
   "amount": "100000"
  },
  {
   "price": "3e-8",
   "amount": "155000"
  },
  {
   "price": "2e-8",
   "amount": "10000"
  }
 ],
 "asks": [
  {
   "price": "0.00004979",
   "amount": "8066.46042584"
  },
  {
   "price": "0.0000498",
   "amount": "44865.135689"
  },
  {
   "price": "0.00006987",
   "amount": "3000"
  },
  {
   "price": "0.00013385",
   "amount": "7229.41428486"
  },
  {
   "price": "0.00026987",
   "amount": "4000"
  },
  {
   "price": "0.00096987",
   "amount": "5000"
  },
  {
   "price": "0.002",
   "amount": "12500"
  },
  {
   "price": "0.0029699",
   "amount": "4000"
  },
  {
   "price": "0.004",
   "amount": "8991"
  },
  {
   "price": "0.0058644",
   "amount": "4973.705256"
  }
 ]
}