{
 "pair": "ctxeth",
 "bids": [
  {
   "price": "0.00052601",
   "amount": "342.19881751"
  },
  {
   "price": "0.000526",
   "amount": "300"
  },
  {
   "price": "0.00047176",
   "amount": "105.04201681"
  },
  {
   "price": "0.000235",
   "amount": "1000"
  },
  {
   "price": "0.00002",
   "amount": "1000"
  },
  {
   "price": "0.00001",
   "amount": "2000"
  },
  {
   "price": "0.0000068",
   "amount": "3000"
  },
  {
   "price": "0.00000645",
   "amount": "50000"
  },
  {
   "price": "0.000002",
   "amount": "10000"
  },
  {
   "price": "0.00000102",
   "amount": "20000"
  },
  {
   "price": "0.000001",
   "amount": "15976.67"
  },
  {
   "price": "8e-7",
   "amount": "25000"
  },
  {
   "price": "6.9e-7",
   "amount": "25000"
  },
  {
   "price": "5.1e-7",
   "amount": "40000"
  },
  {
   "price": "2e-7",
   "amount": "100000"
  },
  {
   "price": "1e-7",
   "amount": "200000"
  },
  {
   "price": "4e-8",
   "amount": "100000"
  },
  {
   "price": "3e-8",
   "amount": "5000"
  },
  {
   "price": "2e-8",
   "amount": "600000"
  }
 ],
 "asks": [
  {
   "price": "0.001008",
   "amount": "272.89"
  },
  {
   "price": "0.0010081",
   "amount": "134.91776497"
  },
  {
   "price": "0.0010082",
   "amount": "272.61711"
  },
  {
   "price": "0.00123",
   "amount": "362.3373"
  },
  {
   "price": "0.00138",
   "amount": "59.52931159"
  },
  {
   "price": "0.0015",
   "amount": "131.868"
  },
  {
   "price": "0.00198",
   "amount": "168.277987"
  },
  {
   "price": "0.0024",
   "amount": "16.17696964"
  },
  {
   "price": "0.00244",
   "amount": "34.78988829"
  },
  {
   "price": "0.00248",
   "amount": "65.68425"
  },
  {
   "price": "0.00277",
   "amount": "99.9"
  },
  {
   "price": "0.00369",
   "amount": "499.5"
  },
  {
   "price": "0.003988",
   "amount": "115.78650771"
  },
  {
   "price": "0.0098",
   "amount": "127.94358623"
  },
  {
   "price": "0.0098661",
   "amount": "199"
  },
  {
   "price": "0.01",
   "amount": "1000"
  },
  {
   "price": "0.038",
   "amount": "100"
  },
  {
   "price": "0.38",
   "amount": "100"
  },
  {
   "price": "0.588",
   "amount": "199.99"
  },
  {
   "price": "0.596",
   "amount": "50.949"
  },
  {
   "price": "1",
   "amount": "20"
  },
  {
   "price": "10",
   "amount": "1"
  }
 ]
}