{
 "pair": "csxeth",
 "bids": [
  {
   "price": "0.000351",
   "amount": "116.696212"
  },
  {
   "price": "0.00035004",
   "amount": "1309.39380747"
  },
  {
   "price": "0.00035003",
   "amount": "514.24163643"
  },
  {
   "price": "0.00035",
   "amount": "10000"
  },
  {
   "price": "0.00030121",
   "amount": "165.99714484"
  },
  {
   "price": "0.0003012",
   "amount": "1100"
  },
  {
   "price": "0.0003",
   "amount": "10000"
  },
  {
   "price": "0.0002501",
   "amount": "2255"
  },
  {
   "price": "0.00025",
   "amount": "15000"
  },
  {
   "price": "0.00022879",
   "amount": "500"
  },
  {
   "price": "0.0002278",
   "amount": "200"
  },
  {
   "price": "0.0002277",
   "amount": "15000"
  },
  {
   "price": "0.0002159",
   "amount": "400"
  },
  {
   "price": "0.00021584",
   "amount": "300"
  },
  {
   "price": "0.0001435",
   "amount": "835"
  },
  {
   "price": "0.0001431",
   "amount": "260"
  },
  {
   "price": "0.000143",
   "amount": "641.67440559"
  },
  {
   "price": "0.0001214",
   "amount": "720"
  },
  {
   "price": "0.00012136",
   "amount": "74.15952538"
  },
  {
   "price": "0.00010141",
   "amount": "5000"
  },
  {
   "price": "0.0000348",
   "amount": "560"
  },
  {
   "price": "0.00003",
   "amount": "600"
  },
  {
   "price": "0.000011",
   "amount": "730"
  },
  {
   "price": "0.00001012",
   "amount": "500"
  },
  {
   "price": "0.00001",
   "amount": "2000"
  }
 ],
 "asks": [
  {
   "price": "0.00077248",
   "amount": "416.27200771"
  },
  {
   "price": "0.00077343",
   "amount": "96.11491257"
  },
  {
   "price": "0.000776",
   "amount": "99.9"
  },
  {
   "price": "0.000777",
   "amount": "1861.76169975"
  },
  {
   "price": "0.0007799",
   "amount": "5726.49"
  },
  {
   "price": "0.000888",
   "amount": "10998"
  },
  {
   "price": "0.000955",
   "amount": "11191.467"
  },
  {
   "price": "0.00119",
   "amount": "633.94235685"
  },
  {
   "price": "0.21",
   "amount": "149.85"
  }
 ]
}