{
 "pair": "genusd",
 "bids": [
  {
   "price": "0.044536",
   "amount": "112.26670978"
  },
  {
   "price": "0.0442",
   "amount": "800"
  },
  {
   "price": "0.043752",
   "amount": "114.27970644"
  },
  {
   "price": "0.0419",
   "amount": "1379.17877505"
  },
  {
   "price": "0.0349",
   "amount": "286.50438294"
  },
  {
   "price": "0.00091",
   "amount": "1000"
  },
  {
   "price": "0.0009",
   "amount": "100000"
  },
  {
   "price": "0.0001",
   "amount": "1000"
  },
  {
   "price": "0.0000693",
   "amount": "10000"
  },
  {
   "price": "0.0000155",
   "amount": "100000"
  },
  {
   "price": "0.000011",
   "amount": "10000"
  },
  {
   "price": "0.00001",
   "amount": "100000"
  },
  {
   "price": "0.0000011",
   "amount": "1000000"
  },
  {
   "price": "0.000001",
   "amount": "100000"
  }
 ],
 "asks": [
  {
   "price": "0.08853",
   "amount": "85.66"
  },
  {
   "price": "0.09046",
   "amount": "88.73"
  },
  {
   "price": "0.09232",
   "amount": "1232.924774"
  },
  {
   "price": "0.16935",
   "amount": "23944.29"
  },
  {
   "price": "0.3",
   "amount": "389.955655"
  },
  {
   "price": "0.6",
   "amount": "1532.58438384"
  },
  {
   "price": "1",
   "amount": "3499.46829"
  },
  {
   "price": "2",
   "amount": "4190.12"
  }
 ]
}