{
 "pair": "sngusd",
 "bids": [
  {
   "price": "0.0068964",
   "amount": "4444"
  },
  {
   "price": "0.006894",
   "amount": "5982"
  },
  {
   "price": "0.00686",
   "amount": "5000"
  },
  {
   "price": "0.0065",
   "amount": "54248.944986"
  },
  {
   "price": "0.00576",
   "amount": "1735.50850399"
  },
  {
   "price": "0.0051609",
   "amount": "2267"
  },
  {
   "price": "0.00516",
   "amount": "267"
  },
  {
   "price": "0.004022",
   "amount": "1500"
  },
  {
   "price": "0.0021897",
   "amount": "600"
  },
  {
   "price": "0.00217",
   "amount": "2500"
  },
  {
   "price": "0.0021373",
   "amount": "200000"
  },
  {
   "price": "0.0021",
   "amount": "76000"
  },
  {
   "price": "0.002",
   "amount": "10000"
  },
  {
   "price": "0.001709",
   "amount": "100000"
  },
  {
   "price": "0.0015481",
   "amount": "200000"
  },
  {
   "price": "0.0015",
   "amount": "3333.33"
  },
  {
   "price": "0.0012905",
   "amount": "200000"
  },
  {
   "price": "0.0012",
   "amount": "9000"
  },
  {
   "price": "0.001",
   "amount": "10000"
  },
  {
   "price": "0.000691",
   "amount": "4000"
  },
  {
   "price": "0.00068965",
   "amount": "200000"
  },
  {
   "price": "0.00036553",
   "amount": "200000"
  },
  {
   "price": "0.00030696",
   "amount": "1000"
  },
  {
   "price": "0.00023",
   "amount": "400000"
  },
  {
   "price": "0.000217",
   "amount": "25000"
  }
 ],
 "asks": [
  {
   "price": "0.010896",
   "amount": "20590.29432355"
  },
  {
   "price": "0.0109",
   "amount": "4942.103611"
  },
  {
   "price": "0.012287",
   "amount": "5282.668768"
  },
  {
   "price": "0.012288",
   "amount": "3154.740605"
  },
  {
   "price": "0.012895",
   "amount": "445.99410185"
  },
  {
   "price": "0.015",
   "amount": "599.4"
  },
  {
   "price": "0.017",
   "amount": "20510.56401126"
  },
  {
   "price": "0.01799",
   "amount": "998.99"
  },
  {
   "price": "0.019872",
   "amount": "997"
  },
  {
   "price": "0.0199",
   "amount": "300"
  },
  {
   "price": "0.02",
   "amount": "4542.25896394"
  },
  {
   "price": "0.021618",
   "amount": "479.08480666"
  },
  {
   "price": "0.0218",
   "amount": "1809.675568"
  },
  {
   "price": "0.025",
   "amount": "282.99"
  },
  {
   "price": "0.02589",
   "amount": "2495"
  },
  {
   "price": "0.027",
   "amount": "3000"
  },
  {
   "price": "0.027708",
   "amount": "282.99"
  },
  {
   "price": "0.028",
   "amount": "1039.91780005"
  },
  {
   "price": "0.02849",
   "amount": "599.4"
  },
  {
   "price": "0.029",
   "amount": "3000"
  },
  {
   "price": "0.0299",
   "amount": "999"
  },
  {
   "price": "0.0304",
   "amount": "1000"
  },
  {
   "price": "0.030417",
   "amount": "282.99"
  },
  {
   "price": "0.031",
   "amount": "3000"
  },
  {
   "price": "0.031212",
   "amount": "1200"
  }
 ]
}