{
 "pair": "btcust",
 "bids": [
  {
   "price": "7231.8",
   "amount": "1.60097764"
  },
  {
   "price": "7231.3",
   "amount": "0.776223"
  },
  {
   "price": "7229.5",
   "amount": "0.00409565"
  },
  {
   "price": "7229.3",
   "amount": "1.76107512"
  },
  {
   "price": "7229.2",
   "amount": "0.50214737"
  },
  {
   "price": "7229.1",
   "amount": "0.54103364"
  },
  {
   "price": "7228.3",
   "amount": "0.2"
  },
  {
   "price": "7228.2",
   "amount": "1.92117323"
  },
  {
   "price": "7228.1",
   "amount": "0.9271"
  },
  {
   "price": "7227.9",
   "amount": "0.23381509"
  },
  {
   "price": "7227.7",
   "amount": "0.1704944"
  },
  {
   "price": "7226.9",
   "amount": "0.00440303"
  },
  {
   "price": "7226.8",
   "amount": "0.41511"
  },
  {
   "price": "7226.6",
   "amount": "0.8775"
  },
  {
   "price": "7225.3",
   "amount": "0.41517"
  },
  {
   "price": "7224.8",
   "amount": "0.0613394"
  },
  {
   "price": "7224.3",
   "amount": "0.1226788"
  },
  {
   "price": "7224.2",
   "amount": "0.0047104"
  },
  {
   "price": "7224",
   "amount": "2.08127059"
  },
  {
   "price": "7223.9",
   "amount": "0.5992882"
  },
  {
   "price": "7223.6",
   "amount": "0.198"
  },
  {
   "price": "7222.5",
   "amount": "0.41535"
  },
  {
   "price": "7221.7",
   "amount": "0.34100929"
  },
  {
   "price": "7221.6",
   "amount": "0.00501778"
  },
  {
   "price": "7221",
   "amount": "0.41544"
  }
 ],
 "asks": [
  {
   "price": "7234.3",
   "amount": "1.41568529"
  },
  {
   "price": "7238.3",
   "amount": "0.33825566"
  },
  {
   "price": "7238.4",
   "amount": "0.41449"
  },
  {
   "price": "7238.6",
   "amount": "0.37354421"
  },
  {
   "price": "7239.7",
   "amount": "0.12802975"
  },
  {
   "price": "7239.8",
   "amount": "0.41443"
  },
  {
   "price": "7240.8",
   "amount": "0.0613394"
  },
  {
   "price": "7241.2",
   "amount": "0.4143"
  },
  {
   "price": "7241.4",
   "amount": "0.1226788"
  },
  {
   "price": "7242.5",
   "amount": "0.1840182"
  },
  {
   "price": "7243.4",
   "amount": "0.17052936"
  },
  {
   "price": "7244.2",
   "amount": "0.7892"
  },
  {
   "price": "7245.5",
   "amount": "0.41406"
  },
  {
   "price": "7246.2",
   "amount": "0.808"
  },
  {
   "price": "7249.2",
   "amount": "0.02995046"
  },
  {
   "price": "7250.5",
   "amount": "0.198"
  },
  {
   "price": "7250.6",
   "amount": "1.49655144"
  },
  {
   "price": "7250.7",
   "amount": "0.79"
  },
  {
   "price": "7257.2",
   "amount": "0.76981418"
  },
  {
   "price": "7257.3",
   "amount": "1.9406"
  },
  {
   "price": "7257.5",
   "amount": "0.5854"
  },
  {
   "price": "7259.8",
   "amount": "0.00463575"
  },
  {
   "price": "7261.3",
   "amount": "0.41319"
  },
  {
   "price": "7262.2",
   "amount": "0.05"
  },
  {
   "price": "7262.4",
   "amount": "0.33"
  }
 ]
}