{
 "pair": "euseth",
 "bids": [
  {
   "price": "0.0002001",
   "amount": "4"
  },
  {
   "price": "0.0000087",
   "amount": "3031.527775"
  },
  {
   "price": "0.00000845",
   "amount": "5917.15976331"
  },
  {
   "price": "0.0000069",
   "amount": "100"
  }
 ],
 "asks": [
  {
   "price": "5.44",
   "amount": "6.3"
  },
  {
   "price": "5.4999",
   "amount": "7.85466483"
  },
  {
   "price": "9",
   "amount": "92"
  },
  {
   "price": "14.98",
   "amount": "2.1"
  },
  {
   "price": "74.8",
   "amount": "2.686"
  },
  {
   "price": "139.5",
   "amount": "2.2"
  }
 ]
}