{
 "pair": "paxusd",
 "bids": [
  {
   "price": "1.0001",
   "amount": "7509.67324472"
  },
  {
   "price": "1",
   "amount": "6.13"
  },
  {
   "price": "0.999",
   "amount": "5"
  },
  {
   "price": "0.98",
   "amount": "27055.81172922"
  },
  {
   "price": "0.97",
   "amount": "30020.61855649"
  },
  {
   "price": "0.96",
   "amount": "30000"
  },
  {
   "price": "0.95",
   "amount": "30000"
  },
  {
   "price": "0.9",
   "amount": "30000"
  },
  {
   "price": "0.41",
   "amount": "3251.89173447"
  },
  {
   "price": "0.31",
   "amount": "5363.19212567"
  },
  {
   "price": "0.21",
   "amount": "9485.34059432"
  },
  {
   "price": "0.13",
   "amount": "100"
  },
  {
   "price": "0.11",
   "amount": "21248.18693386"
  },
  {
   "price": "0.09",
   "amount": "10"
  },
  {
   "price": "0.0121",
   "amount": "93901.36679571"
  },
  {
   "price": "0.0033",
   "amount": "10000"
  },
  {
   "price": "0.00010131",
   "amount": "17300"
  },
  {
   "price": "0.00010122",
   "amount": "10000"
  },
  {
   "price": "0.0001",
   "amount": "10000"
  },
  {
   "price": "0.000046",
   "amount": "10000"
  },
  {
   "price": "0.00001",
   "amount": "100000"
  },
  {
   "price": "0.000001",
   "amount": "100000"
  },
  {
   "price": "2.1e-7",
   "amount": "100000"
  },
  {
   "price": "1e-7",
   "amount": "2300000"
  }
 ],
 "asks": [
  {
   "price": "3.9995",
   "amount": "26.9703027"
  },
  {
   "price": "4",
   "amount": "20.30176205"
  },
  {
   "price": "99",
   "amount": "2.5974"
  }
 ]
}