{
 "pair": "snteth",
 "bids": [
  {
   "price": "0.00006992",
   "amount": "49761.90656"
  },
  {
   "price": "0.00006941",
   "amount": "17182.77"
  },
  {
   "price": "0.0000693",
   "amount": "2861.63971956"
  },
  {
   "price": "0.00006922",
   "amount": "50238.09344"
  },
  {
   "price": "0.000069",
   "amount": "26262.77"
  },
  {
   "price": "0.00006886",
   "amount": "21935.77"
  },
  {
   "price": "0.00006636",
   "amount": "25344.23657668"
  },
  {
   "price": "0.00006047",
   "amount": "2976.68265255"
  },
  {
   "price": "0.00006011",
   "amount": "16620"
  },
  {
   "price": "0.000025",
   "amount": "400"
  },
  {
   "price": "0.00001319",
   "amount": "1000"
  },
  {
   "price": "0.000011",
   "amount": "58489.26765555"
  },
  {
   "price": "0.00001",
   "amount": "1000"
  },
  {
   "price": "0.00000203",
   "amount": "4926.108"
  },
  {
   "price": "0.000002",
   "amount": "5000"
  },
  {
   "price": "0.0000011",
   "amount": "500"
  },
  {
   "price": "0.000001",
   "amount": "1072"
  },
  {
   "price": "5e-7",
   "amount": "20000"
  },
  {
   "price": "3.2e-7",
   "amount": "100000"
  },
  {
   "price": "2.9e-7",
   "amount": "100000"
  },
  {
   "price": "1e-7",
   "amount": "100000"
  },
  {
   "price": "3e-8",
   "amount": "6000"
  },
  {
   "price": "2e-8",
   "amount": "60000"
  },
  {
   "price": "1e-8",
   "amount": "70000"
  }
 ],
 "asks": [
  {
   "price": "0.00007034",
   "amount": "49736.84454"
  },
  {
   "price": "0.00007091",
   "amount": "2861.63971956"
  },
  {
   "price": "0.00007105",
   "amount": "50263.15546"
  },
  {
   "price": "0.00009016",
   "amount": "2444.32995204"
  },
  {
   "price": "0.00009026",
   "amount": "7551.37155211"
  },
  {
   "price": "0.00009107",
   "amount": "674.90879609"
  },
  {
   "price": "0.00010006",
   "amount": "355.33"
  },
  {
   "price": "0.0001038",
   "amount": "549.45"
  },
  {
   "price": "0.00010498",
   "amount": "15199.13183526"
  },
  {
   "price": "0.000114",
   "amount": "2899.70986262"
  },
  {
   "price": "0.00011928",
   "amount": "200"
  },
  {
   "price": "0.00012501",
   "amount": "1023"
  },
  {
   "price": "0.0001466",
   "amount": "8702.29859021"
  },
  {
   "price": "0.00015",
   "amount": "500"
  },
  {
   "price": "0.00016",
   "amount": "10500"
  },
  {
   "price": "0.00017",
   "amount": "1999"
  },
  {
   "price": "0.00018",
   "amount": "10500"
  },
  {
   "price": "0.000185",
   "amount": "782.48068953"
  },
  {
   "price": "0.00018526",
   "amount": "5894.971318"
  },
  {
   "price": "0.00018542",
   "amount": "541.34937772"
  },
  {
   "price": "0.00019",
   "amount": "499.6"
  },
  {
   "price": "0.0001948",
   "amount": "5089.9"
  },
  {
   "price": "0.0002",
   "amount": "17681.79475778"
  },
  {
   "price": "0.0002048",
   "amount": "5000"
  },
  {
   "price": "0.0002099",
   "amount": "2997"
  }
 ]
}