{
 "pair": "rlceth",
 "bids": [
  {
   "price": "0.003944",
   "amount": "201.77"
  },
  {
   "price": "0.0039362",
   "amount": "211.77"
  },
  {
   "price": "0.0039283",
   "amount": "177.77"
  },
  {
   "price": "0.0034568",
   "amount": "228.77"
  },
  {
   "price": "0.0034499",
   "amount": "285.94527414"
  },
  {
   "price": "0.0034294",
   "amount": "481.13372602"
  },
  {
   "price": "0.0034235",
   "amount": "62.30529595"
  },
  {
   "price": "0.00201",
   "amount": "35"
  },
  {
   "price": "0.0016577",
   "amount": "7000"
  },
  {
   "price": "0.0011",
   "amount": "13"
  },
  {
   "price": "0.00071",
   "amount": "40"
  },
  {
   "price": "0.0007011",
   "amount": "713"
  },
  {
   "price": "0.0007",
   "amount": "8"
  },
  {
   "price": "0.00057",
   "amount": "40"
  },
  {
   "price": "0.00056829",
   "amount": "25000"
  },
  {
   "price": "0.00051",
   "amount": "19.61"
  },
  {
   "price": "0.0002",
   "amount": "50"
  },
  {
   "price": "0.00015",
   "amount": "150"
  },
  {
   "price": "0.0001",
   "amount": "100"
  },
  {
   "price": "0.000064",
   "amount": "156.25"
  },
  {
   "price": "0.00005",
   "amount": "200"
  },
  {
   "price": "0.0000211",
   "amount": "250"
  },
  {
   "price": "0.00002",
   "amount": "500"
  },
  {
   "price": "0.000012",
   "amount": "6"
  },
  {
   "price": "0.0000031",
   "amount": "1000"
  }
 ],
 "asks": [
  {
   "price": "0.0042051",
   "amount": "44.86858155"
  },
  {
   "price": "0.0047999",
   "amount": "25.48904641"
  },
  {
   "price": "0.0048",
   "amount": "499.52"
  },
  {
   "price": "0.0064122",
   "amount": "703.31463116"
  },
  {
   "price": "0.0064123",
   "amount": "37.70110793"
  },
  {
   "price": "0.0076",
   "amount": "48"
  },
  {
   "price": "0.0111",
   "amount": "14.985"
  },
  {
   "price": "2.97",
   "amount": "10"
  },
  {
   "price": "3",
   "amount": "26.90762631"
  }
 ]
}