{
 "pair": "waxeth",
 "bids": [
  {
   "price": "0.00016001",
   "amount": "312.48046997"
  },
  {
   "price": "0.00016",
   "amount": "250"
  },
  {
   "price": "0.000151",
   "amount": "0.46488313"
  },
  {
   "price": "0.00015045",
   "amount": "1196.4107677"
  },
  {
   "price": "0.0001501",
   "amount": "20000"
  },
  {
   "price": "0.00013208",
   "amount": "12492.42883101"
  },
  {
   "price": "0.00013207",
   "amount": "373.85972783"
  },
  {
   "price": "0.000121",
   "amount": "200"
  },
  {
   "price": "0.00012",
   "amount": "5000"
  },
  {
   "price": "0.0001001",
   "amount": "25000"
  },
  {
   "price": "0.0000501",
   "amount": "50000"
  },
  {
   "price": "0.00002761",
   "amount": "300"
  },
  {
   "price": "0.00002758",
   "amount": "400"
  },
  {
   "price": "0.00002013",
   "amount": "2480"
  },
  {
   "price": "0.00002",
   "amount": "85"
  },
  {
   "price": "0.00001014",
   "amount": "10000"
  },
  {
   "price": "0.000004",
   "amount": "5000"
  },
  {
   "price": "0.00000306",
   "amount": "1000"
  },
  {
   "price": "0.000002",
   "amount": "24666.075"
  },
  {
   "price": "0.0000011",
   "amount": "1500"
  },
  {
   "price": "0.000001",
   "amount": "20000"
  },
  {
   "price": "1.1e-7",
   "amount": "3500"
  },
  {
   "price": "1e-7",
   "amount": "100000"
  },
  {
   "price": "5e-8",
   "amount": "200000"
  },
  {
   "price": "4e-8",
   "amount": "350000"
  }
 ],
 "asks": [
  {
   "price": "0.00022389",
   "amount": "319.87938532"
  },
  {
   "price": "0.0002239",
   "amount": "1098.435582"
  },
  {
   "price": "0.0002399",
   "amount": "3200"
  },
  {
   "price": "0.00029",
   "amount": "3000"
  },
  {
   "price": "0.00030101",
   "amount": "670.124404"
  },
  {
   "price": "0.00036",
   "amount": "3200"
  },
  {
   "price": "0.0004",
   "amount": "68"
  },
  {
   "price": "0.00042",
   "amount": "82.12846621"
  },
  {
   "price": "0.00043",
   "amount": "3000"
  },
  {
   "price": "0.00045",
   "amount": "68"
  },
  {
   "price": "0.00048",
   "amount": "3000"
  },
  {
   "price": "0.0005368",
   "amount": "998.999999"
  },
  {
   "price": "0.0005431",
   "amount": "239.00744764"
  },
  {
   "price": "0.00058",
   "amount": "72.89276854"
  },
  {
   "price": "0.00059",
   "amount": "111.06617237"
  },
  {
   "price": "0.0006",
   "amount": "259.48"
  },
  {
   "price": "0.00073",
   "amount": "68"
  },
  {
   "price": "0.001",
   "amount": "102.1335401"
  },
  {
   "price": "0.00104",
   "amount": "481.06154346"
  },
  {
   "price": "0.0010489",
   "amount": "392"
  },
  {
   "price": "0.00117",
   "amount": "554"
  },
  {
   "price": "0.001449",
   "amount": "108.1449"
  },
  {
   "price": "0.00185",
   "amount": "100"
  },
  {
   "price": "0.00199",
   "amount": "3900"
  },
  {
   "price": "0.002",
   "amount": "500"
  }
 ]
}