{
 "pair": "lrcbtc",
 "bids": [
  {
   "price": "0.00000315",
   "amount": "3125"
  },
  {
   "price": "0.00000262",
   "amount": "50000"
  },
  {
   "price": "0.00000125",
   "amount": "4000"
  },
  {
   "price": "0.00000114",
   "amount": "26276.92246382"
  },
  {
   "price": "0.00000112",
   "amount": "4500"
  },
  {
   "price": "0.00000111",
   "amount": "2222"
  },
  {
   "price": "0.0000011",
   "amount": "3831.9105523"
  },
  {
   "price": "6.6e-7",
   "amount": "1000"
  },
  {
   "price": "6.5e-7",
   "amount": "8000"
  },
  {
   "price": "4.2e-7",
   "amount": "13000"
  },
  {
   "price": "3.1e-7",
   "amount": "15000"
  },
  {
   "price": "1.6e-7",
   "amount": "2000"
  },
  {
   "price": "1.5e-7",
   "amount": "32000"
  },
  {
   "price": "1.1e-7",
   "amount": "99914.58272317"
  },
  {
   "price": "1e-7",
   "amount": "50000"
  },
  {
   "price": "9e-8",
   "amount": "10000"
  },
  {
   "price": "3e-8",
   "amount": "5000"
  },
  {
   "price": "2e-8",
   "amount": "300000"
  }
 ],
 "asks": [
  {
   "price": "0.00000326",
   "amount": "3115.26479751"
  },
  {
   "price": "0.00000413",
   "amount": "2400"
  },
  {
   "price": "0.00000414",
   "amount": "2400"
  },
  {
   "price": "0.00000415",
   "amount": "3400"
  },
  {
   "price": "0.00000416",
   "amount": "5400"
  },
  {
   "price": "0.00000417",
   "amount": "1400"
  },
  {
   "price": "0.00000418",
   "amount": "2300"
  },
  {
   "price": "0.00000419",
   "amount": "1100"
  },
  {
   "price": "0.00001",
   "amount": "159.84207768"
  },
  {
   "price": "0.000023",
   "amount": "90"
  },
  {
   "price": "0.00002848",
   "amount": "8690.5531"
  },
  {
   "price": "0.00002849",
   "amount": "4500"
  },
  {
   "price": "0.0000312",
   "amount": "652.347"
  },
  {
   "price": "0.000032",
   "amount": "40015.22899409"
  },
  {
   "price": "0.00004728",
   "amount": "2250"
  },
  {
   "price": "0.000052",
   "amount": "40000"
  },
  {
   "price": "0.00005395",
   "amount": "2300"
  },
  {
   "price": "0.000056",
   "amount": "299.4"
  },
  {
   "price": "0.00007388",
   "amount": "96.9"
  },
  {
   "price": "0.0000798",
   "amount": "999"
  },
  {
   "price": "0.00009046",
   "amount": "1125"
  },
  {
   "price": "0.000095",
   "amount": "99.7"
  },
  {
   "price": "0.000097",
   "amount": "40"
  },
  {
   "price": "0.000099",
   "amount": "209.79"
  },
  {
   "price": "0.0001",
   "amount": "480.46189129"
  }
 ]
}