{
 "pair": "eosust",
 "bids": [
  {
   "price": "2.5948",
   "amount": "489.24675199"
  },
  {
   "price": "2.5947",
   "amount": "973.55271623"
  },
  {
   "price": "2.5929",
   "amount": "1113.39589182"
  },
  {
   "price": "2.5904",
   "amount": "556.55517644"
  },
  {
   "price": "2.5903",
   "amount": "513.04258715"
  },
  {
   "price": "2.5892",
   "amount": "50"
  },
  {
   "price": "2.5867",
   "amount": "102.06947859"
  },
  {
   "price": "2.5859",
   "amount": "910"
  },
  {
   "price": "2.585",
   "amount": "930"
  },
  {
   "price": "2.5772",
   "amount": "109.74176282"
  },
  {
   "price": "2.5757",
   "amount": "116.0727408"
  },
  {
   "price": "2.5756",
   "amount": "492"
  },
  {
   "price": "2.5747",
   "amount": "484"
  },
  {
   "price": "2.5742",
   "amount": "9.61723408"
  },
  {
   "price": "2.5696",
   "amount": "167.15256564"
  },
  {
   "price": "2.5425",
   "amount": "493"
  },
  {
   "price": "2.5017",
   "amount": "700.45915097"
  },
  {
   "price": "2.5001",
   "amount": "487"
  },
  {
   "price": "2.5",
   "amount": "4061.623632"
  },
  {
   "price": "2.46",
   "amount": "936.0017"
  },
  {
   "price": "2.45",
   "amount": "20"
  },
  {
   "price": "2.4369",
   "amount": "247"
  },
  {
   "price": "2.4001",
   "amount": "491"
  },
  {
   "price": "2.4",
   "amount": "26711.965319"
  },
  {
   "price": "2.34",
   "amount": "250"
  }
 ],
 "asks": [
  {
   "price": "2.5999",
   "amount": "37.34123031"
  },
  {
   "price": "2.6",
   "amount": "1473.45845165"
  },
  {
   "price": "2.6001",
   "amount": "192.12607986"
  },
  {
   "price": "2.6006",
   "amount": "19.16338707"
  },
  {
   "price": "2.6022",
   "amount": "170.73336547"
  },
  {
   "price": "2.6025",
   "amount": "341.44502486"
  },
  {
   "price": "2.6076",
   "amount": "49"
  },
  {
   "price": "2.6085",
   "amount": "556.32049624"
  },
  {
   "price": "2.6087",
   "amount": "70.04906089"
  },
  {
   "price": "2.6102",
   "amount": "930"
  },
  {
   "price": "2.6107",
   "amount": "910"
  },
  {
   "price": "2.6164",
   "amount": "483"
  },
  {
   "price": "2.6165",
   "amount": "89.63104894"
  },
  {
   "price": "2.6194",
   "amount": "50.88029"
  },
  {
   "price": "2.6237",
   "amount": "9.61982453"
  },
  {
   "price": "2.6243",
   "amount": "122.58543416"
  },
  {
   "price": "2.68",
   "amount": "1122.8933"
  },
  {
   "price": "2.7899",
   "amount": "44.88"
  },
  {
   "price": "2.79",
   "amount": "800"
  },
  {
   "price": "2.82",
   "amount": "20"
  },
  {
   "price": "2.91",
   "amount": "4868.46087"
  },
  {
   "price": "2.9199",
   "amount": "251.94165969"
  },
  {
   "price": "2.92",
   "amount": "10"
  },
  {
   "price": "3.2541",
   "amount": "27.28405945"
  },
  {
   "price": "3.274",
   "amount": "27.28405945"
  }
 ]
}