{
 "pair": "spkbtc",
 "bids": [
  {
   "price": "5.1e-7",
   "amount": "7843.1372549"
  },
  {
   "price": "5e-7",
   "amount": "10000"
  },
  {
   "price": "4.8e-7",
   "amount": "3843.8965"
  },
  {
   "price": "4.7e-7",
   "amount": "199600"
  },
  {
   "price": "4.5e-7",
   "amount": "25100"
  },
  {
   "price": "4.4e-7",
   "amount": "81772.75"
  },
  {
   "price": "4.3e-7",
   "amount": "13100"
  },
  {
   "price": "4.2e-7",
   "amount": "5029"
  },
  {
   "price": "4.1e-7",
   "amount": "999"
  },
  {
   "price": "3.4e-7",
   "amount": "5000"
  },
  {
   "price": "3.2e-7",
   "amount": "200000"
  },
  {
   "price": "2.9e-7",
   "amount": "205000"
  },
  {
   "price": "2.6e-7",
   "amount": "200000"
  },
  {
   "price": "2.2e-7",
   "amount": "5000"
  },
  {
   "price": "2.1e-7",
   "amount": "2500"
  },
  {
   "price": "2e-7",
   "amount": "25000"
  },
  {
   "price": "1.9e-7",
   "amount": "205000"
  },
  {
   "price": "1.4e-7",
   "amount": "200000"
  },
  {
   "price": "1.1e-7",
   "amount": "4545.45"
  },
  {
   "price": "1e-7",
   "amount": "102400"
  },
  {
   "price": "9e-8",
   "amount": "210000"
  },
  {
   "price": "7e-8",
   "amount": "200000"
  },
  {
   "price": "5e-8",
   "amount": "310000"
  },
  {
   "price": "4e-8",
   "amount": "200000"
  },
  {
   "price": "3e-8",
   "amount": "200000"
  }
 ],
 "asks": [
  {
   "price": "6.5e-7",
   "amount": "33902.17688693"
  },
  {
   "price": "6.6e-7",
   "amount": "5796.251"
  },
  {
   "price": "9.1e-7",
   "amount": "19623.8828"
  },
  {
   "price": "9.2e-7",
   "amount": "7623.8828"
  },
  {
   "price": "9.5e-7",
   "amount": "2470.9271"
  },
  {
   "price": "9.9e-7",
   "amount": "20000"
  },
  {
   "price": "0.000001",
   "amount": "469.06"
  },
  {
   "price": "0.00000113",
   "amount": "2068.5304"
  },
  {
   "price": "0.0000012",
   "amount": "3533.101796"
  },
  {
   "price": "0.00000123",
   "amount": "554.617241"
  },
  {
   "price": "0.00000124",
   "amount": "30000"
  },
  {
   "price": "0.00000129",
   "amount": "5565.699"
  },
  {
   "price": "0.00000139",
   "amount": "4095.9"
  },
  {
   "price": "0.00000141",
   "amount": "999"
  },
  {
   "price": "0.00000154",
   "amount": "40000"
  },
  {
   "price": "0.00000176",
   "amount": "2000"
  },
  {
   "price": "0.00000219",
   "amount": "2156.39"
  },
  {
   "price": "0.0000022",
   "amount": "529.6516688"
  },
  {
   "price": "0.00000221",
   "amount": "384"
  },
  {
   "price": "0.00000252",
   "amount": "400"
  },
  {
   "price": "0.00000265",
   "amount": "5450.14699949"
  },
  {
   "price": "0.00000266",
   "amount": "400"
  },
  {
   "price": "0.0000027",
   "amount": "13170.026177"
  },
  {
   "price": "0.00000281",
   "amount": "423.77578479"
  },
  {
   "price": "0.00000283",
   "amount": "1198"
  }
 ]
}