{
 "pair": "btceur",
 "bids": [
  {
   "price": "6540.2",
   "amount": "2.43683927"
  },
  {
   "price": "6538.5",
   "amount": "0.10691878"
  },
  {
   "price": "6538.4",
   "amount": "0.17287773"
  },
  {
   "price": "6538.3",
   "amount": "0.58122945"
  },
  {
   "price": "6538.2",
   "amount": "1.1802"
  },
  {
   "price": "6538.1",
   "amount": "2.08661229"
  },
  {
   "price": "6537.8",
   "amount": "1.64872532"
  },
  {
   "price": "6537.3",
   "amount": "0.2"
  },
  {
   "price": "6536.9",
   "amount": "0.33340063"
  },
  {
   "price": "6536.8",
   "amount": "0.50374815"
  },
  {
   "price": "6536.4",
   "amount": "3"
  },
  {
   "price": "6535.6",
   "amount": "0.02747846"
  },
  {
   "price": "6535.5",
   "amount": "3.9984"
  },
  {
   "price": "6535.4",
   "amount": "3"
  },
  {
   "price": "6534.1",
   "amount": "0.54786799"
  },
  {
   "price": "6534",
   "amount": "4.849"
  },
  {
   "price": "6533.8",
   "amount": "0.41251"
  },
  {
   "price": "6533.6",
   "amount": "0.66922572"
  },
  {
   "price": "6533.2",
   "amount": "3.12693491"
  },
  {
   "price": "6533.1",
   "amount": "2.63333333"
  },
  {
   "price": "6533",
   "amount": "0.68738774"
  },
  {
   "price": "6532.9",
   "amount": "0.002"
  },
  {
   "price": "6532.7",
   "amount": "0.02"
  },
  {
   "price": "6532.1",
   "amount": "1.55125332"
  },
  {
   "price": "6532",
   "amount": "12"
  }
 ],
 "asks": [
  {
   "price": "6540.3",
   "amount": "2.23095851"
  },
  {
   "price": "6540.7",
   "amount": "0.001"
  },
  {
   "price": "6540.9",
   "amount": "0.19210349"
  },
  {
   "price": "6541.1",
   "amount": "0.29167057"
  },
  {
   "price": "6541.2",
   "amount": "0.7991"
  },
  {
   "price": "6541.3",
   "amount": "0.2242"
  },
  {
   "price": "6541.9",
   "amount": "0.15"
  },
  {
   "price": "6542",
   "amount": "0.2"
  },
  {
   "price": "6542.1",
   "amount": "1.64872533"
  },
  {
   "price": "6542.2",
   "amount": "0.31818608"
  },
  {
   "price": "6542.3",
   "amount": "0.2"
  },
  {
   "price": "6542.5",
   "amount": "1.15"
  },
  {
   "price": "6542.7",
   "amount": "1"
  },
  {
   "price": "6542.8",
   "amount": "0.002"
  },
  {
   "price": "6543",
   "amount": "1.9998"
  },
  {
   "price": "6544",
   "amount": "0.2"
  },
  {
   "price": "6544.1",
   "amount": "0.8006"
  },
  {
   "price": "6544.5",
   "amount": "0.9343"
  },
  {
   "price": "6544.7",
   "amount": "0.3"
  },
  {
   "price": "6545.4",
   "amount": "0.19880157"
  },
  {
   "price": "6545.5",
   "amount": "0.1532"
  },
  {
   "price": "6545.6",
   "amount": "0.79789016"
  },
  {
   "price": "6546",
   "amount": "0.40304821"
  },
  {
   "price": "6546.1",
   "amount": "0.47623083"
  },
  {
   "price": "6546.3",
   "amount": "0.1"
  }
 ]
}