{
 "pair": "dtheth",
 "bids": [
  {
   "price": "0.00001111",
   "amount": "4500.450045"
  },
  {
   "price": "0.0000111",
   "amount": "10000"
  },
  {
   "price": "0.00001104",
   "amount": "16304.34782609"
  },
  {
   "price": "0.000011",
   "amount": "30000"
  },
  {
   "price": "0.0000105",
   "amount": "30000"
  },
  {
   "price": "0.00001",
   "amount": "30000"
  },
  {
   "price": "0.0000095",
   "amount": "26842.105263"
  },
  {
   "price": "0.000008",
   "amount": "1300"
  },
  {
   "price": "0.00000618",
   "amount": "1618.12"
  },
  {
   "price": "0.000005",
   "amount": "1300"
  },
  {
   "price": "0.000002",
   "amount": "1300"
  },
  {
   "price": "0.00000151",
   "amount": "100000"
  },
  {
   "price": "0.00000111",
   "amount": "10000"
  },
  {
   "price": "1.5e-7",
   "amount": "1000"
  },
  {
   "price": "1e-7",
   "amount": "100000"
  },
  {
   "price": "9e-8",
   "amount": "50000"
  },
  {
   "price": "3e-8",
   "amount": "3500"
  },
  {
   "price": "2e-8",
   "amount": "5000"
  }
 ],
 "asks": [
  {
   "price": "0.00002499",
   "amount": "4050.72983076"
  },
  {
   "price": "0.000025",
   "amount": "13227.994125"
  },
  {
   "price": "0.00002662",
   "amount": "10587.02606282"
  },
  {
   "price": "0.00003",
   "amount": "11976.863"
  },
  {
   "price": "0.000035",
   "amount": "2200"
  },
  {
   "price": "0.0000499",
   "amount": "1503.495"
  },
  {
   "price": "0.00005838",
   "amount": "5530.90570995"
  },
  {
   "price": "0.00005843",
   "amount": "50000"
  },
  {
   "price": "0.00006572",
   "amount": "25000"
  },
  {
   "price": "0.00007172",
   "amount": "29000"
  },
  {
   "price": "0.0000742",
   "amount": "9022.164804"
  },
  {
   "price": "0.00008105",
   "amount": "18000"
  },
  {
   "price": "0.00008197",
   "amount": "29960"
  },
  {
   "price": "0.000083",
   "amount": "180"
  },
  {
   "price": "0.00008439",
   "amount": "2364.20060917"
  },
  {
   "price": "0.00008506",
   "amount": "4993.002"
  },
  {
   "price": "0.00008727",
   "amount": "1620"
  },
  {
   "price": "0.00008826",
   "amount": "10000"
  },
  {
   "price": "0.00008905",
   "amount": "20000"
  },
  {
   "price": "0.00009637",
   "amount": "4976.51846114"
  },
  {
   "price": "0.00009827",
   "amount": "100000"
  },
  {
   "price": "0.000099",
   "amount": "2465.53"
  },
  {
   "price": "0.00009995",
   "amount": "30000"
  },
  {
   "price": "0.0001",
   "amount": "13106.99259964"
  },
  {
   "price": "0.00010074",
   "amount": "5596.46541655"
  }
 ]
}