{
 "pair": "edousd",
 "bids": [
  {
   "price": "0.22356",
   "amount": "423.92856463"
  },
  {
   "price": "0.22355",
   "amount": "2020.67830601"
  },
  {
   "price": "0.2235",
   "amount": "382.91088377"
  },
  {
   "price": "0.221",
   "amount": "4938.07300003"
  },
  {
   "price": "0.21933",
   "amount": "1367.80194228"
  },
  {
   "price": "0.21932",
   "amount": "5075"
  },
  {
   "price": "0.2193",
   "amount": "100"
  },
  {
   "price": "0.21607",
   "amount": "5153"
  },
  {
   "price": "0.215",
   "amount": "497.6744186"
  },
  {
   "price": "0.21408",
   "amount": "5163"
  },
  {
   "price": "0.21227",
   "amount": "7212.1723986"
  },
  {
   "price": "0.21226",
   "amount": "2554"
  },
  {
   "price": "0.21057",
   "amount": "4000"
  },
  {
   "price": "0.20909",
   "amount": "7712"
  },
  {
   "price": "0.20908",
   "amount": "15000"
  },
  {
   "price": "0.20311",
   "amount": "3473.908192"
  },
  {
   "price": "0.2015",
   "amount": "10"
  },
  {
   "price": "0.20107",
   "amount": "8000"
  },
  {
   "price": "0.2",
   "amount": "500"
  },
  {
   "price": "0.1979",
   "amount": "151.440122"
  },
  {
   "price": "0.195",
   "amount": "1230"
  },
  {
   "price": "0.1895",
   "amount": "242"
  },
  {
   "price": "0.187",
   "amount": "216.462822"
  },
  {
   "price": "0.18426",
   "amount": "100"
  },
  {
   "price": "0.1832",
   "amount": "5000"
  }
 ],
 "asks": [
  {
   "price": "0.22701",
   "amount": "526.473"
  },
  {
   "price": "0.22727",
   "amount": "2630.82691061"
  },
  {
   "price": "0.2283",
   "amount": "853.72099252"
  },
  {
   "price": "0.22849",
   "amount": "291.57368795"
  },
  {
   "price": "0.22889",
   "amount": "5074"
  },
  {
   "price": "0.23234",
   "amount": "4162.88818355"
  },
  {
   "price": "0.23235",
   "amount": "5152"
  },
  {
   "price": "0.233",
   "amount": "80.97282014"
  },
  {
   "price": "0.23352",
   "amount": "94.63682348"
  },
  {
   "price": "0.2337",
   "amount": "5162"
  },
  {
   "price": "0.23404",
   "amount": "106.96991741"
  },
  {
   "price": "0.23456",
   "amount": "118.85937486"
  },
  {
   "price": "0.23508",
   "amount": "130.74883231"
  },
  {
   "price": "0.2356",
   "amount": "142.63828976"
  },
  {
   "price": "0.23612",
   "amount": "154.52774721"
  },
  {
   "price": "0.23661",
   "amount": "2553"
  },
  {
   "price": "0.23664",
   "amount": "166.41720466"
  },
  {
   "price": "0.23716",
   "amount": "178.30666211"
  },
  {
   "price": "0.23768",
   "amount": "189.30884662"
  },
  {
   "price": "0.2382",
   "amount": "199.42375818"
  },
  {
   "price": "0.23872",
   "amount": "209.53866974"
  },
  {
   "price": "0.23924",
   "amount": "219.65358131"
  },
  {
   "price": "0.23925",
   "amount": "2546"
  },
  {
   "price": "0.23976",
   "amount": "229.76849287"
  },
  {
   "price": "0.24018",
   "amount": "4000"
  }
 ]
}