{
 "pair": "senusd",
 "bids": [
  {
   "price": "0.00042933",
   "amount": "9475.22819276"
  },
  {
   "price": "0.0004012",
   "amount": "25000"
  },
  {
   "price": "0.00030239",
   "amount": "10569.959327"
  },
  {
   "price": "0.0003023",
   "amount": "5000"
  },
  {
   "price": "0.0003021",
   "amount": "9000"
  },
  {
   "price": "0.00028781",
   "amount": "25150"
  },
  {
   "price": "0.00025",
   "amount": "200000"
  },
  {
   "price": "0.0001333",
   "amount": "10000"
  },
  {
   "price": "0.000121",
   "amount": "16000"
  },
  {
   "price": "0.00012",
   "amount": "40000"
  },
  {
   "price": "0.000101",
   "amount": "4996.7680768"
  },
  {
   "price": "0.0001",
   "amount": "11000"
  },
  {
   "price": "0.00009",
   "amount": "10000"
  },
  {
   "price": "0.0000451",
   "amount": "50000"
  },
  {
   "price": "0.000021",
   "amount": "10000"
  },
  {
   "price": "0.0000122",
   "amount": "160000"
  },
  {
   "price": "0.000011",
   "amount": "40000"
  },
  {
   "price": "0.00001",
   "amount": "200000"
  },
  {
   "price": "0.0000059",
   "amount": "100000"
  },
  {
   "price": "0.00000537",
   "amount": "200000"
  },
  {
   "price": "0.0000011",
   "amount": "400000"
  },
  {
   "price": "0.000001",
   "amount": "200000"
  },
  {
   "price": "1.1e-7",
   "amount": "800000"
  },
  {
   "price": "1e-7",
   "amount": "1400000"
  },
  {
   "price": "9e-8",
   "amount": "200000"
  }
 ],
 "asks": [
  {
   "price": "0.00059",
   "amount": "108386.793247"
  },
  {
   "price": "0.00063281",
   "amount": "17982"
  },
  {
   "price": "0.001",
   "amount": "200000"
  },
  {
   "price": "0.0012",
   "amount": "19044.92999999"
  },
  {
   "price": "0.0012698",
   "amount": "20669.651674"
  },
  {
   "price": "0.0013",
   "amount": "52989.957"
  },
  {
   "price": "0.0014769",
   "amount": "6993"
  },
  {
   "price": "0.0018",
   "amount": "101451.02322"
  },
  {
   "price": "0.0019",
   "amount": "7980.00000013"
  },
  {
   "price": "0.002",
   "amount": "2462.535"
  },
  {
   "price": "0.00215",
   "amount": "70907.022"
  },
  {
   "price": "0.0023",
   "amount": "2598.399"
  },
  {
   "price": "0.00235",
   "amount": "9999"
  },
  {
   "price": "0.00246",
   "amount": "16732.20112106"
  },
  {
   "price": "0.00248",
   "amount": "16732.20112106"
  },
  {
   "price": "0.0025",
   "amount": "16732.20112106"
  },
  {
   "price": "0.0026",
   "amount": "44444"
  },
  {
   "price": "0.0028",
   "amount": "44444"
  },
  {
   "price": "0.003",
   "amount": "69999.1503"
  },
  {
   "price": "0.0036669",
   "amount": "9100"
  },
  {
   "price": "0.0039664",
   "amount": "5300"
  },
  {
   "price": "0.0041861",
   "amount": "9832.27254485"
  },
  {
   "price": "0.0043",
   "amount": "9999"
  },
  {
   "price": "0.00432",
   "amount": "9999"
  },
  {
   "price": "0.00435",
   "amount": "9999"
  }
 ]
}