{
 "pair": "swmusd",
 "bids": [
  {
   "price": "0.015002",
   "amount": "1500"
  },
  {
   "price": "0.014001",
   "amount": "150"
  },
  {
   "price": "0.014",
   "amount": "25300"
  },
  {
   "price": "0.01",
   "amount": "100"
  },
  {
   "price": "0.0001146",
   "amount": "200"
  },
  {
   "price": "0.0001145",
   "amount": "50000"
  },
  {
   "price": "0.000112",
   "amount": "100000"
  },
  {
   "price": "0.00011",
   "amount": "10000"
  },
  {
   "price": "0.000001",
   "amount": "200000"
  },
  {
   "price": "2e-7",
   "amount": "100000"
  },
  {
   "price": "1e-7",
   "amount": "1800000"
  }
 ],
 "asks": [
  {
   "price": "0.049",
   "amount": "60"
  },
  {
   "price": "0.096479",
   "amount": "1618.33571"
  },
  {
   "price": "0.13",
   "amount": "1998"
  },
  {
   "price": "0.16",
   "amount": "5620"
  },
  {
   "price": "0.39",
   "amount": "1027.80132669"
  },
  {
   "price": "0.40765",
   "amount": "1048.77686398"
  },
  {
   "price": "0.42531",
   "amount": "1069.75240126"
  },
  {
   "price": "0.44296",
   "amount": "1090.72793854"
  },
  {
   "price": "0.46061",
   "amount": "1111.70347582"
  },
  {
   "price": "0.47827",
   "amount": "1132.6790131"
  },
  {
   "price": "0.49592",
   "amount": "1153.65455038"
  },
  {
   "price": "0.5",
   "amount": "399.2"
  },
  {
   "price": "0.51357",
   "amount": "1174.63008766"
  },
  {
   "price": "0.53122",
   "amount": "1195.60562494"
  },
  {
   "price": "0.54888",
   "amount": "1216.58116222"
  },
  {
   "price": "0.56653",
   "amount": "1237.5566995"
  },
  {
   "price": "0.58418",
   "amount": "1258.53223678"
  },
  {
   "price": "0.60184",
   "amount": "1279.50777406"
  },
  {
   "price": "0.61949",
   "amount": "1300.48331134"
  },
  {
   "price": "0.63714",
   "amount": "1321.45884862"
  },
  {
   "price": "0.6548",
   "amount": "1342.4343859"
  },
  {
   "price": "0.67245",
   "amount": "1363.40992318"
  },
  {
   "price": "0.6901",
   "amount": "1384.38546046"
  },
  {
   "price": "0.70776",
   "amount": "1405.36099774"
  },
  {
   "price": "0.72541",
   "amount": "1426.33653502"
  }
 ]
}