{
 "pair": "okbusd",
 "bids": [
  {
   "price": "0.68",
   "amount": "57.313317"
  },
  {
   "price": "0.5",
   "amount": "140.88433819"
  }
 ],
 "asks": [
  {
   "price": "6.1329",
   "amount": "7.36719257"
  },
  {
   "price": "6.139",
   "amount": "10.264531"
  },
  {
   "price": "7",
   "amount": "2"
  },
  {
   "price": "69",
   "amount": "2"
  },
  {
   "price": "690",
   "amount": "2"
  },
  {
   "price": "1500",
   "amount": "18.52462"
  },
  {
   "price": "6900",
   "amount": "2"
  },
  {
   "price": "69000",
   "amount": "2"
  }
 ]
}