{
 "pair": "daieth",
 "bids": [
  {
   "price": "0.0066582",
   "amount": "359.45182025"
  },
  {
   "price": "0.0066581",
   "amount": "245.09516679"
  },
  {
   "price": "0.00642",
   "amount": "100"
  },
  {
   "price": "0.006404",
   "amount": "3123"
  },
  {
   "price": "0.0061349",
   "amount": "4112.49036253"
  },
  {
   "price": "0.0060976",
   "amount": "1218.5"
  },
  {
   "price": "0.006055",
   "amount": "189.11375227"
  },
  {
   "price": "0.0055531",
   "amount": "158.758559"
  },
  {
   "price": "0.00555",
   "amount": "1937.19302023"
  },
  {
   "price": "0.0052631",
   "amount": "3800"
  },
  {
   "price": "0.0052083",
   "amount": "3840"
  },
  {
   "price": "0.0051813",
   "amount": "3860"
  },
  {
   "price": "0.0051546",
   "amount": "3880"
  },
  {
   "price": "0.0051282",
   "amount": "3900"
  },
  {
   "price": "0.0043743",
   "amount": "1000"
  },
  {
   "price": "0.00398",
   "amount": "36.57128"
  },
  {
   "price": "0.0027213",
   "amount": "2000"
  },
  {
   "price": "0.001925",
   "amount": "16.8338"
  },
  {
   "price": "0.00067",
   "amount": "28.67164179"
  },
  {
   "price": "0.0001516",
   "amount": "65.963"
  },
  {
   "price": "0.0000499",
   "amount": "1000"
  },
  {
   "price": "0.00001236",
   "amount": "30000"
  },
  {
   "price": "0.00000499",
   "amount": "1000"
  },
  {
   "price": "7e-7",
   "amount": "100000"
  },
  {
   "price": "6.9e-7",
   "amount": "20000"
  }
 ],
 "asks": [
  {
   "price": "0.0070934",
   "amount": "37.78395809"
  },
  {
   "price": "0.0070935",
   "amount": "196.35"
  },
  {
   "price": "0.0072",
   "amount": "49.8"
  },
  {
   "price": "0.0074624",
   "amount": "7.23911993"
  },
  {
   "price": "0.0074635",
   "amount": "40.882"
  },
  {
   "price": "0.007484",
   "amount": "318.485186"
  },
  {
   "price": "0.0111",
   "amount": "1665.07654783"
  },
  {
   "price": "4.47",
   "amount": "6.993"
  },
  {
   "price": "4.7",
   "amount": "5.236327"
  },
  {
   "price": "4.8",
   "amount": "5"
  },
  {
   "price": "4.9",
   "amount": "5"
  }
 ]
}