{
 "pair": "veebtc",
 "bids": [
  {
   "price": "1.4e-7",
   "amount": "3941.64285714"
  },
  {
   "price": "1.3e-7",
   "amount": "343333"
  },
  {
   "price": "1.2e-7",
   "amount": "800000"
  },
  {
   "price": "1.1e-7",
   "amount": "20000"
  },
  {
   "price": "5e-8",
   "amount": "1600000"
  },
  {
   "price": "4e-8",
   "amount": "125000"
  },
  {
   "price": "3e-8",
   "amount": "25000"
  },
  {
   "price": "2e-8",
   "amount": "800000"
  },
  {
   "price": "1e-8",
   "amount": "500000"
  }
 ],
 "asks": [
  {
   "price": "3.3e-7",
   "amount": "146939.186565"
  },
  {
   "price": "3.5e-7",
   "amount": "20000"
  },
  {
   "price": "3.8e-7",
   "amount": "3500"
  },
  {
   "price": "3.9e-7",
   "amount": "99978.19096412"
  },
  {
   "price": "4e-7",
   "amount": "27807.12"
  },
  {
   "price": "4.3e-7",
   "amount": "1630.74010179"
  },
  {
   "price": "4.5e-7",
   "amount": "25000"
  },
  {
   "price": "4.7e-7",
   "amount": "3233.52"
  },
  {
   "price": "4.8e-7",
   "amount": "25000"
  },
  {
   "price": "4.9e-7",
   "amount": "103443.65755123"
  },
  {
   "price": "5.5e-7",
   "amount": "29000"
  },
  {
   "price": "5.6e-7",
   "amount": "71276.17041637"
  },
  {
   "price": "6.3e-7",
   "amount": "81014.98523827"
  },
  {
   "price": "6.8e-7",
   "amount": "136516.31461485"
  },
  {
   "price": "7.4e-7",
   "amount": "127289.32085198"
  },
  {
   "price": "8.6e-7",
   "amount": "115456.26545628"
  },
  {
   "price": "9.9e-7",
   "amount": "51728.31400639"
  },
  {
   "price": "0.00000119",
   "amount": "85436.88056799"
  },
  {
   "price": "0.0000012",
   "amount": "2709.57"
  },
  {
   "price": "0.00000136",
   "amount": "59927.37561728"
  },
  {
   "price": "0.00000145",
   "amount": "3500"
  },
  {
   "price": "0.00000147",
   "amount": "33578.06772242"
  },
  {
   "price": "0.00000152",
   "amount": "25695"
  },
  {
   "price": "0.00000172",
   "amount": "49466.06927469"
  },
  {
   "price": "0.00000187",
   "amount": "30226.71392228"
  }
 ]
}