{
 "pair": "orsbtc",
 "bids": [
  {
   "price": "0.000004",
   "amount": "76938.51153721"
  },
  {
   "price": "0.00000316",
   "amount": "2070"
  },
  {
   "price": "0.0000027",
   "amount": "4000"
  },
  {
   "price": "0.0000024",
   "amount": "4150"
  },
  {
   "price": "4e-7",
   "amount": "12500"
  },
  {
   "price": "2e-7",
   "amount": "25000"
  },
  {
   "price": "1e-7",
   "amount": "100000"
  },
  {
   "price": "9e-8",
   "amount": "10000"
  },
  {
   "price": "2e-8",
   "amount": "250000"
  },
  {
   "price": "1e-8",
   "amount": "500000"
  }
 ],
 "asks": [
  {
   "price": "0.00001199",
   "amount": "1495.50898203"
  },
  {
   "price": "0.000012",
   "amount": "75000"
  },
  {
   "price": "0.00001235",
   "amount": "20000"
  },
  {
   "price": "0.0000125",
   "amount": "20000"
  },
  {
   "price": "0.0000133",
   "amount": "17000"
  },
  {
   "price": "0.00001337",
   "amount": "13700"
  },
  {
   "price": "0.00001376",
   "amount": "37293"
  },
  {
   "price": "0.0000139",
   "amount": "9994.5993"
  },
  {
   "price": "0.00001397",
   "amount": "15000"
  },
  {
   "price": "0.00001399",
   "amount": "11755.16"
  },
  {
   "price": "0.000014",
   "amount": "427.11846259"
  },
  {
   "price": "0.00001488",
   "amount": "25555"
  },
  {
   "price": "0.0000149",
   "amount": "32222"
  },
  {
   "price": "0.000015",
   "amount": "2350"
  },
  {
   "price": "0.000016",
   "amount": "2397.738"
  },
  {
   "price": "0.0000189",
   "amount": "32222"
  },
  {
   "price": "0.000022",
   "amount": "660.5805"
  },
  {
   "price": "0.0000229",
   "amount": "100000"
  },
  {
   "price": "0.000058",
   "amount": "47023"
  },
  {
   "price": "0.00006",
   "amount": "50000"
  },
  {
   "price": "0.00007",
   "amount": "50000"
  },
  {
   "price": "0.000077",
   "amount": "50000"
  },
  {
   "price": "0.000194",
   "amount": "200"
  },
  {
   "price": "0.00249",
   "amount": "200"
  },
  {
   "price": "0.0049874",
   "amount": "200"
  }
 ]
}