{
 "pair": "orseth",
 "bids": [
  {
   "price": "0.0002187",
   "amount": "4572.4737082"
  },
  {
   "price": "0.00021866",
   "amount": "823.19582914"
  },
  {
   "price": "0.00021864",
   "amount": "568.04"
  },
  {
   "price": "0.0002183",
   "amount": "8003.01795694"
  },
  {
   "price": "0.00021807",
   "amount": "160.49892236"
  },
  {
   "price": "0.000215",
   "amount": "664.510511"
  },
  {
   "price": "0.0001",
   "amount": "25000"
  },
  {
   "price": "0.0000971",
   "amount": "10000"
  },
  {
   "price": "0.0000917",
   "amount": "28800"
  },
  {
   "price": "0.00009169",
   "amount": "35000"
  },
  {
   "price": "0.000059",
   "amount": "30000"
  },
  {
   "price": "0.0000571",
   "amount": "1727.08715596"
  },
  {
   "price": "0.0000561",
   "amount": "1727.08715596"
  },
  {
   "price": "0.000056",
   "amount": "2125"
  },
  {
   "price": "0.0000551",
   "amount": "1727.08715596"
  },
  {
   "price": "0.0000541",
   "amount": "1727.08715596"
  },
  {
   "price": "0.0000531",
   "amount": "1727.08715596"
  },
  {
   "price": "0.0000521",
   "amount": "1727.08715596"
  },
  {
   "price": "0.0000511",
   "amount": "1727.08715596"
  },
  {
   "price": "0.0000501",
   "amount": "1727.08715596"
  },
  {
   "price": "0.0000491",
   "amount": "1727.08715596"
  },
  {
   "price": "0.0000481",
   "amount": "1727.08715596"
  },
  {
   "price": "0.0000471",
   "amount": "1727.08715596"
  },
  {
   "price": "0.0000461",
   "amount": "81727.08715596"
  },
  {
   "price": "0.0000451",
   "amount": "1727.08715596"
  }
 ],
 "asks": [
  {
   "price": "0.00029756",
   "amount": "5904.36203476"
  },
  {
   "price": "0.00029757",
   "amount": "32077.28"
  },
  {
   "price": "0.0003",
   "amount": "1200"
  },
  {
   "price": "0.00031112",
   "amount": "300"
  },
  {
   "price": "0.0003559",
   "amount": "2800"
  },
  {
   "price": "0.000435",
   "amount": "20000"
  },
  {
   "price": "0.00077536",
   "amount": "119980.10440495"
  },
  {
   "price": "0.0008",
   "amount": "500"
  },
  {
   "price": "0.004805",
   "amount": "200"
  },
  {
   "price": "0.024805",
   "amount": "200"
  },
  {
   "price": "0.092485",
   "amount": "200"
  },
  {
   "price": "0.14833",
   "amount": "200"
  },
  {
   "price": "0.26279",
   "amount": "200"
  },
  {
   "price": "0.48472",
   "amount": "232.766"
  }
 ]
}