{
 "pair": "orsusd",
 "bids": [
  {
   "price": "0.035",
   "amount": "36630.07417371"
  },
  {
   "price": "0.031",
   "amount": "38041.9756484"
  },
  {
   "price": "0.03",
   "amount": "148341.90171272"
  },
  {
   "price": "0.0295",
   "amount": "47998.15744745"
  },
  {
   "price": "0.028925",
   "amount": "1327.7"
  },
  {
   "price": "0.028",
   "amount": "357.14285714"
  },
  {
   "price": "0.027",
   "amount": "1000"
  },
  {
   "price": "0.025002",
   "amount": "100000"
  },
  {
   "price": "0.025",
   "amount": "141139.29"
  },
  {
   "price": "0.024",
   "amount": "200000"
  },
  {
   "price": "0.023",
   "amount": "250000"
  },
  {
   "price": "0.022001",
   "amount": "29.31614274"
  },
  {
   "price": "0.022",
   "amount": "136742.99883913"
  },
  {
   "price": "0.02",
   "amount": "491070.39136515"
  },
  {
   "price": "0.01766",
   "amount": "2000"
  },
  {
   "price": "0.0175",
   "amount": "500000"
  },
  {
   "price": "0.015",
   "amount": "79000"
  },
  {
   "price": "0.0141",
   "amount": "10000"
  },
  {
   "price": "0.012101",
   "amount": "1600"
  },
  {
   "price": "0.011614",
   "amount": "500"
  },
  {
   "price": "0.011005",
   "amount": "50000"
  },
  {
   "price": "0.0101",
   "amount": "20000"
  },
  {
   "price": "0.0093416",
   "amount": "500"
  },
  {
   "price": "0.006",
   "amount": "100000"
  },
  {
   "price": "0.0029",
   "amount": "3000"
  }
 ],
 "asks": [
  {
   "price": "0.041",
   "amount": "4009.635"
  },
  {
   "price": "0.042",
   "amount": "10000"
  },
  {
   "price": "0.044994",
   "amount": "999"
  },
  {
   "price": "0.044999",
   "amount": "17000"
  },
  {
   "price": "0.045",
   "amount": "10000"
  },
  {
   "price": "0.045158",
   "amount": "1000"
  },
  {
   "price": "0.047",
   "amount": "15000"
  },
  {
   "price": "0.048",
   "amount": "3000"
  },
  {
   "price": "0.0498",
   "amount": "37692.4"
  },
  {
   "price": "0.05",
   "amount": "101271"
  },
  {
   "price": "0.052",
   "amount": "15000"
  },
  {
   "price": "0.05374",
   "amount": "142684"
  },
  {
   "price": "0.0541",
   "amount": "5370.29271701"
  },
  {
   "price": "0.055",
   "amount": "100000"
  },
  {
   "price": "0.06",
   "amount": "154213.607092"
  },
  {
   "price": "0.061748",
   "amount": "497"
  },
  {
   "price": "0.065",
   "amount": "100000"
  },
  {
   "price": "0.0655",
   "amount": "255555"
  },
  {
   "price": "0.06885",
   "amount": "4995"
  },
  {
   "price": "0.07",
   "amount": "100000"
  },
  {
   "price": "0.075",
   "amount": "200000"
  },
  {
   "price": "0.08",
   "amount": "65617.981092"
  },
  {
   "price": "0.0895",
   "amount": "999"
  },
  {
   "price": "0.0899",
   "amount": "85873.96"
  },
  {
   "price": "0.0912",
   "amount": "500000"
  }
 ]
}