{
 "pair": "pasusd",
 "bids": [
  {
   "price": "0.0015401",
   "amount": "129510.35080197"
  },
  {
   "price": "0.00154",
   "amount": "6470.8584888"
  },
  {
   "price": "0.0015371",
   "amount": "44028.90853413"
  },
  {
   "price": "0.0015163",
   "amount": "52425.87363226"
  },
  {
   "price": "0.0015",
   "amount": "59828.6166965"
  },
  {
   "price": "0.00145",
   "amount": "30000"
  },
  {
   "price": "0.0014",
   "amount": "22866.887615"
  },
  {
   "price": "0.001",
   "amount": "6000"
  },
  {
   "price": "0.00030752",
   "amount": "800"
  },
  {
   "price": "0.000131",
   "amount": "100000"
  },
  {
   "price": "0.000121",
   "amount": "100000"
  },
  {
   "price": "0.0001",
   "amount": "20000"
  },
  {
   "price": "0.00009",
   "amount": "10000"
  },
  {
   "price": "0.00007",
   "amount": "730"
  },
  {
   "price": "0.00005",
   "amount": "100000"
  },
  {
   "price": "0.00004",
   "amount": "125000"
  },
  {
   "price": "0.0000323",
   "amount": "100000"
  },
  {
   "price": "0.00003",
   "amount": "100000"
  },
  {
   "price": "0.000021",
   "amount": "100000"
  },
  {
   "price": "0.00002",
   "amount": "100000"
  },
  {
   "price": "0.00001112",
   "amount": "50000"
  },
  {
   "price": "0.00001",
   "amount": "310000"
  },
  {
   "price": "0.00000789",
   "amount": "100000"
  },
  {
   "price": "0.0000045",
   "amount": "100000"
  },
  {
   "price": "0.00000112",
   "amount": "100000"
  }
 ],
 "asks": [
  {
   "price": "0.00196",
   "amount": "33977"
  },
  {
   "price": "0.0023508",
   "amount": "800"
  },
  {
   "price": "0.0023804",
   "amount": "12000"
  },
  {
   "price": "0.0025",
   "amount": "5494.984749"
  },
  {
   "price": "0.0026493",
   "amount": "1000"
  },
  {
   "price": "0.002882",
   "amount": "10313"
  },
  {
   "price": "0.0029",
   "amount": "50000"
  },
  {
   "price": "0.0029786",
   "amount": "1000"
  },
  {
   "price": "0.003",
   "amount": "76785.6969876"
  },
  {
   "price": "0.0030722",
   "amount": "4110.38961039"
  },
  {
   "price": "0.0031611",
   "amount": "3832.79220779"
  },
  {
   "price": "0.00325",
   "amount": "3555.19480519"
  },
  {
   "price": "0.0033389",
   "amount": "3277.5974026"
  },
  {
   "price": "0.0033735",
   "amount": "1000"
  },
  {
   "price": "0.0034277",
   "amount": "3000"
  },
  {
   "price": "0.0035166",
   "amount": "2722.4025974"
  },
  {
   "price": "0.0036055",
   "amount": "2444.80519481"
  },
  {
   "price": "0.0036944",
   "amount": "2167.20779221"
  },
  {
   "price": "0.0037721",
   "amount": "1000"
  },
  {
   "price": "0.0037833",
   "amount": "1889.61038961"
  },
  {
   "price": "0.0038722",
   "amount": "1612.01298701"
  },
  {
   "price": "0.00389",
   "amount": "1900"
  },
  {
   "price": "0.0039611",
   "amount": "1334.41558442"
  },
  {
   "price": "0.004",
   "amount": "4792.39999999"
  },
  {
   "price": "0.00405",
   "amount": "1056.81818182"
  }
 ]
}