{
 "pair": "pnketh",
 "bids": [
  {
   "price": "0.000051",
   "amount": "5900"
  },
  {
   "price": "0.00005088",
   "amount": "10000"
  },
  {
   "price": "0.00005077",
   "amount": "10000"
  },
  {
   "price": "0.00005067",
   "amount": "1973.54153233"
  },
  {
   "price": "0.00005066",
   "amount": "10000"
  },
  {
   "price": "0.00005055",
   "amount": "10000"
  },
  {
   "price": "0.00005044",
   "amount": "11982.5072046"
  },
  {
   "price": "0.00005033",
   "amount": "10000"
  },
  {
   "price": "0.00005022",
   "amount": "10000"
  },
  {
   "price": "0.00005021",
   "amount": "1991.53411165"
  },
  {
   "price": "0.00005011",
   "amount": "10000"
  },
  {
   "price": "0.00005",
   "amount": "65828.66990346"
  },
  {
   "price": "0.00004998",
   "amount": "2000.62281238"
  },
  {
   "price": "0.00004988",
   "amount": "8331.02247238"
  },
  {
   "price": "0.00004977",
   "amount": "10000"
  },
  {
   "price": "0.00004975",
   "amount": "2009.77387209"
  },
  {
   "price": "0.00004965",
   "amount": "10000"
  },
  {
   "price": "0.00004955",
   "amount": "35683.913262"
  },
  {
   "price": "0.00004954",
   "amount": "10000"
  },
  {
   "price": "0.00004952",
   "amount": "2018.98786257"
  },
  {
   "price": "0.00004942",
   "amount": "10000"
  },
  {
   "price": "0.00004931",
   "amount": "10000"
  },
  {
   "price": "0.0000493",
   "amount": "2028.26536217"
  },
  {
   "price": "0.00004925",
   "amount": "10000"
  },
  {
   "price": "0.0000492",
   "amount": "10000"
  }
 ],
 "asks": [
  {
   "price": "0.0000511",
   "amount": "362073.778278"
  },
  {
   "price": "0.00005112",
   "amount": "10000"
  },
  {
   "price": "0.00005113",
   "amount": "1955.79168793"
  },
  {
   "price": "0.00005123",
   "amount": "10000"
  },
  {
   "price": "0.00005134",
   "amount": "10000"
  },
  {
   "price": "0.00005136",
   "amount": "1947.00642915"
  },
  {
   "price": "0.00005145",
   "amount": "10000"
  },
  {
   "price": "0.00005156",
   "amount": "10000"
  },
  {
   "price": "0.00005159",
   "amount": "1938.28023171"
  },
  {
   "price": "0.00005167",
   "amount": "10000"
  },
  {
   "price": "0.00005178",
   "amount": "10000"
  },
  {
   "price": "0.00005179",
   "amount": "5484.01709244"
  },
  {
   "price": "0.00005182",
   "amount": "1929.61256738"
  },
  {
   "price": "0.00005186",
   "amount": "6666.66666667"
  },
  {
   "price": "0.00005189",
   "amount": "10000"
  },
  {
   "price": "0.00005193",
   "amount": "6666.66666667"
  },
  {
   "price": "0.000052",
   "amount": "16666.66666667"
  },
  {
   "price": "0.00005205",
   "amount": "1921.00291384"
  },
  {
   "price": "0.00005227",
   "amount": "973.11513734"
  },
  {
   "price": "0.00005228",
   "amount": "1912.45075456"
  },
  {
   "price": "0.00005252",
   "amount": "1903.95557876"
  },
  {
   "price": "0.00005274",
   "amount": "4940.62741752"
  },
  {
   "price": "0.00005275",
   "amount": "1895.51688131"
  },
  {
   "price": "0.00005276",
   "amount": "2381.47294574"
  },
  {
   "price": "0.00005284",
   "amount": "12633.90571583"
  }
 ]
}