{
 "pair": "pnkusd",
 "bids": [
  {
   "price": "0.0037532",
   "amount": "73270.8089097"
  },
  {
   "price": "0.0037531",
   "amount": "79933.92129173"
  },
  {
   "price": "0.003751",
   "amount": "449880.03199147"
  },
  {
   "price": "0.0037379",
   "amount": "5350.58361491"
  },
  {
   "price": "0.0036001",
   "amount": "1500"
  },
  {
   "price": "0.003",
   "amount": "2000"
  },
  {
   "price": "0.002678",
   "amount": "24154.3820163"
  },
  {
   "price": "0.0018433",
   "amount": "440"
  },
  {
   "price": "0.0011234",
   "amount": "4175.3484895"
  },
  {
   "price": "0.001",
   "amount": "101000"
  },
  {
   "price": "0.0005",
   "amount": "10000"
  },
  {
   "price": "0.000211",
   "amount": "5000"
  },
  {
   "price": "0.00021",
   "amount": "500"
  },
  {
   "price": "0.00011",
   "amount": "100000"
  },
  {
   "price": "0.0001",
   "amount": "20000"
  },
  {
   "price": "0.00005",
   "amount": "100000"
  },
  {
   "price": "0.00004",
   "amount": "25000"
  },
  {
   "price": "0.000015",
   "amount": "100000"
  },
  {
   "price": "0.0000122",
   "amount": "90000"
  },
  {
   "price": "0.000011",
   "amount": "1000000"
  },
  {
   "price": "0.00001",
   "amount": "10000"
  },
  {
   "price": "0.000005",
   "amount": "1000000"
  },
  {
   "price": "0.00000111",
   "amount": "1000000"
  },
  {
   "price": "0.000001",
   "amount": "1000000"
  },
  {
   "price": "7.5e-7",
   "amount": "1000000"
  }
 ],
 "asks": [
  {
   "price": "0.01",
   "amount": "500"
  },
  {
   "price": "0.011999",
   "amount": "2440.99326606"
  },
  {
   "price": "0.012",
   "amount": "5000"
  },
  {
   "price": "0.0145",
   "amount": "4140.86"
  },
  {
   "price": "0.015",
   "amount": "215601"
  },
  {
   "price": "0.017",
   "amount": "5000"
  },
  {
   "price": "0.018337",
   "amount": "17593.276175"
  },
  {
   "price": "0.02",
   "amount": "4463"
  },
  {
   "price": "0.025",
   "amount": "3000"
  },
  {
   "price": "0.03",
   "amount": "4121.64042387"
  },
  {
   "price": "0.038",
   "amount": "5489"
  },
  {
   "price": "0.04",
   "amount": "500"
  },
  {
   "price": "0.05",
   "amount": "500"
  },
  {
   "price": "0.06",
   "amount": "500"
  },
  {
   "price": "0.07",
   "amount": "500"
  },
  {
   "price": "0.0729",
   "amount": "1497"
  },
  {
   "price": "0.08",
   "amount": "500"
  },
  {
   "price": "0.111",
   "amount": "2620.6827487"
  },
  {
   "price": "0.498",
   "amount": "1400"
  },
  {
   "price": "0.99",
   "amount": "6092"
  },
  {
   "price": "1.5",
   "amount": "128462.64466426"
  },
  {
   "price": "9.99",
   "amount": "500"
  },
  {
   "price": "348",
   "amount": "2053.0425365"
  }
 ]
}