{
 "pair": "poausd",
 "bids": [
  {
   "price": "0.011608",
   "amount": "346.89472691"
  },
  {
   "price": "0.011607",
   "amount": "2205.60952406"
  },
  {
   "price": "0.011601",
   "amount": "500"
  },
  {
   "price": "0.0115",
   "amount": "999"
  },
  {
   "price": "0.011",
   "amount": "800"
  },
  {
   "price": "0.01012",
   "amount": "200"
  },
  {
   "price": "0.005484",
   "amount": "200"
  },
  {
   "price": "0.0046",
   "amount": "995"
  },
  {
   "price": "0.0045",
   "amount": "350"
  },
  {
   "price": "0.0034",
   "amount": "7000"
  },
  {
   "price": "0.0033",
   "amount": "4000"
  },
  {
   "price": "0.0021872",
   "amount": "200"
  },
  {
   "price": "0.00121",
   "amount": "1000"
  },
  {
   "price": "0.00079437",
   "amount": "1000"
  },
  {
   "price": "0.00032091",
   "amount": "2000"
  },
  {
   "price": "0.00026633",
   "amount": "1000"
  },
  {
   "price": "0.000212",
   "amount": "50000"
  },
  {
   "price": "0.00021",
   "amount": "750"
  },
  {
   "price": "0.00011",
   "amount": "9900"
  },
  {
   "price": "0.0001",
   "amount": "116000"
  },
  {
   "price": "0.00008063",
   "amount": "1000"
  },
  {
   "price": "0.00002502",
   "amount": "10000"
  },
  {
   "price": "0.00001",
   "amount": "15000"
  },
  {
   "price": "0.00000683",
   "amount": "150000"
  },
  {
   "price": "0.0000011",
   "amount": "150000"
  }
 ],
 "asks": [
  {
   "price": "0.018971",
   "amount": "3007.979539"
  },
  {
   "price": "0.019",
   "amount": "3007.979539"
  },
  {
   "price": "0.022",
   "amount": "2081.4373478"
  },
  {
   "price": "0.027981",
   "amount": "1574.579745"
  },
  {
   "price": "0.028",
   "amount": "499"
  },
  {
   "price": "0.03",
   "amount": "299.7"
  },
  {
   "price": "0.034",
   "amount": "1000"
  },
  {
   "price": "0.035",
   "amount": "639.5010783"
  },
  {
   "price": "0.037",
   "amount": "300.155842"
  },
  {
   "price": "0.04",
   "amount": "10771.74275829"
  },
  {
   "price": "0.04492",
   "amount": "950.049"
  },
  {
   "price": "0.045",
   "amount": "357.3392"
  },
  {
   "price": "0.04977",
   "amount": "450"
  },
  {
   "price": "0.05",
   "amount": "5000"
  },
  {
   "price": "0.054",
   "amount": "199.50000022"
  },
  {
   "price": "0.0543",
   "amount": "60"
  },
  {
   "price": "0.06513",
   "amount": "5000"
  },
  {
   "price": "0.07123",
   "amount": "200"
  },
  {
   "price": "0.08",
   "amount": "1605.07"
  },
  {
   "price": "0.08765",
   "amount": "497.39379823"
  },
  {
   "price": "0.09",
   "amount": "572.781854"
  },
  {
   "price": "0.1313",
   "amount": "5000"
  },
  {
   "price": "0.1415",
   "amount": "785.65299534"
  },
  {
   "price": "0.18",
   "amount": "600"
  },
  {
   "price": "0.196",
   "amount": "2000"
  }
 ]
}