{
 "pair": "poybtc",
 "bids": [
  {
   "price": "0.00000277",
   "amount": "7168.45878136"
  },
  {
   "price": "0.0000023",
   "amount": "500"
  },
  {
   "price": "0.000001",
   "amount": "100"
  },
  {
   "price": "5.5e-7",
   "amount": "1000"
  },
  {
   "price": "5.4e-7",
   "amount": "200000"
  },
  {
   "price": "5.3e-7",
   "amount": "5000"
  },
  {
   "price": "3e-7",
   "amount": "100000"
  },
  {
   "price": "2e-7",
   "amount": "28500"
  },
  {
   "price": "1.9e-7",
   "amount": "100000"
  },
  {
   "price": "1.1e-7",
   "amount": "10000"
  },
  {
   "price": "1e-7",
   "amount": "96978.3409"
  },
  {
   "price": "9e-8",
   "amount": "10000"
  },
  {
   "price": "7e-8",
   "amount": "100000"
  },
  {
   "price": "2e-8",
   "amount": "200000"
  },
  {
   "price": "1e-8",
   "amount": "200000"
  }
 ],
 "asks": [
  {
   "price": "0.00000288",
   "amount": "4499.73777013"
  },
  {
   "price": "0.0000029",
   "amount": "2155.24171172"
  },
  {
   "price": "0.00000316",
   "amount": "487.871553"
  },
  {
   "price": "0.00000318",
   "amount": "1427.14285714"
  },
  {
   "price": "0.00000386",
   "amount": "1531.99047753"
  },
  {
   "price": "0.00000406",
   "amount": "1529.99"
  },
  {
   "price": "0.00001177",
   "amount": "3996"
  },
  {
   "price": "0.00001206",
   "amount": "2857.63925239"
  },
  {
   "price": "0.00001241",
   "amount": "3179.46900133"
  },
  {
   "price": "0.00001325",
   "amount": "48"
  },
  {
   "price": "0.00001348",
   "amount": "1112.30878763"
  },
  {
   "price": "0.0000135",
   "amount": "3157.63163856"
  },
  {
   "price": "0.00001358",
   "amount": "2231.8672811"
  },
  {
   "price": "0.00001468",
   "amount": "3406.73811049"
  },
  {
   "price": "0.000015",
   "amount": "601.8448138"
  },
  {
   "price": "0.000017",
   "amount": "2807.30582023"
  },
  {
   "price": "0.00001969",
   "amount": "2564.25184762"
  },
  {
   "price": "0.00001972",
   "amount": "200"
  },
  {
   "price": "0.00002299",
   "amount": "932.43962082"
  },
  {
   "price": "0.00002611",
   "amount": "919.03247928"
  },
  {
   "price": "0.00002699",
   "amount": "48"
  },
  {
   "price": "0.0000303",
   "amount": "200"
  },
  {
   "price": "0.00003031",
   "amount": "2338.90571027"
  },
  {
   "price": "0.00003047",
   "amount": "967.99503855"
  },
  {
   "price": "0.0000329",
   "amount": "550"
  }
 ]
}