{
 "pair": "qshbtc",
 "bids": [
  {
   "price": "0.00000521",
   "amount": "7777"
  },
  {
   "price": "0.00000513",
   "amount": "245.555556"
  },
  {
   "price": "0.0000051",
   "amount": "15000"
  },
  {
   "price": "0.00000503",
   "amount": "250"
  },
  {
   "price": "0.000005",
   "amount": "1800"
  },
  {
   "price": "0.00000489",
   "amount": "15000"
  },
  {
   "price": "0.00000449",
   "amount": "16580.86835575"
  },
  {
   "price": "0.00000448",
   "amount": "1987"
  },
  {
   "price": "0.00000312",
   "amount": "1600"
  },
  {
   "price": "0.0000025",
   "amount": "5400"
  },
  {
   "price": "0.0000021",
   "amount": "500"
  },
  {
   "price": "0.000002",
   "amount": "2500"
  },
  {
   "price": "0.00000194",
   "amount": "257.73"
  },
  {
   "price": "0.00000171",
   "amount": "100"
  },
  {
   "price": "0.00000163",
   "amount": "11"
  },
  {
   "price": "0.00000101",
   "amount": "5000"
  },
  {
   "price": "0.000001",
   "amount": "5000"
  },
  {
   "price": "8.6e-7",
   "amount": "27351.88372"
  },
  {
   "price": "4.4e-7",
   "amount": "16"
  },
  {
   "price": "4.3e-7",
   "amount": "3000"
  },
  {
   "price": "4.2e-7",
   "amount": "50000"
  },
  {
   "price": "3.8e-7",
   "amount": "50000"
  },
  {
   "price": "2.1e-7",
   "amount": "5000"
  },
  {
   "price": "2e-7",
   "amount": "25000"
  },
  {
   "price": "1.6e-7",
   "amount": "10000"
  }
 ],
 "asks": [
  {
   "price": "0.00000876",
   "amount": "8475.73859951"
  },
  {
   "price": "0.00000971",
   "amount": "3396.44141717"
  },
  {
   "price": "0.00000974",
   "amount": "2001.04102761"
  },
  {
   "price": "0.00001157",
   "amount": "500"
  },
  {
   "price": "0.00001254",
   "amount": "499.5"
  },
  {
   "price": "0.00001299",
   "amount": "227.04426797"
  },
  {
   "price": "0.000013",
   "amount": "11435.285167"
  },
  {
   "price": "0.000014",
   "amount": "179.5822734"
  },
  {
   "price": "0.00001404",
   "amount": "2500"
  },
  {
   "price": "0.0000167",
   "amount": "7000"
  },
  {
   "price": "0.0000169",
   "amount": "3194"
  },
  {
   "price": "0.00001825",
   "amount": "7000"
  },
  {
   "price": "0.00002",
   "amount": "2035"
  },
  {
   "price": "0.00002213",
   "amount": "917"
  },
  {
   "price": "0.00002217",
   "amount": "600"
  },
  {
   "price": "0.00002248",
   "amount": "200"
  },
  {
   "price": "0.00002251",
   "amount": "222"
  },
  {
   "price": "0.00002252",
   "amount": "500"
  },
  {
   "price": "0.00002378",
   "amount": "12378.6"
  },
  {
   "price": "0.000025",
   "amount": "35"
  },
  {
   "price": "0.000027",
   "amount": "1997"
  },
  {
   "price": "0.00002746",
   "amount": "3"
  },
  {
   "price": "0.000028",
   "amount": "36"
  },
  {
   "price": "0.00002987",
   "amount": "15"
  },
  {
   "price": "0.0000299",
   "amount": "500"
  }
 ]
}