{
 "pair": "qsheth",
 "bids": [
  {
   "price": "0.00033561",
   "amount": "3333"
  },
  {
   "price": "0.00033544",
   "amount": "104.34056761"
  },
  {
   "price": "0.0002871",
   "amount": "15000"
  },
  {
   "price": "0.00028703",
   "amount": "627.11214856"
  },
  {
   "price": "0.00027371",
   "amount": "6236.14975704"
  },
  {
   "price": "0.0002737",
   "amount": "777"
  },
  {
   "price": "0.0002666",
   "amount": "3750"
  },
  {
   "price": "0.00026",
   "amount": "211.84615385"
  },
  {
   "price": "0.00025",
   "amount": "70"
  },
  {
   "price": "0.00020001",
   "amount": "5000"
  },
  {
   "price": "0.0002",
   "amount": "20348.446548"
  },
  {
   "price": "0.0001",
   "amount": "200"
  },
  {
   "price": "0.00005428",
   "amount": "32"
  },
  {
   "price": "0.00005194",
   "amount": "1000"
  },
  {
   "price": "0.0000416",
   "amount": "240.38"
  },
  {
   "price": "0.000031",
   "amount": "7847.918445"
  },
  {
   "price": "0.0000303",
   "amount": "100"
  },
  {
   "price": "0.00003002",
   "amount": "30000"
  },
  {
   "price": "0.000021",
   "amount": "500"
  },
  {
   "price": "0.00002",
   "amount": "500"
  },
  {
   "price": "0.00001",
   "amount": "1210.177"
  },
  {
   "price": "0.000005",
   "amount": "2000"
  },
  {
   "price": "0.0000021",
   "amount": "2000"
  },
  {
   "price": "0.000001",
   "amount": "1016"
  },
  {
   "price": "9.8e-7",
   "amount": "750"
  }
 ],
 "asks": [
  {
   "price": "0.00041008",
   "amount": "302.995701"
  },
  {
   "price": "0.00041009",
   "amount": "3333"
  },
  {
   "price": "0.00041022",
   "amount": "1346.74699895"
  },
  {
   "price": "0.00041023",
   "amount": "690.91265203"
  },
  {
   "price": "0.0006",
   "amount": "28486"
  },
  {
   "price": "0.00061057",
   "amount": "449.85"
  },
  {
   "price": "0.00062212",
   "amount": "3987.99999998"
  },
  {
   "price": "0.00063413",
   "amount": "264.9474"
  },
  {
   "price": "0.000649",
   "amount": "2150"
  },
  {
   "price": "0.00065",
   "amount": "50000"
  },
  {
   "price": "0.0007",
   "amount": "50000"
  },
  {
   "price": "0.00071188",
   "amount": "262.583381"
  },
  {
   "price": "0.00071189",
   "amount": "433"
  },
  {
   "price": "0.00072",
   "amount": "339.28641137"
  },
  {
   "price": "0.00078",
   "amount": "2000"
  },
  {
   "price": "0.0007999",
   "amount": "1999"
  },
  {
   "price": "0.0008",
   "amount": "601.675"
  },
  {
   "price": "0.00084865",
   "amount": "5000"
  },
  {
   "price": "0.00089",
   "amount": "1300"
  },
  {
   "price": "0.0009",
   "amount": "3906.0884662"
  },
  {
   "price": "0.00094414",
   "amount": "150"
  },
  {
   "price": "0.00096671",
   "amount": "800"
  },
  {
   "price": "0.00099899",
   "amount": "149.85"
  },
  {
   "price": "0.001",
   "amount": "236"
  },
  {
   "price": "0.0011",
   "amount": "100"
  }
 ]
}