{
 "pair": "qshusd",
 "bids": [
  {
   "price": "0.04303",
   "amount": "3000"
  },
  {
   "price": "0.043",
   "amount": "100"
  },
  {
   "price": "0.04",
   "amount": "3000"
  },
  {
   "price": "0.03745",
   "amount": "266.96744999"
  },
  {
   "price": "0.036588",
   "amount": "15000"
  },
  {
   "price": "0.035669",
   "amount": "200"
  },
  {
   "price": "0.033691",
   "amount": "8904.45519575"
  },
  {
   "price": "0.03369",
   "amount": "2000"
  },
  {
   "price": "0.032455",
   "amount": "16100"
  },
  {
   "price": "0.03243",
   "amount": "25841.76519171"
  },
  {
   "price": "0.03",
   "amount": "4045.6"
  },
  {
   "price": "0.026251",
   "amount": "19047.17915651"
  },
  {
   "price": "0.02625",
   "amount": "26946.6552"
  },
  {
   "price": "0.026191",
   "amount": "50000"
  },
  {
   "price": "0.02198",
   "amount": "7000"
  },
  {
   "price": "0.021",
   "amount": "100"
  },
  {
   "price": "0.0205",
   "amount": "20000"
  },
  {
   "price": "0.020491",
   "amount": "24400.36112534"
  },
  {
   "price": "0.016",
   "amount": "100"
  },
  {
   "price": "0.01598",
   "amount": "48318.09049273"
  },
  {
   "price": "0.0151",
   "amount": "1506.64768212"
  },
  {
   "price": "0.01301",
   "amount": "1500"
  },
  {
   "price": "0.013",
   "amount": "1000"
  },
  {
   "price": "0.011882",
   "amount": "50000"
  },
  {
   "price": "0.011",
   "amount": "3200"
  }
 ],
 "asks": [
  {
   "price": "0.04707",
   "amount": "1426.39356067"
  },
  {
   "price": "0.0471",
   "amount": "558.51017026"
  },
  {
   "price": "0.051877",
   "amount": "3000"
  },
  {
   "price": "0.052",
   "amount": "1000"
  },
  {
   "price": "0.052877",
   "amount": "3000"
  },
  {
   "price": "0.053",
   "amount": "100"
  },
  {
   "price": "0.053877",
   "amount": "1582.41"
  },
  {
   "price": "0.066763",
   "amount": "897.8358218"
  },
  {
   "price": "0.066767",
   "amount": "600"
  },
  {
   "price": "0.068",
   "amount": "499.705"
  },
  {
   "price": "0.069",
   "amount": "74804.635141"
  },
  {
   "price": "0.07",
   "amount": "199.9"
  },
  {
   "price": "0.07044",
   "amount": "100"
  },
  {
   "price": "0.07088",
   "amount": "100"
  },
  {
   "price": "0.0713",
   "amount": "96.79274"
  },
  {
   "price": "0.071321",
   "amount": "100"
  },
  {
   "price": "0.071761",
   "amount": "100"
  },
  {
   "price": "0.072201",
   "amount": "100"
  },
  {
   "price": "0.072641",
   "amount": "100"
  },
  {
   "price": "0.073081",
   "amount": "100"
  },
  {
   "price": "0.073522",
   "amount": "100"
  },
  {
   "price": "0.073962",
   "amount": "100"
  },
  {
   "price": "0.074402",
   "amount": "100"
  },
  {
   "price": "0.074842",
   "amount": "100"
  },
  {
   "price": "0.07485",
   "amount": "199.79999999"
  }
 ]
}