{
 "pair": "qtmbtc",
 "bids": [
  {
   "price": "0.00022948",
   "amount": "12.970168"
  },
  {
   "price": "0.00022915",
   "amount": "86.24407072"
  },
  {
   "price": "0.0002",
   "amount": "128.45025"
  },
  {
   "price": "0.00019412",
   "amount": "4.71465366"
  },
  {
   "price": "0.00019411",
   "amount": "202.55659162"
  },
  {
   "price": "0.0001941",
   "amount": "600"
  },
  {
   "price": "0.00018307",
   "amount": "963.00031761"
  },
  {
   "price": "0.000183",
   "amount": "5"
  },
  {
   "price": "0.00011",
   "amount": "0.4"
  },
  {
   "price": "0.000101",
   "amount": "0.4"
  },
  {
   "price": "0.0001001",
   "amount": "50"
  },
  {
   "price": "0.000091",
   "amount": "0.4"
  },
  {
   "price": "0.000081",
   "amount": "0.4"
  },
  {
   "price": "0.000071",
   "amount": "0.4"
  },
  {
   "price": "0.0000697",
   "amount": "7.17"
  },
  {
   "price": "0.000061",
   "amount": "0.4"
  },
  {
   "price": "0.0000556",
   "amount": "35"
  },
  {
   "price": "0.00005453",
   "amount": "2039.46564538"
  },
  {
   "price": "0.00005121",
   "amount": "194.93614528"
  },
  {
   "price": "0.000051",
   "amount": "0.4"
  },
  {
   "price": "0.00004493",
   "amount": "100"
  },
  {
   "price": "0.000041",
   "amount": "0.4"
  },
  {
   "price": "0.00003816",
   "amount": "35"
  },
  {
   "price": "0.00003768",
   "amount": "2"
  },
  {
   "price": "0.00003758",
   "amount": "5000"
  }
 ],
 "asks": [
  {
   "price": "0.00023383",
   "amount": "7.584617"
  },
  {
   "price": "0.00023384",
   "amount": "86.31851532"
  },
  {
   "price": "0.00027886",
   "amount": "123.75"
  },
  {
   "price": "0.00027888",
   "amount": "99.899999"
  },
  {
   "price": "0.00028",
   "amount": "284"
  },
  {
   "price": "0.00031514",
   "amount": "102.621046"
  },
  {
   "price": "0.000316",
   "amount": "99.8"
  },
  {
   "price": "0.00033025",
   "amount": "1.79"
  },
  {
   "price": "0.0004",
   "amount": "31.98"
  },
  {
   "price": "0.00040788",
   "amount": "2"
  },
  {
   "price": "0.00042226",
   "amount": "2"
  },
  {
   "price": "0.000428",
   "amount": "100"
  },
  {
   "price": "0.0004314",
   "amount": "2"
  },
  {
   "price": "0.00045",
   "amount": "19.98"
  },
  {
   "price": "0.00045312",
   "amount": "2"
  },
  {
   "price": "0.00046",
   "amount": "44.710247"
  },
  {
   "price": "0.00046284",
   "amount": "436.617966"
  },
  {
   "price": "0.000463",
   "amount": "96.850253"
  },
  {
   "price": "0.00047",
   "amount": "10"
  },
  {
   "price": "0.00047303",
   "amount": "2.41073216"
  },
  {
   "price": "0.0004762",
   "amount": "5.98"
  },
  {
   "price": "0.00048124",
   "amount": "99"
  },
  {
   "price": "0.00048877",
   "amount": "50.949"
  },
  {
   "price": "0.00049697",
   "amount": "32.3181567"
  },
  {
   "price": "0.000508",
   "amount": "5"
  }
 ]
}