{
 "pair": "qtmeth",
 "bids": [
  {
   "price": "0.012776",
   "amount": "15.52192472"
  },
  {
   "price": "0.011002",
   "amount": "153.38120341"
  },
  {
   "price": "0.011",
   "amount": "57.11828"
  },
  {
   "price": "0.010751",
   "amount": "4.71465366"
  },
  {
   "price": "0.01075",
   "amount": "100"
  },
  {
   "price": "0.007",
   "amount": "2"
  },
  {
   "price": "0.004",
   "amount": "5"
  },
  {
   "price": "0.00378",
   "amount": "2"
  },
  {
   "price": "0.00201",
   "amount": "0.4"
  },
  {
   "price": "0.002",
   "amount": "10"
  },
  {
   "price": "0.001807",
   "amount": "2.77"
  },
  {
   "price": "0.00151",
   "amount": "0.4"
  },
  {
   "price": "0.0011",
   "amount": "0.4"
  },
  {
   "price": "0.00090369",
   "amount": "11.066"
  },
  {
   "price": "0.00071999",
   "amount": "100"
  },
  {
   "price": "0.00070199",
   "amount": "2"
  },
  {
   "price": "0.00051",
   "amount": "0.4"
  },
  {
   "price": "0.0003206",
   "amount": "250"
  },
  {
   "price": "0.000211",
   "amount": "0.4"
  },
  {
   "price": "0.00011296",
   "amount": "88.53"
  },
  {
   "price": "0.000111",
   "amount": "0.4"
  },
  {
   "price": "0.0001",
   "amount": "100"
  },
  {
   "price": "0.00004166",
   "amount": "100"
  },
  {
   "price": "0.00004116",
   "amount": "1500"
  },
  {
   "price": "0.0000321",
   "amount": "10000"
  }
 ],
 "asks": [
  {
   "price": "0.013162",
   "amount": "15.34801627"
  },
  {
   "price": "0.015023",
   "amount": "5"
  },
  {
   "price": "0.015756",
   "amount": "123.75"
  },
  {
   "price": "0.015757",
   "amount": "76.92"
  },
  {
   "price": "0.015944",
   "amount": "47.32586658"
  },
  {
   "price": "0.015945",
   "amount": "650.75000002"
  },
  {
   "price": "0.0175",
   "amount": "2.5"
  },
  {
   "price": "0.01829",
   "amount": "7.992"
  },
  {
   "price": "0.018347",
   "amount": "12.705968"
  },
  {
   "price": "0.0185",
   "amount": "11.988"
  },
  {
   "price": "0.0194",
   "amount": "50"
  },
  {
   "price": "0.01979",
   "amount": "35.23"
  },
  {
   "price": "0.02",
   "amount": "3"
  },
  {
   "price": "0.020486",
   "amount": "133.78882021"
  },
  {
   "price": "0.0208",
   "amount": "99"
  },
  {
   "price": "0.021042",
   "amount": "257.67716649"
  },
  {
   "price": "0.02121",
   "amount": "50"
  },
  {
   "price": "0.0226",
   "amount": "99"
  },
  {
   "price": "0.02295",
   "amount": "36.80634152"
  },
  {
   "price": "0.023",
   "amount": "70.00833333"
  },
  {
   "price": "0.02317",
   "amount": "9.99999"
  },
  {
   "price": "0.0234",
   "amount": "1337.72"
  },
  {
   "price": "0.023849",
   "amount": "20"
  },
  {
   "price": "0.02389",
   "amount": "2.09748948"
  },
  {
   "price": "0.024",
   "amount": "521.918732"
  }
 ]
}