{
 "pair": "qtmusd",
 "bids": [
  {
   "price": "1.6521",
   "amount": "438.72460529"
  },
  {
   "price": "1.652",
   "amount": "4.71465366"
  },
  {
   "price": "1.635",
   "amount": "6.28401421"
  },
  {
   "price": "1.6349",
   "amount": "11.81647688"
  },
  {
   "price": "1.619",
   "amount": "12.35330451"
  },
  {
   "price": "1.6011",
   "amount": "5.26301083"
  },
  {
   "price": "1.55",
   "amount": "8.127635"
  },
  {
   "price": "1.511",
   "amount": "8"
  },
  {
   "price": "1.51",
   "amount": "10.12"
  },
  {
   "price": "1.487",
   "amount": "90"
  },
  {
   "price": "1.4857",
   "amount": "6.65797101"
  },
  {
   "price": "1.4824",
   "amount": "11.60877533"
  },
  {
   "price": "1.4605",
   "amount": "4"
  },
  {
   "price": "1.45",
   "amount": "30"
  },
  {
   "price": "1.445",
   "amount": "20"
  },
  {
   "price": "1.4352",
   "amount": "6.34202899"
  },
  {
   "price": "1.425",
   "amount": "50"
  },
  {
   "price": "1.42",
   "amount": "534.559155"
  },
  {
   "price": "1.41",
   "amount": "4"
  },
  {
   "price": "1.406",
   "amount": "80"
  },
  {
   "price": "1.4",
   "amount": "37.2"
  },
  {
   "price": "1.3665",
   "amount": "80"
  },
  {
   "price": "1.35",
   "amount": "30"
  },
  {
   "price": "1.3443",
   "amount": "18.75"
  },
  {
   "price": "1.341",
   "amount": "20"
  }
 ],
 "asks": [
  {
   "price": "1.6745",
   "amount": "312.072237"
  },
  {
   "price": "1.6746",
   "amount": "32.17954361"
  },
  {
   "price": "1.6748",
   "amount": "6.11583389"
  },
  {
   "price": "1.675",
   "amount": "6.993"
  },
  {
   "price": "1.6934",
   "amount": "6.09756096"
  },
  {
   "price": "1.7094",
   "amount": "5.42561"
  },
  {
   "price": "1.7245",
   "amount": "4.99671776"
  },
  {
   "price": "1.7416",
   "amount": "9.45987855"
  },
  {
   "price": "1.9649",
   "amount": "17.91928241"
  },
  {
   "price": "1.965",
   "amount": "150"
  },
  {
   "price": "1.97",
   "amount": "249"
  },
  {
   "price": "2",
   "amount": "50"
  },
  {
   "price": "2.0981",
   "amount": "2"
  },
  {
   "price": "2.1195",
   "amount": "9.99"
  },
  {
   "price": "2.173",
   "amount": "50"
  },
  {
   "price": "2.1738",
   "amount": "2.54"
  },
  {
   "price": "2.1917",
   "amount": "5.779584"
  },
  {
   "price": "2.1944",
   "amount": "2"
  },
  {
   "price": "2.2112",
   "amount": "15"
  },
  {
   "price": "2.2899",
   "amount": "123.75"
  },
  {
   "price": "2.29",
   "amount": "200"
  },
  {
   "price": "2.3",
   "amount": "9.99"
  },
  {
   "price": "2.321",
   "amount": "75"
  },
  {
   "price": "2.3388",
   "amount": "9.98"
  },
  {
   "price": "2.3396",
   "amount": "12.14310099"
  }
 ]
}