{
 "pair": "rbtbtc",
 "bids": [
  {
   "price": "0.99599",
   "amount": "0.001007"
  },
  {
   "price": "0.995",
   "amount": "0.01"
  },
  {
   "price": "0.994",
   "amount": "0.01"
  },
  {
   "price": "0.993",
   "amount": "0.0108"
  },
  {
   "price": "0.992",
   "amount": "0.0158"
  },
  {
   "price": "0.991",
   "amount": "0.008"
  },
  {
   "price": "0.99",
   "amount": "0.0008"
  },
  {
   "price": "0.987",
   "amount": "0.02615445"
  },
  {
   "price": "0.9835",
   "amount": "0.01"
  },
  {
   "price": "0.9815",
   "amount": "0.005255"
  },
  {
   "price": "0.978",
   "amount": "0.01"
  },
  {
   "price": "0.973",
   "amount": "0.0331335"
  },
  {
   "price": "0.971",
   "amount": "0.0151"
  },
  {
   "price": "0.97",
   "amount": "0.02134488"
  },
  {
   "price": "0.967",
   "amount": "0.1"
  },
  {
   "price": "0.965",
   "amount": "0.02"
  },
  {
   "price": "0.962",
   "amount": "0.001"
  },
  {
   "price": "0.93",
   "amount": "0.0021"
  },
  {
   "price": "0.9",
   "amount": "0.3"
  },
  {
   "price": "0.7789",
   "amount": "0.0009"
  },
  {
   "price": "0.11115",
   "amount": "3"
  },
  {
   "price": "0.010005",
   "amount": "10"
  },
  {
   "price": "0.01",
   "amount": "1"
  },
  {
   "price": "0.00040001",
   "amount": "12.5"
  },
  {
   "price": "0.0004",
   "amount": "10"
  }
 ],
 "asks": [
  {
   "price": "0.996",
   "amount": "0.0148"
  },
  {
   "price": "1.0006",
   "amount": "0.000905"
  },
  {
   "price": "1.0018",
   "amount": "0.005474"
  },
  {
   "price": "1.002",
   "amount": "0.005985"
  },
  {
   "price": "1.04",
   "amount": "0.001"
  },
  {
   "price": "1.05",
   "amount": "0.007059"
  },
  {
   "price": "1.208",
   "amount": "0.003907"
  },
  {
   "price": "1.22",
   "amount": "0.001"
  },
  {
   "price": "1.5494",
   "amount": "0.0097901"
  },
  {
   "price": "1.57",
   "amount": "0.22949"
  },
  {
   "price": "2",
   "amount": "0.015902"
  },
  {
   "price": "2.9",
   "amount": "0.007761"
  },
  {
   "price": "4",
   "amount": "0.09649"
  },
  {
   "price": "4.9999",
   "amount": "0.002997"
  },
  {
   "price": "18",
   "amount": "0.00665214"
  },
  {
   "price": "999",
   "amount": "0.000797"
  }
 ]
}