{
 "pair": "rbtusd",
 "bids": [
  {
   "price": "6593.6",
   "amount": "0.0417071"
  },
  {
   "price": "6593.2",
   "amount": "0.04550143"
  },
  {
   "price": "6593.1",
   "amount": "0.17063379"
  },
  {
   "price": "6500",
   "amount": "0.001129"
  },
  {
   "price": "6400",
   "amount": "0.01"
  },
  {
   "price": "6000",
   "amount": "0.02"
  },
  {
   "price": "5600",
   "amount": "0.00178571"
  },
  {
   "price": "5000",
   "amount": "0.0028"
  },
  {
   "price": "2000",
   "amount": "0.011"
  },
  {
   "price": "1100",
   "amount": "0.4"
  },
  {
   "price": "3",
   "amount": "10"
  },
  {
   "price": "2.6338",
   "amount": "13.33"
  },
  {
   "price": "2.63",
   "amount": "1.25"
  },
  {
   "price": "2.35",
   "amount": "5.33"
  },
  {
   "price": "2.12",
   "amount": "1"
  },
  {
   "price": "1.05",
   "amount": "91"
  },
  {
   "price": "1",
   "amount": "100"
  },
  {
   "price": "0.26201",
   "amount": "18"
  },
  {
   "price": "0.262",
   "amount": "13"
  },
  {
   "price": "0.2611",
   "amount": "15"
  },
  {
   "price": "0.26",
   "amount": "126"
  },
  {
   "price": "0.121",
   "amount": "10"
  },
  {
   "price": "0.0121",
   "amount": "500"
  },
  {
   "price": "0.0112",
   "amount": "100"
  },
  {
   "price": "0.01",
   "amount": "150"
  }
 ],
 "asks": [
  {
   "price": "7285.2",
   "amount": "0.01455319"
  },
  {
   "price": "7285.3",
   "amount": "0.00978076"
  },
  {
   "price": "7285.5",
   "amount": "0.00429245"
  },
  {
   "price": "7287",
   "amount": "0.0017982"
  },
  {
   "price": "7300",
   "amount": "0.001"
  },
  {
   "price": "7500",
   "amount": "0.003907"
  },
  {
   "price": "8000",
   "amount": "0.011083"
  },
  {
   "price": "13000",
   "amount": "0.0015"
  },
  {
   "price": "15000",
   "amount": "0.01"
  },
  {
   "price": "23599",
   "amount": "0.01"
  },
  {
   "price": "24000",
   "amount": "0.001"
  },
  {
   "price": "50000",
   "amount": "0.0007"
  }
 ]
}