{
 "pair": "rcneth",
 "bids": [
  {
   "price": "0.00032772",
   "amount": "1829.9"
  },
  {
   "price": "0.00032771",
   "amount": "3333"
  },
  {
   "price": "0.00028594",
   "amount": "629.50269287"
  },
  {
   "price": "0.00028576",
   "amount": "2685.64367532"
  },
  {
   "price": "0.000283",
   "amount": "2000"
  },
  {
   "price": "0.00022",
   "amount": "155"
  },
  {
   "price": "0.0001201",
   "amount": "500"
  },
  {
   "price": "0.00003944",
   "amount": "3500"
  },
  {
   "price": "0.000021",
   "amount": "40"
  },
  {
   "price": "0.00000893",
   "amount": "1119.98"
  },
  {
   "price": "0.000006",
   "amount": "1600"
  },
  {
   "price": "0.00000215",
   "amount": "5000"
  },
  {
   "price": "0.00000211",
   "amount": "2000"
  },
  {
   "price": "0.00000102",
   "amount": "2000"
  },
  {
   "price": "0.00000101",
   "amount": "100000"
  },
  {
   "price": "0.000001",
   "amount": "10000"
  },
  {
   "price": "2.2e-7",
   "amount": "50000"
  },
  {
   "price": "2.1e-7",
   "amount": "20000"
  },
  {
   "price": "2e-7",
   "amount": "100000"
  },
  {
   "price": "5e-8",
   "amount": "200000"
  },
  {
   "price": "4e-8",
   "amount": "20000"
  },
  {
   "price": "3e-8",
   "amount": "6000"
  },
  {
   "price": "2e-8",
   "amount": "10000"
  },
  {
   "price": "1e-8",
   "amount": "10000"
  }
 ],
 "asks": [
  {
   "price": "0.0004286",
   "amount": "357.48684716"
  },
  {
   "price": "0.0004386",
   "amount": "341.99726402"
  },
  {
   "price": "0.0004486",
   "amount": "1400"
  },
  {
   "price": "0.00074999",
   "amount": "486.94626048"
  },
  {
   "price": "0.00075",
   "amount": "2000"
  },
  {
   "price": "0.000799",
   "amount": "299.7"
  },
  {
   "price": "0.0009",
   "amount": "10000"
  },
  {
   "price": "0.001",
   "amount": "1000.000998"
  },
  {
   "price": "0.00149",
   "amount": "10000"
  },
  {
   "price": "0.0015",
   "amount": "551.01"
  },
  {
   "price": "0.0019",
   "amount": "10000"
  }
 ]
}