{
 "pair": "rdneth",
 "bids": [
  {
   "price": "0.00080823",
   "amount": "1111"
  },
  {
   "price": "0.00080815",
   "amount": "222.73092866"
  },
  {
   "price": "0.00070301",
   "amount": "49.78592054"
  },
  {
   "price": "0.000703",
   "amount": "332"
  },
  {
   "price": "0.0006603",
   "amount": "529.787732"
  },
  {
   "price": "0.00064404",
   "amount": "517.57654812"
  },
  {
   "price": "0.00064403",
   "amount": "432.862417"
  },
  {
   "price": "0.00057",
   "amount": "1730"
  },
  {
   "price": "0.00055",
   "amount": "10"
  },
  {
   "price": "0.000511",
   "amount": "15.83287949"
  },
  {
   "price": "0.0002511",
   "amount": "35.44308512"
  },
  {
   "price": "0.0001594",
   "amount": "827.085733"
  },
  {
   "price": "0.0001111",
   "amount": "90.30325939"
  },
  {
   "price": "0.000101",
   "amount": "200"
  },
  {
   "price": "0.00006537",
   "amount": "1852"
  },
  {
   "price": "0.00005022",
   "amount": "200"
  },
  {
   "price": "0.00002602",
   "amount": "400"
  },
  {
   "price": "0.0000257",
   "amount": "250"
  },
  {
   "price": "0.0000256",
   "amount": "5000"
  },
  {
   "price": "0.00000401",
   "amount": "500"
  },
  {
   "price": "0.000004",
   "amount": "2500"
  },
  {
   "price": "0.00000101",
   "amount": "950"
  },
  {
   "price": "0.000001",
   "amount": "10000"
  },
  {
   "price": "1e-7",
   "amount": "20000"
  },
  {
   "price": "4e-8",
   "amount": "20000"
  }
 ],
 "asks": [
  {
   "price": "0.0012665",
   "amount": "110.45632229"
  },
  {
   "price": "0.0012765",
   "amount": "57.23813124"
  },
  {
   "price": "0.001317",
   "amount": "517"
  },
  {
   "price": "0.0015",
   "amount": "50"
  },
  {
   "price": "0.00179",
   "amount": "491"
  },
  {
   "price": "0.00261",
   "amount": "582"
  },
  {
   "price": "0.002904",
   "amount": "1024.9028"
  },
  {
   "price": "0.00295",
   "amount": "240.9340827"
  },
  {
   "price": "0.00299",
   "amount": "100"
  },
  {
   "price": "0.00309",
   "amount": "100"
  },
  {
   "price": "0.003107",
   "amount": "52"
  },
  {
   "price": "0.003495",
   "amount": "100"
  },
  {
   "price": "0.003598",
   "amount": "871.89451976"
  },
  {
   "price": "0.0037",
   "amount": "26.21612629"
  },
  {
   "price": "0.003987",
   "amount": "499.9"
  },
  {
   "price": "0.00432",
   "amount": "136.50548024"
  },
  {
   "price": "0.0044",
   "amount": "8"
  },
  {
   "price": "0.00459",
   "amount": "87"
  },
  {
   "price": "0.0046202",
   "amount": "500"
  },
  {
   "price": "0.019",
   "amount": "100"
  },
  {
   "price": "0.021",
   "amount": "100"
  },
  {
   "price": "0.03",
   "amount": "250.894248"
  },
  {
   "price": "0.04",
   "amount": "14"
  },
  {
   "price": "0.1",
   "amount": "14"
  },
  {
   "price": "0.2",
   "amount": "14"
  }
 ]
}