{
 "pair": "rdnusd",
 "bids": [
  {
   "price": "0.10696",
   "amount": "61.24640418"
  },
  {
   "price": "0.10693",
   "amount": "16.90686665"
  },
  {
   "price": "0.10606",
   "amount": "102.39135608"
  },
  {
   "price": "0.10521",
   "amount": "115.93669488"
  },
  {
   "price": "0.10439",
   "amount": "57.45466624"
  },
  {
   "price": "0.10436",
   "amount": "60.34638088"
  },
  {
   "price": "0.10354",
   "amount": "57.45466624"
  },
  {
   "price": "0.10351",
   "amount": "60.34638088"
  },
  {
   "price": "0.0962",
   "amount": "20"
  },
  {
   "price": "0.09602",
   "amount": "100"
  },
  {
   "price": "0.087714",
   "amount": "1280"
  },
  {
   "price": "0.075375",
   "amount": "2948.29555998"
  },
  {
   "price": "0.075371",
   "amount": "300"
  },
  {
   "price": "0.062537",
   "amount": "590.865403"
  },
  {
   "price": "0.0388",
   "amount": "103.211267"
  },
  {
   "price": "0.0221",
   "amount": "150"
  },
  {
   "price": "0.02168",
   "amount": "4612.5444055"
  },
  {
   "price": "0.0121",
   "amount": "1100"
  },
  {
   "price": "0.0041214",
   "amount": "100"
  },
  {
   "price": "0.00206",
   "amount": "500"
  },
  {
   "price": "0.00122",
   "amount": "1000"
  },
  {
   "price": "0.00066146",
   "amount": "1000"
  },
  {
   "price": "0.00033",
   "amount": "140000"
  },
  {
   "price": "0.00031618",
   "amount": "3000"
  },
  {
   "price": "0.000312",
   "amount": "20000"
  }
 ],
 "asks": [
  {
   "price": "0.12091",
   "amount": "46.59436025"
  },
  {
   "price": "0.12189",
   "amount": "61.22535756"
  },
  {
   "price": "0.12291",
   "amount": "50.99853959"
  },
  {
   "price": "0.12457",
   "amount": "47.93006911"
  },
  {
   "price": "0.12559",
   "amount": "47.9300691"
  },
  {
   "price": "0.26",
   "amount": "750"
  },
  {
   "price": "0.27696",
   "amount": "209.7005"
  },
  {
   "price": "0.29",
   "amount": "26.8731"
  },
  {
   "price": "0.3",
   "amount": "95.904"
  },
  {
   "price": "0.349",
   "amount": "49.9"
  },
  {
   "price": "0.34995",
   "amount": "69.92"
  },
  {
   "price": "0.35",
   "amount": "600"
  },
  {
   "price": "0.43999",
   "amount": "29"
  },
  {
   "price": "0.44",
   "amount": "1000"
  },
  {
   "price": "0.4487",
   "amount": "50"
  },
  {
   "price": "0.495",
   "amount": "498"
  },
  {
   "price": "0.5",
   "amount": "99.89999999"
  },
  {
   "price": "0.51",
   "amount": "127.99609607"
  },
  {
   "price": "0.5208",
   "amount": "28.775"
  },
  {
   "price": "0.55",
   "amount": "399"
  },
  {
   "price": "0.5944",
   "amount": "427.93086137"
  },
  {
   "price": "0.65525",
   "amount": "74.925"
  },
  {
   "price": "0.67",
   "amount": "801.9489035"
  },
  {
   "price": "0.72",
   "amount": "1547.01882514"
  },
  {
   "price": "0.9",
   "amount": "34.965"
  }
 ]
}