{
 "pair": "repbtc",
 "bids": [
  {
   "price": "0.001341",
   "amount": "10.8909"
  },
  {
   "price": "0.0013409",
   "amount": "12.77"
  },
  {
   "price": "0.0013382",
   "amount": "12.77"
  },
  {
   "price": "0.0013361",
   "amount": "14.781966"
  },
  {
   "price": "0.0013355",
   "amount": "11.77"
  },
  {
   "price": "0.0013328",
   "amount": "13.77"
  },
  {
   "price": "0.0013302",
   "amount": "12.77"
  },
  {
   "price": "0.0013275",
   "amount": "13.77"
  },
  {
   "price": "0.0013249",
   "amount": "12.77"
  },
  {
   "price": "0.0012412",
   "amount": "0.6"
  },
  {
   "price": "0.00086431",
   "amount": "44.87617869"
  },
  {
   "price": "0.00075541",
   "amount": "69.15022849"
  },
  {
   "price": "0.0007554",
   "amount": "6.65"
  },
  {
   "price": "0.0006731",
   "amount": "150"
  },
  {
   "price": "0.000561",
   "amount": "500"
  },
  {
   "price": "0.00056",
   "amount": "1"
  },
  {
   "price": "0.0005114",
   "amount": "136.29295414"
  },
  {
   "price": "0.00051",
   "amount": "0.2"
  },
  {
   "price": "0.00041",
   "amount": "0.2"
  },
  {
   "price": "0.000311",
   "amount": "0.2"
  },
  {
   "price": "0.000211",
   "amount": "0.2"
  },
  {
   "price": "0.00021",
   "amount": "1"
  },
  {
   "price": "0.0002",
   "amount": "50"
  },
  {
   "price": "0.00013112",
   "amount": "3.81"
  },
  {
   "price": "0.000111",
   "amount": "0.2"
  }
 ],
 "asks": [
  {
   "price": "0.001365",
   "amount": "11.1028"
  },
  {
   "price": "0.0013651",
   "amount": "12.77"
  },
  {
   "price": "0.0013678",
   "amount": "11.77"
  },
  {
   "price": "0.001369",
   "amount": "14.781966"
  },
  {
   "price": "0.0013706",
   "amount": "13.77"
  },
  {
   "price": "0.0013788",
   "amount": "81.77"
  },
  {
   "price": "0.0013816",
   "amount": "104.77"
  },
  {
   "price": "0.0013926",
   "amount": "79.77"
  },
  {
   "price": "0.0014066",
   "amount": "48.77"
  },
  {
   "price": "0.0014494",
   "amount": "0.0008"
  },
  {
   "price": "0.0018205",
   "amount": "50"
  },
  {
   "price": "0.00187",
   "amount": "1"
  },
  {
   "price": "0.0019927",
   "amount": "22.6527371"
  },
  {
   "price": "0.0019928",
   "amount": "10"
  },
  {
   "price": "0.00204",
   "amount": "0.4"
  },
  {
   "price": "0.0021777",
   "amount": "150"
  },
  {
   "price": "0.0022315",
   "amount": "10.98"
  },
  {
   "price": "0.002264",
   "amount": "1"
  },
  {
   "price": "0.0023868",
   "amount": "2.329"
  },
  {
   "price": "0.0024123",
   "amount": "0.15"
  },
  {
   "price": "0.0025113",
   "amount": "1.63165927"
  },
  {
   "price": "0.0026",
   "amount": "69.867967"
  },
  {
   "price": "0.0028154",
   "amount": "1.9437048"
  },
  {
   "price": "0.002835",
   "amount": "1.9437048"
  },
  {
   "price": "0.00284",
   "amount": "0.48"
  }
 ]
}