{
 "pair": "repeth",
 "bids": [
  {
   "price": "0.074983",
   "amount": "11.77"
  },
  {
   "price": "0.074812",
   "amount": "2.63991552"
  },
  {
   "price": "0.074237",
   "amount": "28.77"
  },
  {
   "price": "0.066631",
   "amount": "28.92135482"
  },
  {
   "price": "0.0666",
   "amount": "2.792792"
  },
  {
   "price": "0.065013",
   "amount": "38.45367025"
  },
  {
   "price": "0.065",
   "amount": "250"
  },
  {
   "price": "0.0612",
   "amount": "0.4"
  },
  {
   "price": "0.054",
   "amount": "0.4"
  },
  {
   "price": "0.05373",
   "amount": "46.528941"
  },
  {
   "price": "0.051",
   "amount": "20"
  },
  {
   "price": "0.0485",
   "amount": "0.00020764"
  },
  {
   "price": "0.0475",
   "amount": "0.41"
  },
  {
   "price": "0.0472",
   "amount": "0.4"
  },
  {
   "price": "0.0269",
   "amount": "0.5"
  },
  {
   "price": "0.011011",
   "amount": "0.73918549"
  },
  {
   "price": "0.00592",
   "amount": "1.69"
  },
  {
   "price": "0.0012",
   "amount": "2.1"
  },
  {
   "price": "0.001111",
   "amount": "3.31076596"
  },
  {
   "price": "0.000808",
   "amount": "12"
  },
  {
   "price": "0.000801",
   "amount": "9"
  },
  {
   "price": "0.00076",
   "amount": "2.1"
  },
  {
   "price": "0.00074",
   "amount": "13.51"
  },
  {
   "price": "0.0007202",
   "amount": "1000"
  },
  {
   "price": "0.000221",
   "amount": "25"
  }
 ],
 "asks": [
  {
   "price": "0.07702",
   "amount": "2.63643554"
  },
  {
   "price": "0.079999",
   "amount": "22.6527371"
  },
  {
   "price": "0.08",
   "amount": "0.499"
  },
  {
   "price": "0.095876",
   "amount": "50"
  },
  {
   "price": "0.108",
   "amount": "0.4"
  },
  {
   "price": "0.10999",
   "amount": "1.77"
  },
  {
   "price": "0.11",
   "amount": "40"
  },
  {
   "price": "0.115",
   "amount": "0.2"
  },
  {
   "price": "0.13",
   "amount": "40"
  },
  {
   "price": "0.13894",
   "amount": "54.94"
  },
  {
   "price": "0.139",
   "amount": "0.2"
  },
  {
   "price": "0.14",
   "amount": "47.02967341"
  },
  {
   "price": "0.14006",
   "amount": "26.48499188"
  },
  {
   "price": "0.14007",
   "amount": "29.90007707"
  },
  {
   "price": "0.14012",
   "amount": "28.82128658"
  },
  {
   "price": "0.1403",
   "amount": "27.96074142"
  },
  {
   "price": "0.14035",
   "amount": "29.10679211"
  },
  {
   "price": "0.14037",
   "amount": "28.65948741"
  },
  {
   "price": "0.14038",
   "amount": "30.24450319"
  },
  {
   "price": "0.14048",
   "amount": "27.2716108"
  },
  {
   "price": "0.1405",
   "amount": "26.79180692"
  },
  {
   "price": "0.14063",
   "amount": "27.62502411"
  },
  {
   "price": "0.14068",
   "amount": "27.97753374"
  },
  {
   "price": "0.14085",
   "amount": "29.68611227"
  },
  {
   "price": "0.14086",
   "amount": "53.93036525"
  }
 ]
}