{
 "pair": "reqeth",
 "bids": [
  {
   "price": "0.00007714",
   "amount": "11111"
  },
  {
   "price": "0.00007711",
   "amount": "453.89703021"
  },
  {
   "price": "0.00007105",
   "amount": "2533.42716397"
  },
  {
   "price": "0.00007103",
   "amount": "24595.72327575"
  },
  {
   "price": "0.00005002",
   "amount": "400"
  },
  {
   "price": "0.00005",
   "amount": "3856.93549498"
  },
  {
   "price": "0.000042",
   "amount": "1000"
  },
  {
   "price": "0.00002002",
   "amount": "500"
  },
  {
   "price": "0.0000141",
   "amount": "186"
  },
  {
   "price": "0.000014",
   "amount": "25000"
  },
  {
   "price": "0.00001152",
   "amount": "1000"
  },
  {
   "price": "0.00001002",
   "amount": "2500"
  },
  {
   "price": "0.0000055",
   "amount": "2000"
  },
  {
   "price": "0.00000203",
   "amount": "9000"
  },
  {
   "price": "3e-8",
   "amount": "6000"
  },
  {
   "price": "2e-8",
   "amount": "10000"
  },
  {
   "price": "1e-8",
   "amount": "20000"
  }
 ],
 "asks": [
  {
   "price": "0.0001094",
   "amount": "4382.94119923"
  },
  {
   "price": "0.00010945",
   "amount": "577.92433181"
  },
  {
   "price": "0.00011",
   "amount": "10000"
  },
  {
   "price": "0.00012",
   "amount": "10000"
  },
  {
   "price": "0.00013",
   "amount": "10000"
  },
  {
   "price": "0.00014",
   "amount": "10000"
  },
  {
   "price": "0.00015",
   "amount": "10000"
  },
  {
   "price": "0.00016",
   "amount": "10000"
  },
  {
   "price": "0.00017",
   "amount": "10000"
  },
  {
   "price": "0.00018",
   "amount": "10000"
  },
  {
   "price": "0.00019",
   "amount": "10000"
  },
  {
   "price": "0.0002",
   "amount": "10000"
  },
  {
   "price": "0.00021",
   "amount": "10000"
  },
  {
   "price": "0.00021714",
   "amount": "511.59531697"
  },
  {
   "price": "0.0002179",
   "amount": "999"
  },
  {
   "price": "0.00021879",
   "amount": "199"
  },
  {
   "price": "0.00022",
   "amount": "11798.92825924"
  },
  {
   "price": "0.00023",
   "amount": "10000"
  },
  {
   "price": "0.00024",
   "amount": "10599.4"
  },
  {
   "price": "0.000241",
   "amount": "999"
  },
  {
   "price": "0.00025",
   "amount": "10000"
  },
  {
   "price": "0.00026",
   "amount": "10000"
  },
  {
   "price": "0.00027",
   "amount": "10000"
  },
  {
   "price": "0.00028",
   "amount": "10000"
  },
  {
   "price": "0.00028558",
   "amount": "599.4"
  }
 ]
}