{
 "pair": "rifbtc",
 "bids": [
  {
   "price": "0.0000061",
   "amount": "8753.770491"
  },
  {
   "price": "0.00000601",
   "amount": "3920"
  },
  {
   "price": "0.00000591",
   "amount": "4180"
  },
  {
   "price": "0.00000502",
   "amount": "1324"
  },
  {
   "price": "0.00000476",
   "amount": "2534"
  },
  {
   "price": "0.00000415",
   "amount": "514"
  },
  {
   "price": "0.00000414",
   "amount": "9331.38220273"
  },
  {
   "price": "0.00000369",
   "amount": "678"
  },
  {
   "price": "0.00000321",
   "amount": "145"
  },
  {
   "price": "0.00000317",
   "amount": "10671.19651652"
  },
  {
   "price": "0.00000243",
   "amount": "20000"
  },
  {
   "price": "0.00000201",
   "amount": "10000"
  },
  {
   "price": "0.00000149",
   "amount": "20000"
  },
  {
   "price": "0.00000118",
   "amount": "3717.19028"
  },
  {
   "price": "0.00000115",
   "amount": "10000"
  },
  {
   "price": "0.000001",
   "amount": "35000"
  },
  {
   "price": "9.1e-7",
   "amount": "20000"
  },
  {
   "price": "5e-7",
   "amount": "8772.5691"
  },
  {
   "price": "2e-7",
   "amount": "25000"
  },
  {
   "price": "1.8e-7",
   "amount": "20000"
  },
  {
   "price": "1e-7",
   "amount": "50000"
  },
  {
   "price": "9e-8",
   "amount": "10000"
  },
  {
   "price": "2e-8",
   "amount": "100000"
  }
 ],
 "asks": [
  {
   "price": "0.00000695",
   "amount": "3076.6139499"
  },
  {
   "price": "0.00000696",
   "amount": "1998"
  },
  {
   "price": "0.00000699",
   "amount": "922.15384615"
  },
  {
   "price": "0.00000873",
   "amount": "2885.6"
  },
  {
   "price": "0.0000089",
   "amount": "199.23995"
  },
  {
   "price": "0.00000895",
   "amount": "99.810178"
  },
  {
   "price": "0.000009",
   "amount": "200"
  },
  {
   "price": "0.00000921",
   "amount": "1594.132197"
  },
  {
   "price": "0.0000096",
   "amount": "100"
  },
  {
   "price": "0.00000984",
   "amount": "6847.79273746"
  },
  {
   "price": "0.00001001",
   "amount": "140"
  },
  {
   "price": "0.0000101",
   "amount": "200"
  },
  {
   "price": "0.00001027",
   "amount": "979"
  },
  {
   "price": "0.00001088",
   "amount": "6816.4663412"
  },
  {
   "price": "0.000011",
   "amount": "109.00000055"
  },
  {
   "price": "0.00001166",
   "amount": "5650.30920539"
  },
  {
   "price": "0.00001168",
   "amount": "1200"
  },
  {
   "price": "0.0000119",
   "amount": "100"
  },
  {
   "price": "0.00001194",
   "amount": "250"
  },
  {
   "price": "0.00001195",
   "amount": "196.179942"
  },
  {
   "price": "0.000012",
   "amount": "49980"
  },
  {
   "price": "0.0000125",
   "amount": "999"
  },
  {
   "price": "0.0000127",
   "amount": "230.81"
  },
  {
   "price": "0.00001285",
   "amount": "4510"
  },
  {
   "price": "0.000013",
   "amount": "189.62984"
  }
 ]
}