{
 "pair": "rlcbtc",
 "bids": [
  {
   "price": "0.00006059",
   "amount": "305.77"
  },
  {
   "price": "0.00006047",
   "amount": "309.77"
  },
  {
   "price": "0.00006035",
   "amount": "305.77"
  },
  {
   "price": "0.00006023",
   "amount": "303.77"
  },
  {
   "price": "0.00006011",
   "amount": "305.77"
  },
  {
   "price": "0.00004545",
   "amount": "666.77"
  },
  {
   "price": "0.00004541",
   "amount": "3494.00511809"
  },
  {
   "price": "0.0000454",
   "amount": "1610.77"
  },
  {
   "price": "0.000041",
   "amount": "40"
  },
  {
   "price": "0.00003954",
   "amount": "1610.77"
  },
  {
   "price": "0.0000151",
   "amount": "10"
  },
  {
   "price": "0.0000111",
   "amount": "60"
  },
  {
   "price": "0.00001051",
   "amount": "10000"
  },
  {
   "price": "0.00001045",
   "amount": "265.84784689"
  },
  {
   "price": "0.0000101",
   "amount": "10"
  },
  {
   "price": "0.00001",
   "amount": "620.92991648"
  },
  {
   "price": "0.0000081",
   "amount": "10"
  },
  {
   "price": "0.00000641",
   "amount": "50"
  },
  {
   "price": "0.0000063",
   "amount": "79.37"
  },
  {
   "price": "0.0000051",
   "amount": "10"
  },
  {
   "price": "0.000005",
   "amount": "1000"
  },
  {
   "price": "0.0000031",
   "amount": "10"
  },
  {
   "price": "0.00000211",
   "amount": "250"
  },
  {
   "price": "0.00000111",
   "amount": "25000"
  },
  {
   "price": "0.0000011",
   "amount": "10"
  }
 ],
 "asks": [
  {
   "price": "0.00006793",
   "amount": "47.952"
  },
  {
   "price": "0.00006795",
   "amount": "89.11685995"
  },
  {
   "price": "0.000082",
   "amount": "332.58740637"
  },
  {
   "price": "0.000102",
   "amount": "20"
  },
  {
   "price": "0.000122",
   "amount": "30"
  },
  {
   "price": "0.00012491",
   "amount": "407.128905"
  },
  {
   "price": "0.000125",
   "amount": "5994"
  },
  {
   "price": "0.00013788",
   "amount": "392.07109475"
  },
  {
   "price": "0.000138",
   "amount": "300"
  },
  {
   "price": "0.000153",
   "amount": "399"
  },
  {
   "price": "0.00015878",
   "amount": "19.98"
  },
  {
   "price": "0.00016282",
   "amount": "300"
  },
  {
   "price": "0.0001645",
   "amount": "45.01291208"
  },
  {
   "price": "0.00016882",
   "amount": "400"
  },
  {
   "price": "0.000169",
   "amount": "12"
  },
  {
   "price": "0.000177",
   "amount": "30"
  },
  {
   "price": "0.00018",
   "amount": "725"
  },
  {
   "price": "0.00018882",
   "amount": "300"
  },
  {
   "price": "0.00019",
   "amount": "248.83156935"
  },
  {
   "price": "0.00019685",
   "amount": "600"
  },
  {
   "price": "0.00020675",
   "amount": "45.01291208"
  },
  {
   "price": "0.000207",
   "amount": "14"
  },
  {
   "price": "0.00020732",
   "amount": "500"
  },
  {
   "price": "0.00022",
   "amount": "31.902"
  },
  {
   "price": "0.00022373",
   "amount": "500"
  }
 ]
}