{
 "pair": "rlceth",
 "bids": [
  {
   "price": "0.0033347",
   "amount": "424.77"
  },
  {
   "price": "0.0033148",
   "amount": "607.77"
  },
  {
   "price": "0.0033016",
   "amount": "511.11582263"
  },
  {
   "price": "0.0033015",
   "amount": "290.77"
  },
  {
   "price": "0.0032949",
   "amount": "297.77"
  },
  {
   "price": "0.003185",
   "amount": "56.51473622"
  },
  {
   "price": "0.00201",
   "amount": "35"
  },
  {
   "price": "0.0016577",
   "amount": "7000"
  },
  {
   "price": "0.0011",
   "amount": "13"
  },
  {
   "price": "0.00071",
   "amount": "40"
  },
  {
   "price": "0.0007011",
   "amount": "713"
  },
  {
   "price": "0.0007",
   "amount": "8"
  },
  {
   "price": "0.00057",
   "amount": "40"
  },
  {
   "price": "0.00056829",
   "amount": "25000"
  },
  {
   "price": "0.00051",
   "amount": "19.61"
  },
  {
   "price": "0.0002",
   "amount": "50"
  },
  {
   "price": "0.00015",
   "amount": "150"
  },
  {
   "price": "0.0001",
   "amount": "100"
  },
  {
   "price": "0.000064",
   "amount": "156.25"
  },
  {
   "price": "0.00005",
   "amount": "200"
  },
  {
   "price": "0.0000211",
   "amount": "250"
  },
  {
   "price": "0.00002",
   "amount": "500"
  },
  {
   "price": "0.000012",
   "amount": "6"
  },
  {
   "price": "0.0000031",
   "amount": "1000"
  },
  {
   "price": "0.00000212",
   "amount": "2500"
  }
 ],
 "asks": [
  {
   "price": "0.0042149",
   "amount": "24.20772311"
  },
  {
   "price": "0.0042352",
   "amount": "111.01855304"
  },
  {
   "price": "0.0042464",
   "amount": "25.48904641"
  },
  {
   "price": "0.0047989",
   "amount": "468.87876516"
  },
  {
   "price": "0.0048",
   "amount": "499.52"
  },
  {
   "price": "0.0064123",
   "amount": "37.70110793"
  },
  {
   "price": "0.0076",
   "amount": "2198.836082"
  },
  {
   "price": "0.0111",
   "amount": "14.985"
  },
  {
   "price": "2.97",
   "amount": "10"
  },
  {
   "price": "3",
   "amount": "26.90762631"
  }
 ]
}