{
 "pair": "rlcusd",
 "bids": [
  {
   "price": "0.37033",
   "amount": "33"
  },
  {
   "price": "0.37022",
   "amount": "810.32899357"
  },
  {
   "price": "0.37",
   "amount": "14"
  },
  {
   "price": "0.36049",
   "amount": "1387.00102638"
  },
  {
   "price": "0.36",
   "amount": "200"
  },
  {
   "price": "0.34809",
   "amount": "0.00854597"
  },
  {
   "price": "0.34783",
   "amount": "24.94641546"
  },
  {
   "price": "0.34757",
   "amount": "25.010531"
  },
  {
   "price": "0.34731",
   "amount": "25.07464654"
  },
  {
   "price": "0.34704",
   "amount": "25.13876209"
  },
  {
   "price": "0.34678",
   "amount": "25.20287763"
  },
  {
   "price": "0.34652",
   "amount": "25.26699317"
  },
  {
   "price": "0.34625",
   "amount": "25.33110872"
  },
  {
   "price": "0.34599",
   "amount": "25.39522426"
  },
  {
   "price": "0.34573",
   "amount": "25.4593398"
  },
  {
   "price": "0.34547",
   "amount": "25.52345534"
  },
  {
   "price": "0.3452",
   "amount": "25.58757089"
  },
  {
   "price": "0.34494",
   "amount": "25.65168643"
  },
  {
   "price": "0.34479",
   "amount": "25.811363"
  },
  {
   "price": "0.34468",
   "amount": "25.71580197"
  },
  {
   "price": "0.34441",
   "amount": "25.77991752"
  },
  {
   "price": "0.34415",
   "amount": "25.84403306"
  },
  {
   "price": "0.34389",
   "amount": "25.9081486"
  },
  {
   "price": "0.34363",
   "amount": "25.97226415"
  },
  {
   "price": "0.34336",
   "amount": "26.03637969"
  }
 ],
 "asks": [
  {
   "price": "0.49206",
   "amount": "224.58012509"
  },
  {
   "price": "0.49208",
   "amount": "64.09978635"
  },
  {
   "price": "0.49212",
   "amount": "222"
  },
  {
   "price": "0.50031",
   "amount": "222"
  },
  {
   "price": "0.50236",
   "amount": "55"
  },
  {
   "price": "0.55601",
   "amount": "41.16480278"
  },
  {
   "price": "0.55604",
   "amount": "222"
  },
  {
   "price": "0.55971",
   "amount": "222"
  },
  {
   "price": "0.57405",
   "amount": "55"
  },
  {
   "price": "0.61091",
   "amount": "55"
  },
  {
   "price": "0.6527",
   "amount": "222"
  },
  {
   "price": "0.6827",
   "amount": "229"
  },
  {
   "price": "0.71737",
   "amount": "55"
  },
  {
   "price": "0.7327",
   "amount": "55"
  },
  {
   "price": "0.85",
   "amount": "149.850963"
  },
  {
   "price": "0.88",
   "amount": "1002.04431009"
  },
  {
   "price": "0.88845",
   "amount": "315.68877206"
  },
  {
   "price": "0.95235",
   "amount": "282.30990967"
  },
  {
   "price": "0.97",
   "amount": "49.9"
  },
  {
   "price": "0.99",
   "amount": "1350"
  },
  {
   "price": "1",
   "amount": "686.770288"
  },
  {
   "price": "1.0193",
   "amount": "267.84234982"
  },
  {
   "price": "1.03",
   "amount": "79.92"
  },
  {
   "price": "1.0677",
   "amount": "100"
  },
  {
   "price": "1.11",
   "amount": "77.69190483"
  }
 ]
}