{
 "pair": "rrbust",
 "bids": [
  {
   "price": "1.3914",
   "amount": "226"
  },
  {
   "price": "1.3898",
   "amount": "262"
  },
  {
   "price": "1.3877",
   "amount": "111.8"
  },
  {
   "price": "1.3843",
   "amount": "316.3"
  },
  {
   "price": "1.3837",
   "amount": "9.5"
  },
  {
   "price": "1.3818",
   "amount": "238"
  },
  {
   "price": "1.3791",
   "amount": "147.5"
  },
  {
   "price": "1.3781",
   "amount": "300"
  },
  {
   "price": "1.3753",
   "amount": "42.8"
  },
  {
   "price": "1.3732",
   "amount": "274"
  },
  {
   "price": "1.3615",
   "amount": "214"
  },
  {
   "price": "1.3599",
   "amount": "124"
  },
  {
   "price": "1.3589",
   "amount": "190.2"
  },
  {
   "price": "1.3566",
   "amount": "9"
  },
  {
   "price": "1.3548",
   "amount": "117"
  },
  {
   "price": "1.354",
   "amount": "188"
  },
  {
   "price": "1.3525",
   "amount": "171.9"
  },
  {
   "price": "1.3524",
   "amount": "98.8"
  },
  {
   "price": "1.3485",
   "amount": "172"
  },
  {
   "price": "1.345",
   "amount": "163"
  },
  {
   "price": "1.3376",
   "amount": "25"
  },
  {
   "price": "1.326",
   "amount": "74"
  },
  {
   "price": "1.32",
   "amount": "578.21295"
  },
  {
   "price": "1.2564",
   "amount": "1129.75657353"
  },
  {
   "price": "1.2538",
   "amount": "963.31909765"
  }
 ],
 "asks": [
  {
   "price": "1.3999",
   "amount": "262.1977"
  },
  {
   "price": "1.4",
   "amount": "623"
  },
  {
   "price": "1.404",
   "amount": "205"
  },
  {
   "price": "1.4066",
   "amount": "27.5"
  },
  {
   "price": "1.4083",
   "amount": "317.8"
  },
  {
   "price": "1.41",
   "amount": "1000"
  },
  {
   "price": "1.4109",
   "amount": "281.1"
  },
  {
   "price": "1.412",
   "amount": "3040.96322"
  },
  {
   "price": "1.4127",
   "amount": "174.2"
  },
  {
   "price": "1.415",
   "amount": "1000"
  },
  {
   "price": "1.4156",
   "amount": "44"
  },
  {
   "price": "1.4158",
   "amount": "30.6"
  },
  {
   "price": "1.4162",
   "amount": "128"
  },
  {
   "price": "1.4185",
   "amount": "171.7"
  },
  {
   "price": "1.4189",
   "amount": "455.3"
  },
  {
   "price": "1.4203",
   "amount": "505"
  },
  {
   "price": "1.4206",
   "amount": "254"
  },
  {
   "price": "1.4215",
   "amount": "125.3"
  },
  {
   "price": "1.422",
   "amount": "1000"
  },
  {
   "price": "1.424",
   "amount": "1000"
  },
  {
   "price": "1.4244",
   "amount": "17.9"
  },
  {
   "price": "1.4245",
   "amount": "150"
  },
  {
   "price": "1.425",
   "amount": "137.5"
  },
  {
   "price": "1.4269",
   "amount": "30.8"
  },
  {
   "price": "1.4285",
   "amount": "203"
  }
 ]
}