{
 "pair": "rrtusd",
 "bids": [
  {
   "price": "0.0261",
   "amount": "2000"
  },
  {
   "price": "0.026005",
   "amount": "96426.80558337"
  },
  {
   "price": "0.026003",
   "amount": "2500"
  },
  {
   "price": "0.026",
   "amount": "383.21917315"
  },
  {
   "price": "0.025999",
   "amount": "4000"
  },
  {
   "price": "0.025803",
   "amount": "537.25389982"
  },
  {
   "price": "0.025713",
   "amount": "1164.35756435"
  },
  {
   "price": "0.025631",
   "amount": "1361.89660319"
  },
  {
   "price": "0.025602",
   "amount": "48000"
  },
  {
   "price": "0.025584",
   "amount": "697.61525478"
  },
  {
   "price": "0.0255",
   "amount": "2938.4300149"
  },
  {
   "price": "0.025365",
   "amount": "1001.24563233"
  },
  {
   "price": "0.025331",
   "amount": "859.599148"
  },
  {
   "price": "0.025269",
   "amount": "1521.96012675"
  },
  {
   "price": "0.025159",
   "amount": "2424.5867216"
  },
  {
   "price": "0.025125",
   "amount": "4000"
  },
  {
   "price": "0.025",
   "amount": "4505.8473704"
  },
  {
   "price": "0.0249",
   "amount": "1843.20971524"
  },
  {
   "price": "0.024",
   "amount": "2220.005098"
  },
  {
   "price": "0.023025",
   "amount": "4500"
  },
  {
   "price": "0.0221",
   "amount": "300"
  },
  {
   "price": "0.0211",
   "amount": "500"
  },
  {
   "price": "0.021025",
   "amount": "5000"
  },
  {
   "price": "0.0202",
   "amount": "2500"
  },
  {
   "price": "0.02001",
   "amount": "46000"
  }
 ],
 "asks": [
  {
   "price": "0.029261",
   "amount": "3000"
  },
  {
   "price": "0.029262",
   "amount": "335.5299564"
  },
  {
   "price": "0.029498",
   "amount": "3255.051289"
  },
  {
   "price": "0.0295",
   "amount": "100000"
  },
  {
   "price": "0.03",
   "amount": "6359.1736217"
  },
  {
   "price": "0.030022",
   "amount": "335.5299564"
  },
  {
   "price": "0.030803",
   "amount": "335.5299564"
  },
  {
   "price": "0.031",
   "amount": "8951.337202"
  },
  {
   "price": "0.031603",
   "amount": "335.5299564"
  },
  {
   "price": "0.032424",
   "amount": "335.5299564"
  },
  {
   "price": "0.033",
   "amount": "99.263721"
  },
  {
   "price": "0.033099",
   "amount": "1746.5"
  },
  {
   "price": "0.033267",
   "amount": "335.5299564"
  },
  {
   "price": "0.034131",
   "amount": "335.5299564"
  },
  {
   "price": "0.035",
   "amount": "2045.799789"
  },
  {
   "price": "0.035018",
   "amount": "335.5299564"
  },
  {
   "price": "0.035928",
   "amount": "335.5299564"
  },
  {
   "price": "0.036",
   "amount": "7566.58612083"
  },
  {
   "price": "0.0365",
   "amount": "5000"
  },
  {
   "price": "0.036862",
   "amount": "335.5299564"
  },
  {
   "price": "0.0375",
   "amount": "300"
  },
  {
   "price": "0.03782",
   "amount": "335.5299564"
  },
  {
   "price": "0.037945",
   "amount": "2417.8"
  },
  {
   "price": "0.038802",
   "amount": "335.5299564"
  },
  {
   "price": "0.0395",
   "amount": "1136.903557"
  }
 ]
}