{
 "pair": "sanbtc",
 "bids": [
  {
   "price": "0.0000267",
   "amount": "492.35932337"
  },
  {
   "price": "0.00002553",
   "amount": "2998"
  },
  {
   "price": "0.00002523",
   "amount": "5000"
  },
  {
   "price": "0.00002509",
   "amount": "1577.02642382"
  },
  {
   "price": "0.000025",
   "amount": "597.2739286"
  },
  {
   "price": "0.00002194",
   "amount": "12152.47618614"
  },
  {
   "price": "0.00002174",
   "amount": "200"
  },
  {
   "price": "0.00002013",
   "amount": "2998"
  },
  {
   "price": "0.00002011",
   "amount": "800"
  },
  {
   "price": "0.00002",
   "amount": "148"
  },
  {
   "price": "0.00001799",
   "amount": "500"
  },
  {
   "price": "0.00001083",
   "amount": "4998"
  },
  {
   "price": "0.00001067",
   "amount": "3915.51602772"
  },
  {
   "price": "0.0000106",
   "amount": "100"
  },
  {
   "price": "0.00001011",
   "amount": "5000"
  },
  {
   "price": "0.00001002",
   "amount": "500"
  },
  {
   "price": "0.00001",
   "amount": "1500"
  },
  {
   "price": "0.00000967",
   "amount": "168279.56209878"
  },
  {
   "price": "0.00000547",
   "amount": "4"
  },
  {
   "price": "0.00000529",
   "amount": "13656.13535165"
  },
  {
   "price": "0.00000508",
   "amount": "9998"
  },
  {
   "price": "0.000005",
   "amount": "1000"
  },
  {
   "price": "0.00000385",
   "amount": "11"
  },
  {
   "price": "0.0000037",
   "amount": "500"
  },
  {
   "price": "0.00000305",
   "amount": "33683.00445787"
  }
 ],
 "asks": [
  {
   "price": "0.00003197",
   "amount": "520.83447896"
  },
  {
   "price": "0.00003224",
   "amount": "998"
  },
  {
   "price": "0.00003297",
   "amount": "547.5505853"
  },
  {
   "price": "0.00003342",
   "amount": "137.56271051"
  },
  {
   "price": "0.00003343",
   "amount": "899.1"
  },
  {
   "price": "0.00003347",
   "amount": "153.64503229"
  },
  {
   "price": "0.00003349",
   "amount": "998"
  },
  {
   "price": "0.00003389",
   "amount": "1045.5948415"
  },
  {
   "price": "0.00003397",
   "amount": "60"
  },
  {
   "price": "0.00003498",
   "amount": "998"
  },
  {
   "price": "0.00003509",
   "amount": "50"
  },
  {
   "price": "0.00003585",
   "amount": "24.48"
  },
  {
   "price": "0.00003624",
   "amount": "50"
  },
  {
   "price": "0.000037",
   "amount": "200"
  },
  {
   "price": "0.00003739",
   "amount": "50"
  },
  {
   "price": "0.00003766",
   "amount": "5000"
  },
  {
   "price": "0.00003859",
   "amount": "40"
  },
  {
   "price": "0.00003979",
   "amount": "35"
  },
  {
   "price": "0.00004",
   "amount": "710.35627079"
  },
  {
   "price": "0.00004097",
   "amount": "35"
  },
  {
   "price": "0.000042",
   "amount": "8"
  },
  {
   "price": "0.00004263",
   "amount": "71.45084698"
  },
  {
   "price": "0.000045",
   "amount": "100"
  },
  {
   "price": "0.00004509",
   "amount": "100"
  },
  {
   "price": "0.00004938",
   "amount": "55.10309461"
  }
 ]
}