{
 "pair": "saneth",
 "bids": [
  {
   "price": "0.001451",
   "amount": "40"
  },
  {
   "price": "0.0013512",
   "amount": "1615.88261238"
  },
  {
   "price": "0.001351",
   "amount": "45"
  },
  {
   "price": "0.001",
   "amount": "255"
  },
  {
   "price": "0.00098",
   "amount": "33"
  },
  {
   "price": "0.00096039",
   "amount": "10"
  },
  {
   "price": "0.0009079",
   "amount": "109.34"
  },
  {
   "price": "0.0008512",
   "amount": "180"
  },
  {
   "price": "0.0008",
   "amount": "20"
  },
  {
   "price": "0.00068503",
   "amount": "1200"
  },
  {
   "price": "0.00065",
   "amount": "1000"
  },
  {
   "price": "0.0006021",
   "amount": "150"
  },
  {
   "price": "0.0006",
   "amount": "250"
  },
  {
   "price": "0.0005557",
   "amount": "100"
  },
  {
   "price": "0.0005001",
   "amount": "200"
  },
  {
   "price": "0.0005",
   "amount": "209.00286"
  },
  {
   "price": "0.00049",
   "amount": "50"
  },
  {
   "price": "0.00048365",
   "amount": "8000"
  },
  {
   "price": "0.00046432",
   "amount": "57588.29649544"
  },
  {
   "price": "0.00043146",
   "amount": "100"
  },
  {
   "price": "0.0003693",
   "amount": "100"
  },
  {
   "price": "0.00033",
   "amount": "200"
  },
  {
   "price": "0.00028147",
   "amount": "100"
  },
  {
   "price": "0.00025",
   "amount": "50"
  },
  {
   "price": "0.00020802",
   "amount": "100"
  }
 ],
 "asks": [
  {
   "price": "0.0017449",
   "amount": "613.13885063"
  },
  {
   "price": "0.001745",
   "amount": "2688.33973911"
  },
  {
   "price": "0.0018449",
   "amount": "487.5505853"
  },
  {
   "price": "0.001845",
   "amount": "406.03255021"
  },
  {
   "price": "0.0018616",
   "amount": "373.30612642"
  },
  {
   "price": "0.0018782",
   "amount": "375.49761953"
  },
  {
   "price": "0.0018948",
   "amount": "371.13973901"
  },
  {
   "price": "0.0019113",
   "amount": "362.82539352"
  },
  {
   "price": "0.0019279",
   "amount": "345.26918097"
  },
  {
   "price": "0.0019445",
   "amount": "305.35160612"
  },
  {
   "price": "0.0019611",
   "amount": "306.48502047"
  },
  {
   "price": "0.0019712",
   "amount": "19.98"
  },
  {
   "price": "0.0019776",
   "amount": "302.00502195"
  },
  {
   "price": "0.001979",
   "amount": "30"
  },
  {
   "price": "0.0019942",
   "amount": "286.94315478"
  },
  {
   "price": "0.001998",
   "amount": "50"
  },
  {
   "price": "0.0020108",
   "amount": "276.44761953"
  },
  {
   "price": "0.0020274",
   "amount": "244.8223916"
  },
  {
   "price": "0.0020439",
   "amount": "234.09735504"
  },
  {
   "price": "0.0020605",
   "amount": "227.45230456"
  },
  {
   "price": "0.0020771",
   "amount": "211.31515916"
  },
  {
   "price": "0.0020937",
   "amount": "194.37042406"
  },
  {
   "price": "0.0021103",
   "amount": "178.50795258"
  },
  {
   "price": "0.0021268",
   "amount": "177.73264213"
  },
  {
   "price": "0.0021434",
   "amount": "165.52787797"
  }
 ]
}