{
 "pair": "sanusd",
 "bids": [
  {
   "price": "0.18501",
   "amount": "84.38417877"
  },
  {
   "price": "0.185",
   "amount": "992.389621"
  },
  {
   "price": "0.1815",
   "amount": "5760.82826245"
  },
  {
   "price": "0.18001",
   "amount": "1666.57407922"
  },
  {
   "price": "0.18",
   "amount": "10850.3211491"
  },
  {
   "price": "0.17887",
   "amount": "1933.05820557"
  },
  {
   "price": "0.1788",
   "amount": "3000"
  },
  {
   "price": "0.1772",
   "amount": "4818.357"
  },
  {
   "price": "0.17369",
   "amount": "5000"
  },
  {
   "price": "0.17244",
   "amount": "57.98849508"
  },
  {
   "price": "0.172",
   "amount": "20"
  },
  {
   "price": "0.17092",
   "amount": "100"
  },
  {
   "price": "0.16372",
   "amount": "4777.61272815"
  },
  {
   "price": "0.16",
   "amount": "800"
  },
  {
   "price": "0.15801",
   "amount": "7119.83814316"
  },
  {
   "price": "0.158",
   "amount": "1000"
  },
  {
   "price": "0.1562",
   "amount": "5017.83781"
  },
  {
   "price": "0.155",
   "amount": "2250"
  },
  {
   "price": "0.152",
   "amount": "1000"
  },
  {
   "price": "0.15047",
   "amount": "11495.28751816"
  },
  {
   "price": "0.1502",
   "amount": "1000"
  },
  {
   "price": "0.15",
   "amount": "11378.4022242"
  },
  {
   "price": "0.14311",
   "amount": "200"
  },
  {
   "price": "0.14237",
   "amount": "5371.75904429"
  },
  {
   "price": "0.14",
   "amount": "5000"
  }
 ],
 "asks": [
  {
   "price": "0.24102",
   "amount": "487.35806888"
  },
  {
   "price": "0.24103",
   "amount": "64.77167537"
  },
  {
   "price": "0.24105",
   "amount": "487.5505853"
  },
  {
   "price": "0.24111",
   "amount": "189.81"
  },
  {
   "price": "0.2413",
   "amount": "559.7329837"
  },
  {
   "price": "0.245",
   "amount": "1.56200224"
  },
  {
   "price": "0.2497",
   "amount": "35"
  },
  {
   "price": "0.25",
   "amount": "1007.5617448"
  },
  {
   "price": "0.253",
   "amount": "856.722751"
  },
  {
   "price": "0.255",
   "amount": "20"
  },
  {
   "price": "0.258",
   "amount": "250"
  },
  {
   "price": "0.25831",
   "amount": "5000"
  },
  {
   "price": "0.26",
   "amount": "27.71753768"
  },
  {
   "price": "0.262",
   "amount": "220"
  },
  {
   "price": "0.268",
   "amount": "220"
  },
  {
   "price": "0.274",
   "amount": "220"
  },
  {
   "price": "0.275",
   "amount": "122.43615398"
  },
  {
   "price": "0.278",
   "amount": "220"
  },
  {
   "price": "0.281",
   "amount": "20"
  },
  {
   "price": "0.282",
   "amount": "155"
  },
  {
   "price": "0.2849",
   "amount": "35"
  },
  {
   "price": "0.288",
   "amount": "188"
  },
  {
   "price": "0.289",
   "amount": "80"
  },
  {
   "price": "0.29174",
   "amount": "1000"
  },
  {
   "price": "0.292",
   "amount": "272"
  }
 ]
}