{
 "pair": "seebtc",
 "bids": [
  {
   "price": "7e-8",
   "amount": "45000"
  },
  {
   "price": "6e-8",
   "amount": "45000"
  },
  {
   "price": "5e-8",
   "amount": "7244"
  },
  {
   "price": "3e-8",
   "amount": "286000"
  },
  {
   "price": "2e-8",
   "amount": "2209000"
  },
  {
   "price": "1e-8",
   "amount": "2300000"
  }
 ],
 "asks": [
  {
   "price": "1.3e-7",
   "amount": "66556.68090514"
  },
  {
   "price": "1.4e-7",
   "amount": "6392"
  },
  {
   "price": "1.5e-7",
   "amount": "102882.1875068"
  },
  {
   "price": "1.6e-7",
   "amount": "7339.8399751"
  },
  {
   "price": "1.7e-7",
   "amount": "145060.34575615"
  },
  {
   "price": "1.8e-7",
   "amount": "12170.12196704"
  },
  {
   "price": "1.9e-7",
   "amount": "14585.26296301"
  },
  {
   "price": "2e-7",
   "amount": "17000.40395897"
  },
  {
   "price": "2.1e-7",
   "amount": "19415.54495494"
  },
  {
   "price": "2.2e-7",
   "amount": "21830.68595091"
  },
  {
   "price": "2.3e-7",
   "amount": "24245.82694688"
  },
  {
   "price": "2.4e-7",
   "amount": "26660.96794285"
  },
  {
   "price": "2.5e-7",
   "amount": "589076.10893882"
  },
  {
   "price": "2.6e-7",
   "amount": "31491.24993479"
  },
  {
   "price": "2.7e-7",
   "amount": "43896.39093076"
  },
  {
   "price": "3.1e-7",
   "amount": "46879.112"
  },
  {
   "price": "3.3e-7",
   "amount": "26476"
  },
  {
   "price": "3.6e-7",
   "amount": "99900"
  },
  {
   "price": "3.7e-7",
   "amount": "8560"
  },
  {
   "price": "4.2e-7",
   "amount": "39960"
  },
  {
   "price": "5e-7",
   "amount": "7000"
  },
  {
   "price": "5.9e-7",
   "amount": "91766.52758064"
  },
  {
   "price": "8.4e-7",
   "amount": "29940"
  },
  {
   "price": "9.6e-7",
   "amount": "30000"
  },
  {
   "price": "9.9e-7",
   "amount": "10000"
  }
 ]
}