{
 "pair": "seeeth",
 "bids": [
  {
   "price": "0.00000396",
   "amount": "45454.54545455"
  },
  {
   "price": "0.00000395",
   "amount": "47690.53782154"
  },
  {
   "price": "0.0000015",
   "amount": "100000"
  },
  {
   "price": "0.0000013",
   "amount": "8000"
  },
  {
   "price": "9.2e-7",
   "amount": "8500"
  },
  {
   "price": "5.1e-7",
   "amount": "444215"
  },
  {
   "price": "1e-7",
   "amount": "200000"
  },
  {
   "price": "4e-8",
   "amount": "500000"
  },
  {
   "price": "3e-8",
   "amount": "675000"
  },
  {
   "price": "2e-8",
   "amount": "2005000"
  },
  {
   "price": "1e-8",
   "amount": "20000"
  }
 ],
 "asks": [
  {
   "price": "0.00000891",
   "amount": "164180.09673289"
  },
  {
   "price": "0.00000893",
   "amount": "27048.21706498"
  },
  {
   "price": "0.0000092",
   "amount": "24975"
  },
  {
   "price": "0.00000922",
   "amount": "47890.4986"
  },
  {
   "price": "0.00000987",
   "amount": "99900"
  },
  {
   "price": "0.0000112",
   "amount": "25000"
  },
  {
   "price": "0.0000119",
   "amount": "109031.52690826"
  },
  {
   "price": "0.000012",
   "amount": "6392"
  },
  {
   "price": "0.00001298",
   "amount": "14985"
  },
  {
   "price": "0.0000138",
   "amount": "22901.78293502"
  },
  {
   "price": "0.0000148",
   "amount": "4995"
  },
  {
   "price": "0.00001869",
   "amount": "4995"
  },
  {
   "price": "0.000019",
   "amount": "3000"
  },
  {
   "price": "0.0000226",
   "amount": "19500"
  },
  {
   "price": "0.00003",
   "amount": "5000"
  },
  {
   "price": "0.000031",
   "amount": "5000"
  },
  {
   "price": "0.000032",
   "amount": "5000"
  },
  {
   "price": "0.000033",
   "amount": "5000"
  },
  {
   "price": "0.000034",
   "amount": "5000"
  },
  {
   "price": "0.000035",
   "amount": "5000"
  },
  {
   "price": "0.000036",
   "amount": "5000"
  },
  {
   "price": "0.000037",
   "amount": "5000"
  },
  {
   "price": "0.000038",
   "amount": "5000"
  },
  {
   "price": "0.000039",
   "amount": "5000"
  },
  {
   "price": "0.00004429",
   "amount": "4526"
  }
 ]
}