{
 "pair": "seneth",
 "bids": [
  {
   "price": "0.00000297",
   "amount": "11784.51178451"
  },
  {
   "price": "0.00000296",
   "amount": "60810.81081081"
  },
  {
   "price": "0.00000295",
   "amount": "200000"
  },
  {
   "price": "0.0000022",
   "amount": "28195.4887218"
  },
  {
   "price": "0.00000212",
   "amount": "8800"
  },
  {
   "price": "0.0000021",
   "amount": "28195.4887218"
  },
  {
   "price": "0.00000199",
   "amount": "8800"
  },
  {
   "price": "0.00000186",
   "amount": "8800"
  },
  {
   "price": "0.00000175",
   "amount": "8800"
  },
  {
   "price": "0.00000154",
   "amount": "8800"
  },
  {
   "price": "0.00000144",
   "amount": "8800"
  },
  {
   "price": "0.00000139",
   "amount": "8800"
  },
  {
   "price": "0.00000132",
   "amount": "8800"
  },
  {
   "price": "0.00000122",
   "amount": "8800"
  },
  {
   "price": "2e-7",
   "amount": "50000"
  },
  {
   "price": "1.1e-7",
   "amount": "200000"
  },
  {
   "price": "1e-7",
   "amount": "100000"
  },
  {
   "price": "5e-8",
   "amount": "200000"
  },
  {
   "price": "3e-8",
   "amount": "405000"
  },
  {
   "price": "2e-8",
   "amount": "2010000"
  },
  {
   "price": "1e-8",
   "amount": "20000"
  }
 ],
 "asks": [
  {
   "price": "0.00000555",
   "amount": "99730"
  },
  {
   "price": "0.00000578",
   "amount": "186822"
  },
  {
   "price": "0.00000579",
   "amount": "46274.029969"
  },
  {
   "price": "0.00000622",
   "amount": "20000"
  },
  {
   "price": "0.00000644",
   "amount": "5929.79380649"
  },
  {
   "price": "0.00000655",
   "amount": "5861.96815342"
  },
  {
   "price": "0.0000068",
   "amount": "4444"
  },
  {
   "price": "0.0000069",
   "amount": "200000"
  },
  {
   "price": "0.000007",
   "amount": "4444"
  },
  {
   "price": "0.0000072",
   "amount": "4444"
  },
  {
   "price": "0.0000073",
   "amount": "4444"
  },
  {
   "price": "0.0000075",
   "amount": "4444"
  },
  {
   "price": "0.0000077",
   "amount": "4444"
  },
  {
   "price": "0.0000078",
   "amount": "4444"
  },
  {
   "price": "0.0000079",
   "amount": "4444"
  },
  {
   "price": "0.00000797",
   "amount": "23767"
  },
  {
   "price": "0.0000082",
   "amount": "200000"
  },
  {
   "price": "0.0000083",
   "amount": "443563.92672718"
  },
  {
   "price": "0.0000088",
   "amount": "200000"
  },
  {
   "price": "0.0000096",
   "amount": "200000"
  },
  {
   "price": "0.00000978",
   "amount": "41684.09"
  },
  {
   "price": "0.00001022",
   "amount": "16964.1021574"
  },
  {
   "price": "0.00001044",
   "amount": "16964.1021574"
  },
  {
   "price": "0.0000105",
   "amount": "200000"
  },
  {
   "price": "0.00001111",
   "amount": "16964.1021574"
  }
 ]
}