{
 "pair": "sngbtc",
 "bids": [
  {
   "price": "6.9e-7",
   "amount": "55555"
  },
  {
   "price": "6.8e-7",
   "amount": "450"
  },
  {
   "price": "6.5e-7",
   "amount": "1500"
  },
  {
   "price": "5.6e-7",
   "amount": "8000"
  },
  {
   "price": "5.4e-7",
   "amount": "1000"
  },
  {
   "price": "5.3e-7",
   "amount": "200000"
  },
  {
   "price": "4e-7",
   "amount": "300"
  },
  {
   "price": "3.8e-7",
   "amount": "1315.79"
  },
  {
   "price": "3.5e-7",
   "amount": "200000"
  },
  {
   "price": "3.3e-7",
   "amount": "12000"
  },
  {
   "price": "2.1e-7",
   "amount": "2500"
  },
  {
   "price": "2e-7",
   "amount": "200000"
  },
  {
   "price": "1.1e-7",
   "amount": "200000"
  },
  {
   "price": "9e-8",
   "amount": "10000"
  },
  {
   "price": "6e-8",
   "amount": "200000"
  },
  {
   "price": "5e-8",
   "amount": "100000"
  },
  {
   "price": "2e-8",
   "amount": "430000"
  },
  {
   "price": "1e-8",
   "amount": "967551"
  }
 ],
 "asks": [
  {
   "price": "0.0000016",
   "amount": "31818.08018141"
  },
  {
   "price": "0.00000166",
   "amount": "22276.95445586"
  },
  {
   "price": "0.00000196",
   "amount": "19939.77219645"
  },
  {
   "price": "0.000002",
   "amount": "17828.37468338"
  },
  {
   "price": "0.00000222",
   "amount": "900.61737091"
  },
  {
   "price": "0.00000227",
   "amount": "6490"
  },
  {
   "price": "0.00000237",
   "amount": "21318.36457881"
  },
  {
   "price": "0.0000025",
   "amount": "2994"
  },
  {
   "price": "0.0000026",
   "amount": "300"
  },
  {
   "price": "0.00000296",
   "amount": "22699.85555073"
  },
  {
   "price": "0.00000353",
   "amount": "20816.37176734"
  },
  {
   "price": "0.00000389",
   "amount": "20787.07381937"
  },
  {
   "price": "0.00000391",
   "amount": "12205.36062594"
  },
  {
   "price": "0.00000416",
   "amount": "789.61959"
  },
  {
   "price": "0.00000425",
   "amount": "20265.09021918"
  },
  {
   "price": "0.00000474",
   "amount": "31426.55731571"
  },
  {
   "price": "0.00000576",
   "amount": "400"
  },
  {
   "price": "0.00000595",
   "amount": "19637.21355447"
  },
  {
   "price": "0.00000672",
   "amount": "758"
  },
  {
   "price": "0.00000718",
   "amount": "17257.76866271"
  },
  {
   "price": "0.00000772",
   "amount": "16399.69904429"
  },
  {
   "price": "0.00000869",
   "amount": "12259.64705461"
  },
  {
   "price": "0.00000965",
   "amount": "3343.875"
  },
  {
   "price": "0.00000981",
   "amount": "14717.36849417"
  },
  {
   "price": "0.00001098",
   "amount": "12224.66793493"
  }
 ]
}