{
 "pair": "sntbtc",
 "bids": [
  {
   "price": "0.00000129",
   "amount": "49761.90656"
  },
  {
   "price": "0.00000128",
   "amount": "94943.56785009"
  },
  {
   "price": "0.00000127",
   "amount": "143298.67462326"
  },
  {
   "price": "0.00000126",
   "amount": "46235.77"
  },
  {
   "price": "0.00000125",
   "amount": "30946.77"
  },
  {
   "price": "0.00000112",
   "amount": "68838.72576579"
  },
  {
   "price": "0.00000111",
   "amount": "38"
  },
  {
   "price": "0.0000011",
   "amount": "3815.68794168"
  },
  {
   "price": "0.00000101",
   "amount": "38"
  },
  {
   "price": "0.000001",
   "amount": "10000"
  },
  {
   "price": "6.4e-7",
   "amount": "200000"
  },
  {
   "price": "6.3e-7",
   "amount": "99934.9480664"
  },
  {
   "price": "3.2e-7",
   "amount": "49"
  },
  {
   "price": "2.5e-7",
   "amount": "531.06212425"
  },
  {
   "price": "2.1e-7",
   "amount": "500000"
  },
  {
   "price": "1.8e-7",
   "amount": "3247.78"
  },
  {
   "price": "1.3e-7",
   "amount": "500000"
  },
  {
   "price": "1.1e-7",
   "amount": "245694.96438525"
  },
  {
   "price": "1e-7",
   "amount": "101200"
  },
  {
   "price": "9e-8",
   "amount": "10000"
  },
  {
   "price": "4e-8",
   "amount": "600000"
  },
  {
   "price": "3e-8",
   "amount": "100000"
  },
  {
   "price": "2e-8",
   "amount": "200000"
  },
  {
   "price": "1e-8",
   "amount": "200000"
  }
 ],
 "asks": [
  {
   "price": "0.00000131",
   "amount": "65204.74863899"
  },
  {
   "price": "0.00000133",
   "amount": "50263.15546"
  },
  {
   "price": "0.00000168",
   "amount": "520"
  },
  {
   "price": "0.00000175",
   "amount": "8070.41217911"
  },
  {
   "price": "0.00000178",
   "amount": "250"
  },
  {
   "price": "0.00000198",
   "amount": "126"
  },
  {
   "price": "0.000002",
   "amount": "518"
  },
  {
   "price": "0.0000024",
   "amount": "197.649808"
  },
  {
   "price": "0.00000251",
   "amount": "5063.429"
  },
  {
   "price": "0.0000028",
   "amount": "555"
  },
  {
   "price": "0.00000305",
   "amount": "495.52"
  },
  {
   "price": "0.00000335",
   "amount": "555"
  },
  {
   "price": "0.00000358",
   "amount": "200"
  },
  {
   "price": "0.0000037",
   "amount": "209.94"
  },
  {
   "price": "0.00000373",
   "amount": "271.72983659"
  },
  {
   "price": "0.00000382",
   "amount": "200"
  },
  {
   "price": "0.00000395",
   "amount": "555"
  },
  {
   "price": "0.00000398",
   "amount": "218.51034118"
  },
  {
   "price": "0.000004",
   "amount": "472.37899925"
  },
  {
   "price": "0.00000403",
   "amount": "200"
  },
  {
   "price": "0.0000042",
   "amount": "200"
  },
  {
   "price": "0.00000441",
   "amount": "204.05660248"
  },
  {
   "price": "0.00000448",
   "amount": "555"
  },
  {
   "price": "0.00000457",
   "amount": "20000"
  },
  {
   "price": "0.0000047",
   "amount": "19500"
  }
 ]
}