{
 "pair": "snteth",
 "bids": [
  {
   "price": "0.00007281",
   "amount": "49761.90656"
  },
  {
   "price": "0.00007224",
   "amount": "24182.77"
  },
  {
   "price": "0.0000721",
   "amount": "24725.77"
  },
  {
   "price": "0.00007208",
   "amount": "50238.09344"
  },
  {
   "price": "0.00007205",
   "amount": "2746.8754292"
  },
  {
   "price": "0.00007152",
   "amount": "27806.77"
  },
  {
   "price": "0.00006425",
   "amount": "29065.73907887"
  },
  {
   "price": "0.00006011",
   "amount": "16620"
  },
  {
   "price": "0.000025",
   "amount": "400"
  },
  {
   "price": "0.00001319",
   "amount": "1000"
  },
  {
   "price": "0.000011",
   "amount": "6326.13399602"
  },
  {
   "price": "0.00001",
   "amount": "1000"
  },
  {
   "price": "0.00000203",
   "amount": "4926.108"
  },
  {
   "price": "0.000002",
   "amount": "5000"
  },
  {
   "price": "0.0000011",
   "amount": "500"
  },
  {
   "price": "0.000001",
   "amount": "1072"
  },
  {
   "price": "5e-7",
   "amount": "20000"
  },
  {
   "price": "3.2e-7",
   "amount": "100000"
  },
  {
   "price": "2.9e-7",
   "amount": "100000"
  },
  {
   "price": "1e-7",
   "amount": "100000"
  },
  {
   "price": "3e-8",
   "amount": "6000"
  },
  {
   "price": "2e-8",
   "amount": "60000"
  },
  {
   "price": "1e-8",
   "amount": "70000"
  }
 ],
 "asks": [
  {
   "price": "0.00007326",
   "amount": "620.4"
  },
  {
   "price": "0.00007329",
   "amount": "49736.84454"
  },
  {
   "price": "0.00007364",
   "amount": "2747.63016898"
  },
  {
   "price": "0.00007403",
   "amount": "50263.15546"
  },
  {
   "price": "0.00009659",
   "amount": "2444.32995204"
  },
  {
   "price": "0.00009665",
   "amount": "674.90879609"
  },
  {
   "price": "0.00009669",
   "amount": "7551.37155211"
  },
  {
   "price": "0.00010006",
   "amount": "355.33"
  },
  {
   "price": "0.0001038",
   "amount": "549.45"
  },
  {
   "price": "0.00010498",
   "amount": "15199.13183526"
  },
  {
   "price": "0.000114",
   "amount": "2899.70986262"
  },
  {
   "price": "0.00011928",
   "amount": "200"
  },
  {
   "price": "0.00012501",
   "amount": "1023"
  },
  {
   "price": "0.0001466",
   "amount": "8702.29859021"
  },
  {
   "price": "0.00015",
   "amount": "500"
  },
  {
   "price": "0.00016",
   "amount": "10500"
  },
  {
   "price": "0.00017",
   "amount": "1999"
  },
  {
   "price": "0.00018",
   "amount": "10500"
  },
  {
   "price": "0.000185",
   "amount": "782.48068953"
  },
  {
   "price": "0.00018526",
   "amount": "5894.971318"
  },
  {
   "price": "0.00018542",
   "amount": "541.34937772"
  },
  {
   "price": "0.00019",
   "amount": "499.6"
  },
  {
   "price": "0.0001948",
   "amount": "5089.9"
  },
  {
   "price": "0.0002",
   "amount": "17681.79475778"
  },
  {
   "price": "0.0002048",
   "amount": "5000"
  }
 ]
}