{
 "pair": "sntusd",
 "bids": [
  {
   "price": "0.0092923",
   "amount": "24999.99988"
  },
  {
   "price": "0.0092314",
   "amount": "17000"
  },
  {
   "price": "0.0092244",
   "amount": "20150.87955985"
  },
  {
   "price": "0.0092085",
   "amount": "32578.59586252"
  },
  {
   "price": "0.0091993",
   "amount": "25000.00012"
  },
  {
   "price": "0.0086007",
   "amount": "87203.07649594"
  },
  {
   "price": "0.0086",
   "amount": "2000"
  },
  {
   "price": "0.0074009",
   "amount": "1000"
  },
  {
   "price": "0.0074",
   "amount": "500"
  },
  {
   "price": "0.006964",
   "amount": "1000"
  },
  {
   "price": "0.0068",
   "amount": "10000"
  },
  {
   "price": "0.00673",
   "amount": "100"
  },
  {
   "price": "0.0042098",
   "amount": "1187.699"
  },
  {
   "price": "0.0028325",
   "amount": "100000"
  },
  {
   "price": "0.0024757",
   "amount": "100000"
  },
  {
   "price": "0.00216",
   "amount": "208"
  },
  {
   "price": "0.0021556",
   "amount": "100000"
  },
  {
   "price": "0.002",
   "amount": "205000"
  },
  {
   "price": "0.0019422",
   "amount": "100000"
  },
  {
   "price": "0.00177",
   "amount": "50000"
  },
  {
   "price": "0.0017288",
   "amount": "100000"
  },
  {
   "price": "0.00157",
   "amount": "465"
  },
  {
   "price": "0.0015",
   "amount": "100000"
  },
  {
   "price": "0.001462",
   "amount": "100000"
  },
  {
   "price": "0.001302",
   "amount": "100000"
  }
 ],
 "asks": [
  {
   "price": "0.0093793",
   "amount": "24999.99988"
  },
  {
   "price": "0.0094731",
   "amount": "25000.00012"
  },
  {
   "price": "0.0099799",
   "amount": "3502.872355"
  },
  {
   "price": "0.011315",
   "amount": "7551.37155211"
  },
  {
   "price": "0.011316",
   "amount": "3153.153153"
  },
  {
   "price": "0.01182",
   "amount": "2000"
  },
  {
   "price": "0.011909",
   "amount": "17766.64375196"
  },
  {
   "price": "0.012499",
   "amount": "20000"
  },
  {
   "price": "0.012599",
   "amount": "20000"
  },
  {
   "price": "0.012699",
   "amount": "20000"
  },
  {
   "price": "0.012799",
   "amount": "17000"
  },
  {
   "price": "0.012899",
   "amount": "2900"
  },
  {
   "price": "0.012991",
   "amount": "1698.32745249"
  },
  {
   "price": "0.013",
   "amount": "4018.97"
  },
  {
   "price": "0.013149",
   "amount": "1833.95765295"
  },
  {
   "price": "0.013297",
   "amount": "1299.71179763"
  },
  {
   "price": "0.013447",
   "amount": "1861.74687291"
  },
  {
   "price": "0.013611",
   "amount": "2963.62286563"
  },
  {
   "price": "0.01362",
   "amount": "1769.9775482"
  },
  {
   "price": "0.014",
   "amount": "499.6"
  },
  {
   "price": "0.0142",
   "amount": "3610.864985"
  },
  {
   "price": "0.0144",
   "amount": "1806.89887"
  },
  {
   "price": "0.0145",
   "amount": "299.012"
  },
  {
   "price": "0.01462",
   "amount": "2000"
  },
  {
   "price": "0.014845",
   "amount": "1967.67174948"
  }
 ]
}