{
 "pair": "spketh",
 "bids": [
  {
   "price": "0.00002403",
   "amount": "41614.6483562"
  },
  {
   "price": "0.00002401",
   "amount": "7496.87630154"
  },
  {
   "price": "0.00002367",
   "amount": "73805.87300917"
  },
  {
   "price": "0.00002351",
   "amount": "1488.72820076"
  },
  {
   "price": "0.0000229",
   "amount": "200000"
  },
  {
   "price": "0.0000226",
   "amount": "150000"
  },
  {
   "price": "0.00002211",
   "amount": "46520"
  },
  {
   "price": "0.000022",
   "amount": "50000"
  },
  {
   "price": "0.000021",
   "amount": "18000"
  },
  {
   "price": "0.00002",
   "amount": "20500"
  },
  {
   "price": "0.000012",
   "amount": "18000"
  },
  {
   "price": "0.000009",
   "amount": "100000"
  },
  {
   "price": "0.000005",
   "amount": "2000"
  },
  {
   "price": "0.00000319",
   "amount": "3134.8"
  },
  {
   "price": "0.0000031",
   "amount": "1000"
  },
  {
   "price": "0.0000021",
   "amount": "2500"
  },
  {
   "price": "0.000002",
   "amount": "5000"
  },
  {
   "price": "0.000001",
   "amount": "21000"
  },
  {
   "price": "3.2e-7",
   "amount": "9000"
  },
  {
   "price": "3.1e-7",
   "amount": "200000"
  },
  {
   "price": "2.1e-7",
   "amount": "125000"
  },
  {
   "price": "2e-7",
   "amount": "50026"
  },
  {
   "price": "1e-7",
   "amount": "100000"
  },
  {
   "price": "3e-8",
   "amount": "6000"
  },
  {
   "price": "2e-8",
   "amount": "210000"
  }
 ],
 "asks": [
  {
   "price": "0.000038",
   "amount": "1266"
  },
  {
   "price": "0.000039",
   "amount": "1266"
  },
  {
   "price": "0.00003979",
   "amount": "6093.82858526"
  },
  {
   "price": "0.00004",
   "amount": "2222"
  },
  {
   "price": "0.0000405",
   "amount": "2222"
  },
  {
   "price": "0.000041",
   "amount": "2222"
  },
  {
   "price": "0.0000415",
   "amount": "2222"
  },
  {
   "price": "0.000042",
   "amount": "2222"
  },
  {
   "price": "0.0000425",
   "amount": "2222"
  },
  {
   "price": "0.000043",
   "amount": "5150.55884042"
  },
  {
   "price": "0.0000435",
   "amount": "2222"
  },
  {
   "price": "0.000044",
   "amount": "2222"
  },
  {
   "price": "0.0000445",
   "amount": "1e-8"
  },
  {
   "price": "0.000045",
   "amount": "2222"
  },
  {
   "price": "0.0000452",
   "amount": "2222"
  },
  {
   "price": "0.0000454",
   "amount": "2222"
  },
  {
   "price": "0.0000456",
   "amount": "2222"
  },
  {
   "price": "0.0000458",
   "amount": "2222"
  },
  {
   "price": "0.000046",
   "amount": "2222"
  },
  {
   "price": "0.0000462",
   "amount": "2222"
  },
  {
   "price": "0.0000464",
   "amount": "2222"
  },
  {
   "price": "0.0000466",
   "amount": "2222"
  },
  {
   "price": "0.0000468",
   "amount": "2222"
  },
  {
   "price": "0.000047",
   "amount": "2222"
  },
  {
   "price": "0.0000472",
   "amount": "2222"
  }
 ]
}