{
 "pair": "spkusd",
 "bids": [
  {
   "price": "0.0035019",
   "amount": "2000"
  },
  {
   "price": "0.0035",
   "amount": "100000"
  },
  {
   "price": "0.003425",
   "amount": "4000"
  },
  {
   "price": "0.0033",
   "amount": "4519.644103"
  },
  {
   "price": "0.00328",
   "amount": "7050"
  },
  {
   "price": "0.0031763",
   "amount": "34444"
  },
  {
   "price": "0.0031669",
   "amount": "34444"
  },
  {
   "price": "0.003146",
   "amount": "34444"
  },
  {
   "price": "0.0030426",
   "amount": "34444"
  },
  {
   "price": "0.003",
   "amount": "1700.3"
  },
  {
   "price": "0.00294",
   "amount": "34444"
  },
  {
   "price": "0.0027915",
   "amount": "107469.10263299"
  },
  {
   "price": "0.0027914",
   "amount": "200000"
  },
  {
   "price": "0.0027901",
   "amount": "103332"
  },
  {
   "price": "0.0026869",
   "amount": "34444"
  },
  {
   "price": "0.0026761",
   "amount": "200000"
  },
  {
   "price": "0.0024039",
   "amount": "34444"
  },
  {
   "price": "0.0023073",
   "amount": "68888"
  },
  {
   "price": "0.0022943",
   "amount": "44444"
  },
  {
   "price": "0.00211",
   "amount": "2500"
  },
  {
   "price": "0.002",
   "amount": "50000"
  },
  {
   "price": "0.0018889",
   "amount": "68888"
  },
  {
   "price": "0.0018729",
   "amount": "34444"
  },
  {
   "price": "0.0017818",
   "amount": "34444"
  },
  {
   "price": "0.0017283",
   "amount": "2893.05"
  }
 ],
 "asks": [
  {
   "price": "0.0044999",
   "amount": "2047.95"
  },
  {
   "price": "0.00468",
   "amount": "23749"
  },
  {
   "price": "0.005491",
   "amount": "2928.55884042"
  },
  {
   "price": "0.0054911",
   "amount": "4832.450904"
  },
  {
   "price": "0.0055",
   "amount": "3285.993106"
  },
  {
   "price": "0.0068579",
   "amount": "4165.405795"
  },
  {
   "price": "0.00695",
   "amount": "42259.677124"
  },
  {
   "price": "0.0079584",
   "amount": "6086.754823"
  },
  {
   "price": "0.0079672",
   "amount": "6648.365276"
  },
  {
   "price": "0.0079761",
   "amount": "6751.634724"
  },
  {
   "price": "0.0079938",
   "amount": "6648.365276"
  },
  {
   "price": "0.008",
   "amount": "2662.654224"
  },
  {
   "price": "0.008762",
   "amount": "500"
  },
  {
   "price": "0.008943",
   "amount": "1397.601"
  },
  {
   "price": "0.009",
   "amount": "831.17741"
  },
  {
   "price": "0.0098954",
   "amount": "3592.404"
  },
  {
   "price": "0.0099131",
   "amount": "6600"
  },
  {
   "price": "0.0099235",
   "amount": "29158.38624403"
  },
  {
   "price": "0.009952",
   "amount": "8311"
  },
  {
   "price": "0.009968",
   "amount": "999.2"
  },
  {
   "price": "0.0103",
   "amount": "986.9779831"
  },
  {
   "price": "0.010877",
   "amount": "26578.40408731"
  },
  {
   "price": "0.010987",
   "amount": "508"
  },
  {
   "price": "0.011",
   "amount": "28201.560271"
  },
  {
   "price": "0.0111",
   "amount": "10000"
  }
 ]
}