{
 "pair": "stjbtc",
 "bids": [
  {
   "price": "0.00001379",
   "amount": "1663.77"
  },
  {
   "price": "0.00001376",
   "amount": "2340.77"
  },
  {
   "price": "0.00001374",
   "amount": "1018.77"
  },
  {
   "price": "0.00001371",
   "amount": "1689.77"
  },
  {
   "price": "0.00001368",
   "amount": "2269.77"
  },
  {
   "price": "0.00001363",
   "amount": "2228.77"
  },
  {
   "price": "0.00001111",
   "amount": "2245.77"
  },
  {
   "price": "0.0000111",
   "amount": "673.96396396"
  },
  {
   "price": "0.00000545",
   "amount": "20000"
  },
  {
   "price": "0.0000035",
   "amount": "3000"
  },
  {
   "price": "0.00000205",
   "amount": "243.9"
  },
  {
   "price": "0.00000111",
   "amount": "4800"
  },
  {
   "price": "5e-7",
   "amount": "10100"
  },
  {
   "price": "9e-8",
   "amount": "10000"
  }
 ],
 "asks": [
  {
   "price": "0.00001406",
   "amount": "233.35154386"
  },
  {
   "price": "0.00001411",
   "amount": "2762.77"
  },
  {
   "price": "0.00001414",
   "amount": "1658.77"
  },
  {
   "price": "0.0000142",
   "amount": "2837.77"
  },
  {
   "price": "0.00001426",
   "amount": "5615.77"
  },
  {
   "price": "0.0000144",
   "amount": "1707.77"
  },
  {
   "price": "0.0000199",
   "amount": "237.664018"
  },
  {
   "price": "0.00002888",
   "amount": "3930"
  },
  {
   "price": "0.00003989",
   "amount": "3996.00000001"
  },
  {
   "price": "0.00004002",
   "amount": "4000"
  },
  {
   "price": "0.000043",
   "amount": "31.94"
  },
  {
   "price": "0.00004415",
   "amount": "0.85122828"
  },
  {
   "price": "0.00004665",
   "amount": "1"
  },
  {
   "price": "0.00004747",
   "amount": "299.7"
  },
  {
   "price": "0.00005466",
   "amount": "1"
  },
  {
   "price": "0.00005974",
   "amount": "1485.513"
  },
  {
   "price": "0.00006231",
   "amount": "1"
  },
  {
   "price": "0.00006949",
   "amount": "1"
  },
  {
   "price": "0.00007953",
   "amount": "1"
  },
  {
   "price": "0.00008004",
   "amount": "2000"
  },
  {
   "price": "0.00009",
   "amount": "100"
  },
  {
   "price": "0.00009053",
   "amount": "1"
  },
  {
   "price": "0.00009298",
   "amount": "309.69"
  },
  {
   "price": "0.000093",
   "amount": "129.94"
  },
  {
   "price": "0.000095",
   "amount": "50"
  }
 ]
}