{
 "pair": "stjeth",
 "bids": [
  {
   "price": "0.00076632",
   "amount": "1204.77"
  },
  {
   "price": "0.00076479",
   "amount": "1194.77"
  },
  {
   "price": "0.00071001",
   "amount": "2460.61156885"
  },
  {
   "price": "0.00071",
   "amount": "38"
  },
  {
   "price": "0.00020045",
   "amount": "50"
  },
  {
   "price": "0.000118",
   "amount": "184.75"
  },
  {
   "price": "0.00002122",
   "amount": "500"
  },
  {
   "price": "0.00001122",
   "amount": "1000"
  },
  {
   "price": "3e-8",
   "amount": "6000"
  },
  {
   "price": "2e-8",
   "amount": "10000"
  },
  {
   "price": "1e-8",
   "amount": "20000"
  }
 ],
 "asks": [
  {
   "price": "0.0011813",
   "amount": "65.96759069"
  },
  {
   "price": "0.0011814",
   "amount": "1500"
  },
  {
   "price": "0.0012962",
   "amount": "2000"
  },
  {
   "price": "0.0014821",
   "amount": "280.06173705"
  },
  {
   "price": "0.0014822",
   "amount": "279.4344113"
  },
  {
   "price": "0.0014823",
   "amount": "3000"
  },
  {
   "price": "0.00187",
   "amount": "231.357371"
  },
  {
   "price": "0.0018717",
   "amount": "5000"
  },
  {
   "price": "0.00244",
   "amount": "99.9"
  },
  {
   "price": "0.0028",
   "amount": "119.98474894"
  },
  {
   "price": "0.0038",
   "amount": "999"
  },
  {
   "price": "0.004",
   "amount": "101.898"
  },
  {
   "price": "0.00951",
   "amount": "74"
  },
  {
   "price": "0.011989",
   "amount": "500"
  },
  {
   "price": "0.018226",
   "amount": "149.8802434"
  },
  {
   "price": "0.019989",
   "amount": "500"
  },
  {
   "price": "0.029989",
   "amount": "1000"
  },
  {
   "price": "0.44672",
   "amount": "51.896"
  }
 ]
}