{
 "pair": "swmeth",
 "bids": [
  {
   "price": "0.00010372",
   "amount": "9641.3420748"
  },
  {
   "price": "0.00010371",
   "amount": "1735.60890946"
  },
  {
   "price": "0.0001032",
   "amount": "5016.03510196"
  },
  {
   "price": "0.00010305",
   "amount": "339.64095099"
  },
  {
   "price": "0.000099",
   "amount": "260"
  },
  {
   "price": "0.000082",
   "amount": "4000"
  },
  {
   "price": "0.00008116",
   "amount": "3373.032651"
  },
  {
   "price": "0.000055",
   "amount": "5000"
  },
  {
   "price": "0.00005031",
   "amount": "50000"
  },
  {
   "price": "0.000039",
   "amount": "50000"
  },
  {
   "price": "0.000001",
   "amount": "90000.10019"
  }
 ],
 "asks": [
  {
   "price": "0.00024808",
   "amount": "1188.55859531"
  },
  {
   "price": "0.00024966",
   "amount": "1491.22442739"
  },
  {
   "price": "0.00026",
   "amount": "400"
  },
  {
   "price": "0.000275",
   "amount": "406"
  },
  {
   "price": "0.00028288",
   "amount": "1528.97694454"
  },
  {
   "price": "0.0003161",
   "amount": "1566.72946169"
  },
  {
   "price": "0.0003212",
   "amount": "1038.57566766"
  },
  {
   "price": "0.00033103",
   "amount": "1275.96439169"
  },
  {
   "price": "0.00034086",
   "amount": "1394.65875371"
  },
  {
   "price": "0.00034932",
   "amount": "1604.48197884"
  },
  {
   "price": "0.00034958",
   "amount": "221.556"
  },
  {
   "price": "0.00035069",
   "amount": "1157.27002967"
  },
  {
   "price": "0.00036051",
   "amount": "1201.78041543"
  },
  {
   "price": "0.00037034",
   "amount": "1528.18991098"
  },
  {
   "price": "0.000375",
   "amount": "10100.1144"
  },
  {
   "price": "0.00038",
   "amount": "2628.31014758"
  },
  {
   "price": "0.00038017",
   "amount": "1364.9851632"
  },
  {
   "price": "0.00038253",
   "amount": "1642.23449599"
  },
  {
   "price": "0.00039",
   "amount": "1038.57566766"
  },
  {
   "price": "0.0004",
   "amount": "199.811004"
  },
  {
   "price": "0.000413",
   "amount": "20000"
  },
  {
   "price": "0.00041575",
   "amount": "1679.98701313"
  },
  {
   "price": "0.00044897",
   "amount": "1717.73953028"
  },
  {
   "price": "0.00048219",
   "amount": "1755.49204743"
  },
  {
   "price": "0.0005",
   "amount": "200.723769"
  }
 ]
}