{
 "pair": "swmusd",
 "bids": [
  {
   "price": "0.0149",
   "amount": "3167"
  },
  {
   "price": "0.0148",
   "amount": "3200"
  },
  {
   "price": "0.0147",
   "amount": "3200"
  },
  {
   "price": "0.014001",
   "amount": "150"
  },
  {
   "price": "0.014",
   "amount": "25300"
  },
  {
   "price": "0.01",
   "amount": "100"
  },
  {
   "price": "0.0001146",
   "amount": "200"
  },
  {
   "price": "0.0001145",
   "amount": "50000"
  },
  {
   "price": "0.000112",
   "amount": "100000"
  },
  {
   "price": "0.00011",
   "amount": "10000"
  },
  {
   "price": "0.000001",
   "amount": "200000"
  },
  {
   "price": "2e-7",
   "amount": "100000"
  },
  {
   "price": "1e-7",
   "amount": "1800000"
  }
 ],
 "asks": [
  {
   "price": "0.04",
   "amount": "199.6"
  },
  {
   "price": "0.049",
   "amount": "60"
  },
  {
   "price": "0.096479",
   "amount": "1618.33571"
  },
  {
   "price": "0.12",
   "amount": "39053.25443787"
  },
  {
   "price": "0.16",
   "amount": "5620"
  },
  {
   "price": "0.17438",
   "amount": "37869.82248521"
  },
  {
   "price": "0.22875",
   "amount": "36686.39053254"
  },
  {
   "price": "0.28313",
   "amount": "35502.95857988"
  },
  {
   "price": "0.3375",
   "amount": "34319.52662722"
  },
  {
   "price": "0.39",
   "amount": "1027.80132669"
  },
  {
   "price": "0.39187",
   "amount": "33136.09467456"
  },
  {
   "price": "0.40765",
   "amount": "1048.77686398"
  },
  {
   "price": "0.42531",
   "amount": "1069.75240126"
  },
  {
   "price": "0.44296",
   "amount": "1090.72793854"
  },
  {
   "price": "0.44625",
   "amount": "31952.66272189"
  },
  {
   "price": "0.46061",
   "amount": "1111.70347582"
  },
  {
   "price": "0.47827",
   "amount": "1132.6790131"
  },
  {
   "price": "0.49592",
   "amount": "1153.65455038"
  },
  {
   "price": "0.5",
   "amount": "399.2"
  },
  {
   "price": "0.50062",
   "amount": "30769.23076923"
  },
  {
   "price": "0.51357",
   "amount": "1174.63008766"
  },
  {
   "price": "0.53122",
   "amount": "1195.60562494"
  },
  {
   "price": "0.54888",
   "amount": "1216.58116222"
  },
  {
   "price": "0.555",
   "amount": "29585.79881657"
  },
  {
   "price": "0.56653",
   "amount": "1237.5566995"
  }
 ]
}