{
 "pair": "tkneth",
 "bids": [
  {
   "price": "0.00145",
   "amount": "857.21678332"
  },
  {
   "price": "0.0013",
   "amount": "338.46047338"
  },
  {
   "price": "0.00129",
   "amount": "40.89999999"
  },
  {
   "price": "0.0012025",
   "amount": "800"
  },
  {
   "price": "0.00026",
   "amount": "2500"
  },
  {
   "price": "0.00002",
   "amount": "500"
  },
  {
   "price": "0.000001",
   "amount": "10000"
  },
  {
   "price": "1.1e-7",
   "amount": "13000"
  },
  {
   "price": "1e-7",
   "amount": "50000"
  },
  {
   "price": "4e-8",
   "amount": "50000"
  },
  {
   "price": "3e-8",
   "amount": "1637"
  },
  {
   "price": "2e-8",
   "amount": "50000"
  }
 ],
 "asks": [
  {
   "price": "0.00175",
   "amount": "1000"
  },
  {
   "price": "0.0019999",
   "amount": "98.27249824"
  },
  {
   "price": "0.002",
   "amount": "1000"
  },
  {
   "price": "0.00239",
   "amount": "9990.009999"
  },
  {
   "price": "0.00253",
   "amount": "99.89999999"
  },
  {
   "price": "0.00264",
   "amount": "10000"
  },
  {
   "price": "0.00322",
   "amount": "199.8"
  },
  {
   "price": "0.00324",
   "amount": "7347.497606"
  },
  {
   "price": "0.0033271",
   "amount": "4000"
  },
  {
   "price": "0.0036021",
   "amount": "54.945"
  },
  {
   "price": "0.00392",
   "amount": "7353.99"
  },
  {
   "price": "0.004212",
   "amount": "265"
  },
  {
   "price": "0.0071999",
   "amount": "100"
  },
  {
   "price": "0.0072",
   "amount": "67.448609"
  },
  {
   "price": "0.007274",
   "amount": "1283"
  },
  {
   "price": "0.0072755",
   "amount": "1500"
  },
  {
   "price": "0.00775",
   "amount": "130"
  },
  {
   "price": "0.0079755",
   "amount": "1500"
  },
  {
   "price": "0.0083755",
   "amount": "2000"
  },
  {
   "price": "0.00874",
   "amount": "77.65676017"
  },
  {
   "price": "0.00921",
   "amount": "1000"
  },
  {
   "price": "0.00936",
   "amount": "102.16323983"
  },
  {
   "price": "0.009536",
   "amount": "100"
  },
  {
   "price": "0.0098",
   "amount": "500"
  },
  {
   "price": "0.0152",
   "amount": "600"
  }
 ]
}