{
 "pair": "tnbbtc",
 "bids": [
  {
   "price": "2.4e-7",
   "amount": "34121"
  },
  {
   "price": "2.3e-7",
   "amount": "78218.98095652"
  },
  {
   "price": "2.2e-7",
   "amount": "10358.09496142"
  },
  {
   "price": "2.1e-7",
   "amount": "3500"
  },
  {
   "price": "1.9e-7",
   "amount": "14601"
  },
  {
   "price": "1.8e-7",
   "amount": "11381"
  },
  {
   "price": "1.7e-7",
   "amount": "167440"
  },
  {
   "price": "1.6e-7",
   "amount": "7121"
  },
  {
   "price": "1.5e-7",
   "amount": "7593"
  },
  {
   "price": "1.3e-7",
   "amount": "406369"
  },
  {
   "price": "1.1e-7",
   "amount": "47441.66970587"
  },
  {
   "price": "1e-7",
   "amount": "200"
  },
  {
   "price": "9e-8",
   "amount": "10000"
  },
  {
   "price": "8e-8",
   "amount": "200000"
  },
  {
   "price": "7e-8",
   "amount": "200000"
  },
  {
   "price": "6e-8",
   "amount": "200000"
  },
  {
   "price": "5e-8",
   "amount": "200000"
  },
  {
   "price": "4e-8",
   "amount": "200000"
  },
  {
   "price": "3e-8",
   "amount": "200000"
  },
  {
   "price": "2e-8",
   "amount": "725000"
  },
  {
   "price": "1e-8",
   "amount": "811000"
  }
 ],
 "asks": [
  {
   "price": "2.7e-7",
   "amount": "8073"
  },
  {
   "price": "2.8e-7",
   "amount": "12132.21381173"
  },
  {
   "price": "3e-7",
   "amount": "611035.211789"
  },
  {
   "price": "3.1e-7",
   "amount": "445194.333138"
  },
  {
   "price": "3.4e-7",
   "amount": "11641.12170987"
  },
  {
   "price": "3.7e-7",
   "amount": "27070.93422579"
  },
  {
   "price": "4.4e-7",
   "amount": "10892"
  },
  {
   "price": "4.5e-7",
   "amount": "5750"
  },
  {
   "price": "4.7e-7",
   "amount": "159840.0036339"
  },
  {
   "price": "5e-7",
   "amount": "160000"
  },
  {
   "price": "5.4e-7",
   "amount": "109050"
  },
  {
   "price": "5.5e-7",
   "amount": "56553.39999999"
  },
  {
   "price": "6e-7",
   "amount": "10000"
  },
  {
   "price": "6.5e-7",
   "amount": "5000"
  },
  {
   "price": "7e-7",
   "amount": "28024.576097"
  },
  {
   "price": "7.1e-7",
   "amount": "1277.75898364"
  },
  {
   "price": "8.2e-7",
   "amount": "38134.94070654"
  },
  {
   "price": "8.3e-7",
   "amount": "843.98701431"
  },
  {
   "price": "8.4e-7",
   "amount": "56527.50171392"
  },
  {
   "price": "8.5e-7",
   "amount": "782"
  },
  {
   "price": "8.7e-7",
   "amount": "10189"
  },
  {
   "price": "9.3e-7",
   "amount": "48190.21195088"
  },
  {
   "price": "9.5e-7",
   "amount": "39960"
  },
  {
   "price": "9.7e-7",
   "amount": "1000"
  },
  {
   "price": "9.8e-7",
   "amount": "50304.3124941"
  }
 ]
}