{
 "pair": "tnbeth",
 "bids": [
  {
   "price": "0.00001229",
   "amount": "73327.0418365"
  },
  {
   "price": "0.00001228",
   "amount": "14657.98045603"
  },
  {
   "price": "0.00001226",
   "amount": "3001"
  },
  {
   "price": "0.0000121",
   "amount": "5000"
  },
  {
   "price": "0.00001142",
   "amount": "43500"
  },
  {
   "price": "0.0000111",
   "amount": "4738.12773709"
  },
  {
   "price": "0.00000864",
   "amount": "3551"
  },
  {
   "price": "0.0000075",
   "amount": "202666.66"
  },
  {
   "price": "0.00000212",
   "amount": "9500"
  },
  {
   "price": "0.00000211",
   "amount": "2500"
  },
  {
   "price": "0.0000012",
   "amount": "15000"
  },
  {
   "price": "0.00000111",
   "amount": "58597.84042641"
  },
  {
   "price": "0.00000106",
   "amount": "10000"
  },
  {
   "price": "0.000001",
   "amount": "24508"
  },
  {
   "price": "2.5e-7",
   "amount": "80000"
  },
  {
   "price": "2.3e-7",
   "amount": "175803.26015193"
  },
  {
   "price": "2.1e-7",
   "amount": "25000"
  },
  {
   "price": "2e-7",
   "amount": "100000"
  },
  {
   "price": "1.1e-7",
   "amount": "83149.20411805"
  },
  {
   "price": "1e-7",
   "amount": "200000"
  },
  {
   "price": "8e-8",
   "amount": "200046"
  },
  {
   "price": "5e-8",
   "amount": "200000"
  },
  {
   "price": "4e-8",
   "amount": "400000"
  },
  {
   "price": "3e-8",
   "amount": "606000"
  },
  {
   "price": "2e-8",
   "amount": "1210000"
  }
 ],
 "asks": [
  {
   "price": "0.0000141",
   "amount": "37358.32006119"
  },
  {
   "price": "0.00001618",
   "amount": "8876"
  },
  {
   "price": "0.00001619",
   "amount": "14945.34867747"
  },
  {
   "price": "0.00001672",
   "amount": "6369.26448542"
  },
  {
   "price": "0.00001879",
   "amount": "8551.88360949"
  },
  {
   "price": "0.0000208",
   "amount": "4994.99999999"
  },
  {
   "price": "0.000024",
   "amount": "7495.880144"
  },
  {
   "price": "0.00002488",
   "amount": "1000"
  },
  {
   "price": "0.00002489",
   "amount": "1037.11461078"
  },
  {
   "price": "0.00002561",
   "amount": "1007"
  },
  {
   "price": "0.00002562",
   "amount": "999.10203792"
  },
  {
   "price": "0.00002852",
   "amount": "3395.03271934"
  },
  {
   "price": "0.000029",
   "amount": "1248.75"
  },
  {
   "price": "0.00003",
   "amount": "10000"
  },
  {
   "price": "0.00003579",
   "amount": "1144.112196"
  },
  {
   "price": "0.0000358",
   "amount": "999"
  },
  {
   "price": "0.00004",
   "amount": "782"
  },
  {
   "price": "0.00004006",
   "amount": "9392.307692"
  },
  {
   "price": "0.00004206",
   "amount": "18844.02911697"
  },
  {
   "price": "0.000045",
   "amount": "2122.0335756"
  },
  {
   "price": "0.0000485",
   "amount": "35006.36561052"
  },
  {
   "price": "0.0000499",
   "amount": "53837.80505415"
  },
  {
   "price": "0.00005",
   "amount": "20000"
  },
  {
   "price": "0.0000517",
   "amount": "19980"
  },
  {
   "price": "0.00005491",
   "amount": "782"
  }
 ]
}