{
 "pair": "tnbusd",
 "bids": [
  {
   "price": "0.001442",
   "amount": "91074.7357911"
  },
  {
   "price": "0.0014417",
   "amount": "55555"
  },
  {
   "price": "0.00144",
   "amount": "30000"
  },
  {
   "price": "0.00143",
   "amount": "3396"
  },
  {
   "price": "0.00134",
   "amount": "7409.05386382"
  },
  {
   "price": "0.0013209",
   "amount": "160000"
  },
  {
   "price": "0.0013178",
   "amount": "55555"
  },
  {
   "price": "0.0012389",
   "amount": "3000"
  },
  {
   "price": "0.0011845",
   "amount": "83384.45668277"
  },
  {
   "price": "0.0011844",
   "amount": "16880.44391513"
  },
  {
   "price": "0.00115",
   "amount": "20000"
  },
  {
   "price": "0.0011384",
   "amount": "4391.975"
  },
  {
   "price": "0.0011321",
   "amount": "200000"
  },
  {
   "price": "0.0010256",
   "amount": "200000"
  },
  {
   "price": "0.001",
   "amount": "11000"
  },
  {
   "price": "0.00093231",
   "amount": "200000"
  },
  {
   "price": "0.0008439",
   "amount": "55555"
  },
  {
   "price": "0.0008",
   "amount": "200000"
  },
  {
   "price": "0.0007433",
   "amount": "55555"
  },
  {
   "price": "0.0005266",
   "amount": "55555"
  },
  {
   "price": "0.00051938",
   "amount": "200000"
  },
  {
   "price": "0.000516",
   "amount": "2000"
  },
  {
   "price": "0.0005012",
   "amount": "100000"
  },
  {
   "price": "0.00042271",
   "amount": "200000"
  },
  {
   "price": "0.0004",
   "amount": "2000"
  }
 ],
 "asks": [
  {
   "price": "0.002",
   "amount": "220374.6"
  },
  {
   "price": "0.0025482",
   "amount": "26192.26192393"
  },
  {
   "price": "0.00255",
   "amount": "15000"
  },
  {
   "price": "0.0029222",
   "amount": "10000"
  },
  {
   "price": "0.002965",
   "amount": "1481.98395317"
  },
  {
   "price": "0.003",
   "amount": "34273.944203"
  },
  {
   "price": "0.0031925",
   "amount": "5950.993"
  },
  {
   "price": "0.0033623",
   "amount": "4994.99999999"
  },
  {
   "price": "0.0034",
   "amount": "1500"
  },
  {
   "price": "0.003442",
   "amount": "4139.7741"
  },
  {
   "price": "0.0035",
   "amount": "33000"
  },
  {
   "price": "0.003699",
   "amount": "112763.54736058"
  },
  {
   "price": "0.0037",
   "amount": "3471.444"
  },
  {
   "price": "0.003888",
   "amount": "6543.45"
  },
  {
   "price": "0.0039",
   "amount": "20000"
  },
  {
   "price": "0.00391",
   "amount": "11320.47"
  },
  {
   "price": "0.003918",
   "amount": "16986.745714"
  },
  {
   "price": "0.0039685",
   "amount": "3766.23000081"
  },
  {
   "price": "0.00399",
   "amount": "1999"
  },
  {
   "price": "0.0039962",
   "amount": "46789.19549562"
  },
  {
   "price": "0.004",
   "amount": "129679.99"
  },
  {
   "price": "0.0040063",
   "amount": "2871.79476647"
  },
  {
   "price": "0.004138",
   "amount": "1154.925896"
  },
  {
   "price": "0.0041478",
   "amount": "44238.97525938"
  },
  {
   "price": "0.0042",
   "amount": "67599.99999998"
  }
 ]
}