{
 "pair": "trieth",
 "bids": [
  {
   "price": "0.00000914",
   "amount": "3000"
  },
  {
   "price": "0.00000893",
   "amount": "3919.37290033"
  },
  {
   "price": "0.00000892",
   "amount": "10000"
  },
  {
   "price": "0.0000089",
   "amount": "3190.16"
  },
  {
   "price": "0.0000075",
   "amount": "1600"
  },
  {
   "price": "0.000007",
   "amount": "15014.157"
  },
  {
   "price": "0.00000559",
   "amount": "32200.35778175"
  },
  {
   "price": "0.000005",
   "amount": "69140"
  },
  {
   "price": "0.00000472",
   "amount": "7500"
  },
  {
   "price": "0.0000042",
   "amount": "9900"
  },
  {
   "price": "0.0000035",
   "amount": "16984.17"
  },
  {
   "price": "0.00000347",
   "amount": "5360"
  },
  {
   "price": "0.0000032",
   "amount": "10000"
  }
 ],
 "asks": [
  {
   "price": "0.00001042",
   "amount": "6416.38747581"
  },
  {
   "price": "0.00001043",
   "amount": "6146.99748971"
  },
  {
   "price": "0.0000106",
   "amount": "1491.481081"
  },
  {
   "price": "0.00001199",
   "amount": "17733.72781065"
  },
  {
   "price": "0.000012",
   "amount": "1500"
  },
  {
   "price": "0.000019",
   "amount": "1500"
  },
  {
   "price": "0.00003986",
   "amount": "4499.2"
  },
  {
   "price": "0.00005",
   "amount": "5830.46"
  },
  {
   "price": "0.0001",
   "amount": "6000"
  }
 ]
}