{
 "pair": "triusd",
 "bids": [
  {
   "price": "0.00061",
   "amount": "46931.45591861"
  },
  {
   "price": "0.00060033",
   "amount": "33315.01007779"
  },
  {
   "price": "0.00060032",
   "amount": "34981.34328358"
  },
  {
   "price": "0.00058807",
   "amount": "5000"
  },
  {
   "price": "0.00058802",
   "amount": "5000"
  },
  {
   "price": "0.0001421",
   "amount": "10000"
  },
  {
   "price": "0.0000121",
   "amount": "1090000"
  },
  {
   "price": "0.00001112",
   "amount": "30000"
  },
  {
   "price": "0.00000112",
   "amount": "300000"
  },
  {
   "price": "1e-7",
   "amount": "2700000"
  },
  {
   "price": "2e-8",
   "amount": "2000000"
  }
 ],
 "asks": [
  {
   "price": "0.0052999",
   "amount": "100000"
  },
  {
   "price": "0.00999",
   "amount": "2827.808074"
  },
  {
   "price": "0.1",
   "amount": "10243.662698"
  },
  {
   "price": "0.23842",
   "amount": "6125.029076"
  },
  {
   "price": "0.3992",
   "amount": "3996"
  },
  {
   "price": "0.4828",
   "amount": "3000"
  },
  {
   "price": "0.49429",
   "amount": "4000.072249"
  },
  {
   "price": "0.49733",
   "amount": "899.152799"
  },
  {
   "price": "0.5",
   "amount": "1098"
  },
  {
   "price": "1",
   "amount": "2000"
  },
  {
   "price": "5",
   "amount": "2000"
  },
  {
   "price": "8.9",
   "amount": "600"
  },
  {
   "price": "10",
   "amount": "5684.008"
  },
  {
   "price": "99996",
   "amount": "453.945"
  },
  {
   "price": "690000",
   "amount": "13772.81032351"
  }
 ]
}