{
 "pair": "trxbtc",
 "bids": [
  {
   "price": "0.00000184",
   "amount": "370378.74896647"
  },
  {
   "price": "0.00000183",
   "amount": "872739.48836869"
  },
  {
   "price": "0.00000182",
   "amount": "431972.5774408"
  },
  {
   "price": "0.0000018",
   "amount": "281484"
  },
  {
   "price": "0.00000178",
   "amount": "141541"
  },
  {
   "price": "0.00000176",
   "amount": "664271.776228"
  },
  {
   "price": "0.00000175",
   "amount": "141774"
  },
  {
   "price": "0.00000173",
   "amount": "142953"
  },
  {
   "price": "0.0000017",
   "amount": "142106"
  },
  {
   "price": "0.00000167",
   "amount": "1245"
  },
  {
   "price": "0.00000166",
   "amount": "112713.3233533"
  },
  {
   "price": "0.00000163",
   "amount": "142009"
  },
  {
   "price": "0.0000016",
   "amount": "15000"
  },
  {
   "price": "0.00000156",
   "amount": "1333"
  },
  {
   "price": "0.00000155",
   "amount": "237"
  },
  {
   "price": "0.0000015",
   "amount": "3500"
  },
  {
   "price": "0.00000148",
   "amount": "2000"
  },
  {
   "price": "0.00000146",
   "amount": "50000"
  },
  {
   "price": "0.00000145",
   "amount": "108564.786206"
  },
  {
   "price": "0.00000143",
   "amount": "1454"
  },
  {
   "price": "0.0000014",
   "amount": "505000"
  },
  {
   "price": "0.0000013",
   "amount": "35955.91538462"
  },
  {
   "price": "0.0000012",
   "amount": "30800"
  },
  {
   "price": "0.00000116",
   "amount": "1793"
  },
  {
   "price": "0.0000011",
   "amount": "26000"
  }
 ],
 "asks": [
  {
   "price": "0.00000186",
   "amount": "732257.76779068"
  },
  {
   "price": "0.00000187",
   "amount": "688249.74870862"
  },
  {
   "price": "0.0000019",
   "amount": "11625.42857143"
  },
  {
   "price": "0.00000207",
   "amount": "2994"
  },
  {
   "price": "0.00000209",
   "amount": "4991.479621"
  },
  {
   "price": "0.0000021",
   "amount": "5416.274285"
  },
  {
   "price": "0.00000212",
   "amount": "4590.58"
  },
  {
   "price": "0.00000215",
   "amount": "24950"
  },
  {
   "price": "0.00000216",
   "amount": "10000"
  },
  {
   "price": "0.00000219",
   "amount": "300"
  },
  {
   "price": "0.00000223",
   "amount": "6375.455762"
  },
  {
   "price": "0.00000225",
   "amount": "500"
  },
  {
   "price": "0.00000227",
   "amount": "500"
  },
  {
   "price": "0.00000231",
   "amount": "10000"
  },
  {
   "price": "0.00000238",
   "amount": "5300"
  },
  {
   "price": "0.00000246",
   "amount": "10000"
  },
  {
   "price": "0.0000025",
   "amount": "51014.4053328"
  },
  {
   "price": "0.00000261",
   "amount": "10000"
  },
  {
   "price": "0.00000269",
   "amount": "676.93655506"
  },
  {
   "price": "0.00000271",
   "amount": "2488.672237"
  },
  {
   "price": "0.00000275",
   "amount": "10000"
  },
  {
   "price": "0.00000278",
   "amount": "8000"
  },
  {
   "price": "0.0000028",
   "amount": "3823"
  },
  {
   "price": "0.00000282",
   "amount": "44948.774105"
  },
  {
   "price": "0.00000289",
   "amount": "5000"
  }
 ]
}