{
 "pair": "trxeth",
 "bids": [
  {
   "price": "0.00010364",
   "amount": "407510.842"
  },
  {
   "price": "0.00010363",
   "amount": "147374.66179583"
  },
  {
   "price": "0.00010361",
   "amount": "95000"
  },
  {
   "price": "0.00010355",
   "amount": "482.85852245"
  },
  {
   "price": "0.0001035",
   "amount": "190000"
  },
  {
   "price": "0.00010308",
   "amount": "70000"
  },
  {
   "price": "0.00010307",
   "amount": "1923.07692308"
  },
  {
   "price": "0.00010305",
   "amount": "99000"
  },
  {
   "price": "0.00009908",
   "amount": "220203.02689353"
  },
  {
   "price": "0.00009307",
   "amount": "0.840335"
  },
  {
   "price": "0.0000896",
   "amount": "250"
  },
  {
   "price": "0.000085",
   "amount": "1000"
  },
  {
   "price": "0.000083",
   "amount": "1000"
  },
  {
   "price": "0.00008083",
   "amount": "2226.89595447"
  },
  {
   "price": "0.000079",
   "amount": "1537911.59"
  },
  {
   "price": "0.0000777",
   "amount": "277"
  },
  {
   "price": "0.000072",
   "amount": "5000"
  },
  {
   "price": "0.0000622",
   "amount": "400"
  },
  {
   "price": "0.00006176",
   "amount": "1000"
  },
  {
   "price": "0.00005868",
   "amount": "360"
  },
  {
   "price": "0.00005545",
   "amount": "1510"
  },
  {
   "price": "0.000051",
   "amount": "3500"
  },
  {
   "price": "0.0000495",
   "amount": "1500"
  },
  {
   "price": "0.00004583",
   "amount": "1000"
  },
  {
   "price": "0.00004236",
   "amount": "3083.55169972"
  }
 ],
 "asks": [
  {
   "price": "0.00010415",
   "amount": "40005.5433"
  },
  {
   "price": "0.00010418",
   "amount": "39314.77099153"
  },
  {
   "price": "0.00010419",
   "amount": "60998.3073"
  },
  {
   "price": "0.0001042",
   "amount": "108028.75189433"
  },
  {
   "price": "0.00010425",
   "amount": "30820.17767513"
  },
  {
   "price": "0.00010433",
   "amount": "190000"
  },
  {
   "price": "0.00010442",
   "amount": "190000"
  },
  {
   "price": "0.00010456",
   "amount": "99000"
  },
  {
   "price": "0.00010487",
   "amount": "70000"
  },
  {
   "price": "0.00010494",
   "amount": "1923.07692308"
  },
  {
   "price": "0.00010689",
   "amount": "11625.42857143"
  },
  {
   "price": "0.0001069",
   "amount": "9890.1"
  },
  {
   "price": "0.00011",
   "amount": "1381.5782388"
  },
  {
   "price": "0.00011896",
   "amount": "851.597495"
  },
  {
   "price": "0.0001225",
   "amount": "500"
  },
  {
   "price": "0.000123",
   "amount": "3405.95251"
  },
  {
   "price": "0.0001273",
   "amount": "10000"
  },
  {
   "price": "0.00012888",
   "amount": "620.464298"
  },
  {
   "price": "0.00013",
   "amount": "140"
  },
  {
   "price": "0.0001311",
   "amount": "3503.3442827"
  },
  {
   "price": "0.00013212",
   "amount": "473728.3567811"
  },
  {
   "price": "0.00013214",
   "amount": "348.402505"
  },
  {
   "price": "0.000133",
   "amount": "700"
  },
  {
   "price": "0.00013896",
   "amount": "3000"
  },
  {
   "price": "0.00014",
   "amount": "80195"
  }
 ]
}