{
 "pair": "trxeur",
 "bids": [
  {
   "price": "0.012006",
   "amount": "7500"
  },
  {
   "price": "0.012004",
   "amount": "10000"
  },
  {
   "price": "0.012003",
   "amount": "42311.04704298"
  },
  {
   "price": "0.011992",
   "amount": "8219.38144"
  },
  {
   "price": "0.011981",
   "amount": "39121.60710156"
  },
  {
   "price": "0.01197",
   "amount": "100000"
  },
  {
   "price": "0.011969",
   "amount": "47548"
  },
  {
   "price": "0.011938",
   "amount": "47232"
  },
  {
   "price": "0.011937",
   "amount": "50000"
  },
  {
   "price": "0.011922",
   "amount": "53908.35579515"
  },
  {
   "price": "0.01192",
   "amount": "99000"
  },
  {
   "price": "0.011902",
   "amount": "466991"
  },
  {
   "price": "0.011859",
   "amount": "277853.75141074"
  },
  {
   "price": "0.011858",
   "amount": "22805.37161304"
  },
  {
   "price": "0.011857",
   "amount": "22806.75079824"
  },
  {
   "price": "0.011856",
   "amount": "477977"
  },
  {
   "price": "0.011818",
   "amount": "245070.03751305"
  },
  {
   "price": "0.011782",
   "amount": "42468.88198893"
  },
  {
   "price": "0.011781",
   "amount": "87768.82508336"
  },
  {
   "price": "0.011759",
   "amount": "57527.97355555"
  },
  {
   "price": "0.011747",
   "amount": "469310"
  },
  {
   "price": "0.011736",
   "amount": "129608.29493088"
  },
  {
   "price": "0.011735",
   "amount": "58695.15610277"
  },
  {
   "price": "0.011713",
   "amount": "106087.75716475"
  },
  {
   "price": "0.011689",
   "amount": "116684.32290255"
  }
 ],
 "asks": [
  {
   "price": "0.012025",
   "amount": "4994.9925"
  },
  {
   "price": "0.01203",
   "amount": "631.88445448"
  },
  {
   "price": "0.012031",
   "amount": "48261.70414633"
  },
  {
   "price": "0.012033",
   "amount": "100000"
  },
  {
   "price": "0.012034",
   "amount": "1007586.398"
  },
  {
   "price": "0.012039",
   "amount": "47547"
  },
  {
   "price": "0.012044",
   "amount": "39114.80265463"
  },
  {
   "price": "0.012061",
   "amount": "5482.70455227"
  },
  {
   "price": "0.012064",
   "amount": "47231"
  },
  {
   "price": "0.012065",
   "amount": "8687.93994209"
  },
  {
   "price": "0.012067",
   "amount": "50000"
  },
  {
   "price": "0.01209",
   "amount": "466990"
  },
  {
   "price": "0.012095",
   "amount": "63239.43922708"
  },
  {
   "price": "0.012102",
   "amount": "99000"
  },
  {
   "price": "0.012111",
   "amount": "11035.78413432"
  },
  {
   "price": "0.012146",
   "amount": "13701.08986142"
  },
  {
   "price": "0.012157",
   "amount": "12331.28027176"
  },
  {
   "price": "0.012169",
   "amount": "11625.42857143"
  },
  {
   "price": "0.01217",
   "amount": "71525.42857143"
  },
  {
   "price": "0.01222",
   "amount": "23250.85714286"
  },
  {
   "price": "0.012221",
   "amount": "29929.29284"
  },
  {
   "price": "0.012467",
   "amount": "947456.7135622"
  },
  {
   "price": "0.012476",
   "amount": "10000"
  },
  {
   "price": "0.012712",
   "amount": "368.794101"
  },
  {
   "price": "0.013026",
   "amount": "1470"
  }
 ]
}