{
 "pair": "trxgbp",
 "bids": [
  {
   "price": "0.010228",
   "amount": "10000"
  },
  {
   "price": "0.010227",
   "amount": "7500"
  },
  {
   "price": "0.010226",
   "amount": "42311.04704298"
  },
  {
   "price": "0.010217",
   "amount": "8219.38144"
  },
  {
   "price": "0.010206",
   "amount": "39116.48521079"
  },
  {
   "price": "0.010199",
   "amount": "100000"
  },
  {
   "price": "0.010198",
   "amount": "47548"
  },
  {
   "price": "0.010171",
   "amount": "47232"
  },
  {
   "price": "0.01017",
   "amount": "50000"
  },
  {
   "price": "0.010157",
   "amount": "53908.35579515"
  },
  {
   "price": "0.010155",
   "amount": "99000"
  },
  {
   "price": "0.01014",
   "amount": "466991"
  },
  {
   "price": "0.010103",
   "amount": "300659.12302378"
  },
  {
   "price": "0.010102",
   "amount": "22806.75079824"
  },
  {
   "price": "0.010101",
   "amount": "477977"
  },
  {
   "price": "0.010069",
   "amount": "245070.03751305"
  },
  {
   "price": "0.010038",
   "amount": "75086.8559429"
  },
  {
   "price": "0.010037",
   "amount": "55150.85112939"
  },
  {
   "price": "0.010018",
   "amount": "57527.97355555"
  },
  {
   "price": "0.010008",
   "amount": "469310"
  },
  {
   "price": "0.0099994",
   "amount": "129608.29493088"
  },
  {
   "price": "0.0099987",
   "amount": "58695.15610277"
  },
  {
   "price": "0.0099795",
   "amount": "106087.75716475"
  },
  {
   "price": "0.0099595",
   "amount": "116684.32290255"
  },
  {
   "price": "0.0098727",
   "amount": "242961.9983138"
  }
 ],
 "asks": [
  {
   "price": "0.010246",
   "amount": "4994.9925"
  },
  {
   "price": "0.010247",
   "amount": "631.88445448"
  },
  {
   "price": "0.01025",
   "amount": "48261.70414633"
  },
  {
   "price": "0.010252",
   "amount": "100000"
  },
  {
   "price": "0.010253",
   "amount": "1007586.398"
  },
  {
   "price": "0.010257",
   "amount": "47547"
  },
  {
   "price": "0.010262",
   "amount": "39114.80265463"
  },
  {
   "price": "0.010276",
   "amount": "52713.70455227"
  },
  {
   "price": "0.010281",
   "amount": "50000"
  },
  {
   "price": "0.0103",
   "amount": "9537.62796359"
  },
  {
   "price": "0.010301",
   "amount": "466990"
  },
  {
   "price": "0.010305",
   "amount": "63239.43922708"
  },
  {
   "price": "0.010309",
   "amount": "99000"
  },
  {
   "price": "0.010319",
   "amount": "11035.78413432"
  },
  {
   "price": "0.010349",
   "amount": "13701.08986142"
  },
  {
   "price": "0.010358",
   "amount": "12331.28027176"
  },
  {
   "price": "0.010368",
   "amount": "46501.71428572"
  },
  {
   "price": "0.010369",
   "amount": "59900"
  },
  {
   "price": "0.010412",
   "amount": "29929.29284"
  },
  {
   "price": "0.010622",
   "amount": "947456.7135622"
  },
  {
   "price": "0.01063",
   "amount": "10000"
  },
  {
   "price": "0.010831",
   "amount": "368.794101"
  },
  {
   "price": "0.011098",
   "amount": "1470"
  },
  {
   "price": "0.011137",
   "amount": "25964.60817"
  },
  {
   "price": "0.011309",
   "amount": "7518.796992"
  }
 ]
}