{
 "pair": "trxjpy",
 "bids": [
  {
   "price": "1.4565",
   "amount": "7500"
  },
  {
   "price": "1.4563",
   "amount": "42311.04704298"
  },
  {
   "price": "1.455",
   "amount": "18219.38144"
  },
  {
   "price": "1.4523",
   "amount": "100000"
  },
  {
   "price": "1.4522",
   "amount": "47548"
  },
  {
   "price": "1.4484",
   "amount": "47232"
  },
  {
   "price": "1.4483",
   "amount": "50000"
  },
  {
   "price": "1.4464",
   "amount": "53908.35579515"
  },
  {
   "price": "1.4462",
   "amount": "99000"
  },
  {
   "price": "1.444",
   "amount": "466991"
  },
  {
   "price": "1.4388",
   "amount": "277853.75141074"
  },
  {
   "price": "1.4386",
   "amount": "45612.12241128"
  },
  {
   "price": "1.4384",
   "amount": "477977"
  },
  {
   "price": "1.4338",
   "amount": "245070.03751305"
  },
  {
   "price": "1.4295",
   "amount": "42468.88198893"
  },
  {
   "price": "1.4294",
   "amount": "87768.82508336"
  },
  {
   "price": "1.4266",
   "amount": "57527.97355555"
  },
  {
   "price": "1.4252",
   "amount": "469310"
  },
  {
   "price": "1.4239",
   "amount": "129608.29493088"
  },
  {
   "price": "1.4238",
   "amount": "58695.15610277"
  },
  {
   "price": "1.4211",
   "amount": "106087.75716475"
  },
  {
   "price": "1.4182",
   "amount": "116684.32290255"
  },
  {
   "price": "1.4058",
   "amount": "242961.9983138"
  },
  {
   "price": "1.4053",
   "amount": "1000"
  },
  {
   "price": "1.399",
   "amount": "235987"
  }
 ],
 "asks": [
  {
   "price": "1.4594",
   "amount": "631.88445448"
  },
  {
   "price": "1.4595",
   "amount": "4994.9925"
  },
  {
   "price": "1.4596",
   "amount": "48261.70414633"
  },
  {
   "price": "1.4599",
   "amount": "100000"
  },
  {
   "price": "1.46",
   "amount": "7586.398"
  },
  {
   "price": "1.4601",
   "amount": "1000000"
  },
  {
   "price": "1.4606",
   "amount": "47547"
  },
  {
   "price": "1.4613",
   "amount": "39114.80265463"
  },
  {
   "price": "1.4633",
   "amount": "47231"
  },
  {
   "price": "1.4634",
   "amount": "5482.70455227"
  },
  {
   "price": "1.464",
   "amount": "50000"
  },
  {
   "price": "1.4668",
   "amount": "9537.62796359"
  },
  {
   "price": "1.4669",
   "amount": "466990"
  },
  {
   "price": "1.4674",
   "amount": "63239.43922708"
  },
  {
   "price": "1.468",
   "amount": "99000"
  },
  {
   "price": "1.4694",
   "amount": "11035.78413432"
  },
  {
   "price": "1.4736",
   "amount": "13701.08986142"
  },
  {
   "price": "1.475",
   "amount": "12331.28027176"
  },
  {
   "price": "1.4763",
   "amount": "23250.85714286"
  },
  {
   "price": "1.4764",
   "amount": "11625.42857143"
  },
  {
   "price": "1.4765",
   "amount": "71525.42857143"
  },
  {
   "price": "1.4827",
   "amount": "29929.29284"
  },
  {
   "price": "1.5126",
   "amount": "947456.7135622"
  },
  {
   "price": "1.5137",
   "amount": "10000"
  },
  {
   "price": "1.5423",
   "amount": "368.794101"
  }
 ]
}