{
 "pair": "trxusd",
 "bids": [
  {
   "price": "0.013279",
   "amount": "8235.2293"
  },
  {
   "price": "0.01327",
   "amount": "7500"
  },
  {
   "price": "0.013269",
   "amount": "10000"
  },
  {
   "price": "0.013266",
   "amount": "47485.3305152"
  },
  {
   "price": "0.013253",
   "amount": "39314.57973373"
  },
  {
   "price": "0.013205",
   "amount": "100000"
  },
  {
   "price": "0.013204",
   "amount": "94780"
  },
  {
   "price": "0.013203",
   "amount": "10098.71493"
  },
  {
   "price": "0.01319",
   "amount": "54054.05405405"
  },
  {
   "price": "0.013188",
   "amount": "99000"
  },
  {
   "price": "0.013187",
   "amount": "466991"
  },
  {
   "price": "0.013167",
   "amount": "50000"
  },
  {
   "price": "0.013114",
   "amount": "128679.27405826"
  },
  {
   "price": "0.013113",
   "amount": "22878.07310257"
  },
  {
   "price": "0.013112",
   "amount": "22879.804759"
  },
  {
   "price": "0.013111",
   "amount": "245070.03751305"
  },
  {
   "price": "0.013098",
   "amount": "477977"
  },
  {
   "price": "0.01307",
   "amount": "55150.85112939"
  },
  {
   "price": "0.013045",
   "amount": "100083.18651166"
  },
  {
   "price": "0.013032",
   "amount": "502032.28888167"
  },
  {
   "price": "0.013019",
   "amount": "339437.05249708"
  },
  {
   "price": "0.012994",
   "amount": "106087.75716475"
  },
  {
   "price": "0.012968",
   "amount": "116684.32290255"
  },
  {
   "price": "0.012855",
   "amount": "242961.9983138"
  },
  {
   "price": "0.01285",
   "amount": "1000"
  }
 ],
 "asks": [
  {
   "price": "0.013296",
   "amount": "4994.9925"
  },
  {
   "price": "0.013297",
   "amount": "631.88445448"
  },
  {
   "price": "0.013298",
   "amount": "43087.42067411"
  },
  {
   "price": "0.013306",
   "amount": "47231"
  },
  {
   "price": "0.013314",
   "amount": "47547"
  },
  {
   "price": "0.013315",
   "amount": "39321.52404993"
  },
  {
   "price": "0.013335",
   "amount": "100000"
  },
  {
   "price": "0.013336",
   "amount": "482698.41222443"
  },
  {
   "price": "0.013344",
   "amount": "6929.44449337"
  },
  {
   "price": "0.01335",
   "amount": "1000000"
  },
  {
   "price": "0.013382",
   "amount": "50000"
  },
  {
   "price": "0.01339",
   "amount": "54054.05405405"
  },
  {
   "price": "0.013394",
   "amount": "10805.0675771"
  },
  {
   "price": "0.013395",
   "amount": "99000"
  },
  {
   "price": "0.013417",
   "amount": "9331.08343193"
  },
  {
   "price": "0.013418",
   "amount": "9223.23329251"
  },
  {
   "price": "0.013474",
   "amount": "13701.08986142"
  },
  {
   "price": "0.013495",
   "amount": "11625.42857143"
  },
  {
   "price": "0.013498",
   "amount": "11625.42857143"
  },
  {
   "price": "0.013499",
   "amount": "11625.42857143"
  },
  {
   "price": "0.0135",
   "amount": "71525.42857143"
  },
  {
   "price": "0.013557",
   "amount": "29929.29284"
  },
  {
   "price": "0.01383",
   "amount": "947456.7135622"
  },
  {
   "price": "0.01384",
   "amount": "10000"
  },
  {
   "price": "0.014102",
   "amount": "368.794101"
  }
 ]
}