{
 "pair": "tsdusd",
 "bids": [
  {
   "price": "0.9994",
   "amount": "10522.55711981"
  },
  {
   "price": "0.99939",
   "amount": "3113.55086115"
  },
  {
   "price": "0.999",
   "amount": "10.010011"
  },
  {
   "price": "0.998",
   "amount": "20"
  },
  {
   "price": "0.995",
   "amount": "50"
  },
  {
   "price": "0.986",
   "amount": "50"
  },
  {
   "price": "0.9801",
   "amount": "1500"
  },
  {
   "price": "0.966",
   "amount": "100"
  },
  {
   "price": "0.96",
   "amount": "28899.1317171"
  },
  {
   "price": "0.95",
   "amount": "50000"
  },
  {
   "price": "0.94",
   "amount": "30100"
  },
  {
   "price": "0.93249",
   "amount": "10"
  },
  {
   "price": "0.93",
   "amount": "30000"
  },
  {
   "price": "0.92",
   "amount": "30000"
  },
  {
   "price": "0.9",
   "amount": "50000"
  },
  {
   "price": "0.80653",
   "amount": "12.39865694"
  },
  {
   "price": "0.78991",
   "amount": "10"
  },
  {
   "price": "0.59966",
   "amount": "10"
  },
  {
   "price": "0.51002",
   "amount": "193.65689373"
  },
  {
   "price": "0.51001",
   "amount": "1701.37367377"
  },
  {
   "price": "0.31443",
   "amount": "15.902"
  },
  {
   "price": "0.211",
   "amount": "10779.18886928"
  },
  {
   "price": "0.13",
   "amount": "100"
  },
  {
   "price": "0.028",
   "amount": "26041.88550691"
  },
  {
   "price": "0.02",
   "amount": "100000"
  }
 ],
 "asks": [
  {
   "price": "1.0075",
   "amount": "745.58573147"
  },
  {
   "price": "1.0078",
   "amount": "519.21034397"
  },
  {
   "price": "1.008",
   "amount": "1037.04225728"
  },
  {
   "price": "1.0081",
   "amount": "1558.69523161"
  },
  {
   "price": "1.0093",
   "amount": "344.11654965"
  },
  {
   "price": "1.0188",
   "amount": "500"
  },
  {
   "price": "1.0207",
   "amount": "7.76"
  },
  {
   "price": "1.0252",
   "amount": "500"
  },
  {
   "price": "1.0254",
   "amount": "58.2868857"
  },
  {
   "price": "1.0347",
   "amount": "500"
  },
  {
   "price": "1.0375",
   "amount": "4.995"
  },
  {
   "price": "1.0434",
   "amount": "500"
  },
  {
   "price": "1.055",
   "amount": "500"
  },
  {
   "price": "1.0601",
   "amount": "125.73804388"
  },
  {
   "price": "1.078",
   "amount": "23941.38"
  },
  {
   "price": "1.08",
   "amount": "32805.04"
  },
  {
   "price": "1.082",
   "amount": "38.5448"
  },
  {
   "price": "1.1999",
   "amount": "18.79762895"
  },
  {
   "price": "1.2",
   "amount": "20000"
  },
  {
   "price": "2.5",
   "amount": "50000"
  }
 ]
}