{
 "pair": "udcusd",
 "bids": [
  {
   "price": "1.0026",
   "amount": "8253.19554995"
  },
  {
   "price": "1.0025",
   "amount": "519.5247737"
  },
  {
   "price": "1.0021",
   "amount": "1558.30773485"
  },
  {
   "price": "1.0015",
   "amount": "100"
  },
  {
   "price": "1.0012",
   "amount": "4"
  },
  {
   "price": "1.001",
   "amount": "1604"
  },
  {
   "price": "1.0001",
   "amount": "4394"
  },
  {
   "price": "1",
   "amount": "190122.60284293"
  },
  {
   "price": "0.999",
   "amount": "10.010011"
  },
  {
   "price": "0.9977",
   "amount": "10000"
  },
  {
   "price": "0.995",
   "amount": "50"
  },
  {
   "price": "0.9933",
   "amount": "7470"
  },
  {
   "price": "0.991",
   "amount": "4000"
  },
  {
   "price": "0.99",
   "amount": "29721.30907584"
  },
  {
   "price": "0.98",
   "amount": "30000"
  },
  {
   "price": "0.97",
   "amount": "30000"
  },
  {
   "price": "0.96",
   "amount": "30000"
  },
  {
   "price": "0.95",
   "amount": "50000"
  },
  {
   "price": "0.81",
   "amount": "6.173"
  },
  {
   "price": "0.80798",
   "amount": "12.3764052"
  },
  {
   "price": "0.51",
   "amount": "9.804"
  },
  {
   "price": "0.50308",
   "amount": "1120.00085433"
  },
  {
   "price": "0.5",
   "amount": "10"
  },
  {
   "price": "0.40116",
   "amount": "1923.15792838"
  },
  {
   "price": "0.30142",
   "amount": "1872.25802719"
  }
 ],
 "asks": [
  {
   "price": "1.0064",
   "amount": "519.5247723"
  },
  {
   "price": "1.0065",
   "amount": "1039.04954741"
  },
  {
   "price": "1.0099",
   "amount": "66.53333343"
  },
  {
   "price": "1.0109",
   "amount": "66.53333333"
  },
  {
   "price": "1.0119",
   "amount": "66.53333333"
  },
  {
   "price": "1.0129",
   "amount": "66.53333333"
  },
  {
   "price": "1.0139",
   "amount": "66.53333333"
  },
  {
   "price": "1.0149",
   "amount": "66.53333333"
  },
  {
   "price": "1.015",
   "amount": "998.54512922"
  },
  {
   "price": "1.0159",
   "amount": "66.53333333"
  },
  {
   "price": "1.0169",
   "amount": "66.53333333"
  },
  {
   "price": "1.0179",
   "amount": "66.53333333"
  },
  {
   "price": "1.0189",
   "amount": "66.53333333"
  },
  {
   "price": "1.0199",
   "amount": "66.53333333"
  },
  {
   "price": "1.0209",
   "amount": "66.53333333"
  },
  {
   "price": "1.0219",
   "amount": "66.53333333"
  },
  {
   "price": "1.0229",
   "amount": "66.53333333"
  },
  {
   "price": "1.0239",
   "amount": "66.53333333"
  },
  {
   "price": "1.025",
   "amount": "1066.53333333"
  },
  {
   "price": "1.026",
   "amount": "66.53333333"
  },
  {
   "price": "1.027",
   "amount": "66.53333333"
  },
  {
   "price": "1.028",
   "amount": "66.53333333"
  },
  {
   "price": "1.029",
   "amount": "66.53333333"
  },
  {
   "price": "1.03",
   "amount": "66.53333333"
  },
  {
   "price": "1.031",
   "amount": "66.53333333"
  }
 ]
}