{
 "pair": "ufrusd",
 "bids": [
  {
   "price": "0.02",
   "amount": "100"
  },
  {
   "price": "0.01736",
   "amount": "575.94131849"
  },
  {
   "price": "0.015",
   "amount": "300"
  },
  {
   "price": "0.014523",
   "amount": "242.318"
  },
  {
   "price": "0.012128",
   "amount": "219"
  },
  {
   "price": "0.011238",
   "amount": "1000"
  },
  {
   "price": "0.0078423",
   "amount": "422.3183"
  },
  {
   "price": "0.0073284",
   "amount": "143.5828"
  },
  {
   "price": "0.0063824",
   "amount": "422.4283"
  },
  {
   "price": "0.005217",
   "amount": "424.428"
  },
  {
   "price": "0.0051",
   "amount": "1000"
  },
  {
   "price": "0.004",
   "amount": "600"
  },
  {
   "price": "0.0039",
   "amount": "673.528"
  },
  {
   "price": "0.0038473",
   "amount": "212"
  },
  {
   "price": "0.003423",
   "amount": "4298.484"
  },
  {
   "price": "0.002",
   "amount": "1022"
  },
  {
   "price": "0.0012",
   "amount": "7550"
  },
  {
   "price": "0.001",
   "amount": "10200"
  },
  {
   "price": "0.0009",
   "amount": "1000"
  },
  {
   "price": "0.000012",
   "amount": "140000"
  },
  {
   "price": "0.000011",
   "amount": "125000"
  },
  {
   "price": "0.00001",
   "amount": "10000"
  },
  {
   "price": "0.0000011",
   "amount": "375000"
  },
  {
   "price": "1.1e-7",
   "amount": "2125000"
  },
  {
   "price": "1e-7",
   "amount": "1210000"
  }
 ],
 "asks": [
  {
   "price": "0.021",
   "amount": "1241.493731"
  },
  {
   "price": "0.021857",
   "amount": "1767.56181807"
  },
  {
   "price": "0.021858",
   "amount": "2582.27158726"
  },
  {
   "price": "0.022004",
   "amount": "1412.41273744"
  },
  {
   "price": "0.02205",
   "amount": "8881.119105"
  },
  {
   "price": "0.0272",
   "amount": "700"
  },
  {
   "price": "0.028122",
   "amount": "1021"
  },
  {
   "price": "0.031327",
   "amount": "264.21208439"
  },
  {
   "price": "0.035227",
   "amount": "1201"
  },
  {
   "price": "0.04227",
   "amount": "520"
  },
  {
   "price": "0.05227",
   "amount": "142.427"
  },
  {
   "price": "0.06",
   "amount": "420"
  },
  {
   "price": "0.065228",
   "amount": "132"
  },
  {
   "price": "0.07",
   "amount": "2000"
  },
  {
   "price": "0.077",
   "amount": "50"
  },
  {
   "price": "0.078932",
   "amount": "229.21"
  },
  {
   "price": "0.08",
   "amount": "617.4824"
  },
  {
   "price": "0.095",
   "amount": "1000"
  },
  {
   "price": "0.099",
   "amount": "0.3671191"
  },
  {
   "price": "0.1",
   "amount": "100"
  },
  {
   "price": "0.15876",
   "amount": "344.279036"
  },
  {
   "price": "0.1875",
   "amount": "9995.6714"
  },
  {
   "price": "0.411",
   "amount": "50.67"
  },
  {
   "price": "0.51",
   "amount": "200"
  },
  {
   "price": "0.75",
   "amount": "50"
  }
 ]
}