{
 "pair": "uosbtc",
 "bids": [
  {
   "price": "0.00000813",
   "amount": "2487.97706998"
  },
  {
   "price": "0.00000812",
   "amount": "2363.793104"
  },
  {
   "price": "0.00000811",
   "amount": "985"
  },
  {
   "price": "0.0000081",
   "amount": "8560.950617"
  },
  {
   "price": "0.00000801",
   "amount": "3377.436002"
  },
  {
   "price": "0.000008",
   "amount": "10000"
  },
  {
   "price": "0.00000798",
   "amount": "1453.357142"
  },
  {
   "price": "0.00000796",
   "amount": "1110.5014"
  },
  {
   "price": "0.00000791",
   "amount": "5000"
  },
  {
   "price": "0.00000781",
   "amount": "10034.28381198"
  },
  {
   "price": "0.0000077",
   "amount": "5000"
  },
  {
   "price": "0.00000769",
   "amount": "42099.1627"
  },
  {
   "price": "0.00000768",
   "amount": "30279.02734375"
  },
  {
   "price": "0.00000766",
   "amount": "40395.3675"
  },
  {
   "price": "0.00000761",
   "amount": "39344.94421886"
  },
  {
   "price": "0.00000751",
   "amount": "9683.4545"
  },
  {
   "price": "0.0000075",
   "amount": "31666.666666"
  },
  {
   "price": "0.00000748",
   "amount": "56489"
  },
  {
   "price": "0.00000745",
   "amount": "86081.782"
  },
  {
   "price": "0.00000743",
   "amount": "10000"
  },
  {
   "price": "0.00000742",
   "amount": "10000"
  },
  {
   "price": "0.00000741",
   "amount": "16923"
  },
  {
   "price": "0.00000739",
   "amount": "5000"
  },
  {
   "price": "0.00000738",
   "amount": "121040.5019"
  },
  {
   "price": "0.00000731",
   "amount": "5000"
  }
 ],
 "asks": [
  {
   "price": "0.00000832",
   "amount": "641.9235"
  },
  {
   "price": "0.00000833",
   "amount": "436.0563"
  },
  {
   "price": "0.00000839",
   "amount": "63062.02264601"
  },
  {
   "price": "0.0000085",
   "amount": "5000"
  },
  {
   "price": "0.00000861",
   "amount": "49499.6897"
  },
  {
   "price": "0.00000867",
   "amount": "10000"
  },
  {
   "price": "0.0000088",
   "amount": "20000"
  },
  {
   "price": "0.00000886",
   "amount": "139494.66134922"
  },
  {
   "price": "0.00000889",
   "amount": "172569.4389"
  },
  {
   "price": "0.00000897",
   "amount": "111811.3281"
  },
  {
   "price": "0.00000899",
   "amount": "2000"
  },
  {
   "price": "0.000009",
   "amount": "70000"
  },
  {
   "price": "0.00000908",
   "amount": "145612.2552"
  },
  {
   "price": "0.00000909",
   "amount": "2000"
  },
  {
   "price": "0.0000091",
   "amount": "134192.3819"
  },
  {
   "price": "0.00000919",
   "amount": "2000"
  },
  {
   "price": "0.00000929",
   "amount": "2000"
  },
  {
   "price": "0.00000939",
   "amount": "2000"
  },
  {
   "price": "0.00000949",
   "amount": "2000"
  },
  {
   "price": "0.00000959",
   "amount": "2000"
  },
  {
   "price": "0.00000979",
   "amount": "2000"
  },
  {
   "price": "0.00000985",
   "amount": "20000"
  },
  {
   "price": "0.00000989",
   "amount": "18000"
  },
  {
   "price": "0.00000995",
   "amount": "20000"
  },
  {
   "price": "0.00000999",
   "amount": "2999"
  }
 ]
}