{
 "pair": "uosusd",
 "bids": [
  {
   "price": "0.058001",
   "amount": "1400.39880346"
  },
  {
   "price": "0.058",
   "amount": "16689.65906382"
  },
  {
   "price": "0.056969",
   "amount": "5266.02187153"
  },
  {
   "price": "0.056968",
   "amount": "14375.76357411"
  },
  {
   "price": "0.056946",
   "amount": "522.6476"
  },
  {
   "price": "0.055903",
   "amount": "10000"
  },
  {
   "price": "0.0559",
   "amount": "4000"
  },
  {
   "price": "0.055001",
   "amount": "30681.26034072"
  },
  {
   "price": "0.055",
   "amount": "2000"
  },
  {
   "price": "0.054987",
   "amount": "64361.3425"
  },
  {
   "price": "0.054",
   "amount": "249.979695"
  },
  {
   "price": "0.05366",
   "amount": "114368.7014"
  },
  {
   "price": "0.053258",
   "amount": "94342.7722"
  },
  {
   "price": "0.0529",
   "amount": "5000"
  },
  {
   "price": "0.0525",
   "amount": "1500"
  },
  {
   "price": "0.051806",
   "amount": "10599.734008"
  },
  {
   "price": "0.051501",
   "amount": "3786.07936745"
  },
  {
   "price": "0.051472",
   "amount": "157621.4055"
  },
  {
   "price": "0.051362",
   "amount": "141286.1907"
  },
  {
   "price": "0.05116",
   "amount": "167678.8203"
  },
  {
   "price": "0.050652",
   "amount": "136291.879818"
  },
  {
   "price": "0.050615",
   "amount": "78859.6819"
  },
  {
   "price": "0.0501",
   "amount": "6000"
  },
  {
   "price": "0.0482",
   "amount": "888"
  },
  {
   "price": "0.0477",
   "amount": "10000"
  }
 ],
 "asks": [
  {
   "price": "0.05938",
   "amount": "518.8433"
  },
  {
   "price": "0.059442",
   "amount": "300.0204"
  },
  {
   "price": "0.061",
   "amount": "5000"
  },
  {
   "price": "0.061299",
   "amount": "1000"
  },
  {
   "price": "0.0613",
   "amount": "5000"
  },
  {
   "price": "0.061346",
   "amount": "62954.44602993"
  },
  {
   "price": "0.061382",
   "amount": "65546.8649"
  },
  {
   "price": "0.061404",
   "amount": "52819.3631"
  },
  {
   "price": "0.061665",
   "amount": "117889.3186"
  },
  {
   "price": "0.061811",
   "amount": "95632.1297"
  },
  {
   "price": "0.06201",
   "amount": "1313"
  },
  {
   "price": "0.062154",
   "amount": "40632.2167"
  },
  {
   "price": "0.06239",
   "amount": "46117.7869"
  },
  {
   "price": "0.06289",
   "amount": "654"
  },
  {
   "price": "0.062981",
   "amount": "81083.7372"
  },
  {
   "price": "0.063183",
   "amount": "95785.7904"
  },
  {
   "price": "0.06345",
   "amount": "1430"
  },
  {
   "price": "0.064053",
   "amount": "985"
  },
  {
   "price": "0.0646",
   "amount": "567"
  },
  {
   "price": "0.06512",
   "amount": "75934.506595"
  },
  {
   "price": "0.065404",
   "amount": "207800.7524"
  },
  {
   "price": "0.065432",
   "amount": "121960.0204"
  },
  {
   "price": "0.065564",
   "amount": "4564.3133"
  },
  {
   "price": "0.0656",
   "amount": "1241"
  },
  {
   "price": "0.0666",
   "amount": "3899"
  }
 ]
}