{
 "pair": "ustusd",
 "bids": [
  {
   "price": "1.0039",
   "amount": "10257.54419908"
  },
  {
   "price": "1.0038",
   "amount": "15172.39817523"
  },
  {
   "price": "1.0037",
   "amount": "50000"
  },
  {
   "price": "1.0036",
   "amount": "63415.219307"
  },
  {
   "price": "1.0035",
   "amount": "50000"
  },
  {
   "price": "1.0034",
   "amount": "50000"
  },
  {
   "price": "1.0033",
   "amount": "50000"
  },
  {
   "price": "1.0031",
   "amount": "198686.304193"
  },
  {
   "price": "1.003",
   "amount": "22698.13814516"
  },
  {
   "price": "1.0029",
   "amount": "100000"
  },
  {
   "price": "1.0027",
   "amount": "100000"
  },
  {
   "price": "1.0026",
   "amount": "117110.87260775"
  },
  {
   "price": "1.0025",
   "amount": "100000"
  },
  {
   "price": "1.0023",
   "amount": "295444.09062301"
  },
  {
   "price": "1.0016",
   "amount": "1559.71739674"
  },
  {
   "price": "1.0012",
   "amount": "12580.44401192"
  },
  {
   "price": "1.001",
   "amount": "505"
  },
  {
   "price": "1.0005",
   "amount": "10000"
  },
  {
   "price": "1",
   "amount": "3379863.96716465"
  },
  {
   "price": "0.9999",
   "amount": "5050550"
  },
  {
   "price": "0.9998",
   "amount": "35000"
  },
  {
   "price": "0.9996",
   "amount": "5"
  },
  {
   "price": "0.9995",
   "amount": "75725"
  },
  {
   "price": "0.99907",
   "amount": "600"
  },
  {
   "price": "0.999",
   "amount": "61158.160011"
  }
 ],
 "asks": [
  {
   "price": "1.004",
   "amount": "589031.53197792"
  },
  {
   "price": "1.0044",
   "amount": "18000"
  },
  {
   "price": "1.0046",
   "amount": "524214.37677895"
  },
  {
   "price": "1.0047",
   "amount": "9909.16070307"
  },
  {
   "price": "1.0049",
   "amount": "50000"
  },
  {
   "price": "1.005",
   "amount": "256038.9327491"
  },
  {
   "price": "1.0051",
   "amount": "61462.3777576"
  },
  {
   "price": "1.0053",
   "amount": "5783.6"
  },
  {
   "price": "1.0056",
   "amount": "1248010.05989853"
  },
  {
   "price": "1.0057",
   "amount": "175000"
  },
  {
   "price": "1.0058",
   "amount": "1096572.88731914"
  },
  {
   "price": "1.0059",
   "amount": "996484.49959475"
  },
  {
   "price": "1.0061",
   "amount": "150000"
  },
  {
   "price": "1.0062",
   "amount": "250000"
  },
  {
   "price": "1.0063",
   "amount": "194165.99091348"
  },
  {
   "price": "1.0065",
   "amount": "101039.81159783"
  },
  {
   "price": "1.0066",
   "amount": "101559.70980449"
  },
  {
   "price": "1.0067",
   "amount": "100000"
  },
  {
   "price": "1.0068",
   "amount": "150000"
  },
  {
   "price": "1.0069",
   "amount": "100000"
  },
  {
   "price": "1.007",
   "amount": "100000"
  },
  {
   "price": "1.0071",
   "amount": "45361.53048258"
  },
  {
   "price": "1.0073",
   "amount": "100000"
  },
  {
   "price": "1.0074",
   "amount": "14562.63859899"
  },
  {
   "price": "1.0075",
   "amount": "3000"
  }
 ]
}