{
 "pair": "utkbtc",
 "bids": [
  {
   "price": "0.00000185",
   "amount": "3439.32859"
  },
  {
   "price": "0.00000184",
   "amount": "1599.23887"
  },
  {
   "price": "0.00000183",
   "amount": "701.3813"
  },
  {
   "price": "0.00000182",
   "amount": "1432.43833"
  },
  {
   "price": "0.00000181",
   "amount": "4476.74897"
  },
  {
   "price": "0.0000018",
   "amount": "1440.14219"
  },
  {
   "price": "0.00000179",
   "amount": "1453.37194"
  },
  {
   "price": "0.00000178",
   "amount": "2499.76711"
  },
  {
   "price": "0.00000177",
   "amount": "2282.26597"
  },
  {
   "price": "0.00000176",
   "amount": "3829.18612"
  },
  {
   "price": "0.00000175",
   "amount": "1466.30935"
  },
  {
   "price": "0.00000174",
   "amount": "878.34977"
  },
  {
   "price": "0.00000173",
   "amount": "5214.77859"
  },
  {
   "price": "0.00000172",
   "amount": "2525.35774"
  },
  {
   "price": "0.00000171",
   "amount": "701.3813"
  },
  {
   "price": "0.0000017",
   "amount": "4063.25603"
  },
  {
   "price": "0.00000169",
   "amount": "1466.13194"
  },
  {
   "price": "0.00000168",
   "amount": "1801.61294"
  },
  {
   "price": "0.00000167",
   "amount": "701.3813"
  },
  {
   "price": "0.00000166",
   "amount": "25041.44943922"
  },
  {
   "price": "0.00000165",
   "amount": "32456.91036297"
  },
  {
   "price": "0.00000164",
   "amount": "1878.34443"
  },
  {
   "price": "0.00000163",
   "amount": "4871.49558"
  },
  {
   "price": "0.00000162",
   "amount": "1197.20418"
  },
  {
   "price": "0.00000161",
   "amount": "5938.25994"
  }
 ],
 "asks": [
  {
   "price": "0.00000188",
   "amount": "6241.53172367"
  },
  {
   "price": "0.00000189",
   "amount": "701.3813"
  },
  {
   "price": "0.0000019",
   "amount": "5574.11848"
  },
  {
   "price": "0.00000191",
   "amount": "10633.2521018"
  },
  {
   "price": "0.00000192",
   "amount": "806.75318"
  },
  {
   "price": "0.00000193",
   "amount": "3889.700718"
  },
  {
   "price": "0.00000194",
   "amount": "1697.02712"
  },
  {
   "price": "0.00000195",
   "amount": "885.45463"
  },
  {
   "price": "0.00000196",
   "amount": "3120.91937"
  },
  {
   "price": "0.00000197",
   "amount": "1399.47505"
  },
  {
   "price": "0.00000198",
   "amount": "1636.58309"
  },
  {
   "price": "0.00000199",
   "amount": "4265.25302"
  },
  {
   "price": "0.000002",
   "amount": "2259.53336"
  },
  {
   "price": "0.00000201",
   "amount": "1586.35859"
  },
  {
   "price": "0.00000202",
   "amount": "1187.51631"
  },
  {
   "price": "0.00000203",
   "amount": "822.82947"
  },
  {
   "price": "0.00000204",
   "amount": "2730.73656"
  },
  {
   "price": "0.00000205",
   "amount": "1334.60413"
  },
  {
   "price": "0.00000206",
   "amount": "1347.78873"
  },
  {
   "price": "0.00000207",
   "amount": "1393.7822"
  },
  {
   "price": "0.00000208",
   "amount": "2834.50878"
  },
  {
   "price": "0.00000209",
   "amount": "882.05286"
  },
  {
   "price": "0.0000021",
   "amount": "701.3813"
  },
  {
   "price": "0.00000211",
   "amount": "1892.88513"
  },
  {
   "price": "0.00000212",
   "amount": "1006.30478"
  }
 ]
}