{
 "pair": "utketh",
 "bids": [
  {
   "price": "0.00010308",
   "amount": "7766.16259891"
  },
  {
   "price": "0.00010307",
   "amount": "932.50188"
  },
  {
   "price": "0.00010256",
   "amount": "1535.81137"
  },
  {
   "price": "0.00010205",
   "amount": "843.79163"
  },
  {
   "price": "0.00010154",
   "amount": "695.81152"
  },
  {
   "price": "0.00010104",
   "amount": "3830.2165479"
  },
  {
   "price": "0.00010103",
   "amount": "1015.83547"
  },
  {
   "price": "0.00010053",
   "amount": "743.41548"
  },
  {
   "price": "0.00010003",
   "amount": "3690.9044"
  },
  {
   "price": "0.00009953",
   "amount": "695.81152"
  },
  {
   "price": "0.00009903",
   "amount": "695.81152"
  },
  {
   "price": "0.00009854",
   "amount": "695.81152"
  },
  {
   "price": "0.00009806",
   "amount": "5000"
  },
  {
   "price": "0.00009805",
   "amount": "1353.15541"
  },
  {
   "price": "0.00009756",
   "amount": "4013.22016"
  },
  {
   "price": "0.00009707",
   "amount": "19387.70506162"
  },
  {
   "price": "0.00009659",
   "amount": "769.52607"
  },
  {
   "price": "0.00009611",
   "amount": "2189.04631"
  },
  {
   "price": "0.00009563",
   "amount": "1659.23288"
  },
  {
   "price": "0.00009515",
   "amount": "1048.46697"
  },
  {
   "price": "0.00009481",
   "amount": "369.15937137"
  },
  {
   "price": "0.0000948",
   "amount": "2004.658452"
  },
  {
   "price": "0.00009468",
   "amount": "695.81152"
  },
  {
   "price": "0.00009421",
   "amount": "695.81152"
  },
  {
   "price": "0.00009416",
   "amount": "1911.63976211"
  }
 ],
 "asks": [
  {
   "price": "0.00010512",
   "amount": "10304.27407023"
  },
  {
   "price": "0.00010513",
   "amount": "3237.26162"
  },
  {
   "price": "0.00010566",
   "amount": "3011.92927"
  },
  {
   "price": "0.00010619",
   "amount": "1586.92848"
  },
  {
   "price": "0.00010672",
   "amount": "695.81152"
  },
  {
   "price": "0.00010724",
   "amount": "474.99049067"
  },
  {
   "price": "0.00010725",
   "amount": "1409.63621"
  },
  {
   "price": "0.00010779",
   "amount": "2558.325"
  },
  {
   "price": "0.00010833",
   "amount": "3397.64005"
  },
  {
   "price": "0.00010887",
   "amount": "4407.22191"
  },
  {
   "price": "0.00010942",
   "amount": "1971.71149"
  },
  {
   "price": "0.00010996",
   "amount": "7798.6413718"
  },
  {
   "price": "0.00010997",
   "amount": "3082.90376"
  },
  {
   "price": "0.00011052",
   "amount": "3980.12127"
  },
  {
   "price": "0.00011107",
   "amount": "7003.14775"
  },
  {
   "price": "0.00011162",
   "amount": "2854.12382"
  },
  {
   "price": "0.00011218",
   "amount": "1118.44841"
  },
  {
   "price": "0.00011274",
   "amount": "695.81152"
  },
  {
   "price": "0.0001133",
   "amount": "1935.47328"
  },
  {
   "price": "0.00011387",
   "amount": "856.89783"
  },
  {
   "price": "0.00011444",
   "amount": "1249.33447"
  },
  {
   "price": "0.00011502",
   "amount": "781.43346"
  },
  {
   "price": "0.00011559",
   "amount": "2495.25879"
  },
  {
   "price": "0.00011617",
   "amount": "1354.11824"
  },
  {
   "price": "0.00011675",
   "amount": "1655.44672"
  }
 ]
}