{
 "pair": "utnusd",
 "bids": [
  {
   "price": "0.001855",
   "amount": "14501.2793"
  },
  {
   "price": "0.00185",
   "amount": "80762.5270848"
  },
  {
   "price": "0.0017",
   "amount": "6614.545929"
  },
  {
   "price": "0.001502",
   "amount": "240000"
  },
  {
   "price": "0.0015",
   "amount": "416236.772593"
  },
  {
   "price": "0.0013202",
   "amount": "227238.29722769"
  },
  {
   "price": "0.00132",
   "amount": "10000"
  },
  {
   "price": "0.0012",
   "amount": "20000"
  },
  {
   "price": "0.0011001",
   "amount": "689599.37812853"
  },
  {
   "price": "0.0011",
   "amount": "2474151.572081"
  },
  {
   "price": "0.0010969",
   "amount": "3563.953168"
  },
  {
   "price": "0.000811",
   "amount": "10000"
  },
  {
   "price": "0.0007",
   "amount": "10000"
  },
  {
   "price": "0.0006",
   "amount": "50000"
  },
  {
   "price": "0.0005",
   "amount": "40000"
  },
  {
   "price": "0.0004",
   "amount": "10000"
  },
  {
   "price": "0.00025",
   "amount": "100000"
  },
  {
   "price": "0.00024",
   "amount": "150000"
  },
  {
   "price": "0.000133",
   "amount": "7000"
  },
  {
   "price": "0.000121",
   "amount": "10000"
  },
  {
   "price": "0.000104",
   "amount": "50000"
  },
  {
   "price": "0.0001",
   "amount": "15000"
  },
  {
   "price": "0.00005",
   "amount": "101000"
  },
  {
   "price": "0.00004",
   "amount": "25000"
  },
  {
   "price": "0.0000121",
   "amount": "100000"
  }
 ],
 "asks": [
  {
   "price": "0.00229",
   "amount": "2995.57"
  },
  {
   "price": "0.0024",
   "amount": "66721.975996"
  },
  {
   "price": "0.002489",
   "amount": "50000"
  },
  {
   "price": "0.002549",
   "amount": "90000"
  },
  {
   "price": "0.0025492",
   "amount": "200000"
  },
  {
   "price": "0.0027333",
   "amount": "13000"
  },
  {
   "price": "0.002899",
   "amount": "5007"
  },
  {
   "price": "0.0033968",
   "amount": "3000"
  },
  {
   "price": "0.00385",
   "amount": "15779.904577"
  },
  {
   "price": "0.004777",
   "amount": "47000"
  },
  {
   "price": "0.00499",
   "amount": "6995"
  },
  {
   "price": "0.0054",
   "amount": "99905.994"
  },
  {
   "price": "0.00547",
   "amount": "39153.156"
  },
  {
   "price": "0.00575",
   "amount": "40000"
  },
  {
   "price": "0.0058",
   "amount": "4435"
  },
  {
   "price": "0.0058888",
   "amount": "30000"
  },
  {
   "price": "0.0059887",
   "amount": "70524"
  },
  {
   "price": "0.006",
   "amount": "24978.37373175"
  },
  {
   "price": "0.006599",
   "amount": "1500000"
  },
  {
   "price": "0.0067",
   "amount": "50000"
  },
  {
   "price": "0.006789",
   "amount": "5000"
  },
  {
   "price": "0.007",
   "amount": "209600"
  },
  {
   "price": "0.0072",
   "amount": "150000"
  },
  {
   "price": "0.0074",
   "amount": "10031.25"
  },
  {
   "price": "0.007654",
   "amount": "5884.738"
  }
 ]
}