{
 "pair": "veeeth",
 "bids": [
  {
   "price": "0.00000908",
   "amount": "3854.62555066"
  },
  {
   "price": "0.00000901",
   "amount": "19977.80244173"
  },
  {
   "price": "0.000009",
   "amount": "72521.405755"
  },
  {
   "price": "0.0000072",
   "amount": "50000"
  },
  {
   "price": "0.0000071",
   "amount": "109539.54793802"
  },
  {
   "price": "0.000006",
   "amount": "12692"
  },
  {
   "price": "0.0000055",
   "amount": "10000"
  },
  {
   "price": "0.0000052",
   "amount": "15000"
  },
  {
   "price": "0.00000515",
   "amount": "7100"
  },
  {
   "price": "5e-7",
   "amount": "20000"
  },
  {
   "price": "2e-7",
   "amount": "50000"
  },
  {
   "price": "1.2e-7",
   "amount": "90000"
  },
  {
   "price": "3e-8",
   "amount": "6000"
  },
  {
   "price": "2e-8",
   "amount": "10000"
  },
  {
   "price": "1e-8",
   "amount": "30000"
  }
 ],
 "asks": [
  {
   "price": "0.00001582",
   "amount": "50000"
  },
  {
   "price": "0.00001591",
   "amount": "50000"
  },
  {
   "price": "0.000016",
   "amount": "100000"
  },
  {
   "price": "0.00001625",
   "amount": "50000"
  },
  {
   "price": "0.0000168",
   "amount": "100000"
  },
  {
   "price": "0.00001685",
   "amount": "50000"
  },
  {
   "price": "0.000017",
   "amount": "100000"
  },
  {
   "price": "0.0000238",
   "amount": "100000"
  },
  {
   "price": "0.000034",
   "amount": "3371.625"
  },
  {
   "price": "0.00004233",
   "amount": "3371.625"
  },
  {
   "price": "0.00004887",
   "amount": "4842.189642"
  },
  {
   "price": "0.00005",
   "amount": "3320"
  },
  {
   "price": "0.00005066",
   "amount": "3371.625"
  },
  {
   "price": "0.000059",
   "amount": "3371.625"
  },
  {
   "price": "0.00006",
   "amount": "5194"
  },
  {
   "price": "0.00006001",
   "amount": "37000"
  },
  {
   "price": "0.0000629",
   "amount": "64521.069012"
  },
  {
   "price": "0.00006299",
   "amount": "5145.32226893"
  },
  {
   "price": "0.00006403",
   "amount": "100000"
  },
  {
   "price": "0.00007",
   "amount": "1100"
  },
  {
   "price": "0.000077",
   "amount": "1100"
  },
  {
   "price": "0.00008198",
   "amount": "699.3"
  },
  {
   "price": "0.000099",
   "amount": "5000"
  },
  {
   "price": "0.0001",
   "amount": "11100"
  },
  {
   "price": "0.000125",
   "amount": "2000"
  }
 ]
}