{
 "pair": "veeusd",
 "bids": [
  {
   "price": "0.0011",
   "amount": "9063.55363811"
  },
  {
   "price": "0.0010431",
   "amount": "3813.616108"
  },
  {
   "price": "0.00104",
   "amount": "400000"
  },
  {
   "price": "0.001",
   "amount": "55000"
  },
  {
   "price": "0.00086",
   "amount": "25000"
  },
  {
   "price": "0.0008",
   "amount": "100100"
  },
  {
   "price": "0.0002112",
   "amount": "5000"
  },
  {
   "price": "0.000133",
   "amount": "7000"
  },
  {
   "price": "0.0001",
   "amount": "19000"
  },
  {
   "price": "0.000071",
   "amount": "10000"
  },
  {
   "price": "0.00004",
   "amount": "25000"
  },
  {
   "price": "0.0000121",
   "amount": "100000"
  },
  {
   "price": "0.00001",
   "amount": "8880000"
  },
  {
   "price": "0.00000112",
   "amount": "800000"
  },
  {
   "price": "0.000001",
   "amount": "800000"
  },
  {
   "price": "1.2e-7",
   "amount": "800000"
  },
  {
   "price": "1.1e-7",
   "amount": "2000000"
  },
  {
   "price": "1e-7",
   "amount": "4000000"
  },
  {
   "price": "2e-8",
   "amount": "800000"
  },
  {
   "price": "1e-8",
   "amount": "6000000"
  }
 ],
 "asks": [
  {
   "price": "0.001874",
   "amount": "115117.08"
  },
  {
   "price": "0.0019",
   "amount": "12671.3532804"
  },
  {
   "price": "0.001999",
   "amount": "4981.01"
  },
  {
   "price": "0.002",
   "amount": "260645.47085239"
  },
  {
   "price": "0.0022",
   "amount": "250000"
  },
  {
   "price": "0.0023",
   "amount": "11463.525"
  },
  {
   "price": "0.0024",
   "amount": "250000"
  },
  {
   "price": "0.0026",
   "amount": "250000"
  },
  {
   "price": "0.0028",
   "amount": "266000"
  },
  {
   "price": "0.003",
   "amount": "250000"
  },
  {
   "price": "0.0032",
   "amount": "250000"
  },
  {
   "price": "0.0034",
   "amount": "260049.657349"
  },
  {
   "price": "0.0036",
   "amount": "417008.173228"
  },
  {
   "price": "0.0037831",
   "amount": "9218.560207"
  },
  {
   "price": "0.0038",
   "amount": "250000"
  },
  {
   "price": "0.004",
   "amount": "250000"
  },
  {
   "price": "0.0042",
   "amount": "250000"
  },
  {
   "price": "0.0043",
   "amount": "33094.4264"
  },
  {
   "price": "0.0044",
   "amount": "250000"
  },
  {
   "price": "0.0045",
   "amount": "870"
  },
  {
   "price": "0.0045056",
   "amount": "100216.3109577"
  },
  {
   "price": "0.0046",
   "amount": "250000"
  },
  {
   "price": "0.0048",
   "amount": "250000"
  },
  {
   "price": "0.0049",
   "amount": "870"
  },
  {
   "price": "0.005",
   "amount": "303379.525706"
  }
 ]
}