{
 "pair": "vetbtc",
 "bids": [
  {
   "price": "7.5e-7",
   "amount": "122116.38"
  },
  {
   "price": "7.4e-7",
   "amount": "11165034.02666667"
  },
  {
   "price": "7.3e-7",
   "amount": "1880103"
  },
  {
   "price": "7.2e-7",
   "amount": "1950256.45833333"
  },
  {
   "price": "7.1e-7",
   "amount": "1845929"
  },
  {
   "price": "7e-7",
   "amount": "1835001"
  },
  {
   "price": "6.9e-7",
   "amount": "231884.057971"
  },
  {
   "price": "6.7e-7",
   "amount": "1833741"
  },
  {
   "price": "6.6e-7",
   "amount": "10500"
  },
  {
   "price": "6.5e-7",
   "amount": "1879574"
  },
  {
   "price": "6.2e-7",
   "amount": "60936"
  },
  {
   "price": "6e-7",
   "amount": "1789.24281"
  },
  {
   "price": "5.9e-7",
   "amount": "1450"
  },
  {
   "price": "5.7e-7",
   "amount": "1975.46799461"
  },
  {
   "price": "5.6e-7",
   "amount": "53571.428572"
  },
  {
   "price": "5.4e-7",
   "amount": "909.08600475"
  },
  {
   "price": "5.1e-7",
   "amount": "231897.30690938"
  },
  {
   "price": "4.8e-7",
   "amount": "1177.14866688"
  },
  {
   "price": "4.6e-7",
   "amount": "911.0422243"
  },
  {
   "price": "4.3e-7",
   "amount": "896"
  },
  {
   "price": "4.1e-7",
   "amount": "5000"
  },
  {
   "price": "4e-7",
   "amount": "24302"
  },
  {
   "price": "3.7e-7",
   "amount": "896"
  },
  {
   "price": "3.6e-7",
   "amount": "7885.994475"
  },
  {
   "price": "3.5e-7",
   "amount": "5996"
  }
 ],
 "asks": [
  {
   "price": "7.6e-7",
   "amount": "2479102.59022891"
  },
  {
   "price": "7.7e-7",
   "amount": "63775.0932"
  },
  {
   "price": "7.8e-7",
   "amount": "4000"
  },
  {
   "price": "8e-7",
   "amount": "5552.9742"
  },
  {
   "price": "8.2e-7",
   "amount": "13665.325"
  },
  {
   "price": "8.3e-7",
   "amount": "7676.92307692"
  },
  {
   "price": "8.4e-7",
   "amount": "5282.0975"
  },
  {
   "price": "8.9e-7",
   "amount": "5036.4185"
  },
  {
   "price": "9e-7",
   "amount": "994.29962"
  },
  {
   "price": "9.1e-7",
   "amount": "1000"
  },
  {
   "price": "9.2e-7",
   "amount": "4000"
  },
  {
   "price": "9.3e-7",
   "amount": "36545.35282"
  },
  {
   "price": "9.5e-7",
   "amount": "1000"
  },
  {
   "price": "9.9e-7",
   "amount": "4000"
  },
  {
   "price": "0.00000108",
   "amount": "48708.22002611"
  },
  {
   "price": "0.00000109",
   "amount": "1200.306046"
  },
  {
   "price": "0.0000011",
   "amount": "5444.4751315"
  },
  {
   "price": "0.0000012",
   "amount": "4000"
  },
  {
   "price": "0.00000124",
   "amount": "1000"
  },
  {
   "price": "0.00000127",
   "amount": "1000"
  },
  {
   "price": "0.0000013",
   "amount": "4000"
  },
  {
   "price": "0.0000014",
   "amount": "4000"
  },
  {
   "price": "0.00000148",
   "amount": "1470"
  },
  {
   "price": "0.00000149",
   "amount": "14485.49999999"
  },
  {
   "price": "0.0000015",
   "amount": "4978.64112"
  }
 ]
}