{
 "pair": "veteth",
 "bids": [
  {
   "price": "0.00004176",
   "amount": "4729.25041381"
  },
  {
   "price": "0.00004167",
   "amount": "51661.84"
  },
  {
   "price": "0.00004144",
   "amount": "77492.76"
  },
  {
   "price": "0.00004138",
   "amount": "3608.50299401"
  },
  {
   "price": "0.00004137",
   "amount": "77500.11"
  },
  {
   "price": "0.00003439",
   "amount": "5234.07967432"
  },
  {
   "price": "0.00003437",
   "amount": "50829.44400803"
  },
  {
   "price": "0.00003003",
   "amount": "1006"
  },
  {
   "price": "0.00002558",
   "amount": "25291.58692728"
  },
  {
   "price": "0.000024",
   "amount": "1600"
  },
  {
   "price": "0.00001972",
   "amount": "10000"
  },
  {
   "price": "0.0000119",
   "amount": "1080"
  },
  {
   "price": "0.00000603",
   "amount": "8564.92043"
  },
  {
   "price": "0.00000601",
   "amount": "2000"
  },
  {
   "price": "0.00000595",
   "amount": "1680.67"
  },
  {
   "price": "0.00000232",
   "amount": "5000"
  },
  {
   "price": "0.00000101",
   "amount": "4000"
  },
  {
   "price": "0.000001",
   "amount": "10000"
  },
  {
   "price": "5.1e-7",
   "amount": "3000"
  },
  {
   "price": "5e-7",
   "amount": "20000"
  },
  {
   "price": "3.6e-7",
   "amount": "25000"
  },
  {
   "price": "2.1e-7",
   "amount": "100000"
  },
  {
   "price": "2e-7",
   "amount": "50000"
  },
  {
   "price": "1.1e-7",
   "amount": "19000"
  },
  {
   "price": "1e-7",
   "amount": "100000"
  }
 ],
 "asks": [
  {
   "price": "0.00004268",
   "amount": "4729.25041381"
  },
  {
   "price": "0.00004295",
   "amount": "53601.31"
  },
  {
   "price": "0.00004318",
   "amount": "80401.96"
  },
  {
   "price": "0.00004325",
   "amount": "120640.32"
  },
  {
   "price": "0.00004569",
   "amount": "4587.47582678"
  },
  {
   "price": "0.00004798",
   "amount": "3369.29534544"
  },
  {
   "price": "0.000048",
   "amount": "800"
  },
  {
   "price": "0.0000545",
   "amount": "48708.22002611"
  },
  {
   "price": "0.00005619",
   "amount": "3267.55"
  },
  {
   "price": "0.0000562",
   "amount": "3239.22076862"
  },
  {
   "price": "0.00005621",
   "amount": "137346.49866112"
  },
  {
   "price": "0.0000568",
   "amount": "12500"
  },
  {
   "price": "0.0000649",
   "amount": "2997"
  },
  {
   "price": "0.0000651",
   "amount": "1200"
  },
  {
   "price": "0.00006753",
   "amount": "3133.8442"
  },
  {
   "price": "0.00006964",
   "amount": "4815.6714562"
  },
  {
   "price": "0.00007",
   "amount": "3000"
  },
  {
   "price": "0.00007423",
   "amount": "3012.117"
  },
  {
   "price": "0.00008521",
   "amount": "1239.48427094"
  },
  {
   "price": "0.0000878",
   "amount": "19980"
  },
  {
   "price": "0.000088",
   "amount": "9990"
  },
  {
   "price": "0.0000883",
   "amount": "99900"
  },
  {
   "price": "0.00009472",
   "amount": "300"
  },
  {
   "price": "0.0000978",
   "amount": "19980"
  },
  {
   "price": "0.00009818",
   "amount": "5994"
  }
 ]
}