{
 "pair": "vetusd",
 "bids": [
  {
   "price": "0.0053205",
   "amount": "39425.1697576"
  },
  {
   "price": "0.0053204",
   "amount": "166906.74084655"
  },
  {
   "price": "0.0053202",
   "amount": "66758.90708852"
  },
  {
   "price": "0.0053201",
   "amount": "96451.3328391"
  },
  {
   "price": "0.005003",
   "amount": "59964.02158705"
  },
  {
   "price": "0.0050029",
   "amount": "337304.36346919"
  },
  {
   "price": "0.005",
   "amount": "11618.970262"
  },
  {
   "price": "0.0043102",
   "amount": "4640.14514374"
  },
  {
   "price": "0.00425",
   "amount": "2348.9727942"
  },
  {
   "price": "0.0041971",
   "amount": "40000"
  },
  {
   "price": "0.00412",
   "amount": "2836.966019"
  },
  {
   "price": "0.004",
   "amount": "1006"
  },
  {
   "price": "0.0039983",
   "amount": "100000"
  },
  {
   "price": "0.0039",
   "amount": "4800"
  },
  {
   "price": "0.0038673",
   "amount": "129289"
  },
  {
   "price": "0.00381",
   "amount": "10104.264607"
  },
  {
   "price": "0.0036293",
   "amount": "100000"
  },
  {
   "price": "0.0035013",
   "amount": "6659.13212"
  },
  {
   "price": "0.0035",
   "amount": "3000"
  },
  {
   "price": "0.0033",
   "amount": "38800"
  },
  {
   "price": "0.0032826",
   "amount": "300000"
  },
  {
   "price": "0.0032",
   "amount": "5000"
  },
  {
   "price": "0.00307",
   "amount": "650000"
  },
  {
   "price": "0.00289",
   "amount": "5000"
  },
  {
   "price": "0.0028",
   "amount": "13928.571453"
  }
 ],
 "asks": [
  {
   "price": "0.00541",
   "amount": "1006"
  },
  {
   "price": "0.0054185",
   "amount": "96329.06700289"
  },
  {
   "price": "0.0054499",
   "amount": "1006"
  },
  {
   "price": "0.0059967",
   "amount": "18708.22002611"
  },
  {
   "price": "0.0059968",
   "amount": "2297"
  },
  {
   "price": "0.005999",
   "amount": "1718"
  },
  {
   "price": "0.006",
   "amount": "1708407.8016"
  },
  {
   "price": "0.0062988",
   "amount": "2888"
  },
  {
   "price": "0.0063172",
   "amount": "5000"
  },
  {
   "price": "0.0064951",
   "amount": "3333"
  },
  {
   "price": "0.0066486",
   "amount": "1619.084949"
  },
  {
   "price": "0.007",
   "amount": "10000"
  },
  {
   "price": "0.0075214",
   "amount": "14300"
  },
  {
   "price": "0.0077",
   "amount": "452290.10124"
  },
  {
   "price": "0.0079888",
   "amount": "5000"
  },
  {
   "price": "0.008",
   "amount": "168811"
  },
  {
   "price": "0.0085",
   "amount": "22612.68"
  },
  {
   "price": "0.0088",
   "amount": "9990.00048085"
  },
  {
   "price": "0.0089234",
   "amount": "1006"
  },
  {
   "price": "0.0089478",
   "amount": "5000"
  },
  {
   "price": "0.00895",
   "amount": "674077.23123585"
  },
  {
   "price": "0.009",
   "amount": "62034.027593"
  },
  {
   "price": "0.0093003",
   "amount": "33116.866239"
  },
  {
   "price": "0.00939",
   "amount": "7000"
  },
  {
   "price": "0.0094",
   "amount": "43756.2"
  }
 ]
}