{
 "pair": "vldeth",
 "bids": [
  {
   "price": "0.00002761",
   "amount": "5846.81"
  },
  {
   "price": "0.00002639",
   "amount": "3703.5"
  },
  {
   "price": "0.0000261",
   "amount": "2759.57"
  },
  {
   "price": "0.00002524",
   "amount": "7131.53724247"
  },
  {
   "price": "0.00002415",
   "amount": "32150.98138346"
  },
  {
   "price": "0.00002412",
   "amount": "4414.38"
  },
  {
   "price": "0.0000227",
   "amount": "2661.25"
  },
  {
   "price": "0.00002128",
   "amount": "3904.26"
  },
  {
   "price": "0.00001986",
   "amount": "9624.43"
  },
  {
   "price": "0.000007",
   "amount": "162417.318571"
  },
  {
   "price": "0.0000068",
   "amount": "50000"
  },
  {
   "price": "0.0000065",
   "amount": "43485.0409"
  },
  {
   "price": "0.00000649",
   "amount": "40000"
  },
  {
   "price": "0.0000055",
   "amount": "100000"
  },
  {
   "price": "0.0000054",
   "amount": "40000"
  }
 ],
 "asks": [
  {
   "price": "0.0000286",
   "amount": "6273.52"
  },
  {
   "price": "0.0000296",
   "amount": "98062"
  },
  {
   "price": "0.0000297",
   "amount": "37962"
  },
  {
   "price": "0.00003264",
   "amount": "4828.28"
  },
  {
   "price": "0.0000345",
   "amount": "180000"
  },
  {
   "price": "0.000035",
   "amount": "59940"
  },
  {
   "price": "0.0000362",
   "amount": "79090.65490054"
  },
  {
   "price": "0.00003689",
   "amount": "8207.08"
  },
  {
   "price": "0.000038",
   "amount": "90964.81"
  },
  {
   "price": "0.000039",
   "amount": "100000"
  },
  {
   "price": "0.0000399",
   "amount": "400425.42832737"
  },
  {
   "price": "0.000049",
   "amount": "100000"
  },
  {
   "price": "0.0000542",
   "amount": "116286.14"
  },
  {
   "price": "0.00007",
   "amount": "60000"
  },
  {
   "price": "0.000095",
   "amount": "40000"
  },
  {
   "price": "0.000099",
   "amount": "200000"
  },
  {
   "price": "0.000199",
   "amount": "200000"
  },
  {
   "price": "0.000299",
   "amount": "200000"
  },
  {
   "price": "0.000399",
   "amount": "200000"
  },
  {
   "price": "0.000499",
   "amount": "200000"
  }
 ]
}