{
 "pair": "vldusd",
 "bids": [
  {
   "price": "0.0036014",
   "amount": "30056.84713879"
  },
  {
   "price": "0.0035324",
   "amount": "4553.2"
  },
  {
   "price": "0.0034943",
   "amount": "2956.32"
  },
  {
   "price": "0.0034852",
   "amount": "3625.55"
  },
  {
   "price": "0.0034126",
   "amount": "5497.34"
  },
  {
   "price": "0.0030859",
   "amount": "4977.98"
  },
  {
   "price": "0.0030001",
   "amount": "39783.289897"
  },
  {
   "price": "0.00293",
   "amount": "3410.95530625"
  },
  {
   "price": "0.0025413",
   "amount": "7013.73"
  },
  {
   "price": "0.002",
   "amount": "150000"
  },
  {
   "price": "0.00115",
   "amount": "37309.118278"
  },
  {
   "price": "0.0005103",
   "amount": "2450"
  },
  {
   "price": "0.00051019",
   "amount": "500000"
  },
  {
   "price": "0.00050002",
   "amount": "1320"
  },
  {
   "price": "0.00046849",
   "amount": "1410.85957015"
  },
  {
   "price": "0.00031",
   "amount": "50000"
  },
  {
   "price": "0.0003",
   "amount": "50000"
  },
  {
   "price": "0.000212",
   "amount": "5000"
  },
  {
   "price": "0.00019",
   "amount": "10000"
  },
  {
   "price": "0.000133",
   "amount": "7000"
  },
  {
   "price": "0.00004",
   "amount": "25000"
  },
  {
   "price": "0.000013",
   "amount": "500000"
  },
  {
   "price": "0.0000122",
   "amount": "250000"
  },
  {
   "price": "0.0000121",
   "amount": "100000"
  },
  {
   "price": "0.000011",
   "amount": "100000"
  }
 ],
 "asks": [
  {
   "price": "0.0036595",
   "amount": "4835.9"
  },
  {
   "price": "0.0037394",
   "amount": "2759.7"
  },
  {
   "price": "0.0037757",
   "amount": "3674.89"
  },
  {
   "price": "0.0038483",
   "amount": "5929.41"
  },
  {
   "price": "0.0038499",
   "amount": "784.46"
  },
  {
   "price": "0.004",
   "amount": "19480.499198"
  },
  {
   "price": "0.004175",
   "amount": "4611.21"
  },
  {
   "price": "0.0044",
   "amount": "265000"
  },
  {
   "price": "0.0047196",
   "amount": "6826.25"
  },
  {
   "price": "0.0055",
   "amount": "5000"
  },
  {
   "price": "0.006",
   "amount": "10000"
  },
  {
   "price": "0.007",
   "amount": "4418"
  },
  {
   "price": "0.0074",
   "amount": "16818.81702993"
  },
  {
   "price": "0.008",
   "amount": "412287.89547656"
  },
  {
   "price": "0.0099",
   "amount": "500000"
  },
  {
   "price": "0.009999",
   "amount": "391430.17793833"
  },
  {
   "price": "0.01",
   "amount": "20864.061211"
  },
  {
   "price": "0.0199",
   "amount": "500000"
  },
  {
   "price": "0.0299",
   "amount": "1000000"
  },
  {
   "price": "0.03",
   "amount": "5000"
  },
  {
   "price": "0.04",
   "amount": "150000"
  },
  {
   "price": "0.0499",
   "amount": "446253.96774529"
  },
  {
   "price": "0.0579",
   "amount": "5000"
  },
  {
   "price": "0.0949",
   "amount": "809662"
  },
  {
   "price": "0.09999",
   "amount": "5514306"
  }
 ]
}