{
 "pair": "vsybtc",
 "bids": [
  {
   "price": "0.00000561",
   "amount": "702.15578823"
  },
  {
   "price": "0.00000553",
   "amount": "413.32803545"
  },
  {
   "price": "0.00000531",
   "amount": "297.1"
  },
  {
   "price": "0.0000053",
   "amount": "461.9"
  },
  {
   "price": "0.0000034",
   "amount": "7477.50393834"
  },
  {
   "price": "0.00000333",
   "amount": "906"
  },
  {
   "price": "0.00000145",
   "amount": "3680"
  },
  {
   "price": "0.00000137",
   "amount": "550"
  },
  {
   "price": "0.00000133",
   "amount": "3680"
  },
  {
   "price": "7e-7",
   "amount": "499.21"
  },
  {
   "price": "6.5e-7",
   "amount": "1235"
  },
  {
   "price": "6.2e-7",
   "amount": "324"
  },
  {
   "price": "6.1e-7",
   "amount": "381"
  },
  {
   "price": "5e-7",
   "amount": "786"
  },
  {
   "price": "4.9e-7",
   "amount": "987"
  },
  {
   "price": "3.9e-7",
   "amount": "407"
  },
  {
   "price": "2.9e-7",
   "amount": "867"
  },
  {
   "price": "2.6e-7",
   "amount": "1432"
  },
  {
   "price": "1.6e-7",
   "amount": "385"
  },
  {
   "price": "1.5e-7",
   "amount": "132"
  },
  {
   "price": "1.2e-7",
   "amount": "3829"
  },
  {
   "price": "9e-8",
   "amount": "10000"
  }
 ],
 "asks": [
  {
   "price": "0.00000565",
   "amount": "708.15873051"
  },
  {
   "price": "0.00000567",
   "amount": "188"
  },
  {
   "price": "0.00000568",
   "amount": "188"
  },
  {
   "price": "0.0000057",
   "amount": "324.42"
  },
  {
   "price": "0.00000572",
   "amount": "187.811994"
  },
  {
   "price": "0.00000574",
   "amount": "188"
  },
  {
   "price": "0.00000581",
   "amount": "212.6"
  },
  {
   "price": "0.00000583",
   "amount": "279.6"
  },
  {
   "price": "0.00000587",
   "amount": "188"
  },
  {
   "price": "0.00000589",
   "amount": "0.0000051"
  },
  {
   "price": "0.00000595",
   "amount": "149.67160822"
  },
  {
   "price": "0.00000601",
   "amount": "727.63096121"
  },
  {
   "price": "0.00000603",
   "amount": "751.07038299"
  },
  {
   "price": "0.00000607",
   "amount": "74.52468553"
  },
  {
   "price": "0.00000613",
   "amount": "188"
  },
  {
   "price": "0.00000615",
   "amount": "376"
  },
  {
   "price": "0.00000617",
   "amount": "115.09514428"
  },
  {
   "price": "0.00000619",
   "amount": "376"
  },
  {
   "price": "0.0000062",
   "amount": "0.00121466"
  },
  {
   "price": "0.00000628",
   "amount": "188"
  },
  {
   "price": "0.00000634",
   "amount": "112.87"
  },
  {
   "price": "0.00000657",
   "amount": "150.48886442"
  },
  {
   "price": "0.00000658",
   "amount": "302.04"
  },
  {
   "price": "0.00000659",
   "amount": "217.8"
  },
  {
   "price": "0.0000066",
   "amount": "331.03"
  }
 ]
}