{
 "pair": "vsyusd",
 "bids": [
  {
   "price": "0.0405",
   "amount": "290.58135604"
  },
  {
   "price": "0.04049",
   "amount": "448.53"
  },
  {
   "price": "0.040316",
   "amount": "320"
  },
  {
   "price": "0.040014",
   "amount": "879.66609319"
  },
  {
   "price": "0.038568",
   "amount": "155.56535041"
  },
  {
   "price": "0.038275",
   "amount": "375.62294134"
  },
  {
   "price": "0.0382",
   "amount": "282.9"
  },
  {
   "price": "0.0381",
   "amount": "292.5"
  },
  {
   "price": "0.038",
   "amount": "255.8"
  },
  {
   "price": "0.037579",
   "amount": "606.88"
  },
  {
   "price": "0.036111",
   "amount": "4725.214114"
  },
  {
   "price": "0.033761",
   "amount": "200"
  },
  {
   "price": "0.0325",
   "amount": "307.59785149"
  },
  {
   "price": "0.032001",
   "amount": "1000"
  },
  {
   "price": "0.032",
   "amount": "98924.14002568"
  },
  {
   "price": "0.02898",
   "amount": "250"
  },
  {
   "price": "0.027",
   "amount": "20000"
  },
  {
   "price": "0.0265",
   "amount": "400"
  },
  {
   "price": "0.0154",
   "amount": "370"
  },
  {
   "price": "0.015",
   "amount": "400"
  },
  {
   "price": "0.011",
   "amount": "3000"
  },
  {
   "price": "0.0002",
   "amount": "250000"
  },
  {
   "price": "0.0001",
   "amount": "11000"
  },
  {
   "price": "0.00003072",
   "amount": "10000"
  },
  {
   "price": "0.000011",
   "amount": "50000"
  }
 ],
 "asks": [
  {
   "price": "0.04076",
   "amount": "309.64"
  },
  {
   "price": "0.040937",
   "amount": "129.29"
  },
  {
   "price": "0.041",
   "amount": "126.79"
  },
  {
   "price": "0.041105",
   "amount": "460.34"
  },
  {
   "price": "0.041278",
   "amount": "384.54"
  },
  {
   "price": "0.0413",
   "amount": "616.6"
  },
  {
   "price": "0.04136",
   "amount": "500"
  },
  {
   "price": "0.041372",
   "amount": "353.33"
  },
  {
   "price": "0.041388",
   "amount": "800"
  },
  {
   "price": "0.041503",
   "amount": "205.52"
  },
  {
   "price": "0.041523",
   "amount": "201.7"
  },
  {
   "price": "0.041562",
   "amount": "153.68"
  },
  {
   "price": "0.041638",
   "amount": "0.000005"
  },
  {
   "price": "0.041697",
   "amount": "231.34"
  },
  {
   "price": "0.041774",
   "amount": "600"
  },
  {
   "price": "0.041802",
   "amount": "1000"
  },
  {
   "price": "0.042047",
   "amount": "38.37647151"
  },
  {
   "price": "0.04212",
   "amount": "484.1"
  },
  {
   "price": "0.04222",
   "amount": "1200"
  },
  {
   "price": "0.042384",
   "amount": "397.49922149"
  },
  {
   "price": "0.042476",
   "amount": "229.95"
  },
  {
   "price": "0.042595",
   "amount": "324.34"
  },
  {
   "price": "0.042642",
   "amount": "1400"
  },
  {
   "price": "0.0427",
   "amount": "172.18467271"
  },
  {
   "price": "0.042774",
   "amount": "240.32"
  }
 ]
}