{
 "pair": "wbtusd",
 "bids": [
  {
   "price": "2504",
   "amount": "0.00798722"
  },
  {
   "price": "2500",
   "amount": "0.00041"
  },
  {
   "price": "1000",
   "amount": "0.01"
  },
  {
   "price": "130.3",
   "amount": "5"
  },
  {
   "price": "75",
   "amount": "0.51"
  },
  {
   "price": "6.651",
   "amount": "1"
  },
  {
   "price": "1.111",
   "amount": "1"
  },
  {
   "price": "0.77",
   "amount": "10"
  },
  {
   "price": "0.666",
   "amount": "5"
  },
  {
   "price": "0.1406",
   "amount": "30"
  },
  {
   "price": "0.01406",
   "amount": "50"
  },
  {
   "price": "0.011",
   "amount": "20"
  },
  {
   "price": "0.001406",
   "amount": "20"
  },
  {
   "price": "0.0011",
   "amount": "180"
  },
  {
   "price": "0.001",
   "amount": "40"
  },
  {
   "price": "0.0001406",
   "amount": "50"
  },
  {
   "price": "0.0001111",
   "amount": "10"
  },
  {
   "price": "0.0001",
   "amount": "60"
  },
  {
   "price": "0.0000111",
   "amount": "10"
  },
  {
   "price": "0.00001",
   "amount": "50"
  },
  {
   "price": "0.0000011",
   "amount": "50"
  },
  {
   "price": "0.000001",
   "amount": "60"
  },
  {
   "price": "9e-7",
   "amount": "10"
  },
  {
   "price": "2e-7",
   "amount": "10"
  },
  {
   "price": "1.1e-7",
   "amount": "120"
  }
 ],
 "asks": [
  {
   "price": "10994",
   "amount": "0.00305099"
  },
  {
   "price": "10995",
   "amount": "0.00301374"
  },
  {
   "price": "11000",
   "amount": "0.00050498"
  },
  {
   "price": "13000",
   "amount": "0.00433601"
  },
  {
   "price": "17995",
   "amount": "0.0004"
  },
  {
   "price": "100000",
   "amount": "0.05"
  },
  {
   "price": "500000",
   "amount": "0.05"
  },
  {
   "price": "800000",
   "amount": "0.05"
  }
 ]
}