{
 "pair": "wlousd",
 "bids": [
  {
   "price": "0.0055",
   "amount": "37191.30562828"
  },
  {
   "price": "0.00541",
   "amount": "1250"
  },
  {
   "price": "0.005316",
   "amount": "1468.63440328"
  },
  {
   "price": "0.005308",
   "amount": "7000"
  },
  {
   "price": "0.005143",
   "amount": "32974.9"
  },
  {
   "price": "0.0051",
   "amount": "2000"
  },
  {
   "price": "0.0049",
   "amount": "13114"
  },
  {
   "price": "0.00473",
   "amount": "5490"
  },
  {
   "price": "0.0046986",
   "amount": "3972.031241"
  },
  {
   "price": "0.004664",
   "amount": "9393"
  },
  {
   "price": "0.0046",
   "amount": "2169.79514964"
  },
  {
   "price": "0.0044",
   "amount": "12500"
  },
  {
   "price": "0.0039",
   "amount": "10784.30625499"
  },
  {
   "price": "0.00368",
   "amount": "8460"
  },
  {
   "price": "0.0032351",
   "amount": "5000"
  },
  {
   "price": "0.003143",
   "amount": "5000"
  },
  {
   "price": "0.0030344",
   "amount": "5000"
  },
  {
   "price": "0.00302",
   "amount": "100000"
  },
  {
   "price": "0.003",
   "amount": "2000"
  },
  {
   "price": "0.0028451",
   "amount": "5000"
  },
  {
   "price": "0.0026773",
   "amount": "5000"
  },
  {
   "price": "0.0025",
   "amount": "4500"
  },
  {
   "price": "0.002492",
   "amount": "5000"
  },
  {
   "price": "0.0022578",
   "amount": "5000"
  },
  {
   "price": "0.0021914",
   "amount": "1000"
  }
 ],
 "asks": [
  {
   "price": "0.0059999",
   "amount": "7507.06263062"
  },
  {
   "price": "0.006551",
   "amount": "5573.71931326"
  },
  {
   "price": "0.007",
   "amount": "10989.82043"
  },
  {
   "price": "0.0070942",
   "amount": "1000"
  },
  {
   "price": "0.0072352",
   "amount": "1000"
  },
  {
   "price": "0.0074",
   "amount": "999"
  },
  {
   "price": "0.0074219",
   "amount": "1000"
  },
  {
   "price": "0.0075",
   "amount": "24446.733361"
  },
  {
   "price": "0.008",
   "amount": "4500"
  },
  {
   "price": "0.008423",
   "amount": "2997"
  },
  {
   "price": "0.0087041",
   "amount": "6374.500541"
  },
  {
   "price": "0.009",
   "amount": "14534.422072"
  },
  {
   "price": "0.0093",
   "amount": "49208.727332"
  },
  {
   "price": "0.00965",
   "amount": "3370.313805"
  },
  {
   "price": "0.010363",
   "amount": "966.14305287"
  },
  {
   "price": "0.0112",
   "amount": "1995"
  },
  {
   "price": "0.0115",
   "amount": "4653.733144"
  },
  {
   "price": "0.012",
   "amount": "3000"
  },
  {
   "price": "0.01229",
   "amount": "300"
  },
  {
   "price": "0.0125",
   "amount": "3000"
  },
  {
   "price": "0.013053",
   "amount": "668.7168688"
  },
  {
   "price": "0.01321",
   "amount": "2000"
  },
  {
   "price": "0.014",
   "amount": "1700"
  },
  {
   "price": "0.0143",
   "amount": "14173.5639"
  },
  {
   "price": "0.014746",
   "amount": "1484"
  }
 ]
}