{
 "pair": "wprbtc",
 "bids": [
  {
   "price": "4.1e-7",
   "amount": "89792.36692916"
  },
  {
   "price": "3e-7",
   "amount": "10000"
  },
  {
   "price": "1.5e-7",
   "amount": "10000"
  },
  {
   "price": "9e-8",
   "amount": "10000"
  },
  {
   "price": "1e-8",
   "amount": "153669"
  }
 ],
 "asks": [
  {
   "price": "0.00000163",
   "amount": "1096.69330691"
  },
  {
   "price": "0.00000174",
   "amount": "8000"
  },
  {
   "price": "0.0000018",
   "amount": "74426.11814605"
  },
  {
   "price": "0.00000359",
   "amount": "11816.854"
  },
  {
   "price": "0.0000036",
   "amount": "37500"
  },
  {
   "price": "0.000004",
   "amount": "2500"
  },
  {
   "price": "0.00000589",
   "amount": "1000"
  },
  {
   "price": "0.0000072",
   "amount": "19000"
  },
  {
   "price": "0.000008",
   "amount": "1000"
  },
  {
   "price": "0.00000963",
   "amount": "1605.24906267"
  },
  {
   "price": "0.00001",
   "amount": "4000"
  },
  {
   "price": "0.0000104",
   "amount": "20000"
  },
  {
   "price": "0.0000108",
   "amount": "21774.817"
  },
  {
   "price": "0.0000135",
   "amount": "31454.65064371"
  },
  {
   "price": "0.0000144",
   "amount": "9500"
  },
  {
   "price": "0.000018",
   "amount": "2000"
  },
  {
   "price": "0.0000258",
   "amount": "1500"
  },
  {
   "price": "0.0000288",
   "amount": "9000"
  },
  {
   "price": "0.0000358",
   "amount": "1500"
  },
  {
   "price": "0.0000484",
   "amount": "1000"
  },
  {
   "price": "1",
   "amount": "1692"
  }
 ]
}