{
 "pair": "wprusd",
 "bids": [
  {
   "price": "0.0053872",
   "amount": "10227.84797817"
  },
  {
   "price": "0.0053858",
   "amount": "2293.460291"
  },
  {
   "price": "0.004001",
   "amount": "2020"
  },
  {
   "price": "0.004",
   "amount": "328"
  },
  {
   "price": "0.0021106",
   "amount": "1000"
  },
  {
   "price": "0.002105",
   "amount": "4710"
  },
  {
   "price": "0.00133",
   "amount": "1000"
  },
  {
   "price": "0.00128",
   "amount": "4000"
  },
  {
   "price": "0.0012609",
   "amount": "20000"
  },
  {
   "price": "0.00126",
   "amount": "1000"
  },
  {
   "price": "0.00121",
   "amount": "5000"
  },
  {
   "price": "0.001195",
   "amount": "468.619246"
  },
  {
   "price": "0.001",
   "amount": "12000"
  },
  {
   "price": "0.0009",
   "amount": "1000"
  },
  {
   "price": "0.000121",
   "amount": "100000"
  },
  {
   "price": "0.00011102",
   "amount": "5000"
  },
  {
   "price": "0.0001",
   "amount": "101000"
  },
  {
   "price": "0.00004",
   "amount": "25000"
  },
  {
   "price": "0.00001",
   "amount": "100000"
  },
  {
   "price": "0.0000011",
   "amount": "500000"
  },
  {
   "price": "0.00000102",
   "amount": "10000"
  },
  {
   "price": "1.1e-7",
   "amount": "1800000"
  },
  {
   "price": "1e-8",
   "amount": "5000000"
  }
 ],
 "asks": [
  {
   "price": "0.0097971",
   "amount": "3452.058599"
  },
  {
   "price": "0.0098",
   "amount": "1701"
  },
  {
   "price": "0.010999",
   "amount": "4072.31211245"
  },
  {
   "price": "0.011",
   "amount": "1000"
  },
  {
   "price": "0.01278",
   "amount": "1299"
  },
  {
   "price": "0.0135",
   "amount": "1000"
  },
  {
   "price": "0.01468",
   "amount": "999"
  },
  {
   "price": "0.01522",
   "amount": "1997.99999996"
  },
  {
   "price": "0.01556",
   "amount": "2000"
  },
  {
   "price": "0.015972",
   "amount": "596"
  },
  {
   "price": "0.017995",
   "amount": "3095.47143"
  },
  {
   "price": "0.018",
   "amount": "57667.6413821"
  },
  {
   "price": "0.019972",
   "amount": "5988"
  },
  {
   "price": "0.0209",
   "amount": "1000"
  },
  {
   "price": "0.021",
   "amount": "2604.394823"
  },
  {
   "price": "0.024358",
   "amount": "2000"
  },
  {
   "price": "0.033371",
   "amount": "2000"
  },
  {
   "price": "0.036856",
   "amount": "1996"
  },
  {
   "price": "0.0448",
   "amount": "14985"
  },
  {
   "price": "0.05",
   "amount": "8300.06785795"
  },
  {
   "price": "0.053848",
   "amount": "842.3448627"
  },
  {
   "price": "0.07",
   "amount": "11137.88"
  },
  {
   "price": "0.070765",
   "amount": "729.6901019"
  },
  {
   "price": "0.1",
   "amount": "9980"
  },
  {
   "price": "0.4",
   "amount": "599.39"
  }
 ]
}