{
 "pair": "wtcusd",
 "bids": [
  {
   "price": "0.37",
   "amount": "200"
  },
  {
   "price": "0.32",
   "amount": "303.574437"
  },
  {
   "price": "0.30036",
   "amount": "66.58676033"
  },
  {
   "price": "0.3",
   "amount": "60"
  },
  {
   "price": "0.2102",
   "amount": "10"
  },
  {
   "price": "0.18",
   "amount": "800"
  },
  {
   "price": "0.13",
   "amount": "100"
  },
  {
   "price": "0.016188",
   "amount": "163.07500988"
  },
  {
   "price": "0.013",
   "amount": "1000"
  },
  {
   "price": "0.0121",
   "amount": "100"
  },
  {
   "price": "0.00407",
   "amount": "750"
  },
  {
   "price": "0.0033",
   "amount": "10000"
  },
  {
   "price": "0.00319",
   "amount": "1000"
  },
  {
   "price": "0.00133",
   "amount": "1000"
  },
  {
   "price": "0.00122",
   "amount": "1000"
  },
  {
   "price": "0.00087998",
   "amount": "10000"
  },
  {
   "price": "0.00087",
   "amount": "10000"
  },
  {
   "price": "0.00001",
   "amount": "10000"
  },
  {
   "price": "0.0000011",
   "amount": "60000"
  },
  {
   "price": "0.000001",
   "amount": "10000"
  },
  {
   "price": "1.1e-7",
   "amount": "60000"
  },
  {
   "price": "1e-7",
   "amount": "10000"
  },
  {
   "price": "2e-8",
   "amount": "200000"
  },
  {
   "price": "1e-8",
   "amount": "100000"
  }
 ],
 "asks": [
  {
   "price": "0.72256",
   "amount": "500"
  },
  {
   "price": "0.88889",
   "amount": "39.96"
  },
  {
   "price": "0.89",
   "amount": "50"
  },
  {
   "price": "0.893",
   "amount": "29.971735"
  },
  {
   "price": "0.9",
   "amount": "135.004757"
  },
  {
   "price": "1.09",
   "amount": "30"
  },
  {
   "price": "1.1",
   "amount": "135"
  },
  {
   "price": "1.415",
   "amount": "30"
  },
  {
   "price": "1.42",
   "amount": "10"
  },
  {
   "price": "1.7254",
   "amount": "26.47"
  },
  {
   "price": "2.2",
   "amount": "224.18135508"
  },
  {
   "price": "3.3932",
   "amount": "254.205001"
  },
  {
   "price": "3.4297",
   "amount": "2"
  },
  {
   "price": "3.599",
   "amount": "6.920338"
  },
  {
   "price": "3.6",
   "amount": "392.468241"
  },
  {
   "price": "4.25",
   "amount": "38.4576184"
  },
  {
   "price": "4.3",
   "amount": "22"
  },
  {
   "price": "4.741",
   "amount": "3"
  },
  {
   "price": "5",
   "amount": "44"
  },
  {
   "price": "5.4",
   "amount": "160.53"
  },
  {
   "price": "5.9513",
   "amount": "3"
  },
  {
   "price": "7.4333",
   "amount": "3.487447"
  },
  {
   "price": "10",
   "amount": "14.985"
  },
  {
   "price": "20",
   "amount": "199.8"
  },
  {
   "price": "25",
   "amount": "70"
  }
 ]
}