{
 "pair": "xcheth",
 "bids": [
  {
   "price": "0.0079776",
   "amount": "6.26754128"
  },
  {
   "price": "0.0079687",
   "amount": "2719.24167"
  },
  {
   "price": "0.0079289",
   "amount": "2990.95023"
  },
  {
   "price": "0.007889",
   "amount": "3289.8081"
  },
  {
   "price": "0.0057876",
   "amount": "285.09226622"
  },
  {
   "price": "0.0057875",
   "amount": "31.10145814"
  },
  {
   "price": "0.00578",
   "amount": "2"
  },
  {
   "price": "0.0000131",
   "amount": "10"
  },
  {
   "price": "0.000012",
   "amount": "15"
  }
 ],
 "asks": [
  {
   "price": "0.0080699",
   "amount": "2737.11361587"
  },
  {
   "price": "0.0081103",
   "amount": "2990.02494"
  },
  {
   "price": "0.0081506",
   "amount": "3304.48861"
  },
  {
   "price": "20.199",
   "amount": "4.34530814"
  },
  {
   "price": "20.2",
   "amount": "4"
  }
 ]
}