{
 "pair": "xlmbtc",
 "bids": [
  {
   "price": "0.00000633",
   "amount": "1994.6020157"
  },
  {
   "price": "0.00000632",
   "amount": "2146.11074111"
  },
  {
   "price": "0.0000063",
   "amount": "69624.88507026"
  },
  {
   "price": "0.00000629",
   "amount": "37684"
  },
  {
   "price": "0.00000628",
   "amount": "75468"
  },
  {
   "price": "0.00000627",
   "amount": "10870.99850876"
  },
  {
   "price": "0.00000626",
   "amount": "184272.19623169"
  },
  {
   "price": "0.00000624",
   "amount": "62378.06765917"
  },
  {
   "price": "0.00000623",
   "amount": "1545.7"
  },
  {
   "price": "0.00000621",
   "amount": "75843"
  },
  {
   "price": "0.00000619",
   "amount": "334"
  },
  {
   "price": "0.00000614",
   "amount": "50000"
  },
  {
   "price": "0.00000613",
   "amount": "1882.442088"
  },
  {
   "price": "0.0000061",
   "amount": "38137"
  },
  {
   "price": "0.00000606",
   "amount": "488"
  },
  {
   "price": "0.00000605",
   "amount": "5000"
  },
  {
   "price": "0.00000601",
   "amount": "38500"
  },
  {
   "price": "0.00000595",
   "amount": "8335"
  },
  {
   "price": "0.00000592",
   "amount": "349"
  },
  {
   "price": "0.00000591",
   "amount": "38517"
  },
  {
   "price": "0.00000582",
   "amount": "38289"
  },
  {
   "price": "0.00000567",
   "amount": "365"
  },
  {
   "price": "0.00000566",
   "amount": "38263"
  },
  {
   "price": "0.00000565",
   "amount": "5884.8"
  },
  {
   "price": "0.00000548",
   "amount": "5000"
  }
 ],
 "asks": [
  {
   "price": "0.00000634",
   "amount": "43761.05715346"
  },
  {
   "price": "0.00000635",
   "amount": "214091.88507026"
  },
  {
   "price": "0.00000636",
   "amount": "11000"
  },
  {
   "price": "0.00000638",
   "amount": "30000"
  },
  {
   "price": "0.00000639",
   "amount": "3991.85766193"
  },
  {
   "price": "0.0000064",
   "amount": "77243"
  },
  {
   "price": "0.00000642",
   "amount": "21439.774086"
  },
  {
   "price": "0.00000646",
   "amount": "75842"
  },
  {
   "price": "0.00000652",
   "amount": "38136"
  },
  {
   "price": "0.00000653",
   "amount": "50000"
  },
  {
   "price": "0.00000661",
   "amount": "38199"
  },
  {
   "price": "0.00000671",
   "amount": "38516"
  },
  {
   "price": "0.0000068",
   "amount": "38288"
  },
  {
   "price": "0.00000696",
   "amount": "39471.21428571"
  },
  {
   "price": "0.00000729",
   "amount": "160"
  },
  {
   "price": "0.00000744",
   "amount": "282.16755"
  },
  {
   "price": "0.00000745",
   "amount": "15000"
  },
  {
   "price": "0.00000761",
   "amount": "105"
  },
  {
   "price": "0.00000769",
   "amount": "220"
  },
  {
   "price": "0.00000776",
   "amount": "104.79"
  },
  {
   "price": "0.00000799",
   "amount": "707.777469"
  },
  {
   "price": "0.00000809",
   "amount": "220"
  },
  {
   "price": "0.00000838",
   "amount": "600.796"
  },
  {
   "price": "0.00000849",
   "amount": "210"
  },
  {
   "price": "0.00000899",
   "amount": "200"
  }
 ]
}