{
 "pair": "xlmeth",
 "bids": [
  {
   "price": "0.00035381",
   "amount": "27000"
  },
  {
   "price": "0.00035366",
   "amount": "53000"
  },
  {
   "price": "0.000352",
   "amount": "562.57207955"
  },
  {
   "price": "0.00034275",
   "amount": "4923.41356673"
  },
  {
   "price": "0.00034274",
   "amount": "59438.8084897"
  },
  {
   "price": "0.0003415",
   "amount": "2282.5738"
  },
  {
   "price": "0.000325",
   "amount": "946.90732"
  },
  {
   "price": "0.00031861",
   "amount": "564.95401902"
  },
  {
   "price": "0.000318",
   "amount": "574.89622"
  },
  {
   "price": "0.00031",
   "amount": "630.0145"
  },
  {
   "price": "0.00028626",
   "amount": "9900"
  },
  {
   "price": "0.00026902",
   "amount": "9999"
  },
  {
   "price": "0.00025",
   "amount": "1500"
  },
  {
   "price": "0.00022",
   "amount": "50"
  },
  {
   "price": "0.0001001",
   "amount": "1922.797446"
  },
  {
   "price": "0.0001",
   "amount": "100"
  },
  {
   "price": "0.00009795",
   "amount": "20"
  },
  {
   "price": "0.000095",
   "amount": "105.263"
  },
  {
   "price": "0.0000506",
   "amount": "300"
  },
  {
   "price": "0.00004316",
   "amount": "750"
  },
  {
   "price": "0.00002",
   "amount": "2500"
  },
  {
   "price": "0.00001",
   "amount": "1000"
  },
  {
   "price": "0.0000025",
   "amount": "25000"
  },
  {
   "price": "0.0000021",
   "amount": "1250"
  },
  {
   "price": "0.0000012",
   "amount": "15000"
  }
 ],
 "asks": [
  {
   "price": "0.00035628",
   "amount": "4408.89346"
  },
  {
   "price": "0.00035637",
   "amount": "31624.88507026"
  },
  {
   "price": "0.00035664",
   "amount": "54000"
  },
  {
   "price": "0.00035676",
   "amount": "53000"
  },
  {
   "price": "0.00035869",
   "amount": "563.14233422"
  },
  {
   "price": "0.00036001",
   "amount": "36363.63636363"
  },
  {
   "price": "0.0003835",
   "amount": "115.30988314"
  },
  {
   "price": "0.00044762",
   "amount": "1209.21428571"
  },
  {
   "price": "0.00044763",
   "amount": "2343.97337"
  },
  {
   "price": "0.000466",
   "amount": "260.3394"
  },
  {
   "price": "0.00049",
   "amount": "3647"
  },
  {
   "price": "0.000504",
   "amount": "4498.571879"
  },
  {
   "price": "0.00050781",
   "amount": "19980"
  },
  {
   "price": "0.00051",
   "amount": "169.83"
  },
  {
   "price": "0.00052222",
   "amount": "71.928"
  },
  {
   "price": "0.00055",
   "amount": "3938.234404"
  },
  {
   "price": "0.00058",
   "amount": "99.9"
  },
  {
   "price": "0.00058989",
   "amount": "191.98334359"
  },
  {
   "price": "0.00061",
   "amount": "400"
  },
  {
   "price": "0.00063926",
   "amount": "299"
  },
  {
   "price": "0.00067",
   "amount": "251"
  },
  {
   "price": "0.0007134",
   "amount": "527.99263163"
  },
  {
   "price": "0.00074",
   "amount": "2048.04937047"
  },
  {
   "price": "0.00075",
   "amount": "200"
  },
  {
   "price": "0.00075303",
   "amount": "1098.9"
  }
 ]
}