{
 "pair": "xlmeur",
 "bids": [
  {
   "price": "0.040929",
   "amount": "4418"
  },
  {
   "price": "0.040872",
   "amount": "1250"
  },
  {
   "price": "0.040871",
   "amount": "2073.14208542"
  },
  {
   "price": "0.040856",
   "amount": "23400"
  },
  {
   "price": "0.040832",
   "amount": "3830"
  },
  {
   "price": "0.040747",
   "amount": "7918"
  },
  {
   "price": "0.040737",
   "amount": "8333.96197409"
  },
  {
   "price": "0.040679",
   "amount": "11000"
  },
  {
   "price": "0.040627",
   "amount": "30000"
  },
  {
   "price": "0.040576",
   "amount": "2966.7883"
  },
  {
   "price": "0.040575",
   "amount": "79086"
  },
  {
   "price": "0.040546",
   "amount": "39739"
  },
  {
   "price": "0.040535",
   "amount": "40474"
  },
  {
   "price": "0.040359",
   "amount": "37691.80943021"
  },
  {
   "price": "0.040358",
   "amount": "6700.91579182"
  },
  {
   "price": "0.040357",
   "amount": "6701.26160152"
  },
  {
   "price": "0.040352",
   "amount": "100000"
  },
  {
   "price": "0.040344",
   "amount": "39965"
  },
  {
   "price": "0.040196",
   "amount": "94424.87635445"
  },
  {
   "price": "0.04019",
   "amount": "2242.9906542"
  },
  {
   "price": "0.039961",
   "amount": "9619.79147226"
  },
  {
   "price": "0.039946",
   "amount": "40031"
  },
  {
   "price": "0.039906",
   "amount": "2000"
  },
  {
   "price": "0.039702",
   "amount": "30000"
  },
  {
   "price": "0.039538",
   "amount": "40364"
  }
 ],
 "asks": [
  {
   "price": "0.040951",
   "amount": "2398.24894"
  },
  {
   "price": "0.040959",
   "amount": "3750"
  },
  {
   "price": "0.040965",
   "amount": "2911.48203"
  },
  {
   "price": "0.041032",
   "amount": "4950"
  },
  {
   "price": "0.041041",
   "amount": "4220"
  },
  {
   "price": "0.041117",
   "amount": "7917"
  },
  {
   "price": "0.041138",
   "amount": "11000"
  },
  {
   "price": "0.041142",
   "amount": "30000"
  },
  {
   "price": "0.041379",
   "amount": "79085"
  },
  {
   "price": "0.04138",
   "amount": "8056.88596181"
  },
  {
   "price": "0.041407",
   "amount": "40473"
  },
  {
   "price": "0.041499",
   "amount": "39738"
  },
  {
   "price": "0.041627",
   "amount": "39964"
  },
  {
   "price": "0.041815",
   "amount": "2199.0104453"
  },
  {
   "price": "0.041832",
   "amount": "40030"
  },
  {
   "price": "0.041979",
   "amount": "2000"
  },
  {
   "price": "0.042009",
   "amount": "150.0498"
  },
  {
   "price": "0.042184",
   "amount": "30000"
  },
  {
   "price": "0.042242",
   "amount": "40363"
  },
  {
   "price": "0.042651",
   "amount": "100000"
  },
  {
   "price": "0.042652",
   "amount": "2155.86935432"
  },
  {
   "price": "0.042663",
   "amount": "36363.63636363"
  },
  {
   "price": "0.042857",
   "amount": "40124"
  },
  {
   "price": "0.042999",
   "amount": "60000"
  },
  {
   "price": "0.043181",
   "amount": "350"
  }
 ]
}