{
 "pair": "xlmgbp",
 "bids": [
  {
   "price": "0.03486",
   "amount": "4418"
  },
  {
   "price": "0.034818",
   "amount": "1250"
  },
  {
   "price": "0.034817",
   "amount": "2073.14208542"
  },
  {
   "price": "0.034798",
   "amount": "23400"
  },
  {
   "price": "0.034778",
   "amount": "3830"
  },
  {
   "price": "0.034705",
   "amount": "7918"
  },
  {
   "price": "0.034696",
   "amount": "8333.96197409"
  },
  {
   "price": "0.034647",
   "amount": "11000"
  },
  {
   "price": "0.034603",
   "amount": "30000"
  },
  {
   "price": "0.034559",
   "amount": "82052.7883"
  },
  {
   "price": "0.034534",
   "amount": "39739"
  },
  {
   "price": "0.034524",
   "amount": "40474"
  },
  {
   "price": "0.034375",
   "amount": "37691.80943021"
  },
  {
   "price": "0.034374",
   "amount": "6700.91579182"
  },
  {
   "price": "0.034373",
   "amount": "6701.26160152"
  },
  {
   "price": "0.034369",
   "amount": "100000"
  },
  {
   "price": "0.034362",
   "amount": "39965"
  },
  {
   "price": "0.034236",
   "amount": "94424.87635445"
  },
  {
   "price": "0.03423",
   "amount": "2242.9906542"
  },
  {
   "price": "0.034036",
   "amount": "9619.79147226"
  },
  {
   "price": "0.034023",
   "amount": "40031"
  },
  {
   "price": "0.033989",
   "amount": "2000"
  },
  {
   "price": "0.033815",
   "amount": "30000"
  },
  {
   "price": "0.033675",
   "amount": "40364"
  },
  {
   "price": "0.033559",
   "amount": "2287.86757284"
  }
 ],
 "asks": [
  {
   "price": "0.034879",
   "amount": "4898.24894"
  },
  {
   "price": "0.034891",
   "amount": "4161.48203"
  },
  {
   "price": "0.034935",
   "amount": "4060"
  },
  {
   "price": "0.034948",
   "amount": "4950"
  },
  {
   "price": "0.034956",
   "amount": "4220"
  },
  {
   "price": "0.035021",
   "amount": "7917"
  },
  {
   "price": "0.035038",
   "amount": "11000"
  },
  {
   "price": "0.035041",
   "amount": "30000"
  },
  {
   "price": "0.035243",
   "amount": "79085"
  },
  {
   "price": "0.035244",
   "amount": "8056.88596181"
  },
  {
   "price": "0.035267",
   "amount": "40473"
  },
  {
   "price": "0.035345",
   "amount": "39738"
  },
  {
   "price": "0.035455",
   "amount": "39964"
  },
  {
   "price": "0.035615",
   "amount": "2199.0104453"
  },
  {
   "price": "0.03563",
   "amount": "40030"
  },
  {
   "price": "0.035751",
   "amount": "2000"
  },
  {
   "price": "0.03578",
   "amount": "150.0498"
  },
  {
   "price": "0.035929",
   "amount": "30000"
  },
  {
   "price": "0.035979",
   "amount": "40363"
  },
  {
   "price": "0.036327",
   "amount": "100000"
  },
  {
   "price": "0.036328",
   "amount": "2155.86935432"
  },
  {
   "price": "0.036337",
   "amount": "36363.63636363"
  },
  {
   "price": "0.036503",
   "amount": "40124"
  },
  {
   "price": "0.036624",
   "amount": "60000"
  },
  {
   "price": "0.036778",
   "amount": "350"
  }
 ]
}