{
 "pair": "xlmjpy",
 "bids": [
  {
   "price": "4.9652",
   "amount": "4418"
  },
  {
   "price": "4.9589",
   "amount": "1250"
  },
  {
   "price": "4.9588",
   "amount": "2073.14208542"
  },
  {
   "price": "4.9563",
   "amount": "23400"
  },
  {
   "price": "4.9535",
   "amount": "3830"
  },
  {
   "price": "4.9431",
   "amount": "7918"
  },
  {
   "price": "4.9419",
   "amount": "8333.96197409"
  },
  {
   "price": "4.9349",
   "amount": "11000"
  },
  {
   "price": "4.9285",
   "amount": "30000"
  },
  {
   "price": "4.9223",
   "amount": "82052.7883"
  },
  {
   "price": "4.9187",
   "amount": "39739"
  },
  {
   "price": "4.9174",
   "amount": "40474"
  },
  {
   "price": "4.896",
   "amount": "37691.80943021"
  },
  {
   "price": "4.8959",
   "amount": "6700.91579182"
  },
  {
   "price": "4.8957",
   "amount": "6701.26160152"
  },
  {
   "price": "4.8952",
   "amount": "100000"
  },
  {
   "price": "4.8942",
   "amount": "39965"
  },
  {
   "price": "4.8763",
   "amount": "12449.86297053"
  },
  {
   "price": "4.8762",
   "amount": "81975.01338392"
  },
  {
   "price": "4.8755",
   "amount": "2242.9906542"
  },
  {
   "price": "4.8477",
   "amount": "9619.79147226"
  },
  {
   "price": "4.846",
   "amount": "40031"
  },
  {
   "price": "4.8411",
   "amount": "2000"
  },
  {
   "price": "4.8163",
   "amount": "30000"
  },
  {
   "price": "4.7964",
   "amount": "40364"
  }
 ],
 "asks": [
  {
   "price": "4.9678",
   "amount": "4898.24894"
  },
  {
   "price": "4.9695",
   "amount": "1250"
  },
  {
   "price": "4.9696",
   "amount": "2911.48203"
  },
  {
   "price": "4.9759",
   "amount": "4060"
  },
  {
   "price": "4.9776",
   "amount": "4950"
  },
  {
   "price": "4.9788",
   "amount": "4220"
  },
  {
   "price": "4.988",
   "amount": "7917"
  },
  {
   "price": "4.9905",
   "amount": "11000"
  },
  {
   "price": "4.991",
   "amount": "30000"
  },
  {
   "price": "5.0197",
   "amount": "79085"
  },
  {
   "price": "5.0198",
   "amount": "8056.88596181"
  },
  {
   "price": "5.0231",
   "amount": "40473"
  },
  {
   "price": "5.0343",
   "amount": "39738"
  },
  {
   "price": "5.0499",
   "amount": "39964"
  },
  {
   "price": "5.0726",
   "amount": "2199.0104453"
  },
  {
   "price": "5.0747",
   "amount": "40030"
  },
  {
   "price": "5.092",
   "amount": "2000"
  },
  {
   "price": "5.0962",
   "amount": "150.0498"
  },
  {
   "price": "5.1174",
   "amount": "30000"
  },
  {
   "price": "5.1245",
   "amount": "40363"
  },
  {
   "price": "5.174",
   "amount": "100000"
  },
  {
   "price": "5.1741",
   "amount": "2155.86935432"
  },
  {
   "price": "5.1755",
   "amount": "36363.63636363"
  },
  {
   "price": "5.1991",
   "amount": "40124"
  },
  {
   "price": "5.2163",
   "amount": "60000"
  }
 ]
}