{
 "pair": "xlmusd",
 "bids": [
  {
   "price": "0.045403",
   "amount": "4418"
  },
  {
   "price": "0.045367",
   "amount": "2073.14208542"
  },
  {
   "price": "0.045366",
   "amount": "1250"
  },
  {
   "price": "0.045322",
   "amount": "23400"
  },
  {
   "price": "0.045296",
   "amount": "3830"
  },
  {
   "price": "0.045201",
   "amount": "7918"
  },
  {
   "price": "0.04519",
   "amount": "8333.96197409"
  },
  {
   "price": "0.045126",
   "amount": "11000"
  },
  {
   "price": "0.045068",
   "amount": "30000"
  },
  {
   "price": "0.045011",
   "amount": "82052.7883"
  },
  {
   "price": "0.044978",
   "amount": "39739"
  },
  {
   "price": "0.044966",
   "amount": "40474"
  },
  {
   "price": "0.044771",
   "amount": "37691.80943021"
  },
  {
   "price": "0.04477",
   "amount": "6700.91579182"
  },
  {
   "price": "0.044768",
   "amount": "6701.26160152"
  },
  {
   "price": "0.044763",
   "amount": "100000"
  },
  {
   "price": "0.044754",
   "amount": "39965"
  },
  {
   "price": "0.04459",
   "amount": "12449.86297053"
  },
  {
   "price": "0.044589",
   "amount": "81975.01338392"
  },
  {
   "price": "0.044583",
   "amount": "2242.9906542"
  },
  {
   "price": "0.044329",
   "amount": "9619.79147226"
  },
  {
   "price": "0.044313",
   "amount": "40031"
  },
  {
   "price": "0.044269",
   "amount": "2000"
  },
  {
   "price": "0.044042",
   "amount": "30000"
  },
  {
   "price": "0.04386",
   "amount": "40364"
  }
 ],
 "asks": [
  {
   "price": "0.045428",
   "amount": "2398.24894"
  },
  {
   "price": "0.04544",
   "amount": "2500"
  },
  {
   "price": "0.045441",
   "amount": "1250"
  },
  {
   "price": "0.045443",
   "amount": "2911.48203"
  },
  {
   "price": "0.045516",
   "amount": "4950"
  },
  {
   "price": "0.045527",
   "amount": "4220"
  },
  {
   "price": "0.045611",
   "amount": "7917"
  },
  {
   "price": "0.045634",
   "amount": "11000"
  },
  {
   "price": "0.045638",
   "amount": "30000"
  },
  {
   "price": "0.045901",
   "amount": "79085"
  },
  {
   "price": "0.045902",
   "amount": "8056.88596181"
  },
  {
   "price": "0.045932",
   "amount": "40473"
  },
  {
   "price": "0.046034",
   "amount": "39738"
  },
  {
   "price": "0.046177",
   "amount": "39964"
  },
  {
   "price": "0.046385",
   "amount": "2199.0104453"
  },
  {
   "price": "0.046404",
   "amount": "40030"
  },
  {
   "price": "0.046567",
   "amount": "2000"
  },
  {
   "price": "0.0466",
   "amount": "150.0498"
  },
  {
   "price": "0.046794",
   "amount": "30000"
  },
  {
   "price": "0.046859",
   "amount": "40363"
  },
  {
   "price": "0.047312",
   "amount": "100000"
  },
  {
   "price": "0.047313",
   "amount": "2155.86935432"
  },
  {
   "price": "0.047327",
   "amount": "36363.63636363"
  },
  {
   "price": "0.047541",
   "amount": "40124"
  },
  {
   "price": "0.047699",
   "amount": "60000"
  }
 ]
}