{
 "pair": "xmrbtc",
 "bids": [
  {
   "price": "0.0065703",
   "amount": "4.1484909"
  },
  {
   "price": "0.0065702",
   "amount": "14.70814092"
  },
  {
   "price": "0.0065701",
   "amount": "3.699815"
  },
  {
   "price": "0.0065699",
   "amount": "17.72785379"
  },
  {
   "price": "0.0065688",
   "amount": "4.47"
  },
  {
   "price": "0.0065681",
   "amount": "11.05519629"
  },
  {
   "price": "0.0065672",
   "amount": "0.76135626"
  },
  {
   "price": "0.006567",
   "amount": "57.53361226"
  },
  {
   "price": "0.0065668",
   "amount": "6"
  },
  {
   "price": "0.006561",
   "amount": "45.57885141"
  },
  {
   "price": "0.0065606",
   "amount": "60"
  },
  {
   "price": "0.0065595",
   "amount": "62.36172811"
  },
  {
   "price": "0.0065556",
   "amount": "10"
  },
  {
   "price": "0.0065552",
   "amount": "22.11429485"
  },
  {
   "price": "0.0065551",
   "amount": "127.63601247"
  },
  {
   "price": "0.006555",
   "amount": "98.621133"
  },
  {
   "price": "0.0065537",
   "amount": "26"
  },
  {
   "price": "0.0065532",
   "amount": "33.17664824"
  },
  {
   "price": "0.0065513",
   "amount": "27.1372"
  },
  {
   "price": "0.006551",
   "amount": "34.64"
  },
  {
   "price": "0.0065508",
   "amount": "51"
  },
  {
   "price": "0.006547",
   "amount": "0.5"
  },
  {
   "price": "0.0065384",
   "amount": "13.77"
  },
  {
   "price": "0.0065351",
   "amount": "63.2814"
  },
  {
   "price": "0.0065281",
   "amount": "345.92"
  }
 ],
 "asks": [
  {
   "price": "0.0065785",
   "amount": "10.11970332"
  },
  {
   "price": "0.0065824",
   "amount": "10"
  },
  {
   "price": "0.0065935",
   "amount": "3.37372888"
  },
  {
   "price": "0.0065936",
   "amount": "3"
  },
  {
   "price": "0.0065937",
   "amount": "3.37372888"
  },
  {
   "price": "0.0065938",
   "amount": "62.36172811"
  },
  {
   "price": "0.0066023",
   "amount": "34.63"
  },
  {
   "price": "0.0066031",
   "amount": "10"
  },
  {
   "price": "0.0066042",
   "amount": "11.05712123"
  },
  {
   "price": "0.0066048",
   "amount": "22.11429485"
  },
  {
   "price": "0.0066051",
   "amount": "123.05665113"
  },
  {
   "price": "0.0066052",
   "amount": "33.17228291"
  },
  {
   "price": "0.0066061",
   "amount": "60"
  },
  {
   "price": "0.0066062",
   "amount": "25.30741809"
  },
  {
   "price": "0.0066074",
   "amount": "39.4805"
  },
  {
   "price": "0.0066127",
   "amount": "25.30741811"
  },
  {
   "price": "0.0066172",
   "amount": "7.77"
  },
  {
   "price": "0.0066221",
   "amount": "345.91"
  },
  {
   "price": "0.0066231",
   "amount": "47.9597"
  },
  {
   "price": "0.006629",
   "amount": "0.5"
  },
  {
   "price": "0.0066304",
   "amount": "7.77"
  },
  {
   "price": "0.0066375",
   "amount": "1.14116185"
  },
  {
   "price": "0.0066404",
   "amount": "52.6521"
  },
  {
   "price": "0.0066421",
   "amount": "363.554"
  },
  {
   "price": "0.0066486",
   "amount": "469.605"
  }
 ]
}