{
 "pair": "xmrusd",
 "bids": [
  {
   "price": "47.174",
   "amount": "6.01182875"
  },
  {
   "price": "47.169",
   "amount": "11.15336116"
  },
  {
   "price": "47.168",
   "amount": "8.47047711"
  },
  {
   "price": "47.165",
   "amount": "12.68824923"
  },
  {
   "price": "47.161",
   "amount": "4.89"
  },
  {
   "price": "47.151",
   "amount": "5.66"
  },
  {
   "price": "47.128",
   "amount": "5.52"
  },
  {
   "price": "47.081",
   "amount": "11.05734807"
  },
  {
   "price": "47.08",
   "amount": "6.00257854"
  },
  {
   "price": "47.079",
   "amount": "60"
  },
  {
   "price": "47.036",
   "amount": "237.88361367"
  },
  {
   "price": "47.035",
   "amount": "36.35926331"
  },
  {
   "price": "47.008",
   "amount": "10"
  },
  {
   "price": "46.989",
   "amount": "22.11429484"
  },
  {
   "price": "46.976",
   "amount": "57.68"
  },
  {
   "price": "46.975",
   "amount": "33.17664824"
  },
  {
   "price": "46.823",
   "amount": "569.42"
  },
  {
   "price": "46.783",
   "amount": "291.41"
  },
  {
   "price": "46.776",
   "amount": "8.3045977"
  },
  {
   "price": "46.746",
   "amount": "364.987"
  },
  {
   "price": "46.743",
   "amount": "4"
  },
  {
   "price": "46.741",
   "amount": "7.41118077"
  },
  {
   "price": "46.737",
   "amount": "11"
  },
  {
   "price": "46.703",
   "amount": "1400"
  },
  {
   "price": "46.702",
   "amount": "471.457"
  }
 ],
 "asks": [
  {
   "price": "47.246",
   "amount": "12"
  },
  {
   "price": "47.247",
   "amount": "10.36352099"
  },
  {
   "price": "47.316",
   "amount": "38.76755078"
  },
  {
   "price": "47.328",
   "amount": "10.99956941"
  },
  {
   "price": "47.344",
   "amount": "10"
  },
  {
   "price": "47.353",
   "amount": "77.53439663"
  },
  {
   "price": "47.378",
   "amount": "57.67"
  },
  {
   "price": "47.39",
   "amount": "60"
  },
  {
   "price": "47.391",
   "amount": "11.05915537"
  },
  {
   "price": "47.445",
   "amount": "265.37619254"
  },
  {
   "price": "47.446",
   "amount": "105.48998681"
  },
  {
   "price": "47.449",
   "amount": "33.17228291"
  },
  {
   "price": "47.65",
   "amount": "291.4"
  },
  {
   "price": "47.663",
   "amount": "569.41"
  },
  {
   "price": "47.664",
   "amount": "0.4"
  },
  {
   "price": "47.67",
   "amount": "4"
  },
  {
   "price": "47.682",
   "amount": "11"
  },
  {
   "price": "47.709",
   "amount": "364.987"
  },
  {
   "price": "47.756",
   "amount": "84.76282303"
  },
  {
   "price": "47.758",
   "amount": "471.457"
  },
  {
   "price": "47.763",
   "amount": "286.11"
  },
  {
   "price": "47.785",
   "amount": "1"
  },
  {
   "price": "47.831",
   "amount": "1"
  },
  {
   "price": "47.847",
   "amount": "608.984"
  },
  {
   "price": "47.848",
   "amount": "2.13174164"
  }
 ]
}