{
 "pair": "xraeth",
 "bids": [
  {
   "price": "0.00002485",
   "amount": "8419.6602997"
  },
  {
   "price": "0.00002481",
   "amount": "1410.72148327"
  },
  {
   "price": "0.00002445",
   "amount": "7361.96319018"
  },
  {
   "price": "0.000023",
   "amount": "30000"
  },
  {
   "price": "0.000022",
   "amount": "44647.73644471"
  },
  {
   "price": "0.0000205",
   "amount": "40000"
  },
  {
   "price": "0.0000099",
   "amount": "5000"
  },
  {
   "price": "0.000005",
   "amount": "150000"
  },
  {
   "price": "0.000001",
   "amount": "10000"
  },
  {
   "price": "2.5e-7",
   "amount": "40000"
  },
  {
   "price": "1e-7",
   "amount": "200000"
  },
  {
   "price": "5e-8",
   "amount": "400000"
  },
  {
   "price": "4e-8",
   "amount": "750000"
  },
  {
   "price": "2e-8",
   "amount": "3000000"
  }
 ],
 "asks": [
  {
   "price": "0.00004987",
   "amount": "4995"
  },
  {
   "price": "0.00005",
   "amount": "12928.176463"
  },
  {
   "price": "0.00007",
   "amount": "9580"
  },
  {
   "price": "0.00010665",
   "amount": "979.02"
  },
  {
   "price": "0.00010713",
   "amount": "3326.61500266"
  },
  {
   "price": "0.0001488",
   "amount": "2108.30889607"
  },
  {
   "price": "0.000171",
   "amount": "8750.72656603"
  },
  {
   "price": "0.00021275",
   "amount": "290"
  },
  {
   "price": "0.000226",
   "amount": "4995"
  },
  {
   "price": "0.0002288",
   "amount": "14326.787205"
  },
  {
   "price": "0.00023969",
   "amount": "739.26"
  },
  {
   "price": "0.0002588",
   "amount": "9990"
  },
  {
   "price": "0.00037",
   "amount": "30188.81143917"
  },
  {
   "price": "0.0008",
   "amount": "2381.5"
  },
  {
   "price": "0.0012718",
   "amount": "900"
  },
  {
   "price": "0.0022324",
   "amount": "1396"
  },
  {
   "price": "0.0025",
   "amount": "4243.75906746"
  }
 ]
}