{
 "pair": "xrpbtc",
 "bids": [
  {
   "price": "0.00002615",
   "amount": "22650.14344627"
  },
  {
   "price": "0.00002614",
   "amount": "12731.60508161"
  },
  {
   "price": "0.00002613",
   "amount": "43589.73691912"
  },
  {
   "price": "0.00002612",
   "amount": "60275.81600661"
  },
  {
   "price": "0.00002611",
   "amount": "20541.91309591"
  },
  {
   "price": "0.0000261",
   "amount": "21435.58862"
  },
  {
   "price": "0.00002609",
   "amount": "19720.59118"
  },
  {
   "price": "0.00002608",
   "amount": "53905.48989456"
  },
  {
   "price": "0.00002607",
   "amount": "13000"
  },
  {
   "price": "0.00002603",
   "amount": "15842"
  },
  {
   "price": "0.00002602",
   "amount": "47493.8169"
  },
  {
   "price": "0.000026",
   "amount": "25806.70355503"
  },
  {
   "price": "0.00002597",
   "amount": "57422.1321"
  },
  {
   "price": "0.00002594",
   "amount": "27779.17225914"
  },
  {
   "price": "0.00002592",
   "amount": "101591.99730334"
  },
  {
   "price": "0.00002591",
   "amount": "200000"
  },
  {
   "price": "0.0000259",
   "amount": "44879.8569354"
  },
  {
   "price": "0.00002589",
   "amount": "180359.54248154"
  },
  {
   "price": "0.00002588",
   "amount": "118049.4"
  },
  {
   "price": "0.00002587",
   "amount": "161892"
  },
  {
   "price": "0.00002586",
   "amount": "182811.85289945"
  },
  {
   "price": "0.00002584",
   "amount": "80"
  },
  {
   "price": "0.00002583",
   "amount": "575"
  },
  {
   "price": "0.00002582",
   "amount": "229993.68828956"
  },
  {
   "price": "0.0000258",
   "amount": "1050"
  }
 ],
 "asks": [
  {
   "price": "0.00002616",
   "amount": "605.55608661"
  },
  {
   "price": "0.00002621",
   "amount": "10359.3"
  },
  {
   "price": "0.00002622",
   "amount": "44452.45432441"
  },
  {
   "price": "0.00002623",
   "amount": "16512.13902677"
  },
  {
   "price": "0.00002624",
   "amount": "36375.7131"
  },
  {
   "price": "0.00002625",
   "amount": "37036.72151557"
  },
  {
   "price": "0.00002626",
   "amount": "19233.0154227"
  },
  {
   "price": "0.00002627",
   "amount": "26000"
  },
  {
   "price": "0.00002629",
   "amount": "17040.8894995"
  },
  {
   "price": "0.0000263",
   "amount": "15841"
  },
  {
   "price": "0.00002631",
   "amount": "45492.9512"
  },
  {
   "price": "0.00002632",
   "amount": "466.68166519"
  },
  {
   "price": "0.00002634",
   "amount": "191.71779142"
  },
  {
   "price": "0.00002635",
   "amount": "60000"
  },
  {
   "price": "0.00002636",
   "amount": "92319.08471795"
  },
  {
   "price": "0.00002637",
   "amount": "54282.6193"
  },
  {
   "price": "0.00002638",
   "amount": "276219.4"
  },
  {
   "price": "0.00002639",
   "amount": "162656.11094109"
  },
  {
   "price": "0.0000264",
   "amount": "705.71941156"
  },
  {
   "price": "0.00002642",
   "amount": "47.0229243"
  },
  {
   "price": "0.00002643",
   "amount": "152485.4"
  },
  {
   "price": "0.00002644",
   "amount": "839.33696009"
  },
  {
   "price": "0.00002645",
   "amount": "200000"
  },
  {
   "price": "0.00002646",
   "amount": "196966.6"
  },
  {
   "price": "0.00002648",
   "amount": "836.62149378"
  }
 ]
}