{
 "pair": "xrpusd",
 "bids": [
  {
   "price": "0.18801",
   "amount": "2000"
  },
  {
   "price": "0.188",
   "amount": "40000"
  },
  {
   "price": "0.18789",
   "amount": "18821.76559021"
  },
  {
   "price": "0.18788",
   "amount": "21238"
  },
  {
   "price": "0.18786",
   "amount": "21266.98035462"
  },
  {
   "price": "0.18784",
   "amount": "23389"
  },
  {
   "price": "0.18781",
   "amount": "10000"
  },
  {
   "price": "0.1878",
   "amount": "957.10604199"
  },
  {
   "price": "0.18779",
   "amount": "20000"
  },
  {
   "price": "0.18778",
   "amount": "64354.03222565"
  },
  {
   "price": "0.18775",
   "amount": "65000"
  },
  {
   "price": "0.18773",
   "amount": "4893.75245682"
  },
  {
   "price": "0.18768",
   "amount": "4009.19591978"
  },
  {
   "price": "0.18764",
   "amount": "1465.58214"
  },
  {
   "price": "0.18761",
   "amount": "10657.5722"
  },
  {
   "price": "0.18759",
   "amount": "2000"
  },
  {
   "price": "0.18756",
   "amount": "30662.68593"
  },
  {
   "price": "0.18755",
   "amount": "70228.58124058"
  },
  {
   "price": "0.18754",
   "amount": "20000"
  },
  {
   "price": "0.18753",
   "amount": "10010"
  },
  {
   "price": "0.1875",
   "amount": "10662.68593"
  },
  {
   "price": "0.18747",
   "amount": "15000"
  },
  {
   "price": "0.18745",
   "amount": "8100"
  },
  {
   "price": "0.18744",
   "amount": "11277.41880042"
  },
  {
   "price": "0.1874",
   "amount": "10675.59324492"
  }
 ],
 "asks": [
  {
   "price": "0.18815",
   "amount": "65157.99899999"
  },
  {
   "price": "0.18823",
   "amount": "10625.86335"
  },
  {
   "price": "0.18826",
   "amount": "2190.57987918"
  },
  {
   "price": "0.18827",
   "amount": "3463.14896145"
  },
  {
   "price": "0.18828",
   "amount": "3000"
  },
  {
   "price": "0.18829",
   "amount": "13401.30045914"
  },
  {
   "price": "0.18834",
   "amount": "11391.87302539"
  },
  {
   "price": "0.1884",
   "amount": "105298.55725"
  },
  {
   "price": "0.18841",
   "amount": "6600"
  },
  {
   "price": "0.18842",
   "amount": "15000"
  },
  {
   "price": "0.18843",
   "amount": "55494.37991468"
  },
  {
   "price": "0.18844",
   "amount": "13361.8385"
  },
  {
   "price": "0.18845",
   "amount": "2000"
  },
  {
   "price": "0.18846",
   "amount": "10627.55725"
  },
  {
   "price": "0.1885",
   "amount": "10000"
  },
  {
   "price": "0.18856",
   "amount": "23000"
  },
  {
   "price": "0.18859",
   "amount": "14000"
  },
  {
   "price": "0.18864",
   "amount": "19558"
  },
  {
   "price": "0.18865",
   "amount": "20000"
  },
  {
   "price": "0.18868",
   "amount": "30000"
  },
  {
   "price": "0.1887",
   "amount": "10200"
  },
  {
   "price": "0.18872",
   "amount": "5000"
  },
  {
   "price": "0.18877",
   "amount": "21268.11112589"
  },
  {
   "price": "0.1888",
   "amount": "230.627114"
  },
  {
   "price": "0.18891",
   "amount": "708.3078227"
  }
 ]
}