{
 "pair": "xtzbtc",
 "bids": [
  {
   "price": "0.00021333",
   "amount": "251.32089423"
  },
  {
   "price": "0.00021332",
   "amount": "2300"
  },
  {
   "price": "0.00021331",
   "amount": "284.3"
  },
  {
   "price": "0.0002133",
   "amount": "339.59308186"
  },
  {
   "price": "0.00021327",
   "amount": "1760"
  },
  {
   "price": "0.00021326",
   "amount": "368.6"
  },
  {
   "price": "0.00021321",
   "amount": "385.5"
  },
  {
   "price": "0.00021272",
   "amount": "697.76500147"
  },
  {
   "price": "0.00021263",
   "amount": "679.48949435"
  },
  {
   "price": "0.00021254",
   "amount": "242.33469977"
  },
  {
   "price": "0.00021249",
   "amount": "17575"
  },
  {
   "price": "0.00021183",
   "amount": "93.60666479"
  },
  {
   "price": "0.00021117",
   "amount": "7012.84903582"
  },
  {
   "price": "0.00021072",
   "amount": "181.61432232"
  },
  {
   "price": "0.00021071",
   "amount": "17988"
  },
  {
   "price": "0.00021034",
   "amount": "1000"
  },
  {
   "price": "0.0002084",
   "amount": "17662"
  },
  {
   "price": "0.00020536",
   "amount": "8882"
  },
  {
   "price": "0.000204",
   "amount": "97.02088"
  },
  {
   "price": "0.000201",
   "amount": "300"
  },
  {
   "price": "0.00020056",
   "amount": "20"
  },
  {
   "price": "0.00019993",
   "amount": "8896"
  },
  {
   "price": "0.00019979",
   "amount": "20.11331898"
  },
  {
   "price": "0.00019679",
   "amount": "8970"
  },
  {
   "price": "0.0001965",
   "amount": "40"
  }
 ],
 "asks": [
  {
   "price": "0.00021453",
   "amount": "160.65641437"
  },
  {
   "price": "0.00021454",
   "amount": "723.95587067"
  },
  {
   "price": "0.00021455",
   "amount": "339.34687567"
  },
  {
   "price": "0.00021456",
   "amount": "264.1"
  },
  {
   "price": "0.00021463",
   "amount": "128.52026"
  },
  {
   "price": "0.00021466",
   "amount": "359.7"
  },
  {
   "price": "0.00021471",
   "amount": "263"
  },
  {
   "price": "0.00021482",
   "amount": "679.18616371"
  },
  {
   "price": "0.00021487",
   "amount": "1759"
  },
  {
   "price": "0.00021488",
   "amount": "2300"
  },
  {
   "price": "0.00021557",
   "amount": "1019.34087357"
  },
  {
   "price": "0.0002161",
   "amount": "17574"
  },
  {
   "price": "0.00021611",
   "amount": "93.57600711"
  },
  {
   "price": "0.00021684",
   "amount": "17987"
  },
  {
   "price": "0.00021754",
   "amount": "1000"
  },
  {
   "price": "0.00021949",
   "amount": "17661"
  },
  {
   "price": "0.00022016",
   "amount": "8881"
  },
  {
   "price": "0.0002212",
   "amount": "8895"
  },
  {
   "price": "0.00022371",
   "amount": "8969"
  },
  {
   "price": "0.00022468",
   "amount": "122.74486564"
  },
  {
   "price": "0.00022687",
   "amount": "8916"
  },
  {
   "price": "0.000236",
   "amount": "200"
  },
  {
   "price": "0.00023763",
   "amount": "1318"
  },
  {
   "price": "0.00023764",
   "amount": "35100"
  },
  {
   "price": "0.000238",
   "amount": "20"
  }
 ]
}