{
 "pair": "xtzusd",
 "bids": [
  {
   "price": "1.532",
   "amount": "311.0100749"
  },
  {
   "price": "1.5319",
   "amount": "150"
  },
  {
   "price": "1.5311",
   "amount": "2435"
  },
  {
   "price": "1.5302",
   "amount": "2300"
  },
  {
   "price": "1.5298",
   "amount": "546.5"
  },
  {
   "price": "1.5289",
   "amount": "339.74975528"
  },
  {
   "price": "1.5268",
   "amount": "956.25865552"
  },
  {
   "price": "1.5267",
   "amount": "678.53296532"
  },
  {
   "price": "1.5259",
   "amount": "207.80641695"
  },
  {
   "price": "1.5232",
   "amount": "21808"
  },
  {
   "price": "1.5229",
   "amount": "743.96073792"
  },
  {
   "price": "1.5219",
   "amount": "125"
  },
  {
   "price": "1.5196",
   "amount": "130"
  },
  {
   "price": "1.5163",
   "amount": "197.85002968"
  },
  {
   "price": "1.5162",
   "amount": "3213.66127904"
  },
  {
   "price": "1.5159",
   "amount": "22321"
  },
  {
   "price": "1.5135",
   "amount": "1200"
  },
  {
   "price": "1.5043",
   "amount": "175"
  },
  {
   "price": "1.5002",
   "amount": "21916"
  },
  {
   "price": "1.4973",
   "amount": "250"
  },
  {
   "price": "1.49",
   "amount": "32.87878788"
  },
  {
   "price": "1.4894",
   "amount": "33.69025829"
  },
  {
   "price": "1.4888",
   "amount": "34.5017287"
  },
  {
   "price": "1.4882",
   "amount": "35.31319911"
  },
  {
   "price": "1.4876",
   "amount": "36.12466951"
  }
 ],
 "asks": [
  {
   "price": "1.5369",
   "amount": "809.22611718"
  },
  {
   "price": "1.537",
   "amount": "718.84180736"
  },
  {
   "price": "1.5372",
   "amount": "542.6"
  },
  {
   "price": "1.5376",
   "amount": "549.3"
  },
  {
   "price": "1.538",
   "amount": "666.4"
  },
  {
   "price": "1.5388",
   "amount": "203.45291952"
  },
  {
   "price": "1.54",
   "amount": "100"
  },
  {
   "price": "1.5416",
   "amount": "339.30046014"
  },
  {
   "price": "1.5425",
   "amount": "2300"
  },
  {
   "price": "1.5426",
   "amount": "207.80641695"
  },
  {
   "price": "1.5444",
   "amount": "2184"
  },
  {
   "price": "1.5452",
   "amount": "4000"
  },
  {
   "price": "1.5455",
   "amount": "40"
  },
  {
   "price": "1.5456",
   "amount": "679.46890529"
  },
  {
   "price": "1.5459",
   "amount": "100"
  },
  {
   "price": "1.5468",
   "amount": "1019.34087357"
  },
  {
   "price": "1.5471",
   "amount": "125"
  },
  {
   "price": "1.5496",
   "amount": "130"
  },
  {
   "price": "1.55",
   "amount": "400"
  },
  {
   "price": "1.551",
   "amount": "207.80641695"
  },
  {
   "price": "1.5525",
   "amount": "35100"
  },
  {
   "price": "1.5529",
   "amount": "21807"
  },
  {
   "price": "1.555",
   "amount": "25"
  },
  {
   "price": "1.5553",
   "amount": "1200"
  },
  {
   "price": "1.5567",
   "amount": "22320"
  }
 ]
}