{
 "pair": "xvgbtc",
 "bids": [
  {
   "price": "5.6e-7",
   "amount": "30000"
  },
  {
   "price": "5.4e-7",
   "amount": "93296"
  },
  {
   "price": "5.2e-7",
   "amount": "30000"
  },
  {
   "price": "5e-7",
   "amount": "10000"
  },
  {
   "price": "4.9e-7",
   "amount": "65752.646464"
  },
  {
   "price": "4.6e-7",
   "amount": "5779.413043"
  },
  {
   "price": "4.3e-7",
   "amount": "90202.1627907"
  },
  {
   "price": "4.2e-7",
   "amount": "30000"
  },
  {
   "price": "4e-7",
   "amount": "205886.92345965"
  },
  {
   "price": "3.7e-7",
   "amount": "13789.837837"
  },
  {
   "price": "3.6e-7",
   "amount": "75627.80096151"
  },
  {
   "price": "3e-7",
   "amount": "210000"
  },
  {
   "price": "2.3e-7",
   "amount": "3279.14610779"
  },
  {
   "price": "2.2e-7",
   "amount": "200000"
  },
  {
   "price": "2.1e-7",
   "amount": "16154.86256226"
  },
  {
   "price": "1.9e-7",
   "amount": "45894.73684211"
  },
  {
   "price": "1.5e-7",
   "amount": "200000"
  },
  {
   "price": "1.4e-7",
   "amount": "1677.54927913"
  },
  {
   "price": "1.1e-7",
   "amount": "5789.30820658"
  },
  {
   "price": "9e-8",
   "amount": "10000"
  },
  {
   "price": "6e-8",
   "amount": "200000"
  },
  {
   "price": "5e-8",
   "amount": "100000"
  },
  {
   "price": "3e-8",
   "amount": "340000"
  },
  {
   "price": "2e-8",
   "amount": "210811"
  },
  {
   "price": "1e-8",
   "amount": "925518.01003937"
  }
 ],
 "asks": [
  {
   "price": "6e-7",
   "amount": "8955.72341931"
  },
  {
   "price": "6.4e-7",
   "amount": "12000"
  },
  {
   "price": "6.5e-7",
   "amount": "17381.83077"
  },
  {
   "price": "6.6e-7",
   "amount": "3365.24062543"
  },
  {
   "price": "6.8e-7",
   "amount": "26054.54545454"
  },
  {
   "price": "6.9e-7",
   "amount": "21396.6"
  },
  {
   "price": "7e-7",
   "amount": "25794"
  },
  {
   "price": "7.2e-7",
   "amount": "24049.882649"
  },
  {
   "price": "7.4e-7",
   "amount": "888"
  },
  {
   "price": "7.5e-7",
   "amount": "18668.57142857"
  },
  {
   "price": "7.6e-7",
   "amount": "444"
  },
  {
   "price": "7.8e-7",
   "amount": "444"
  },
  {
   "price": "7.9e-7",
   "amount": "444"
  },
  {
   "price": "8e-7",
   "amount": "10000"
  },
  {
   "price": "8.2e-7",
   "amount": "444"
  },
  {
   "price": "8.5e-7",
   "amount": "444"
  },
  {
   "price": "8.6e-7",
   "amount": "444"
  },
  {
   "price": "8.9e-7",
   "amount": "444"
  },
  {
   "price": "9e-7",
   "amount": "10000"
  },
  {
   "price": "9.1e-7",
   "amount": "444"
  },
  {
   "price": "9.2e-7",
   "amount": "444"
  },
  {
   "price": "9.4e-7",
   "amount": "2327.507245"
  },
  {
   "price": "9.5e-7",
   "amount": "80444"
  },
  {
   "price": "9.6e-7",
   "amount": "444"
  },
  {
   "price": "9.7e-7",
   "amount": "4662.850787"
  }
 ]
}