{
 "pair": "xvgeth",
 "bids": [
  {
   "price": "0.00002661",
   "amount": "33333"
  },
  {
   "price": "0.0000266",
   "amount": "6766.91729323"
  },
  {
   "price": "0.00002655",
   "amount": "1318.26741996"
  },
  {
   "price": "0.00002578",
   "amount": "1414.940847"
  },
  {
   "price": "0.00002009",
   "amount": "234286.29127541"
  },
  {
   "price": "0.0000135",
   "amount": "10000"
  },
  {
   "price": "0.00001346",
   "amount": "75000"
  },
  {
   "price": "0.00001151",
   "amount": "100000"
  },
  {
   "price": "0.000011",
   "amount": "1300"
  },
  {
   "price": "0.00001",
   "amount": "5000"
  },
  {
   "price": "0.00000522",
   "amount": "284"
  },
  {
   "price": "0.0000026",
   "amount": "100000"
  },
  {
   "price": "0.0000025",
   "amount": "2348.288"
  },
  {
   "price": "0.000002",
   "amount": "25000"
  },
  {
   "price": "0.000001",
   "amount": "50000"
  },
  {
   "price": "4.1e-7",
   "amount": "10000"
  },
  {
   "price": "4e-7",
   "amount": "200000"
  },
  {
   "price": "3e-7",
   "amount": "33333.333"
  },
  {
   "price": "2.4e-7",
   "amount": "21000"
  },
  {
   "price": "2e-7",
   "amount": "250000"
  },
  {
   "price": "1e-7",
   "amount": "500000"
  },
  {
   "price": "2e-8",
   "amount": "110000"
  }
 ],
 "asks": [
  {
   "price": "0.0000529",
   "amount": "53668.57142857"
  },
  {
   "price": "0.0000537",
   "amount": "35000"
  },
  {
   "price": "0.000056",
   "amount": "44067.41452286"
  },
  {
   "price": "0.00006055",
   "amount": "9950"
  },
  {
   "price": "0.0000699",
   "amount": "9990"
  },
  {
   "price": "0.00007",
   "amount": "798.4"
  },
  {
   "price": "0.0000702",
   "amount": "15000"
  },
  {
   "price": "0.000075",
   "amount": "500"
  },
  {
   "price": "0.00007749",
   "amount": "800"
  },
  {
   "price": "0.0000798",
   "amount": "16285"
  },
  {
   "price": "0.00008",
   "amount": "4446.05"
  },
  {
   "price": "0.00008175",
   "amount": "4449.40063052"
  },
  {
   "price": "0.00008409",
   "amount": "782.59130435"
  },
  {
   "price": "0.00008478",
   "amount": "25000"
  },
  {
   "price": "0.000087",
   "amount": "328.28291883"
  },
  {
   "price": "0.0000888",
   "amount": "9990"
  },
  {
   "price": "0.00009",
   "amount": "500"
  },
  {
   "price": "0.0000908",
   "amount": "29970"
  },
  {
   "price": "0.00009091",
   "amount": "782.59130435"
  },
  {
   "price": "0.000092",
   "amount": "190"
  },
  {
   "price": "0.000093",
   "amount": "12000"
  },
  {
   "price": "0.0000976",
   "amount": "9990"
  },
  {
   "price": "0.00009773",
   "amount": "782.59130435"
  },
  {
   "price": "0.0001",
   "amount": "1498"
  },
  {
   "price": "0.000101",
   "amount": "9990"
  }
 ]
}