{
 "pair": "xvgeur",
 "bids": [
  {
   "price": "0.0035176",
   "amount": "32463.46657311"
  },
  {
   "price": "0.0034289",
   "amount": "12000"
  },
  {
   "price": "0.0034255",
   "amount": "40209.984065"
  },
  {
   "price": "0.0033209",
   "amount": "2026.57797959"
  },
  {
   "price": "0.0032965",
   "amount": "10000"
  },
  {
   "price": "0.0030649",
   "amount": "1300"
  },
  {
   "price": "0.0030483",
   "amount": "760"
  },
  {
   "price": "0.0030448",
   "amount": "2739"
  },
  {
   "price": "0.0030018",
   "amount": "2996.39832921"
  },
  {
   "price": "0.0029748",
   "amount": "134220.62615439"
  },
  {
   "price": "0.0028941",
   "amount": "93446.25771487"
  },
  {
   "price": "0.002894",
   "amount": "208727.85045418"
  },
  {
   "price": "0.0028937",
   "amount": "3195"
  },
  {
   "price": "0.0027043",
   "amount": "105859.401076"
  },
  {
   "price": "0.0025872",
   "amount": "174212.57100361"
  },
  {
   "price": "0.0025865",
   "amount": "167766.95153584"
  },
  {
   "price": "0.0025864",
   "amount": "16100"
  },
  {
   "price": "0.0025256",
   "amount": "60000"
  },
  {
   "price": "0.0025111",
   "amount": "11659.07000504"
  },
  {
   "price": "0.00229",
   "amount": "1700"
  },
  {
   "price": "0.0022702",
   "amount": "5000"
  },
  {
   "price": "0.0020631",
   "amount": "2000"
  },
  {
   "price": "0.0019251",
   "amount": "10000"
  },
  {
   "price": "0.001907",
   "amount": "12465.539023"
  },
  {
   "price": "0.0018161",
   "amount": "5000"
  }
 ],
 "asks": [
  {
   "price": "0.0040558",
   "amount": "10000"
  },
  {
   "price": "0.0040559",
   "amount": "7611.91731705"
  },
  {
   "price": "0.0040566",
   "amount": "6608"
  },
  {
   "price": "0.0042443",
   "amount": "20000"
  },
  {
   "price": "0.0043191",
   "amount": "3915.062642"
  },
  {
   "price": "0.0045074",
   "amount": "27960.71679442"
  },
  {
   "price": "0.0045974",
   "amount": "37337.14285714"
  },
  {
   "price": "0.0045975",
   "amount": "28870.27098"
  },
  {
   "price": "0.0045976",
   "amount": "18668.57142857"
  },
  {
   "price": "0.0047777",
   "amount": "5993.98801201"
  },
  {
   "price": "0.0047778",
   "amount": "5000"
  },
  {
   "price": "0.0048459",
   "amount": "4907.943027"
  },
  {
   "price": "0.0048472",
   "amount": "1750"
  },
  {
   "price": "0.0048734",
   "amount": "91478.63252705"
  },
  {
   "price": "0.004946",
   "amount": "1000"
  },
  {
   "price": "0.0049581",
   "amount": "1000"
  },
  {
   "price": "0.0049638",
   "amount": "4500"
  },
  {
   "price": "0.0049643",
   "amount": "9989.99999999"
  },
  {
   "price": "0.0049686",
   "amount": "5000"
  },
  {
   "price": "0.0052015",
   "amount": "3999"
  },
  {
   "price": "0.0053548",
   "amount": "1000"
  },
  {
   "price": "0.0053638",
   "amount": "4000"
  },
  {
   "price": "0.0054088",
   "amount": "107617.545343"
  },
  {
   "price": "0.0054972",
   "amount": "2000"
  },
  {
   "price": "0.0055891",
   "amount": "900"
  }
 ]
}