{
 "pair": "xvggbp",
 "bids": [
  {
   "price": "0.0029961",
   "amount": "30000"
  },
  {
   "price": "0.002996",
   "amount": "2463.46657311"
  },
  {
   "price": "0.0029205",
   "amount": "12000"
  },
  {
   "price": "0.0029176",
   "amount": "40209.984065"
  },
  {
   "price": "0.0028285",
   "amount": "2026.57797959"
  },
  {
   "price": "0.0028077",
   "amount": "10000"
  },
  {
   "price": "0.0026105",
   "amount": "1300"
  },
  {
   "price": "0.0025963",
   "amount": "760"
  },
  {
   "price": "0.0025934",
   "amount": "2739"
  },
  {
   "price": "0.0025567",
   "amount": "2996.39832921"
  },
  {
   "price": "0.0025338",
   "amount": "129220.62615439"
  },
  {
   "price": "0.0025337",
   "amount": "5000"
  },
  {
   "price": "0.0024649",
   "amount": "302174.10816905"
  },
  {
   "price": "0.0024646",
   "amount": "3195"
  },
  {
   "price": "0.0023034",
   "amount": "105859.401076"
  },
  {
   "price": "0.0022036",
   "amount": "174212.57100361"
  },
  {
   "price": "0.0022029",
   "amount": "167766.95153584"
  },
  {
   "price": "0.0021853",
   "amount": "16100"
  },
  {
   "price": "0.0021429",
   "amount": "11659.07000504"
  },
  {
   "price": "0.0021341",
   "amount": "60000"
  },
  {
   "price": "0.0019482",
   "amount": "1700"
  },
  {
   "price": "0.0019335",
   "amount": "5000"
  },
  {
   "price": "0.0017571",
   "amount": "2000"
  },
  {
   "price": "0.0016396",
   "amount": "10000"
  },
  {
   "price": "0.0016242",
   "amount": "11707.539023"
  }
 ],
 "asks": [
  {
   "price": "0.0034545",
   "amount": "17611.91731705"
  },
  {
   "price": "0.0034552",
   "amount": "6608"
  },
  {
   "price": "0.003615",
   "amount": "20000"
  },
  {
   "price": "0.0036787",
   "amount": "3915.062642"
  },
  {
   "price": "0.003839",
   "amount": "18668.57142857"
  },
  {
   "price": "0.0038391",
   "amount": "9292.14536585"
  },
  {
   "price": "0.0039158",
   "amount": "66207.41383714"
  },
  {
   "price": "0.0039159",
   "amount": "18668.57142857"
  },
  {
   "price": "0.0040693",
   "amount": "5993.98801201"
  },
  {
   "price": "0.0040694",
   "amount": "5000"
  },
  {
   "price": "0.0041274",
   "amount": "4907.943027"
  },
  {
   "price": "0.0041285",
   "amount": "1750"
  },
  {
   "price": "0.0041508",
   "amount": "91478.63252705"
  },
  {
   "price": "0.0042126",
   "amount": "1000"
  },
  {
   "price": "0.004223",
   "amount": "1000"
  },
  {
   "price": "0.0042278",
   "amount": "4500"
  },
  {
   "price": "0.0042283",
   "amount": "9989.99999999"
  },
  {
   "price": "0.0042319",
   "amount": "5000"
  },
  {
   "price": "0.0044303",
   "amount": "3999"
  },
  {
   "price": "0.0045608",
   "amount": "1000"
  },
  {
   "price": "0.0045685",
   "amount": "4000"
  },
  {
   "price": "0.0046069",
   "amount": "107617.545343"
  },
  {
   "price": "0.0046821",
   "amount": "2000"
  },
  {
   "price": "0.0047604",
   "amount": "900"
  },
  {
   "price": "0.0047758",
   "amount": "20000"
  }
 ]
}