{
 "pair": "xvgjpy",
 "bids": [
  {
   "price": "0.42673",
   "amount": "30000"
  },
  {
   "price": "0.42672",
   "amount": "2463.46657311"
  },
  {
   "price": "0.41597",
   "amount": "12000"
  },
  {
   "price": "0.41556",
   "amount": "40209.984065"
  },
  {
   "price": "0.40287",
   "amount": "2026.57797959"
  },
  {
   "price": "0.39991",
   "amount": "10000"
  },
  {
   "price": "0.37181",
   "amount": "1300"
  },
  {
   "price": "0.3698",
   "amount": "760"
  },
  {
   "price": "0.36938",
   "amount": "2739"
  },
  {
   "price": "0.36416",
   "amount": "2996.39832921"
  },
  {
   "price": "0.36089",
   "amount": "129220.62615439"
  },
  {
   "price": "0.36088",
   "amount": "5000"
  },
  {
   "price": "0.35108",
   "amount": "302174.10816905"
  },
  {
   "price": "0.35104",
   "amount": "3195"
  },
  {
   "price": "0.32807",
   "amount": "105859.401076"
  },
  {
   "price": "0.31386",
   "amount": "174212.57100361"
  },
  {
   "price": "0.31377",
   "amount": "167766.95153584"
  },
  {
   "price": "0.31246",
   "amount": "16100"
  },
  {
   "price": "0.30573",
   "amount": "11659.07000504"
  },
  {
   "price": "0.30477",
   "amount": "60000"
  },
  {
   "price": "0.27892",
   "amount": "1700"
  },
  {
   "price": "0.27361",
   "amount": "5000"
  },
  {
   "price": "0.24866",
   "amount": "2000"
  },
  {
   "price": "0.23202",
   "amount": "10000"
  },
  {
   "price": "0.22984",
   "amount": "11707.539023"
  }
 ],
 "asks": [
  {
   "price": "0.49202",
   "amount": "10000"
  },
  {
   "price": "0.49203",
   "amount": "7611.91731705"
  },
  {
   "price": "0.49212",
   "amount": "6608"
  },
  {
   "price": "0.51489",
   "amount": "20000"
  },
  {
   "price": "0.52395",
   "amount": "3915.062642"
  },
  {
   "price": "0.5468",
   "amount": "27960.71679442"
  },
  {
   "price": "0.55772",
   "amount": "37337.14285714"
  },
  {
   "price": "0.55773",
   "amount": "28870.27098"
  },
  {
   "price": "0.55774",
   "amount": "18668.57142857"
  },
  {
   "price": "0.57959",
   "amount": "5993.98801201"
  },
  {
   "price": "0.57961",
   "amount": "5000"
  },
  {
   "price": "0.58786",
   "amount": "4907.943027"
  },
  {
   "price": "0.58803",
   "amount": "1750"
  },
  {
   "price": "0.5912",
   "amount": "91478.63252705"
  },
  {
   "price": "0.6",
   "amount": "1000"
  },
  {
   "price": "0.60148",
   "amount": "1000"
  },
  {
   "price": "0.60216",
   "amount": "4500"
  },
  {
   "price": "0.60223",
   "amount": "9989.99999999"
  },
  {
   "price": "0.60275",
   "amount": "5000"
  },
  {
   "price": "0.631",
   "amount": "3999"
  },
  {
   "price": "0.64959",
   "amount": "1000"
  },
  {
   "price": "0.65069",
   "amount": "4000"
  },
  {
   "price": "0.65616",
   "amount": "107617.545343"
  },
  {
   "price": "0.66687",
   "amount": "2000"
  },
  {
   "price": "0.67803",
   "amount": "900"
  }
 ]
}