{
 "pair": "xvgusd",
 "bids": [
  {
   "price": "0.0039022",
   "amount": "30000"
  },
  {
   "price": "0.0039021",
   "amount": "2463.46657311"
  },
  {
   "price": "0.0038038",
   "amount": "12000"
  },
  {
   "price": "0.0038",
   "amount": "40209.984065"
  },
  {
   "price": "0.003684",
   "amount": "2026.57797959"
  },
  {
   "price": "0.0036569",
   "amount": "10000"
  },
  {
   "price": "0.0034",
   "amount": "1300"
  },
  {
   "price": "0.0033816",
   "amount": "760"
  },
  {
   "price": "0.0033777",
   "amount": "2739"
  },
  {
   "price": "0.00333",
   "amount": "2996.39832921"
  },
  {
   "price": "0.0033",
   "amount": "134220.62615439"
  },
  {
   "price": "0.0032104",
   "amount": "186892.55724141"
  },
  {
   "price": "0.0032103",
   "amount": "115281.55092764"
  },
  {
   "price": "0.00321",
   "amount": "3195"
  },
  {
   "price": "0.003",
   "amount": "105859.401076"
  },
  {
   "price": "0.0028701",
   "amount": "174212.57100361"
  },
  {
   "price": "0.00287",
   "amount": "16100"
  },
  {
   "price": "0.0028692",
   "amount": "167766.95153584"
  },
  {
   "price": "0.0028",
   "amount": "60000"
  },
  {
   "price": "0.0027957",
   "amount": "11659.07000504"
  },
  {
   "price": "0.002546",
   "amount": "1700"
  },
  {
   "price": "0.0025",
   "amount": "5000"
  },
  {
   "price": "0.002272",
   "amount": "2000"
  },
  {
   "price": "0.00212",
   "amount": "10000"
  },
  {
   "price": "0.0021001",
   "amount": "11707.539023"
  }
 ],
 "asks": [
  {
   "price": "0.0044991",
   "amount": "10000"
  },
  {
   "price": "0.0044992",
   "amount": "7611.91731705"
  },
  {
   "price": "0.0045",
   "amount": "6608"
  },
  {
   "price": "0.0047082",
   "amount": "20000"
  },
  {
   "price": "0.0047911",
   "amount": "3915.062642"
  },
  {
   "price": "0.005",
   "amount": "27960.71679442"
  },
  {
   "price": "0.0050999",
   "amount": "18668.57142857"
  },
  {
   "price": "0.0051",
   "amount": "47538.84240857"
  },
  {
   "price": "0.0051002",
   "amount": "18668.57142857"
  },
  {
   "price": "0.0052999",
   "amount": "5993.98801201"
  },
  {
   "price": "0.0053",
   "amount": "5000"
  },
  {
   "price": "0.0053755",
   "amount": "4907.943027"
  },
  {
   "price": "0.005377",
   "amount": "1750"
  },
  {
   "price": "0.005406",
   "amount": "91478.63252705"
  },
  {
   "price": "0.0054866",
   "amount": "1000"
  },
  {
   "price": "0.0055",
   "amount": "1000"
  },
  {
   "price": "0.0055063",
   "amount": "4500"
  },
  {
   "price": "0.0055069",
   "amount": "9989.99999999"
  },
  {
   "price": "0.0055116",
   "amount": "5000"
  },
  {
   "price": "0.00577",
   "amount": "3999"
  },
  {
   "price": "0.00594",
   "amount": "1000"
  },
  {
   "price": "0.00595",
   "amount": "4000"
  },
  {
   "price": "0.006",
   "amount": "107617.545343"
  },
  {
   "price": "0.006098",
   "amount": "2000"
  },
  {
   "price": "0.0062",
   "amount": "900"
  }
 ]
}