{
 "pair": "yggeth",
 "bids": [
  {
   "price": "0.0000015",
   "amount": "40100"
  },
  {
   "price": "0.00000125",
   "amount": "80000"
  },
  {
   "price": "0.00000111",
   "amount": "92100"
  },
  {
   "price": "0.0000011",
   "amount": "95404.84545455"
  },
  {
   "price": "0.000001",
   "amount": "10000"
  },
  {
   "price": "5e-7",
   "amount": "20000"
  },
  {
   "price": "2e-7",
   "amount": "300000"
  },
  {
   "price": "1e-7",
   "amount": "100000"
  },
  {
   "price": "5e-8",
   "amount": "200000"
  },
  {
   "price": "2e-8",
   "amount": "500000"
  }
 ],
 "asks": [
  {
   "price": "0.00000344",
   "amount": "99900"
  },
  {
   "price": "0.00000345",
   "amount": "10150.61977224"
  },
  {
   "price": "0.00000348",
   "amount": "9850"
  },
  {
   "price": "0.0000035",
   "amount": "14462.36751008"
  },
  {
   "price": "0.000004",
   "amount": "17305.2680651"
  },
  {
   "price": "0.000005",
   "amount": "9038.54"
  },
  {
   "price": "0.0000055",
   "amount": "312236.96"
  },
  {
   "price": "0.00000596",
   "amount": "36754"
  },
  {
   "price": "0.00000635",
   "amount": "90000"
  },
  {
   "price": "0.00000678",
   "amount": "99900"
  },
  {
   "price": "0.0000074",
   "amount": "24775.15559944"
  },
  {
   "price": "0.000008",
   "amount": "29960"
  },
  {
   "price": "0.0000084",
   "amount": "49950"
  },
  {
   "price": "0.00000974",
   "amount": "97670.57671344"
  },
  {
   "price": "0.00001",
   "amount": "1355437.9393585"
  },
  {
   "price": "0.000012",
   "amount": "858049"
  },
  {
   "price": "0.00001274",
   "amount": "99900"
  },
  {
   "price": "0.000013",
   "amount": "249972.477"
  },
  {
   "price": "0.00001489",
   "amount": "11971"
  },
  {
   "price": "0.000015",
   "amount": "228356"
  },
  {
   "price": "0.00001503",
   "amount": "49000"
  },
  {
   "price": "0.0000193",
   "amount": "56629.60495816"
  },
  {
   "price": "0.00001965",
   "amount": "20000"
  },
  {
   "price": "0.00002",
   "amount": "37000"
  },
  {
   "price": "0.000023",
   "amount": "30000"
  }
 ]
}