{
 "pair": "yggusd",
 "bids": [
  {
   "price": "0.000171",
   "amount": "60087"
  },
  {
   "price": "0.00016109",
   "amount": "30000"
  },
  {
   "price": "0.00015",
   "amount": "63918.18472355"
  },
  {
   "price": "0.000101",
   "amount": "965000"
  },
  {
   "price": "0.0001",
   "amount": "200000"
  },
  {
   "price": "0.000069",
   "amount": "23486.007826"
  },
  {
   "price": "0.000056",
   "amount": "32911.434399"
  },
  {
   "price": "0.00005",
   "amount": "10000"
  },
  {
   "price": "0.00002121",
   "amount": "50000"
  },
  {
   "price": "0.0000133",
   "amount": "50000"
  },
  {
   "price": "0.000012",
   "amount": "1000000"
  },
  {
   "price": "0.000011",
   "amount": "1050000"
  },
  {
   "price": "0.00001",
   "amount": "400000"
  },
  {
   "price": "0.000007",
   "amount": "30000"
  },
  {
   "price": "0.00000121",
   "amount": "1000000"
  },
  {
   "price": "0.0000011",
   "amount": "900000"
  },
  {
   "price": "0.000001",
   "amount": "10500000"
  },
  {
   "price": "4.5e-7",
   "amount": "1000000"
  },
  {
   "price": "1.2e-7",
   "amount": "2000000"
  },
  {
   "price": "1.1e-7",
   "amount": "9000000"
  },
  {
   "price": "1e-7",
   "amount": "10100000"
  },
  {
   "price": "2e-8",
   "amount": "129000000"
  },
  {
   "price": "1e-8",
   "amount": "11500000"
  }
 ],
 "asks": [
  {
   "price": "0.000325",
   "amount": "24000"
  },
  {
   "price": "0.00034999",
   "amount": "104367.94189344"
  },
  {
   "price": "0.00035",
   "amount": "19593.0539683"
  },
  {
   "price": "0.000357",
   "amount": "40000"
  },
  {
   "price": "0.000372",
   "amount": "285082.451273"
  },
  {
   "price": "0.000469",
   "amount": "34980"
  },
  {
   "price": "0.000489",
   "amount": "28705.19563726"
  },
  {
   "price": "0.000538",
   "amount": "12475"
  },
  {
   "price": "0.00056996",
   "amount": "15108"
  },
  {
   "price": "0.00056998",
   "amount": "23312.142134"
  },
  {
   "price": "0.00057",
   "amount": "100000"
  },
  {
   "price": "0.00058",
   "amount": "100000"
  },
  {
   "price": "0.00059",
   "amount": "100000"
  },
  {
   "price": "0.00064379",
   "amount": "813696.02165"
  },
  {
   "price": "0.00067498",
   "amount": "11987.82"
  },
  {
   "price": "0.00067499",
   "amount": "150000"
  },
  {
   "price": "0.00067999",
   "amount": "250000"
  },
  {
   "price": "0.00074",
   "amount": "79581.9892619"
  },
  {
   "price": "0.00074333",
   "amount": "6054"
  },
  {
   "price": "0.00074334",
   "amount": "200000"
  },
  {
   "price": "0.0008",
   "amount": "6087.92"
  },
  {
   "price": "0.00082347",
   "amount": "200000"
  },
  {
   "price": "0.00085",
   "amount": "22000.826404"
  },
  {
   "price": "0.00088",
   "amount": "100000"
  },
  {
   "price": "0.00091568",
   "amount": "200000"
  }
 ]
}