{
 "pair": "yywbtc",
 "bids": [
  {
   "price": "0.00000105",
   "amount": "8721.8736"
  },
  {
   "price": "0.00000102",
   "amount": "350"
  },
  {
   "price": "0.00000101",
   "amount": "5000"
  },
  {
   "price": "0.000001",
   "amount": "5000"
  },
  {
   "price": "9e-7",
   "amount": "46666.66666656"
  },
  {
   "price": "7.4e-7",
   "amount": "50000"
  },
  {
   "price": "7.1e-7",
   "amount": "50000"
  },
  {
   "price": "6.4e-7",
   "amount": "100"
  },
  {
   "price": "6.3e-7",
   "amount": "25000"
  },
  {
   "price": "6.2e-7",
   "amount": "270"
  },
  {
   "price": "6.1e-7",
   "amount": "6300"
  },
  {
   "price": "5.9e-7",
   "amount": "4500"
  },
  {
   "price": "5.2e-7",
   "amount": "18269.23076923"
  },
  {
   "price": "4.1e-7",
   "amount": "18200"
  },
  {
   "price": "3.1e-7",
   "amount": "1000"
  },
  {
   "price": "2.6e-7",
   "amount": "51"
  },
  {
   "price": "2.4e-7",
   "amount": "2083.33"
  },
  {
   "price": "2.1e-7",
   "amount": "2000"
  },
  {
   "price": "1.1e-7",
   "amount": "70000"
  },
  {
   "price": "1e-7",
   "amount": "100000"
  },
  {
   "price": "9e-8",
   "amount": "10000"
  },
  {
   "price": "8e-8",
   "amount": "88"
  },
  {
   "price": "3e-8",
   "amount": "100000"
  },
  {
   "price": "2e-8",
   "amount": "200000"
  },
  {
   "price": "1e-8",
   "amount": "201000"
  }
 ],
 "asks": [
  {
   "price": "0.00000156",
   "amount": "35578.20086227"
  },
  {
   "price": "0.00000162",
   "amount": "14421.981303"
  },
  {
   "price": "0.00000163",
   "amount": "3158.30218665"
  },
  {
   "price": "0.00000164",
   "amount": "1793.52441946"
  },
  {
   "price": "0.00000194",
   "amount": "9692.75329386"
  },
  {
   "price": "0.00000195",
   "amount": "24558.816643"
  },
  {
   "price": "0.00000198",
   "amount": "300"
  },
  {
   "price": "0.000002",
   "amount": "149.5622924"
  },
  {
   "price": "0.0000021",
   "amount": "874.768234"
  },
  {
   "price": "0.00000215",
   "amount": "459.413043"
  },
  {
   "price": "0.00000218",
   "amount": "1735.65332928"
  },
  {
   "price": "0.00000219",
   "amount": "28141.714285"
  },
  {
   "price": "0.00000223",
   "amount": "16000"
  },
  {
   "price": "0.00000224",
   "amount": "748.5"
  },
  {
   "price": "0.00000226",
   "amount": "12519.037756"
  },
  {
   "price": "0.00000233",
   "amount": "2986.146292"
  },
  {
   "price": "0.00000241",
   "amount": "1465"
  },
  {
   "price": "0.0000025",
   "amount": "14570.592105"
  },
  {
   "price": "0.0000027",
   "amount": "19492.017"
  },
  {
   "price": "0.0000028",
   "amount": "440"
  },
  {
   "price": "0.00000281",
   "amount": "5106.888"
  },
  {
   "price": "0.00000283",
   "amount": "3784.2360237"
  },
  {
   "price": "0.00000289",
   "amount": "219.59223735"
  },
  {
   "price": "0.00000292",
   "amount": "434.34782609"
  },
  {
   "price": "0.00000299",
   "amount": "10491.72459007"
  }
 ]
}