{
 "pair": "yyweth",
 "bids": [
  {
   "price": "0.000063",
   "amount": "1002"
  },
  {
   "price": "0.00006181",
   "amount": "566.25141562"
  },
  {
   "price": "0.0000618",
   "amount": "1000"
  },
  {
   "price": "0.00006132",
   "amount": "2935.42074364"
  },
  {
   "price": "0.000061",
   "amount": "1050"
  },
  {
   "price": "0.00006",
   "amount": "3214.1129125"
  },
  {
   "price": "0.00004251",
   "amount": "41140.62957823"
  },
  {
   "price": "0.000042",
   "amount": "1000"
  },
  {
   "price": "0.00002413",
   "amount": "284.65188562"
  },
  {
   "price": "0.0000221",
   "amount": "510"
  },
  {
   "price": "0.00001801",
   "amount": "2000"
  },
  {
   "price": "0.000018",
   "amount": "88"
  },
  {
   "price": "0.00001",
   "amount": "1000"
  },
  {
   "price": "0.00000691",
   "amount": "1447.18"
  },
  {
   "price": "0.00000514",
   "amount": "2000"
  },
  {
   "price": "0.00000501",
   "amount": "2000"
  },
  {
   "price": "0.00000341",
   "amount": "4000"
  },
  {
   "price": "0.00000331",
   "amount": "150000"
  },
  {
   "price": "0.0000021",
   "amount": "5000"
  },
  {
   "price": "0.00000201",
   "amount": "58"
  },
  {
   "price": "0.000002",
   "amount": "5000"
  },
  {
   "price": "0.00000101",
   "amount": "20000"
  },
  {
   "price": "0.000001",
   "amount": "11000"
  },
  {
   "price": "5e-7",
   "amount": "20000"
  },
  {
   "price": "3.1e-7",
   "amount": "5000"
  }
 ],
 "asks": [
  {
   "price": "0.00007941",
   "amount": "25912.71328639"
  },
  {
   "price": "0.00014934",
   "amount": "2708.354619"
  },
  {
   "price": "0.00016398",
   "amount": "1500"
  },
  {
   "price": "0.000164",
   "amount": "5236.36490019"
  },
  {
   "price": "0.00016876",
   "amount": "228"
  },
  {
   "price": "0.00019",
   "amount": "20000"
  },
  {
   "price": "0.00019114",
   "amount": "946.488422"
  },
  {
   "price": "0.000192",
   "amount": "3849.6005974"
  },
  {
   "price": "0.0001983",
   "amount": "3442.96894858"
  },
  {
   "price": "0.0001984",
   "amount": "159.4191513"
  },
  {
   "price": "0.0002",
   "amount": "10189.8"
  },
  {
   "price": "0.00020358",
   "amount": "1000"
  },
  {
   "price": "0.000205",
   "amount": "9990"
  },
  {
   "price": "0.00020785",
   "amount": "330"
  },
  {
   "price": "0.00020979",
   "amount": "1001"
  },
  {
   "price": "0.00021415",
   "amount": "200"
  },
  {
   "price": "0.00022",
   "amount": "1350"
  },
  {
   "price": "0.0002244",
   "amount": "5371.623"
  },
  {
   "price": "0.0002292",
   "amount": "396.68823066"
  },
  {
   "price": "0.00022949",
   "amount": "9990"
  },
  {
   "price": "0.0002333",
   "amount": "2344.72740879"
  },
  {
   "price": "0.00023711",
   "amount": "1000"
  },
  {
   "price": "0.0002382",
   "amount": "510"
  },
  {
   "price": "0.0002398",
   "amount": "3000"
  },
  {
   "price": "0.00024859",
   "amount": "144"
  }
 ]
}