{
 "pair": "yywusd",
 "bids": [
  {
   "price": "0.00829",
   "amount": "1200"
  },
  {
   "price": "0.00826",
   "amount": "1210.38852261"
  },
  {
   "price": "0.008188",
   "amount": "5000"
  },
  {
   "price": "0.008144",
   "amount": "800"
  },
  {
   "price": "0.008138",
   "amount": "10000"
  },
  {
   "price": "0.008",
   "amount": "11792.58781276"
  },
  {
   "price": "0.007712",
   "amount": "3000"
  },
  {
   "price": "0.00762",
   "amount": "10000"
  },
  {
   "price": "0.007208",
   "amount": "33566.47330806"
  },
  {
   "price": "0.0071554",
   "amount": "10000"
  },
  {
   "price": "0.0068439",
   "amount": "3500"
  },
  {
   "price": "0.006538",
   "amount": "10000"
  },
  {
   "price": "0.0065",
   "amount": "1000"
  },
  {
   "price": "0.006417",
   "amount": "50000"
  },
  {
   "price": "0.0063",
   "amount": "5400"
  },
  {
   "price": "0.0060295",
   "amount": "20000"
  },
  {
   "price": "0.006",
   "amount": "3000"
  },
  {
   "price": "0.0054634",
   "amount": "50000"
  },
  {
   "price": "0.005337",
   "amount": "1341.342"
  },
  {
   "price": "0.0051176",
   "amount": "40000"
  },
  {
   "price": "0.005",
   "amount": "4394"
  },
  {
   "price": "0.0049316",
   "amount": "6666"
  },
  {
   "price": "0.0048964",
   "amount": "45385.95250252"
  },
  {
   "price": "0.0048963",
   "amount": "6666"
  },
  {
   "price": "0.004861",
   "amount": "50000"
  }
 ],
 "asks": [
  {
   "price": "0.011156",
   "amount": "14619.2491"
  },
  {
   "price": "0.011158",
   "amount": "20000"
  },
  {
   "price": "0.011604",
   "amount": "2553.847596"
  },
  {
   "price": "0.01174",
   "amount": "15100"
  },
  {
   "price": "0.011944",
   "amount": "5404.94"
  },
  {
   "price": "0.012",
   "amount": "8503"
  },
  {
   "price": "0.0126",
   "amount": "2000"
  },
  {
   "price": "0.012779",
   "amount": "7997.83151537"
  },
  {
   "price": "0.01278",
   "amount": "500"
  },
  {
   "price": "0.0129",
   "amount": "500"
  },
  {
   "price": "0.0133",
   "amount": "500"
  },
  {
   "price": "0.01349",
   "amount": "500"
  },
  {
   "price": "0.0136",
   "amount": "50500"
  },
  {
   "price": "0.013841",
   "amount": "689.31"
  },
  {
   "price": "0.014",
   "amount": "500"
  },
  {
   "price": "0.0142",
   "amount": "7156"
  },
  {
   "price": "0.014212",
   "amount": "18561.839475"
  },
  {
   "price": "0.0143",
   "amount": "500"
  },
  {
   "price": "0.014307",
   "amount": "1298.7"
  },
  {
   "price": "0.0144",
   "amount": "500"
  },
  {
   "price": "0.01449",
   "amount": "10339.65"
  },
  {
   "price": "0.0145",
   "amount": "53559.13756238"
  },
  {
   "price": "0.01465",
   "amount": "5664.648521"
  },
  {
   "price": "0.0147",
   "amount": "500"
  },
  {
   "price": "0.015",
   "amount": "18584.564"
  }
 ]
}