{
 "pair": "zbtusd",
 "bids": [
  {
   "price": "0.18253",
   "amount": "684.6"
  },
  {
   "price": "0.18213",
   "amount": "1899"
  },
  {
   "price": "0.17952",
   "amount": "832.185"
  },
  {
   "price": "0.16586",
   "amount": "908.7525"
  },
  {
   "price": "0.16345",
   "amount": "26.595"
  },
  {
   "price": "0.1496",
   "amount": "172.5"
  },
  {
   "price": "0.13856",
   "amount": "30"
  },
  {
   "price": "0.12863",
   "amount": "1727.65123092"
  },
  {
   "price": "0.0023",
   "amount": "40000"
  },
  {
   "price": "0.000011",
   "amount": "50000"
  },
  {
   "price": "0.0000011",
   "amount": "575000"
  },
  {
   "price": "1.1e-7",
   "amount": "25000"
  }
 ],
 "asks": [
  {
   "price": "0.19156",
   "amount": "1288.4655"
  },
  {
   "price": "0.19276",
   "amount": "1899"
  },
  {
   "price": "0.19337",
   "amount": "1379.385"
  },
  {
   "price": "0.19437",
   "amount": "899.01"
  },
  {
   "price": "0.19507",
   "amount": "455.4"
  },
  {
   "price": "0.19527",
   "amount": "146.892"
  },
  {
   "price": "0.19558",
   "amount": "997.6185"
  },
  {
   "price": "0.22288",
   "amount": "1899"
  },
  {
   "price": "0.22489",
   "amount": "1899"
  },
  {
   "price": "0.27309",
   "amount": "141.444"
  },
  {
   "price": "0.28192",
   "amount": "33.68025"
  },
  {
   "price": "0.30873",
   "amount": "79.116"
  },
  {
   "price": "0.31686",
   "amount": "79.212"
  },
  {
   "price": "0.64",
   "amount": "289.59347494"
  }
 ]
}