{
 "pair": "zbtust",
 "bids": [
  {
   "price": "0.1828",
   "amount": "912.8"
  },
  {
   "price": "0.1824",
   "amount": "20"
  },
  {
   "price": "0.1798",
   "amount": "5444.46"
  },
  {
   "price": "0.14471",
   "amount": "2012.13786601"
  },
  {
   "price": "0.1447",
   "amount": "3030.003"
  },
  {
   "price": "0.112",
   "amount": "30"
  }
 ],
 "asks": [
  {
   "price": "0.1866",
   "amount": "20"
  },
  {
   "price": "0.19",
   "amount": "1717.95401"
  },
  {
   "price": "0.1911",
   "amount": "9202.72001"
  },
  {
   "price": "0.1926",
   "amount": "1839.18"
  },
  {
   "price": "0.1935",
   "amount": "607.20001"
  },
  {
   "price": "0.2466",
   "amount": "41.48701"
  },
  {
   "price": "0.30302",
   "amount": "167.73673063"
  },
  {
   "price": "0.3065",
   "amount": "62.88901"
  },
  {
   "price": "0.331",
   "amount": "1583.728"
  }
 ]
}