{
 "pair": "zcnbtc",
 "bids": [
  {
   "price": "0.00000325",
   "amount": "91"
  },
  {
   "price": "0.00000131",
   "amount": "78753.32806754"
  },
  {
   "price": "0.00000123",
   "amount": "4000"
  },
  {
   "price": "6.8e-7",
   "amount": "50000"
  },
  {
   "price": "2.8e-7",
   "amount": "46186.35855257"
  },
  {
   "price": "2e-7",
   "amount": "25000"
  },
  {
   "price": "1e-7",
   "amount": "20000"
  },
  {
   "price": "9e-8",
   "amount": "10000"
  },
  {
   "price": "2e-8",
   "amount": "100000"
  }
 ],
 "asks": [
  {
   "price": "0.00000766",
   "amount": "5947.88990364"
  },
  {
   "price": "0.00000767",
   "amount": "7777"
  },
  {
   "price": "0.0000077",
   "amount": "3900"
  },
  {
   "price": "0.0000118",
   "amount": "5815.11"
  },
  {
   "price": "0.00001181",
   "amount": "2250"
  },
  {
   "price": "0.00001744",
   "amount": "1987.72376827"
  },
  {
   "price": "0.00002365",
   "amount": "2097.95400632"
  },
  {
   "price": "0.0000316",
   "amount": "2029.04677039"
  },
  {
   "price": "0.000033",
   "amount": "2594.37727318"
  },
  {
   "price": "0.000039",
   "amount": "665.05674283"
  },
  {
   "price": "0.00003965",
   "amount": "2059.0101863"
  },
  {
   "price": "0.000041",
   "amount": "308.62243637"
  },
  {
   "price": "0.00004541",
   "amount": "1624.00204943"
  },
  {
   "price": "0.00004771",
   "amount": "243.782908"
  },
  {
   "price": "0.00005185",
   "amount": "1402.7559798"
  },
  {
   "price": "0.0001385",
   "amount": "387.1528596"
  },
  {
   "price": "0.0001389",
   "amount": "100"
  },
  {
   "price": "0.00014",
   "amount": "1000"
  },
  {
   "price": "0.00048118",
   "amount": "100"
  },
  {
   "price": "0.00049",
   "amount": "14.13138272"
  },
  {
   "price": "0.0096812",
   "amount": "293.680095"
  },
  {
   "price": "0.0097",
   "amount": "100"
  },
  {
   "price": "0.01",
   "amount": "198"
  },
  {
   "price": "0.015",
   "amount": "100.7"
  },
  {
   "price": "0.095",
   "amount": "79.15927098"
  }
 ]
}