{
 "pair": "zcneth",
 "bids": [
  {
   "price": "0.00018416",
   "amount": "878.78514838"
  },
  {
   "price": "0.00018415",
   "amount": "5555"
  },
  {
   "price": "0.0001841",
   "amount": "977.72949484"
  },
  {
   "price": "0.00018",
   "amount": "6500"
  },
  {
   "price": "0.00017",
   "amount": "6000"
  },
  {
   "price": "0.00016",
   "amount": "6300"
  },
  {
   "price": "0.00010145",
   "amount": "200"
  },
  {
   "price": "0.0000251",
   "amount": "450"
  },
  {
   "price": "0.00002502",
   "amount": "400"
  },
  {
   "price": "0.00000143",
   "amount": "6000"
  },
  {
   "price": "0.00000142",
   "amount": "10000"
  },
  {
   "price": "0.00000135",
   "amount": "50000"
  },
  {
   "price": "2e-7",
   "amount": "50000"
  },
  {
   "price": "1e-7",
   "amount": "50000"
  }
 ],
 "asks": [
  {
   "price": "0.00029617",
   "amount": "4444"
  },
  {
   "price": "0.00029632",
   "amount": "500.37614633"
  },
  {
   "price": "0.00029633",
   "amount": "7492.5"
  },
  {
   "price": "0.00038",
   "amount": "3000"
  },
  {
   "price": "0.0008",
   "amount": "100"
  },
  {
   "price": "0.00092",
   "amount": "890.79501617"
  },
  {
   "price": "0.0009335",
   "amount": "189.2677489"
  },
  {
   "price": "0.00098",
   "amount": "1998"
  },
  {
   "price": "0.000999",
   "amount": "639.36"
  },
  {
   "price": "0.001",
   "amount": "400"
  },
  {
   "price": "0.0010019",
   "amount": "182.739673"
  },
  {
   "price": "0.0013",
   "amount": "397.089661"
  },
  {
   "price": "0.001482",
   "amount": "759.24"
  },
  {
   "price": "0.001488",
   "amount": "300"
  },
  {
   "price": "0.0015",
   "amount": "3293.5516012"
  },
  {
   "price": "0.0016",
   "amount": "120"
  },
  {
   "price": "0.002",
   "amount": "2731"
  },
  {
   "price": "0.00627",
   "amount": "2000"
  },
  {
   "price": "0.00927",
   "amount": "2000"
  },
  {
   "price": "0.0127",
   "amount": "2384"
  },
  {
   "price": "0.1599",
   "amount": "1601.319905"
  },
  {
   "price": "0.164",
   "amount": "50"
  },
  {
   "price": "0.29",
   "amount": "49"
  },
  {
   "price": "10",
   "amount": "999"
  }
 ]
}