{
 "pair": "zecbtc",
 "bids": [
  {
   "price": "0.0039099",
   "amount": "0.82977904"
  },
  {
   "price": "0.0039094",
   "amount": "0.53366539"
  },
  {
   "price": "0.0039072",
   "amount": "6.0569"
  },
  {
   "price": "0.0039063",
   "amount": "32.27452037"
  },
  {
   "price": "0.003906",
   "amount": "69.8"
  },
  {
   "price": "0.0039057",
   "amount": "20"
  },
  {
   "price": "0.0039041",
   "amount": "46.56029611"
  },
  {
   "price": "0.003903",
   "amount": "51.06370996"
  },
  {
   "price": "0.003898",
   "amount": "137.87905081"
  },
  {
   "price": "0.0038979",
   "amount": "80"
  },
  {
   "price": "0.0038978",
   "amount": "18"
  },
  {
   "price": "0.0038965",
   "amount": "37.19495288"
  },
  {
   "price": "0.0038935",
   "amount": "52.9"
  },
  {
   "price": "0.0038933",
   "amount": "1.28426834"
  },
  {
   "price": "0.0038893",
   "amount": "9.77"
  },
  {
   "price": "0.0038867",
   "amount": "11.40434681"
  },
  {
   "price": "0.0038854",
   "amount": "2.943064"
  },
  {
   "price": "0.0038828",
   "amount": "527.3"
  },
  {
   "price": "0.0038797",
   "amount": "5.10594843"
  },
  {
   "price": "0.0038755",
   "amount": "78.24288736"
  },
  {
   "price": "0.003875",
   "amount": "4.58623158"
  },
  {
   "price": "0.0038738",
   "amount": "20.77"
  },
  {
   "price": "0.0038681",
   "amount": "1180"
  },
  {
   "price": "0.003868",
   "amount": "5.2042388"
  },
  {
   "price": "0.003866",
   "amount": "21.4075701"
  }
 ],
 "asks": [
  {
   "price": "0.0039157",
   "amount": "11.96266262"
  },
  {
   "price": "0.003916",
   "amount": "70.9"
  },
  {
   "price": "0.0039169",
   "amount": "7.10611755"
  },
  {
   "price": "0.0039177",
   "amount": "51.08478391"
  },
  {
   "price": "0.0039183",
   "amount": "15.86437323"
  },
  {
   "price": "0.0039219",
   "amount": "18.59787268"
  },
  {
   "price": "0.003922",
   "amount": "18.895752"
  },
  {
   "price": "0.0039221",
   "amount": "18.895752"
  },
  {
   "price": "0.0039225",
   "amount": "16"
  },
  {
   "price": "0.0039237",
   "amount": "44.59683041"
  },
  {
   "price": "0.0039238",
   "amount": "46.56029611"
  },
  {
   "price": "0.0039268",
   "amount": "52.8"
  },
  {
   "price": "0.003927",
   "amount": "4.75370465"
  },
  {
   "price": "0.0039283",
   "amount": "133.37793081"
  },
  {
   "price": "0.0039284",
   "amount": "80"
  },
  {
   "price": "0.0039286",
   "amount": "85"
  },
  {
   "price": "0.0039292",
   "amount": "20"
  },
  {
   "price": "0.0039301",
   "amount": "84"
  },
  {
   "price": "0.0039317",
   "amount": "5"
  },
  {
   "price": "0.0039418",
   "amount": "3.7773125"
  },
  {
   "price": "0.0039428",
   "amount": "6.4348701"
  },
  {
   "price": "0.0039439",
   "amount": "10.77"
  },
  {
   "price": "0.0039503",
   "amount": "5.10986203"
  },
  {
   "price": "0.0039517",
   "amount": "7.01615107"
  },
  {
   "price": "0.0039518",
   "amount": "10.77"
  }
 ]
}