{
 "pair": "zecusd",
 "bids": [
  {
   "price": "28.1",
   "amount": "51.04007801"
  },
  {
   "price": "28.086",
   "amount": "3.79593989"
  },
  {
   "price": "28.062",
   "amount": "18.59"
  },
  {
   "price": "28.056",
   "amount": "18.8"
  },
  {
   "price": "28.053",
   "amount": "17.12771286"
  },
  {
   "price": "28.048",
   "amount": "12.00803058"
  },
  {
   "price": "28.045",
   "amount": "24.09"
  },
  {
   "price": "28.022",
   "amount": "60"
  },
  {
   "price": "28.006",
   "amount": "3.6621"
  },
  {
   "price": "28.002",
   "amount": "18.59017736"
  },
  {
   "price": "28.001",
   "amount": "101.1"
  },
  {
   "price": "28",
   "amount": "5.52272728"
  },
  {
   "price": "27.992",
   "amount": "12.07535044"
  },
  {
   "price": "27.962",
   "amount": "20"
  },
  {
   "price": "27.931",
   "amount": "3.96943574"
  },
  {
   "price": "27.927",
   "amount": "11.62955943"
  },
  {
   "price": "27.898",
   "amount": "7.06641596"
  },
  {
   "price": "27.883",
   "amount": "6"
  },
  {
   "price": "27.877",
   "amount": "128.12884528"
  },
  {
   "price": "27.876",
   "amount": "11"
  },
  {
   "price": "27.87",
   "amount": "1009.7"
  },
  {
   "price": "27.862",
   "amount": "4.4161442"
  },
  {
   "price": "27.858",
   "amount": "6.76548988"
  },
  {
   "price": "27.834",
   "amount": "9.48968277"
  },
  {
   "price": "27.831",
   "amount": "7.18613498"
  }
 ],
 "asks": [
  {
   "price": "28.115",
   "amount": "17.93969868"
  },
  {
   "price": "28.121",
   "amount": "50"
  },
  {
   "price": "28.131",
   "amount": "5.1902931"
  },
  {
   "price": "28.133",
   "amount": "1.92070188"
  },
  {
   "price": "28.136",
   "amount": "16.15"
  },
  {
   "price": "28.138",
   "amount": "19.95010869"
  },
  {
   "price": "28.152",
   "amount": "18.59787268"
  },
  {
   "price": "28.185",
   "amount": "20"
  },
  {
   "price": "28.2",
   "amount": "137.36673784"
  },
  {
   "price": "28.201",
   "amount": "60"
  },
  {
   "price": "28.203",
   "amount": "101"
  },
  {
   "price": "28.204",
   "amount": "4.60743159"
  },
  {
   "price": "28.257",
   "amount": "4.40628095"
  },
  {
   "price": "28.311",
   "amount": "25"
  },
  {
   "price": "28.324",
   "amount": "1009.6"
  },
  {
   "price": "28.325",
   "amount": "6.2296164"
  },
  {
   "price": "28.34",
   "amount": "11"
  },
  {
   "price": "28.346",
   "amount": "6"
  },
  {
   "price": "28.347",
   "amount": "5.51171376"
  },
  {
   "price": "28.391",
   "amount": "6.6"
  },
  {
   "price": "28.392",
   "amount": "1180"
  },
  {
   "price": "28.397",
   "amount": "307.03"
  },
  {
   "price": "28.431",
   "amount": "396.593"
  },
  {
   "price": "28.496",
   "amount": "5.39769268"
  },
  {
   "price": "28.498",
   "amount": "512.283"
  }
 ]
}