{
 "pair": "zilbtc",
 "bids": [
  {
   "price": "8.2e-7",
   "amount": "54046.65853659"
  },
  {
   "price": "7.2e-7",
   "amount": "6930.42106264"
  },
  {
   "price": "7.1e-7",
   "amount": "36077.6530561"
  },
  {
   "price": "6.6e-7",
   "amount": "29154.7345454"
  },
  {
   "price": "5.7e-7",
   "amount": "309292.04937649"
  },
  {
   "price": "4.7e-7",
   "amount": "2500"
  },
  {
   "price": "4.6e-7",
   "amount": "36050.706956"
  },
  {
   "price": "2.3e-7",
   "amount": "5000"
  },
  {
   "price": "2.2e-7",
   "amount": "4713.05681818"
  },
  {
   "price": "2e-7",
   "amount": "25000"
  },
  {
   "price": "1.3e-7",
   "amount": "20000"
  },
  {
   "price": "1e-7",
   "amount": "27120"
  },
  {
   "price": "9e-8",
   "amount": "10000"
  },
  {
   "price": "5e-8",
   "amount": "50000"
  },
  {
   "price": "2e-8",
   "amount": "520000"
  }
 ],
 "asks": [
  {
   "price": "0.00000137",
   "amount": "6536.14313047"
  },
  {
   "price": "0.00000138",
   "amount": "25000"
  },
  {
   "price": "0.0000014",
   "amount": "25000"
  },
  {
   "price": "0.00000197",
   "amount": "6993"
  },
  {
   "price": "0.00000199",
   "amount": "4995"
  },
  {
   "price": "0.000002",
   "amount": "49950"
  },
  {
   "price": "0.00000224",
   "amount": "1613.385016"
  },
  {
   "price": "0.00000233",
   "amount": "10000"
  },
  {
   "price": "0.0000025",
   "amount": "10000"
  },
  {
   "price": "0.00000283",
   "amount": "10203"
  },
  {
   "price": "0.00000296",
   "amount": "750.43517138"
  },
  {
   "price": "0.00000297",
   "amount": "2654.4515"
  },
  {
   "price": "0.00000298",
   "amount": "10400.7784"
  },
  {
   "price": "0.000003",
   "amount": "13870.85149224"
  },
  {
   "price": "0.00000305",
   "amount": "3425.53384912"
  },
  {
   "price": "0.0000032",
   "amount": "1000"
  },
  {
   "price": "0.00000321",
   "amount": "6104.0324"
  },
  {
   "price": "0.00000322",
   "amount": "6181.6994"
  },
  {
   "price": "0.00000339",
   "amount": "1000"
  },
  {
   "price": "0.00000349",
   "amount": "9980"
  },
  {
   "price": "0.00000365",
   "amount": "499"
  },
  {
   "price": "0.00000382",
   "amount": "1500.821237"
  },
  {
   "price": "0.0000039",
   "amount": "450"
  },
  {
   "price": "0.000004",
   "amount": "50199.5"
  },
  {
   "price": "0.0000041",
   "amount": "24475.5"
  }
 ]
}