{
 "pair": "zilusd",
 "bids": [
  {
   "price": "0.007123",
   "amount": "30000"
  },
  {
   "price": "0.007122",
   "amount": "200000"
  },
  {
   "price": "0.00712",
   "amount": "1610"
  },
  {
   "price": "0.00674",
   "amount": "2218.84272997"
  },
  {
   "price": "0.006378",
   "amount": "2150"
  },
  {
   "price": "0.0060632",
   "amount": "272.3630204"
  },
  {
   "price": "0.006032",
   "amount": "1703"
  },
  {
   "price": "0.0060204",
   "amount": "2000"
  },
  {
   "price": "0.006",
   "amount": "29066.82799815"
  },
  {
   "price": "0.005898",
   "amount": "2000"
  },
  {
   "price": "0.0057755",
   "amount": "2000"
  },
  {
   "price": "0.0056531",
   "amount": "2000"
  },
  {
   "price": "0.005568",
   "amount": "1900"
  },
  {
   "price": "0.00555",
   "amount": "283891"
  },
  {
   "price": "0.0055309",
   "amount": "6666"
  },
  {
   "price": "0.0055306",
   "amount": "2000"
  },
  {
   "price": "0.0054082",
   "amount": "2000"
  },
  {
   "price": "0.0052857",
   "amount": "2000"
  },
  {
   "price": "0.005204",
   "amount": "11111"
  },
  {
   "price": "0.0051633",
   "amount": "2000"
  },
  {
   "price": "0.00515",
   "amount": "1000"
  },
  {
   "price": "0.0050408",
   "amount": "2000"
  },
  {
   "price": "0.0049187",
   "amount": "45699.49785649"
  },
  {
   "price": "0.0049184",
   "amount": "2000"
  },
  {
   "price": "0.0048306",
   "amount": "22222"
  }
 ],
 "asks": [
  {
   "price": "0.008104",
   "amount": "28492.6462775"
  },
  {
   "price": "0.0081053",
   "amount": "1259.179525"
  },
  {
   "price": "0.0084737",
   "amount": "1259.179525"
  },
  {
   "price": "0.0088421",
   "amount": "1259.179525"
  },
  {
   "price": "0.009",
   "amount": "2497.999"
  },
  {
   "price": "0.0092105",
   "amount": "1259.179525"
  },
  {
   "price": "0.0095789",
   "amount": "1259.179525"
  },
  {
   "price": "0.0097389",
   "amount": "350"
  },
  {
   "price": "0.00975",
   "amount": "5300"
  },
  {
   "price": "0.00988",
   "amount": "1000"
  },
  {
   "price": "0.0099474",
   "amount": "1259.179525"
  },
  {
   "price": "0.00998",
   "amount": "5264.083055"
  },
  {
   "price": "0.01",
   "amount": "3532"
  },
  {
   "price": "0.010264",
   "amount": "5555"
  },
  {
   "price": "0.010316",
   "amount": "1259.179525"
  },
  {
   "price": "0.010684",
   "amount": "1259.179525"
  },
  {
   "price": "0.01088",
   "amount": "1097.89"
  },
  {
   "price": "0.011",
   "amount": "26306.964048"
  },
  {
   "price": "0.011002",
   "amount": "22220"
  },
  {
   "price": "0.011053",
   "amount": "1259.179525"
  },
  {
   "price": "0.011421",
   "amount": "1259.179525"
  },
  {
   "price": "0.011499",
   "amount": "3333"
  },
  {
   "price": "0.011538",
   "amount": "499.526993"
  },
  {
   "price": "0.011789",
   "amount": "1259.179525"
  },
  {
   "price": "0.011882",
   "amount": "5555"
  }
 ]
}