{
 "pair": "zrxbtc",
 "bids": [
  {
   "price": "0.00002664",
   "amount": "851.61480215"
  },
  {
   "price": "0.00002663",
   "amount": "4224.19295544"
  },
  {
   "price": "0.00002658",
   "amount": "500"
  },
  {
   "price": "0.00002655",
   "amount": "1958.77"
  },
  {
   "price": "0.0000265",
   "amount": "2979.77"
  },
  {
   "price": "0.00002644",
   "amount": "749.06367041"
  },
  {
   "price": "0.00002639",
   "amount": "13253.68360691"
  },
  {
   "price": "0.0000253",
   "amount": "14229"
  },
  {
   "price": "0.00002305",
   "amount": "150"
  },
  {
   "price": "0.00002111",
   "amount": "30"
  },
  {
   "price": "0.0000211",
   "amount": "543"
  },
  {
   "price": "0.00002095",
   "amount": "109.997614"
  },
  {
   "price": "0.00002002",
   "amount": "28"
  },
  {
   "price": "0.00001895",
   "amount": "154.275461"
  },
  {
   "price": "0.00001612",
   "amount": "50"
  },
  {
   "price": "0.000014",
   "amount": "2000"
  },
  {
   "price": "0.00001311",
   "amount": "6"
  },
  {
   "price": "0.0000119",
   "amount": "28.949756"
  },
  {
   "price": "0.00001111",
   "amount": "6"
  },
  {
   "price": "0.00001",
   "amount": "688.786"
  },
  {
   "price": "0.00000961",
   "amount": "6"
  },
  {
   "price": "0.00000911",
   "amount": "6"
  },
  {
   "price": "0.00000861",
   "amount": "6"
  },
  {
   "price": "0.00000811",
   "amount": "6"
  },
  {
   "price": "0.00000761",
   "amount": "6"
  }
 ],
 "asks": [
  {
   "price": "0.00002675",
   "amount": "2401.30089859"
  },
  {
   "price": "0.00002678",
   "amount": "500"
  },
  {
   "price": "0.00002683",
   "amount": "2723.76640348"
  },
  {
   "price": "0.00002685",
   "amount": "1500"
  },
  {
   "price": "0.00002692",
   "amount": "4863.77"
  },
  {
   "price": "0.00002697",
   "amount": "749.06367041"
  },
  {
   "price": "0.00002702",
   "amount": "6930.77"
  },
  {
   "price": "0.00002708",
   "amount": "3857.77"
  },
  {
   "price": "0.00002724",
   "amount": "4101.77"
  },
  {
   "price": "0.00002741",
   "amount": "5431.43"
  },
  {
   "price": "0.00003499",
   "amount": "26967.09"
  },
  {
   "price": "0.00003833",
   "amount": "47.13590743"
  },
  {
   "price": "0.00004",
   "amount": "1500"
  },
  {
   "price": "0.00004041",
   "amount": "19.98"
  },
  {
   "price": "0.00004072",
   "amount": "3600"
  },
  {
   "price": "0.00004345",
   "amount": "21076.03249083"
  },
  {
   "price": "0.000044",
   "amount": "300"
  },
  {
   "price": "0.00004467",
   "amount": "44"
  },
  {
   "price": "0.00004522",
   "amount": "50"
  },
  {
   "price": "0.00004545",
   "amount": "14"
  },
  {
   "price": "0.00004713",
   "amount": "1000.05"
  },
  {
   "price": "0.00004756",
   "amount": "16"
  },
  {
   "price": "0.00004772",
   "amount": "14"
  },
  {
   "price": "0.00005",
   "amount": "1691.535"
  },
  {
   "price": "0.00005088",
   "amount": "21"
  }
 ]
}