{
 "pair": "zrxeth",
 "bids": [
  {
   "price": "0.0014881",
   "amount": "2000"
  },
  {
   "price": "0.001488",
   "amount": "979.11108013"
  },
  {
   "price": "0.0014877",
   "amount": "724.77"
  },
  {
   "price": "0.0014863",
   "amount": "133.42584192"
  },
  {
   "price": "0.0014817",
   "amount": "580.77"
  },
  {
   "price": "0.0014788",
   "amount": "1643.77"
  },
  {
   "price": "0.0014513",
   "amount": "1162.75063735"
  },
  {
   "price": "0.001451",
   "amount": "250"
  },
  {
   "price": "0.0014505",
   "amount": "5000"
  },
  {
   "price": "0.0014017",
   "amount": "500"
  },
  {
   "price": "0.0013973",
   "amount": "42.2874"
  },
  {
   "price": "0.001371",
   "amount": "500"
  },
  {
   "price": "0.0013602",
   "amount": "55.7131"
  },
  {
   "price": "0.00133",
   "amount": "635.33732829"
  },
  {
   "price": "0.0013054",
   "amount": "500"
  },
  {
   "price": "0.0012543",
   "amount": "500"
  },
  {
   "price": "0.0012501",
   "amount": "35"
  },
  {
   "price": "0.0012089",
   "amount": "555.7131"
  },
  {
   "price": "0.0010884",
   "amount": "255.7131"
  },
  {
   "price": "0.00108",
   "amount": "104"
  },
  {
   "price": "0.001",
   "amount": "119.02092"
  },
  {
   "price": "0.000991",
   "amount": "21"
  },
  {
   "price": "0.00097105",
   "amount": "255.7131"
  },
  {
   "price": "0.00087222",
   "amount": "555.7131"
  },
  {
   "price": "0.000855",
   "amount": "20"
  }
 ],
 "asks": [
  {
   "price": "0.0015081",
   "amount": "2719.87216339"
  },
  {
   "price": "0.0015082",
   "amount": "2000"
  },
  {
   "price": "0.0015083",
   "amount": "992.28037126"
  },
  {
   "price": "0.0015129",
   "amount": "133.82133514"
  },
  {
   "price": "0.0015316",
   "amount": "330.66"
  },
  {
   "price": "0.001546",
   "amount": "5000"
  },
  {
   "price": "0.001555",
   "amount": "0.19364798"
  },
  {
   "price": "0.0015699",
   "amount": "108.6434551"
  },
  {
   "price": "0.00157",
   "amount": "500"
  },
  {
   "price": "0.0015819",
   "amount": "500"
  },
  {
   "price": "0.0016085",
   "amount": "31.81305767"
  },
  {
   "price": "0.0016086",
   "amount": "500"
  },
  {
   "price": "0.0016639",
   "amount": "500"
  },
  {
   "price": "0.0016972",
   "amount": "500"
  },
  {
   "price": "0.0017523",
   "amount": "500"
  },
  {
   "price": "0.00182",
   "amount": "18"
  },
  {
   "price": "0.00184",
   "amount": "6793.1999"
  },
  {
   "price": "0.0019",
   "amount": "30.321653"
  },
  {
   "price": "0.00207",
   "amount": "707.03803083"
  },
  {
   "price": "0.0022",
   "amount": "69.4"
  },
  {
   "price": "0.0023115",
   "amount": "2122.50224367"
  },
  {
   "price": "0.00232",
   "amount": "144.855"
  },
  {
   "price": "0.0024476",
   "amount": "15000"
  },
  {
   "price": "0.0025",
   "amount": "50"
  },
  {
   "price": "0.00289",
   "amount": "2232.94886532"
  }
 ]
}