{
 "pair": "zrxusd",
 "bids": [
  {
   "price": "0.19163",
   "amount": "1707.93292299"
  },
  {
   "price": "0.19162",
   "amount": "980.61371542"
  },
  {
   "price": "0.19155",
   "amount": "510.96888129"
  },
  {
   "price": "0.19144",
   "amount": "2700"
  },
  {
   "price": "0.19137",
   "amount": "1027"
  },
  {
   "price": "0.19133",
   "amount": "794"
  },
  {
   "price": "0.19129",
   "amount": "1206"
  },
  {
   "price": "0.1912",
   "amount": "1000"
  },
  {
   "price": "0.19105",
   "amount": "8416"
  },
  {
   "price": "0.19104",
   "amount": "2719.87237318"
  },
  {
   "price": "0.19057",
   "amount": "1500"
  },
  {
   "price": "0.19044",
   "amount": "11209.02395713"
  },
  {
   "price": "0.19043",
   "amount": "84058"
  },
  {
   "price": "0.1896",
   "amount": "125.780011"
  },
  {
   "price": "0.18917",
   "amount": "86036"
  },
  {
   "price": "0.18894",
   "amount": "5000"
  },
  {
   "price": "0.18865",
   "amount": "1590.24648821"
  },
  {
   "price": "0.18855",
   "amount": "4000"
  },
  {
   "price": "0.187",
   "amount": "50"
  },
  {
   "price": "0.18697",
   "amount": "84476"
  },
  {
   "price": "0.18609",
   "amount": "9068.19280993"
  },
  {
   "price": "0.18608",
   "amount": "165.6482"
  },
  {
   "price": "0.18539",
   "amount": "539.39714436"
  },
  {
   "price": "0.18426",
   "amount": "42478"
  },
  {
   "price": "0.18293",
   "amount": "17241.2622257"
  }
 ],
 "asks": [
  {
   "price": "0.1919",
   "amount": "335.74163205"
  },
  {
   "price": "0.19219",
   "amount": "2968.18912828"
  },
  {
   "price": "0.19224",
   "amount": "644.64406452"
  },
  {
   "price": "0.19231",
   "amount": "930"
  },
  {
   "price": "0.19235",
   "amount": "875"
  },
  {
   "price": "0.19249",
   "amount": "1500"
  },
  {
   "price": "0.19259",
   "amount": "367.33305483"
  },
  {
   "price": "0.19265",
   "amount": "9975.7331666"
  },
  {
   "price": "0.19266",
   "amount": "8415"
  },
  {
   "price": "0.19276",
   "amount": "688.68926881"
  },
  {
   "price": "0.19288",
   "amount": "528.82072978"
  },
  {
   "price": "0.1929",
   "amount": "1015.29078237"
  },
  {
   "price": "0.19328",
   "amount": "1131.65895071"
  },
  {
   "price": "0.19354",
   "amount": "86035"
  },
  {
   "price": "0.19378",
   "amount": "84057"
  },
  {
   "price": "0.19379",
   "amount": "776.77967739"
  },
  {
   "price": "0.19397",
   "amount": "430.51590038"
  },
  {
   "price": "0.19431",
   "amount": "820.82488168"
  },
  {
   "price": "0.19458",
   "amount": "5000"
  },
  {
   "price": "0.19466",
   "amount": "462.10732316"
  },
  {
   "price": "0.19483",
   "amount": "864.87008597"
  },
  {
   "price": "0.19496",
   "amount": "4000"
  },
  {
   "price": "0.19534",
   "amount": "1402.61403618"
  },
  {
   "price": "0.19586",
   "amount": "952.96049454"
  },
  {
   "price": "0.19602",
   "amount": "330.66"
  }
 ]
}