{
 "BCH-EUR": {
  "pair": "BCH-EUR",
  "asks": [
   [
    "449.77",
    "2.1664",
    "1"
   ]
  ],
  "bids": [
   [
    "448.64",
    "2.1355",
    "1"
   ]
  ],
  "timestamp": "2020-02-15T11:18:29.022Z"
 },
 "BCH-USD": {
  "pair": "BCH-USD",
  "asks": [
   [
    "485.6",
    "0.865",
    "1"
   ]
  ],
  "bids": [
   [
    "485.53",
    "0.02",
    "1"
   ]
  ],
  "timestamp": "2020-02-15T11:18:25.262Z"
 },
 "BSV-USD": {
  "pair": "BSV-USD",
  "asks": [
   [
    "353.93",
    "2.074",
    "1"
   ]
  ],
  "bids": [
   [
    "353.04",
    "2.06",
    "1"
   ]
  ],
  "timestamp": "2020-02-15T11:18:24.754Z"
 },
 "BTC-EUR": {
  "pair": "BTC-EUR",
  "asks": [
   [
    "9466.14",
    "0.2158",
    "1"
   ]
  ],
  "bids": [
   [
    "9451.94",
    "0.2198",
    "1"
   ]
  ],
  "timestamp": "2020-02-15T11:18:26.989Z"
 },
 "BTC-EURS": {
  "pair": "BTC-EURS",
  "asks": [
   [
    "9481.54",
    "0.0097",
    "1"
   ]
  ],
  "bids": [
   [
    "9443.78",
    "0.0096",
    "1"
   ]
  ],
  "timestamp": "2020-02-15T11:18:29.224Z"
 },
 "BTC-SGD": {
  "pair": "BTC-SGD",
  "asks": [
   [
    "14273.81",
    "0.182",
    "1"
   ]
  ],
  "bids": [
   [
    "14201.37",
    "0.273",
    "1"
   ]
  ],
  "timestamp": "2020-02-15T11:18:31.654Z"
 },
 "BTC-USD": {
  "pair": "BTC-USD",
  "asks": [
   [
    "10232.41",
    "2",
    "1"
   ]
  ],
  "bids": [
   [
    "10228.37",
    "0.0257",
    "1"
   ]
  ],
  "timestamp": "2020-02-15T11:18:21.222Z"
 },
 "BTC-USDT": {
  "pair": "BTC-USDT",
  "asks": [
   [
    "10986.6",
    "0.0054",
    "1"
   ]
  ],
  "bids": [
   [
    "960",
    "0.001",
    "1"
   ]
  ],
  "timestamp": "2020-02-14T09:22:30.547Z"
 },
 "EOS-USD": {
  "pair": "EOS-USD",
  "asks": [
   [
    "5.249",
    "3.305",
    "1"
   ]
  ],
  "bids": [
   [
    "5.247",
    "3.696",
    "1"
   ]
  ],
  "timestamp": "2020-02-15T11:18:26.888Z"
 },
 "ETC-USD": {
  "pair": "ETC-USD",
  "asks": [
   [
    "11.817",
    "79.3651",
    "1"
   ]
  ],
  "bids": [
   [
    "11.769",
    "409.7844",
    "1"
   ]
  ],
  "timestamp": "2020-02-15T11:18:17.441Z"
 },
 "ETH-EUR": {
  "pair": "ETH-EUR",
  "asks": [
   [
    "260.85",
    "2.129",
    "1"
   ]
  ],
  "bids": [
   [
    "259.89",
    "3.0157",
    "1"
   ]
  ],
  "timestamp": "2020-02-15T11:18:28.717Z"
 },
 "ETH-SGD": {
  "pair": "ETH-SGD",
  "asks": [
   [
    "393.26",
    "2.571",
    "1"
   ]
  ],
  "bids": [
   [
    "389.16",
    "2.426",
    "1"
   ]
  ],
  "timestamp": "2020-02-15T11:18:31.082Z"
 },
 "ETH-USD": {
  "pair": "ETH-USD",
  "asks": [
   [
    "280.94",
    "3.52",
    "1"
   ]
  ],
  "bids": [
   [
    "280.63",
    "15",
    "2"
   ]
  ],
  "timestamp": "2020-02-15T11:18:21.704Z"
 },
 "EURS-EUR": {
  "pair": "EURS-EUR",
  "asks": [
   [
    "1.0003",
    "122.9534",
    "1"
   ]
  ],
  "bids": [
   [
    "0.993",
    "4825.3158",
    "2"
   ]
  ],
  "timestamp": "2020-02-15T11:18:05.862Z"
 },
 "EURS-USD": {
  "pair": "EURS-USD",
  "asks": [
   [
    "1.0869",
    "1226.7149",
    "1"
   ]
  ],
  "bids": [
   [
    "1.0741",
    "322.462",
    "1"
   ]
  ],
  "timestamp": "2020-02-15T11:18:25.466Z"
 },
 "HBAR-USD": {
  "pair": "HBAR-USD",
  "asks": [
   [
    "0.055",
    "1256.9186",
    "1"
   ]
  ],
  "bids": [
   [
    "0.0547",
    "55157.4127",
    "2"
   ]
  ],
  "timestamp": "2020-02-15T11:18:17.239Z"
 },
 "LTC-USD": {
  "pair": "LTC-USD",
  "asks": [
   [
    "80.91",
    "96.92",
    "1"
   ]
  ],
  "bids": [
   [
    "80.64",
    "45.179",
    "1"
   ]
  ],
  "timestamp": "2020-02-15T11:18:21.704Z"
 },
 "PAX-USD": {
  "pair": "PAX-USD",
  "asks": [
   [
    "1.0018",
    "11409.5351",
    "2"
   ]
  ],
  "bids": [
   [
    "0.9977",
    "9740.9201",
    "1"
   ]
  ],
  "timestamp": "2020-02-15T11:18:08.907Z"
 },
 "TRX-USD": {
  "pair": "TRX-USD",
  "asks": [
   [
    "0.03696",
    "3996",
    "1"
   ]
  ],
  "bids": [
   [
    "0.0261",
    "13669.4347",
    "1"
   ]
  ],
  "timestamp": "2020-02-15T02:39:32.543Z"
 },
 "TUSD-USD": {
  "pair": "TUSD-USD",
  "asks": [
   [
    "1.0011",
    "1999.6346",
    "1"
   ]
  ],
  "bids": [
   [
    "0.9997",
    "1999.8794",
    "1"
   ]
  ],
  "timestamp": "2020-02-15T11:18:18.965Z"
 },
 "USDC-USD": {
  "pair": "USDC-USD",
  "asks": [
   [
    "1",
    "807.5973",
    "1"
   ]
  ],
  "bids": [
   [
    "0.998",
    "9429.147",
    "1"
   ]
  ],
  "timestamp": "2020-02-15T11:18:20.283Z"
 },
 "USDK-USD": {
  "pair": "USDK-USD",
  "asks": [
   [
    "1",
    "860060.9992",
    "4"
   ]
  ],
  "bids": [
   [
    "0.9999",
    "1013375.58",
    "3"
   ]
  ],
  "timestamp": "2020-02-15T11:18:28.314Z"
 },
 "USDT-USD": {
  "pair": "USDT-USD",
  "asks": [
   [
    "1.0007",
    "1050",
    "1"
   ]
  ],
  "bids": [
   [
    "1.0006",
    "300",
    "1"
   ]
  ],
  "timestamp": "2020-02-15T11:17:51.46Z"
 },
 "XRP-USD": {
  "pair": "XRP-USD",
  "asks": [
   [
    "0.3354",
    "5034.562",
    "1"
   ]
  ],
  "bids": [
   [
    "0.3343",
    "2986.599",
    "1"
   ]
  ],
  "timestamp": "2020-02-15T11:18:22.82Z"
 }
}